tourney_id,tourney_name,surface,draw_size,tourney_level,tourney_date,match_num,winner_id,winner_seed,winner_entry,winner_name,winner_hand,winner_ht,winner_ioc,winner_age,loser_id,loser_seed,loser_entry,loser_name,loser_hand,loser_ht,loser_ioc,loser_age,score,best_of,round,minutes,w_ace,w_df,w_svpt,w_1stIn,w_1stWon,w_2ndWon,w_SvGms,w_bpSaved,w_bpFaced,l_ace,l_df,l_svpt,l_1stIn,l_1stWon,l_2ndWon,l_SvGms,l_bpSaved,l_bpFaced,winner_rank,winner_rank_points,loser_rank,loser_rank_points,year
2024-0336,Hong Kong,Hard,32,A,2024-01-01,296,209992,,WC,Juncheng Shang,L,180.0,CHN,18.9,126207,3.0,,Frances Tiafoe,R,188.0,USA,25.9,6-4 6-4,3,QF,89.0,3.0,1.0,54.0,25.0,19.0,23.0,10.0,1.0,1.0,12.0,2.0,56.0,34.0,28.0,11.0,10.0,6.0,8.0,183.0,335.0,16.0,2310.0,2024
2024-9900,United Cup,Hard,18,A,2024-01-01,254,134770,,,Casper Ruud,R,183.0,NOR,25.0,106432,,,Borna Coric,R,188.0,CRO,27.1,6-4 6-1,3,RR,89.0,7.0,2.0,50.0,32.0,28.0,10.0,9.0,3.0,3.0,3.0,1.0,53.0,38.0,25.0,5.0,8.0,3.0,6.0,11.0,2825.0,37.0,1135.0,2024
2024-0336,Hong Kong,Hard,32,A,2024-01-01,297,126094,1.0,,Andrey Rublev,R,188.0,RUS,26.1,209950,8.0,,Arthur Fils,R,185.0,FRA,19.5,6-4 1-6 6-2,3,QF,112.0,8.0,0.0,65.0,41.0,31.0,15.0,12.0,4.0,6.0,12.0,7.0,92.0,53.0,38.0,15.0,13.0,7.0,10.0,5.0,4805.0,36.0,1158.0,2024
2024-0336,Hong Kong,Hard,32,A,2024-01-01,298,200325,,,Emil Ruusuvuori,R,188.0,FIN,24.7,124116,,,Sebastian Ofner,R,191.0,AUT,27.6,4-6 7-5 6-3,3,SF,132.0,9.0,1.0,88.0,60.0,48.0,16.0,16.0,2.0,4.0,11.0,1.0,100.0,56.0,40.0,22.0,15.0,9.0,12.0,69.0,771.0,43.0,1048.0,2024
2024-0336,Hong Kong,Hard,32,A,2024-01-01,299,126094,1.0,,Andrey Rublev,R,188.0,RUS,26.1,209992,,WC,Juncheng Shang,L,180.0,CHN,18.9,4-6 6-2 6-3,3,SF,129.0,12.0,1.0,98.0,55.0,38.0,29.0,14.0,13.0,14.0,4.0,3.0,78.0,45.0,27.0,19.0,13.0,5.0,8.0,5.0,4805.0,183.0,335.0,2024
2024-0336,Hong Kong,Hard,32,A,2024-01-01,300,126094,1.0,,Andrey Rublev,R,188.0,RUS,26.1,200325,,,Emil Ruusuvuori,R,188.0,FIN,24.7,6-4 6-4,3,F,77.0,5.0,0.0,58.0,40.0,29.0,14.0,10.0,1.0,1.0,5.0,4.0,62.0,39.0,26.0,12.0,10.0,5.0,7.0,5.0,4805.0,69.0,771.0,2024
2024-9900,United Cup,Hard,18,A,2024-01-01,252,134770,,,Casper Ruud,R,183.0,NOR,25.0,134868,,,Tallon Griekspoor,R,188.0,NED,27.4,6-3 6-4,3,RR,71.0,7.0,2.0,54.0,39.0,32.0,7.0,10.0,2.0,3.0,5.0,2.0,52.0,33.0,21.0,11.0,9.0,4.0,7.0,11.0,2825.0,23.0,1640.0,2024
2024-9900,United Cup,Hard,18,A,2024-01-01,256,106432,,,Borna Coric,R,188.0,CRO,27.1,134868,,,Tallon Griekspoor,R,188.0,NED,27.4,7-6(4) 6-4,3,RR,120.0,3.0,2.0,65.0,39.0,30.0,16.0,11.0,2.0,3.0,6.0,5.0,76.0,50.0,31.0,16.0,11.0,3.0,5.0,37.0,1135.0,23.0,1640.0,2024
2024-9900,United Cup,Hard,18,A,2024-01-01,270,111815,,,Cameron Norrie,L,188.0,GBR,28.3,200282,,,Alex De Minaur,R,183.0,AUS,24.8,6-4 2-6 7-6(2),3,RR,140.0,7.0,1.0,89.0,57.0,51.0,12.0,15.0,1.0,3.0,8.0,3.0,81.0,45.0,35.0,23.0,15.0,2.0,3.0,18.0,1940.0,12.0,2740.0,2024
2024-9900,United Cup,Hard,18,A,2024-01-01,262,111190,,,Zhizhen Zhang,R,193.0,CHN,27.2,208103,,,Jiri Lehecka,R,185.0,CZE,22.1,5-7 6-3 6-4,3,RR,140.0,5.0,3.0,97.0,59.0,42.0,19.0,16.0,7.0,10.0,10.0,1.0,79.0,43.0,33.0,20.0,15.0,6.0,10.0,58.0,885.0,31.0,1372.0,2024
2024-9900,United Cup,Hard,18,A,2024-01-01,264,100644,,,Alexander Zverev,R,198.0,GER,26.6,132283,,,Lorenzo Sonego,R,191.0,ITA,28.6,6-7(5) 6-3 6-4,3,RR,172.0,7.0,1.0,87.0,64.0,52.0,17.0,16.0,0.0,0.0,7.0,2.0,111.0,70.0,50.0,20.0,15.0,9.0,11.0,7.0,3985.0,46.0,990.0,2024
2024-9900,United Cup,Hard,18,A,2024-01-01,266,100644,,,Alexander Zverev,R,198.0,GER,26.6,105173,,,Adrian Mannarino,L,180.0,FRA,35.5,4-6 6-4 6-3,3,RR,145.0,11.0,1.0,91.0,67.0,47.0,16.0,15.0,4.0,5.0,6.0,2.0,81.0,51.0,40.0,15.0,14.0,0.0,2.0,7.0,3985.0,22.0,1755.0,2024
2024-9900,United Cup,Hard,18,A,2024-01-01,268,105173,,,Adrian Mannarino,L,180.0,FRA,35.5,132283,,,Lorenzo Sonego,R,191.0,ITA,28.6,6-4 6-4,3,RR,109.0,2.0,1.0,62.0,44.0,32.0,13.0,10.0,0.0,0.0,2.0,1.0,62.0,40.0,27.0,11.0,10.0,2.0,4.0,22.0,1755.0,46.0,990.0,2024
2024-9900,United Cup,Hard,18,A,2024-01-01,272,200282,,,Alex De Minaur,R,183.0,AUS,24.8,126203,,,Taylor Fritz,R,196.0,USA,26.1,6-4 6-2,3,RR,89.0,3.0,3.0,57.0,36.0,28.0,12.0,9.0,3.0,3.0,10.0,1.0,59.0,36.0,26.0,9.0,9.0,4.0,7.0,12.0,2740.0,10.0,3100.0,2024
2024-9900,United Cup,Hard,18,A,2024-01-01,274,126203,,,Taylor Fritz,R,196.0,USA,26.1,111815,,,Cameron Norrie,L,188.0,GBR,28.3,7-6(5) 6-4,3,RR,105.0,14.0,0.0,68.0,43.0,33.0,15.0,11.0,1.0,2.0,3.0,1.0,67.0,36.0,29.0,16.0,11.0,3.0,5.0,10.0,3100.0,18.0,1940.0,2024
2024-9900,United Cup,Hard,18,A,2024-01-01,276,111797,,,Nicolas Jarry,R,201.0,CHI,28.2,105731,,,Steven Diez,R,175.0,CAN,32.7,7-5 6-4,3,RR,118.0,6.0,0.0,55.0,36.0,31.0,14.0,11.0,0.0,0.0,1.0,2.0,91.0,58.0,37.0,16.0,11.0,2.0,4.0,19.0,1810.0,314.0,170.0,2024
2024-0336,Hong Kong,Hard,32,A,2024-01-01,295,124116,,,Sebastian Ofner,R,191.0,AUT,27.6,105138,,,Roberto Bautista Agut,R,183.0,ESP,35.7,6-4 6-4,3,QF,84.0,21.0,0.0,57.0,43.0,35.0,7.0,10.0,0.0,0.0,0.0,2.0,68.0,50.0,35.0,8.0,10.0,4.0,6.0,43.0,1048.0,57.0,886.0,2024
2024-9900,United Cup,Hard,18,A,2024-01-01,258,104925,,,Novak Djokovic,R,188.0,SRB,36.6,111190,,,Zhizhen Zhang,R,193.0,CHN,27.2,6-3 6-2,3,RR,72.0,7.0,1.0,46.0,28.0,24.0,12.0,9.0,0.0,0.0,4.0,2.0,57.0,35.0,24.0,7.0,8.0,4.0,7.0,1.0,11245.0,58.0,885.0,2024
2024-0336,Hong Kong,Hard,32,A,2024-01-01,294,200325,,,Emil Ruusuvuori,R,188.0,FIN,24.7,200303,,,Pavel Kotov,R,191.0,RUS,25.1,6-3 7-6(4),3,QF,108.0,5.0,0.0,76.0,44.0,33.0,19.0,11.0,5.0,6.0,3.0,2.0,63.0,45.0,30.0,10.0,10.0,1.0,3.0,69.0,771.0,67.0,791.0,2024
2024-0336,Hong Kong,Hard,32,A,2024-01-01,280,200175,,,Miomir Kecmanovic,R,183.0,SRB,24.3,106121,,Q,Taro Daniel,R,191.0,JPN,30.9,6-3 6-2,3,R32,70.0,5.0,1.0,46.0,32.0,25.0,10.0,9.0,1.0,2.0,2.0,1.0,59.0,39.0,24.0,6.0,8.0,3.0,7.0,54.0,905.0,75.0,737.0,2024
2024-0336,Hong Kong,Hard,32,A,2024-01-01,292,209950,8.0,,Arthur Fils,R,185.0,FRA,19.5,144817,,Q,Marc Andrea Huesler,L,196.0,SUI,27.5,7-5 7-5,3,R16,120.0,3.0,5.0,78.0,51.0,38.0,11.0,12.0,5.0,7.0,9.0,4.0,94.0,55.0,37.0,16.0,12.0,11.0,15.0,36.0,1158.0,194.0,312.0,2024
2024-0336,Hong Kong,Hard,32,A,2024-01-01,271,200325,,,Emil Ruusuvuori,R,188.0,FIN,24.7,126127,,,Benjamin Bonzi,R,183.0,FRA,27.5,6-7(5) 6-2 6-1,3,R32,157.0,5.0,4.0,98.0,51.0,33.0,25.0,13.0,4.0,7.0,5.0,2.0,113.0,71.0,44.0,13.0,14.0,17.0,25.0,69.0,771.0,73.0,738.0,2024
2024-0336,Hong Kong,Hard,32,A,2024-01-01,272,200303,,,Pavel Kotov,R,191.0,RUS,25.1,132686,,,Nuno Borges,R,185.0,POR,26.8,6-2 6-4,3,R32,88.0,4.0,2.0,57.0,45.0,33.0,6.0,9.0,2.0,3.0,4.0,2.0,65.0,34.0,20.0,15.0,9.0,2.0,6.0,67.0,791.0,66.0,799.0,2024
2024-0336,Hong Kong,Hard,32,A,2024-01-01,273,207518,6.0,,Lorenzo Musetti,R,185.0,ITA,21.8,208597,,WC,Chak Lam Coleman Wong,R,,HKG,19.5,6-4 7-5,3,R32,106.0,4.0,2.0,63.0,42.0,32.0,13.0,11.0,2.0,3.0,6.0,4.0,80.0,46.0,32.0,16.0,11.0,5.0,8.0,27.0,1470.0,,,2024
2024-0336,Hong Kong,Hard,32,A,2024-01-01,275,105138,,,Roberto Bautista Agut,R,183.0,ESP,35.7,206681,,,Fabian Marozsan,R,193.0,HUN,24.2,6-2 6-3,3,R32,68.0,3.0,0.0,56.0,38.0,27.0,12.0,9.0,5.0,6.0,7.0,4.0,44.0,30.0,21.0,3.0,8.0,2.0,6.0,57.0,886.0,64.0,805.0,2024
2024-0336,Hong Kong,Hard,32,A,2024-01-01,276,124116,,,Sebastian Ofner,R,191.0,AUT,27.6,111456,,,Mackenzie Mcdonald,R,178.0,USA,28.7,6-1 6-2,3,R32,61.0,6.0,2.0,44.0,27.0,20.0,8.0,8.0,0.0,1.0,0.0,3.0,46.0,30.0,17.0,4.0,7.0,2.0,7.0,43.0,1048.0,41.0,1055.0,2024
2024-0336,Hong Kong,Hard,32,A,2024-01-01,277,105526,5.0,,Jan Lennard Struff,R,193.0,GER,33.6,105227,,PR,Marin Cilic,R,198.0,CRO,35.2,3-6 7-6(4) 7-6(7),3,R32,186.0,11.0,4.0,124.0,69.0,49.0,26.0,16.0,6.0,10.0,20.0,12.0,130.0,64.0,49.0,31.0,17.0,7.0,10.0,25.0,1522.0,674.0,45.0,2024
2024-0336,Hong Kong,Hard,32,A,2024-01-01,278,209992,,WC,Juncheng Shang,L,180.0,CHN,18.9,111513,7.0,,Laslo Djere,R,188.0,SRB,28.5,6-7(5) 6-3 7-6(8),3,R32,171.0,4.0,0.0,96.0,64.0,52.0,19.0,16.0,0.0,2.0,11.0,3.0,122.0,88.0,65.0,11.0,17.0,7.0,11.0,183.0,335.0,33.0,1285.0,2024
2024-0336,Hong Kong,Hard,32,A,2024-01-01,279,122298,,,Botic Van De Zandschulp,R,191.0,NED,28.2,208278,,WC,Shintaro Mochizuki,R,175.0,JPN,20.5,7-5 6-1,3,R32,97.0,3.0,3.0,71.0,42.0,30.0,14.0,10.0,10.0,12.0,1.0,1.0,59.0,26.0,20.0,10.0,9.0,5.0,10.0,50.0,930.0,137.0,457.0,2024
2024-0336,Hong Kong,Hard,32,A,2024-01-01,293,126094,1.0,,Andrey Rublev,R,188.0,RUS,26.1,106281,,Q,Liam Broady,L,183.0,GBR,29.9,6-4 7-6(8),3,R16,110.0,10.0,3.0,69.0,38.0,31.0,18.0,11.0,1.0,3.0,4.0,2.0,91.0,62.0,43.0,10.0,11.0,7.0,10.0,5.0,4805.0,108.0,608.0,2024
2024-9900,United Cup,Hard,18,A,2024-01-01,278,111797,,,Nicolas Jarry,R,201.0,CHI,28.2,208852,,,Stefanos Sakellaridis,R,196.0,GRE,19.2,6-3 3-6 7-5,3,RR,142.0,8.0,0.0,68.0,49.0,41.0,17.0,15.0,0.0,1.0,4.0,1.0,104.0,61.0,43.0,22.0,15.0,10.0,12.0,19.0,1810.0,416.0,113.0,2024
2024-0336,Hong Kong,Hard,32,A,2024-01-01,283,144817,,Q,Marc Andrea Huesler,L,196.0,SUI,27.5,126964,,Q,Vitaliy Sachko,R,188.0,UKR,26.4,6-4 6-4,3,R32,86.0,10.0,1.0,61.0,39.0,28.0,15.0,10.0,4.0,4.0,3.0,2.0,54.0,36.0,28.0,9.0,10.0,1.0,3.0,194.0,312.0,169.0,360.0,2024
2024-0336,Hong Kong,Hard,32,A,2024-01-01,284,106281,,Q,Liam Broady,L,183.0,GBR,29.9,106398,,,Pedro Cachin,R,185.0,ARG,28.7,6-4 6-0,3,R32,69.0,2.0,2.0,46.0,29.0,21.0,11.0,8.0,2.0,3.0,1.0,1.0,42.0,30.0,13.0,5.0,8.0,2.0,7.0,108.0,608.0,70.0,763.0,2024
2024-0336,Hong Kong,Hard,32,A,2024-01-01,286,200325,,,Emil Ruusuvuori,R,188.0,FIN,24.7,111575,2.0,,Karen Khachanov,R,198.0,RUS,27.6,7-6(2) 2-6 6-2,3,R16,145.0,5.0,3.0,96.0,58.0,41.0,20.0,14.0,5.0,8.0,10.0,0.0,99.0,55.0,37.0,22.0,14.0,5.0,8.0,69.0,771.0,15.0,2520.0,2024
2024-0336,Hong Kong,Hard,32,A,2024-01-01,287,200303,,,Pavel Kotov,R,191.0,RUS,25.1,207518,6.0,,Lorenzo Musetti,R,185.0,ITA,21.8,6-4 6-3,3,R16,101.0,2.0,4.0,71.0,48.0,38.0,8.0,9.0,4.0,4.0,1.0,0.0,59.0,43.0,29.0,7.0,10.0,1.0,4.0,67.0,791.0,27.0,1470.0,2024
2024-0336,Hong Kong,Hard,32,A,2024-01-01,288,105138,,,Roberto Bautista Agut,R,183.0,ESP,35.7,202103,4.0,,Francisco Cerundolo,R,185.0,ARG,25.3,7-5 6-3,3,R16,99.0,2.0,0.0,67.0,47.0,38.0,9.0,11.0,4.0,4.0,6.0,3.0,60.0,36.0,26.0,12.0,10.0,0.0,2.0,57.0,886.0,21.0,1760.0,2024
2024-0336,Hong Kong,Hard,32,A,2024-01-01,289,124116,,,Sebastian Ofner,R,191.0,AUT,27.6,105526,5.0,,Jan Lennard Struff,R,193.0,GER,33.6,6-7(4) 7-6(5) 7-6(2),3,R16,167.0,16.0,1.0,123.0,70.0,55.0,29.0,18.0,4.0,6.0,14.0,4.0,131.0,76.0,56.0,29.0,18.0,10.0,12.0,43.0,1048.0,25.0,1522.0,2024
2024-0336,Hong Kong,Hard,32,A,2024-01-01,290,209992,,WC,Juncheng Shang,L,180.0,CHN,18.9,122298,,,Botic Van De Zandschulp,R,191.0,NED,28.2,6-7(5) 7-6(2) 7-6(2),3,R16,212.0,2.0,6.0,129.0,70.0,51.0,31.0,18.0,5.0,8.0,13.0,1.0,116.0,72.0,50.0,25.0,18.0,4.0,7.0,183.0,335.0,50.0,930.0,2024
2024-0336,Hong Kong,Hard,32,A,2024-01-01,291,126207,3.0,,Frances Tiafoe,R,188.0,USA,25.9,200175,,,Miomir Kecmanovic,R,183.0,SRB,24.3,6-3 7-6(4),3,R16,92.0,8.0,1.0,69.0,42.0,37.0,14.0,11.0,3.0,3.0,3.0,1.0,70.0,39.0,28.0,18.0,10.0,2.0,3.0,16.0,2310.0,54.0,905.0,2024
2024-0336,Hong Kong,Hard,32,A,2024-01-01,282,209950,8.0,,Arthur Fils,R,185.0,FRA,19.5,127339,,,Borna Gojo,R,196.0,CRO,25.8,6-3 4-6 6-1,3,R32,108.0,2.0,2.0,79.0,48.0,38.0,16.0,13.0,7.0,8.0,9.0,2.0,76.0,47.0,35.0,11.0,13.0,2.0,6.0,36.0,1158.0,72.0,744.0,2024
2024-9900,United Cup,Hard,18,A,2024-01-01,280,126774,,,Stefanos Tsitsipas,R,193.0,GRE,25.3,105731,,,Steven Diez,R,175.0,CAN,32.7,6-2 6-3,3,RR,77.0,6.0,2.0,51.0,31.0,28.0,9.0,9.0,1.0,1.0,0.0,3.0,48.0,27.0,16.0,11.0,8.0,3.0,6.0,6.0,4235.0,314.0,170.0,2024
2024-9900,United Cup,Hard,18,A,2024-01-01,260,104925,,,Novak Djokovic,R,188.0,SRB,36.6,208103,,,Jiri Lehecka,R,185.0,CZE,22.1,6-1 6-7(3) 6-1,3,RR,136.0,3.0,2.0,80.0,49.0,36.0,19.0,14.0,3.0,5.0,4.0,1.0,75.0,47.0,30.0,9.0,12.0,5.0,11.0,1.0,11245.0,31.0,1372.0,2024
2024-9900,United Cup,Hard,18,A,2024-01-01,284,128034,,,Hubert Hurkacz,R,196.0,POL,26.8,205734,,,Thiago Seyboth Wild,R,185.0,BRA,23.8,6-7(4) 6-2 6-3,3,RR,141.0,10.0,3.0,81.0,52.0,39.0,19.0,14.0,1.0,2.0,6.0,2.0,110.0,82.0,54.0,10.0,15.0,8.0,13.0,9.0,3245.0,79.0,718.0,2024
2024-0339,Brisbane,Hard,32,A,2024-01-01,283,105902,,Q,James Duckworth,R,183.0,AUS,31.9,200670,,,J J Wolf,R,183.0,USA,25.0,6-3 6-4,3,R32,63.0,7.0,0.0,52.0,36.0,31.0,11.0,10.0,1.0,1.0,7.0,1.0,44.0,32.0,27.0,4.0,9.0,2.0,4.0,116.0,573.0,53.0,910.0,2024
2024-0339,Brisbane,Hard,32,A,2024-01-01,284,207686,,,Alexander Shevchenko,R,185.0,KAZ,23.0,209414,,,Luca Van Assche,R,178.0,FRA,19.6,6-3 6-2,3,R32,75.0,6.0,0.0,52.0,35.0,26.0,13.0,9.0,2.0,2.0,3.0,1.0,59.0,37.0,21.0,11.0,8.0,4.0,7.0,48.0,947.0,90.0,687.0,2024
2024-0339,Brisbane,Hard,32,A,2024-01-01,285,208029,1.0,,Holger Rune,R,188.0,DEN,20.6,126845,,,Max Purcell,R,185.0,AUS,25.7,4-6 6-4 6-2,3,R32,100.0,12.0,0.0,72.0,58.0,43.0,8.0,14.0,3.0,5.0,6.0,3.0,74.0,48.0,35.0,13.0,14.0,2.0,6.0,8.0,3660.0,45.0,1012.0,2024
2024-0339,Brisbane,Hard,32,A,2024-01-01,286,105777,2.0,,Grigor Dimitrov,R,191.0,BUL,32.6,127157,,,Daniel Altmaier,R,188.0,GER,25.3,6-1 6-2,3,R16,67.0,6.0,1.0,41.0,26.0,24.0,10.0,8.0,3.0,3.0,3.0,3.0,49.0,28.0,17.0,6.0,7.0,2.0,6.0,14.0,2570.0,56.0,891.0,2024
2024-0339,Brisbane,Hard,32,A,2024-01-01,287,208014,,WC,Rinky Hijikata,R,178.0,AUS,22.8,207830,,Q,Tomas Machac,R,183.0,CZE,23.2,5-7 6-2 7-6(4),3,R16,148.0,11.0,4.0,104.0,64.0,44.0,23.0,16.0,10.0,13.0,6.0,2.0,89.0,61.0,45.0,12.0,16.0,1.0,5.0,71.0,744.0,78.0,722.0,2024
2024-0339,Brisbane,Hard,32,A,2024-01-01,288,111442,,,Jordan Thompson,R,183.0,AUS,29.7,200005,4.0,,Ugo Humbert,L,188.0,FRA,25.5,W/O,3,R16,0.0,,,,,,,,,,,,,,,,,,,55.0,902.0,20.0,1765.0,2024
2024-0339,Brisbane,Hard,32,A,2024-01-01,289,104745,,WC,Rafael Nadal,L,185.0,ESP,37.5,106186,,WC,Jason Kubler,R,178.0,AUS,30.6,6-1 6-2,3,R16,84.0,4.0,3.0,46.0,30.0,24.0,10.0,8.0,4.0,4.0,1.0,3.0,46.0,35.0,20.0,2.0,7.0,2.0,6.0,672.0,45.0,102.0,631.0,2024
2024-0339,Brisbane,Hard,32,A,2024-01-01,290,208286,,,Matteo Arnaldi,R,185.0,ITA,22.8,127760,,Q,Lukas Klein,R,193.0,SVK,25.7,6-4 3-6 7-5,3,R16,124.0,9.0,3.0,80.0,44.0,37.0,21.0,15.0,2.0,4.0,5.0,3.0,87.0,50.0,42.0,17.0,16.0,2.0,5.0,44.0,1021.0,170.0,359.0,2024
2024-0339,Brisbane,Hard,32,A,2024-01-01,282,105870,,,Yannick Hanfmann,R,193.0,GER,32.1,200624,5.0,,Sebastian Korda,R,196.0,USA,23.4,7-5 6-4,3,R32,96.0,4.0,0.0,65.0,50.0,35.0,9.0,11.0,3.0,4.0,12.0,3.0,72.0,40.0,29.0,14.0,11.0,3.0,6.0,51.0,914.0,24.0,1530.0,2024
2024-0339,Brisbane,Hard,32,A,2024-01-01,291,126128,,,Roman Safiullin,R,185.0,RUS,26.4,200615,,,Alexei Popyrin,R,196.0,AUS,24.4,6-7(9) 6-4 7-6(3),3,R16,174.0,23.0,4.0,121.0,77.0,62.0,26.0,17.0,13.0,14.0,13.0,6.0,113.0,79.0,64.0,15.0,17.0,7.0,9.0,39.0,1122.0,40.0,1084.0,2024
2024-0339,Brisbane,Hard,32,A,2024-01-01,294,105777,2.0,,Grigor Dimitrov,R,191.0,BUL,32.6,208014,,WC,Rinky Hijikata,R,178.0,AUS,22.8,6-1 6-4,3,QF,78.0,12.0,2.0,50.0,33.0,26.0,12.0,9.0,2.0,2.0,4.0,4.0,57.0,34.0,23.0,8.0,8.0,4.0,7.0,14.0,2570.0,71.0,744.0,2024
2024-0339,Brisbane,Hard,32,A,2024-01-01,295,111442,,,Jordan Thompson,R,183.0,AUS,29.7,104745,,WC,Rafael Nadal,L,185.0,ESP,37.5,5-7 7-6(6) 6-3,3,QF,206.0,8.0,3.0,109.0,67.0,51.0,20.0,17.0,6.0,8.0,7.0,2.0,108.0,79.0,58.0,13.0,16.0,1.0,3.0,55.0,902.0,672.0,45.0,2024
2024-0339,Brisbane,Hard,32,A,2024-01-01,296,126128,,,Roman Safiullin,R,185.0,RUS,26.4,208286,,,Matteo Arnaldi,R,185.0,ITA,22.8,7-6(4) 6-2,3,QF,120.0,9.0,3.0,73.0,43.0,36.0,14.0,10.0,2.0,3.0,3.0,2.0,69.0,37.0,27.0,16.0,10.0,5.0,8.0,39.0,1122.0,44.0,1021.0,2024
2024-0339,Brisbane,Hard,32,A,2024-01-01,297,208029,1.0,,Holger Rune,R,188.0,DEN,20.6,105902,,Q,James Duckworth,R,183.0,AUS,31.9,6-2 7-6(6),3,QF,105.0,13.0,0.0,65.0,36.0,31.0,17.0,10.0,1.0,1.0,5.0,2.0,77.0,51.0,31.0,16.0,10.0,3.0,5.0,8.0,3660.0,116.0,573.0,2024
2024-0339,Brisbane,Hard,32,A,2024-01-01,298,105777,2.0,,Grigor Dimitrov,R,191.0,BUL,32.6,111442,,,Jordan Thompson,R,183.0,AUS,29.7,6-3 7-5,3,SF,109.0,10.0,3.0,67.0,45.0,39.0,10.0,11.0,6.0,6.0,5.0,1.0,62.0,39.0,24.0,14.0,10.0,5.0,7.0,14.0,2570.0,55.0,902.0,2024
2024-0339,Brisbane,Hard,32,A,2024-01-01,299,208029,1.0,,Holger Rune,R,188.0,DEN,20.6,126128,,,Roman Safiullin,R,185.0,RUS,26.4,6-4 7-6(0),3,SF,97.0,7.0,4.0,72.0,48.0,39.0,11.0,11.0,1.0,2.0,5.0,5.0,66.0,35.0,31.0,10.0,11.0,5.0,7.0,8.0,3660.0,39.0,1122.0,2024
2024-0339,Brisbane,Hard,32,A,2024-01-01,300,105777,2.0,,Grigor Dimitrov,R,191.0,BUL,32.6,208029,1.0,,Holger Rune,R,188.0,DEN,20.6,7-6(5) 6-4,3,F,136.0,8.0,2.0,74.0,52.0,40.0,13.0,11.0,3.0,3.0,9.0,3.0,95.0,58.0,44.0,16.0,11.0,8.0,9.0,14.0,2570.0,8.0,3660.0,2024
2024-9900,United Cup,Hard,18,A,2024-01-01,282,200221,,,Alejandro Davidovich Fokina,R,183.0,ESP,24.5,205734,,,Thiago Seyboth Wild,R,185.0,BRA,23.8,6-4 6-0,3,RR,88.0,4.0,2.0,53.0,38.0,30.0,8.0,8.0,0.0,0.0,4.0,1.0,50.0,27.0,16.0,10.0,8.0,3.0,7.0,26.0,1495.0,79.0,718.0,2024
2024-0339,Brisbane,Hard,32,A,2024-01-01,292,105902,,Q,James Duckworth,R,183.0,AUS,31.9,105870,,,Yannick Hanfmann,R,193.0,GER,32.1,4-6 6-1 7-6(2),3,R16,145.0,22.0,4.0,91.0,66.0,52.0,13.0,15.0,2.0,3.0,15.0,4.0,97.0,56.0,43.0,20.0,14.0,10.0,12.0,116.0,573.0,51.0,914.0,2024
2024-0339,Brisbane,Hard,32,A,2024-01-01,281,126128,,,Roman Safiullin,R,185.0,RUS,26.4,210097,3.0,,Ben Shelton,L,193.0,USA,21.2,6-3 6-7(5) 6-3,3,R32,157.0,8.0,6.0,95.0,50.0,44.0,28.0,16.0,5.0,5.0,12.0,6.0,103.0,69.0,53.0,16.0,14.0,9.0,11.0,39.0,1122.0,17.0,2145.0,2024
2024-0339,Brisbane,Hard,32,A,2024-01-01,293,208029,1.0,,Holger Rune,R,188.0,DEN,20.6,207686,,,Alexander Shevchenko,R,185.0,KAZ,23.0,6-4 5-7 6-2,3,R16,147.0,12.0,2.0,91.0,57.0,43.0,22.0,15.0,5.0,6.0,5.0,2.0,108.0,62.0,45.0,23.0,15.0,7.0,10.0,8.0,3660.0,48.0,947.0,2024
2024-0339,Brisbane,Hard,32,A,2024-01-01,279,208286,,,Matteo Arnaldi,R,185.0,ITA,22.8,105916,,,Marton Fucsovics,R,188.0,HUN,31.8,6-7(5) 6-4 7-6(7),3,R32,187.0,6.0,2.0,122.0,66.0,48.0,39.0,17.0,2.0,2.0,11.0,1.0,101.0,61.0,47.0,30.0,17.0,1.0,2.0,44.0,1021.0,59.0,882.0,2024
2024-9900,United Cup,Hard,18,A,2024-01-01,286,200221,,,Alejandro Davidovich Fokina,R,183.0,ESP,24.5,128034,,,Hubert Hurkacz,R,196.0,POL,26.8,3-6 6-3 6-4,3,RR,121.0,1.0,2.0,83.0,49.0,30.0,25.0,14.0,3.0,5.0,9.0,3.0,80.0,60.0,41.0,9.0,14.0,3.0,6.0,26.0,1495.0,9.0,3245.0,2024
2024-0339,Brisbane,Hard,32,A,2024-01-01,280,200615,,,Alexei Popyrin,R,196.0,AUS,24.4,106331,,,Christopher Oconnell,R,183.0,AUS,29.5,6-4 6-7(5) 7-6(4),3,R32,185.0,12.0,2.0,107.0,68.0,55.0,23.0,17.0,4.0,5.0,21.0,0.0,127.0,78.0,56.0,26.0,17.0,7.0,9.0,40.0,1084.0,68.0,780.0,2024
2024-9900,United Cup,Hard,18,A,2024-01-01,288,100644,,,Alexander Zverev,R,198.0,GER,26.6,126774,,,Stefanos Tsitsipas,R,193.0,GRE,25.3,6-4 6-4,3,QF,96.0,5.0,0.0,56.0,45.0,34.0,8.0,10.0,2.0,2.0,4.0,1.0,64.0,40.0,34.0,6.0,10.0,6.0,8.0,7.0,3985.0,6.0,4235.0,2024
2024-9900,United Cup,Hard,18,A,2024-01-01,290,200282,,,Alex De Minaur,R,183.0,AUS,24.8,104925,,,Novak Djokovic,R,188.0,SRB,36.6,6-4 6-4,3,QF,93.0,7.0,2.0,49.0,34.0,33.0,8.0,10.0,0.0,0.0,4.0,1.0,68.0,43.0,30.0,11.0,10.0,3.0,5.0,12.0,2740.0,1.0,11245.0,2024
2024-9900,United Cup,Hard,18,A,2024-01-01,292,134770,,,Casper Ruud,R,183.0,NOR,25.0,105173,,,Adrian Mannarino,L,180.0,FRA,35.5,6-1 6-4,3,QF,76.0,10.0,1.0,50.0,33.0,29.0,9.0,9.0,0.0,0.0,4.0,1.0,49.0,33.0,20.0,7.0,8.0,2.0,5.0,11.0,2825.0,22.0,1755.0,2024
2024-9900,United Cup,Hard,18,A,2024-01-01,294,128034,,,Hubert Hurkacz,R,196.0,POL,26.8,111190,,,Zhizhen Zhang,R,193.0,CHN,27.2,6-3 6-4,3,QF,82.0,10.0,0.0,65.0,48.0,36.0,9.0,10.0,1.0,1.0,3.0,2.0,55.0,29.0,21.0,14.0,9.0,2.0,4.0,9.0,3245.0,58.0,885.0,2024
2024-9900,United Cup,Hard,18,A,2024-01-01,298,128034,,,Hubert Hurkacz,R,196.0,POL,26.8,105173,,,Adrian Mannarino,L,180.0,FRA,35.5,6-3 7-5,3,SF,101.0,15.0,0.0,58.0,36.0,31.0,14.0,11.0,0.0,0.0,1.0,1.0,70.0,45.0,30.0,12.0,10.0,3.0,5.0,9.0,3245.0,22.0,1755.0,2024
2024-9900,United Cup,Hard,18,A,2024-01-01,300,100644,,,Alexander Zverev,R,198.0,GER,26.6,128034,,,Hubert Hurkacz,R,196.0,POL,26.8,6-7(3) 7-6(6) 6-4,3,F,179.0,8.0,1.0,96.0,72.0,62.0,14.0,17.0,0.0,0.0,19.0,1.0,119.0,70.0,54.0,27.0,17.0,6.0,7.0,7.0,3985.0,9.0,3245.0,2024
2024-9900,United Cup,Hard,18,A,2024-01-01,296,200282,,,Alex De Minaur,R,183.0,AUS,24.8,100644,,,Alexander Zverev,R,198.0,GER,26.6,5-7 6-3 6-4,3,SF,160.0,4.0,2.0,97.0,62.0,43.0,24.0,16.0,3.0,4.0,10.0,0.0,83.0,57.0,42.0,15.0,15.0,2.0,4.0,12.0,2740.0,7.0,3985.0,2024
2024-0339,Brisbane,Hard,32,A,2024-01-01,271,127157,,,Daniel Altmaier,R,188.0,GER,25.3,111454,,Q,Li Tu,R,183.0,AUS,27.5,7-6(5) 7-6(4),3,R32,121.0,7.0,1.0,81.0,55.0,42.0,17.0,12.0,0.0,0.0,3.0,2.0,83.0,46.0,38.0,22.0,12.0,2.0,2.0,56.0,891.0,225.0,280.0,2024
2024-0339,Brisbane,Hard,32,A,2024-01-01,272,208014,,WC,Rinky Hijikata,R,178.0,AUS,22.8,106423,,,Thanasi Kokkinakis,R,193.0,AUS,27.7,7-6(8) 6-2,3,R32,97.0,4.0,1.0,67.0,39.0,33.0,16.0,10.0,2.0,2.0,16.0,1.0,62.0,47.0,36.0,6.0,10.0,2.0,4.0,71.0,744.0,65.0,802.0,2024
2024-0339,Brisbane,Hard,32,A,2024-01-01,278,127760,,Q,Lukas Klein,R,193.0,SVK,25.7,202104,6.0,,Sebastian Baez,R,170.0,ARG,23.0,4-6 6-3 6-4,3,R32,134.0,9.0,2.0,83.0,51.0,38.0,18.0,15.0,3.0,5.0,3.0,2.0,115.0,92.0,53.0,14.0,14.0,11.0,14.0,170.0,359.0,28.0,1435.0,2024
2024-0339,Brisbane,Hard,32,A,2024-01-01,273,207830,,Q,Tomas Machac,R,183.0,CZE,23.2,144869,7.0,,Tomas Martin Etcheverry,R,196.0,ARG,24.4,6-7(5) 7-5 7-6(1),3,R32,189.0,5.0,1.0,111.0,70.0,57.0,21.0,18.0,4.0,6.0,6.0,2.0,116.0,82.0,59.0,17.0,18.0,5.0,8.0,78.0,722.0,30.0,1375.0,2024
2024-0339,Brisbane,Hard,32,A,2024-01-01,274,200005,4.0,,Ugo Humbert,L,188.0,FRA,25.5,210506,,Q,Alex Michelsen,R,193.0,USA,19.3,6-4 6-4,3,R32,95.0,4.0,1.0,53.0,29.0,24.0,19.0,10.0,2.0,2.0,5.0,5.0,72.0,38.0,24.0,18.0,10.0,8.0,10.0,20.0,1765.0,97.0,653.0,2024
2024-0339,Brisbane,Hard,32,A,2024-01-01,275,111442,,,Jordan Thompson,R,183.0,AUS,29.7,126846,,,Aleksandar Vukic,R,188.0,AUS,27.7,6-3 6-2,3,R32,96.0,7.0,1.0,46.0,28.0,23.0,11.0,9.0,0.0,1.0,3.0,0.0,54.0,32.0,18.0,10.0,8.0,4.0,8.0,55.0,902.0,62.0,835.0,2024
2024-0339,Brisbane,Hard,32,A,2024-01-01,276,104745,,WC,Rafael Nadal,L,185.0,ESP,37.5,106233,,Q,Dominic Thiem,R,185.0,AUT,30.3,7-5 6-1,3,R32,89.0,3.0,1.0,46.0,31.0,28.0,12.0,10.0,0.0,0.0,3.0,3.0,54.0,34.0,23.0,10.0,9.0,3.0,6.0,672.0,45.0,98.0,652.0,2024
2024-0339,Brisbane,Hard,32,A,2024-01-01,270,105777,2.0,,Grigor Dimitrov,R,191.0,BUL,32.6,104918,,,Andy Murray,R,191.0,GBR,36.6,4-6 7-5 6-2,3,R32,147.0,13.0,2.0,82.0,51.0,42.0,16.0,15.0,3.0,5.0,4.0,0.0,86.0,51.0,32.0,21.0,15.0,4.0,8.0,14.0,2570.0,42.0,1050.0,2024
2024-0339,Brisbane,Hard,32,A,2024-01-01,277,106186,,WC,Jason Kubler,R,178.0,AUS,30.6,106234,8.0,,Aslan Karatsev,R,185.0,RUS,30.3,6-4 6-7(4) 0-0 RET,3,R32,143.0,5.0,1.0,76.0,49.0,31.0,13.0,11.0,6.0,9.0,2.0,6.0,70.0,39.0,29.0,14.0,11.0,4.0,8.0,102.0,631.0,35.0,1193.0,2024
2024-0301,Auckland,Hard,32,A,2024-01-08,298,126214,,Q,Alejandro Tabilo,L,188.0,CHI,26.6,209950,6.0,,Arthur Fils,R,185.0,FRA,19.5,6-2 7-5,3,SF,108.0,7.0,1.0,80.0,49.0,34.0,17.0,10.0,6.0,7.0,5.0,7.0,64.0,36.0,20.0,14.0,10.0,4.0,8.0,82.0,707.0,35.0,1208.0,2024
2024-0301,Auckland,Hard,32,A,2024-01-08,289,209950,6.0,,Arthur Fils,R,185.0,FRA,19.5,132686,,,Nuno Borges,R,185.0,POR,26.8,6-2 6-0,3,R16,51.0,5.0,1.0,34.0,24.0,21.0,7.0,7.0,0.0,0.0,1.0,0.0,39.0,24.0,12.0,5.0,7.0,2.0,7.0,35.0,1208.0,66.0,799.0,2024
2024-0301,Auckland,Hard,32,A,2024-01-08,291,124186,,Q,Alexandre Muller,R,183.0,FRA,26.9,202103,3.0,,Francisco Cerundolo,R,185.0,ARG,25.4,6-1 6-1,3,R16,66.0,2.0,0.0,46.0,29.0,18.0,10.0,7.0,0.0,2.0,2.0,3.0,45.0,21.0,7.0,6.0,7.0,4.0,11.0,79.0,711.0,22.0,1760.0,2024
2024-0301,Auckland,Hard,32,A,2024-01-08,292,106148,,,Roberto Carballes Baena,R,183.0,ESP,30.7,124116,7.0,,Sebastian Ofner,R,191.0,AUT,27.6,7-5 6-3,3,R16,101.0,3.0,2.0,67.0,31.0,26.0,23.0,11.0,2.0,2.0,9.0,1.0,64.0,32.0,27.0,15.0,10.0,2.0,4.0,67.0,796.0,37.0,1132.0,2024
2024-0301,Auckland,Hard,32,A,2024-01-08,296,106121,,,Taro Daniel,R,191.0,JPN,30.9,124186,,Q,Alexandre Muller,R,183.0,FRA,26.9,6-4 6-7(3) 6-3,3,QF,159.0,9.0,5.0,111.0,66.0,48.0,23.0,16.0,8.0,10.0,4.0,3.0,93.0,51.0,34.0,22.0,15.0,1.0,5.0,74.0,739.0,79.0,711.0,2024
2024-0301,Auckland,Hard,32,A,2024-01-08,294,126214,,Q,Alejandro Tabilo,L,188.0,CHI,26.6,111815,2.0,,Cameron Norrie,L,188.0,GBR,28.3,W/O,3,QF,0.0,,,,,,,,,,,,,,,,,,,82.0,707.0,19.0,1810.0,2024
2024-0301,Auckland,Hard,32,A,2024-01-08,295,209950,6.0,,Arthur Fils,R,185.0,FRA,19.5,127157,,,Daniel Altmaier,R,188.0,GER,25.3,7-6(2) 1-0 RET,3,QF,74.0,0.0,0.0,41.0,27.0,21.0,11.0,6.0,0.0,0.0,2.0,1.0,46.0,24.0,16.0,15.0,7.0,1.0,2.0,35.0,1208.0,57.0,906.0,2024
2024-0301,Auckland,Hard,32,A,2024-01-08,288,127157,,,Daniel Altmaier,R,188.0,GER,25.3,200000,4.0,,Felix Auger Aliassime,R,193.0,CAN,23.4,7-6(9) 7-5,3,R16,154.0,5.0,4.0,92.0,60.0,44.0,17.0,12.0,8.0,9.0,9.0,2.0,87.0,57.0,37.0,17.0,12.0,4.0,6.0,57.0,906.0,27.0,1425.0,2024
2024-0301,Auckland,Hard,32,A,2024-01-08,297,210097,1.0,,Ben Shelton,L,193.0,USA,21.2,106148,,,Roberto Carballes Baena,R,183.0,ESP,30.7,6-4 6-3,3,QF,100.0,7.0,3.0,71.0,42.0,31.0,15.0,10.0,7.0,8.0,1.0,1.0,55.0,32.0,22.0,11.0,9.0,4.0,7.0,16.0,2145.0,67.0,796.0,2024
2024-0301,Auckland,Hard,32,A,2024-01-08,293,210097,1.0,,Ben Shelton,L,193.0,USA,21.2,206681,,,Fabian Marozsan,R,193.0,HUN,24.2,6-3 6-4,3,R16,71.0,10.0,3.0,59.0,40.0,32.0,9.0,10.0,2.0,3.0,1.0,4.0,49.0,32.0,24.0,8.0,9.0,5.0,8.0,16.0,2145.0,65.0,805.0,2024
2024-0301,Auckland,Hard,32,A,2024-01-08,287,126214,,Q,Alejandro Tabilo,L,188.0,CHI,26.6,122298,,,Botic Van De Zandschulp,R,191.0,NED,28.2,7-5 6-3,3,R16,82.0,2.0,1.0,57.0,36.0,32.0,9.0,11.0,0.0,2.0,3.0,5.0,54.0,33.0,22.0,10.0,10.0,3.0,7.0,82.0,707.0,59.0,865.0,2024
2024-0301,Auckland,Hard,32,A,2024-01-08,276,132686,,,Nuno Borges,R,185.0,POR,26.8,210506,,Q,Alex Michelsen,R,193.0,USA,19.3,0-6 7-6(6) 6-3,3,R32,118.0,12.0,1.0,85.0,59.0,41.0,16.0,14.0,3.0,7.0,6.0,0.0,83.0,60.0,47.0,11.0,13.0,2.0,4.0,66.0,799.0,92.0,659.0,2024
2024-0301,Auckland,Hard,32,A,2024-01-08,284,206681,,,Fabian Marozsan,R,193.0,HUN,24.2,104792,,,Gael Monfils,R,193.0,FRA,37.3,6-4 6-7(6) 7-6(4),3,R32,155.0,5.0,1.0,122.0,86.0,63.0,23.0,17.0,7.0,8.0,16.0,1.0,120.0,79.0,59.0,25.0,17.0,3.0,5.0,65.0,805.0,75.0,737.0,2024
2024-0301,Auckland,Hard,32,A,2024-01-08,283,106148,,,Roberto Carballes Baena,R,183.0,ESP,30.7,105138,,,Roberto Bautista Agut,R,183.0,ESP,35.7,6-4 6-3,3,R32,104.0,3.0,4.0,54.0,34.0,25.0,8.0,9.0,1.0,3.0,3.0,3.0,73.0,50.0,31.0,5.0,10.0,10.0,15.0,67.0,796.0,51.0,916.0,2024
2024-0301,Auckland,Hard,32,A,2024-01-08,282,124116,7.0,,Sebastian Ofner,R,191.0,AUT,27.6,133430,,WC,Denis Shapovalov,L,185.0,CAN,24.7,6-4 6-2,3,R32,68.0,5.0,1.0,49.0,32.0,27.0,10.0,9.0,2.0,2.0,0.0,11.0,55.0,27.0,20.0,11.0,9.0,0.0,3.0,37.0,1132.0,116.0,560.0,2024
2024-0301,Auckland,Hard,32,A,2024-01-08,280,124186,,Q,Alexandre Muller,R,183.0,FRA,26.9,126127,,,Benjamin Bonzi,R,183.0,FRA,27.5,6-3 7-5,3,R32,98.0,8.0,1.0,62.0,43.0,31.0,13.0,11.0,5.0,7.0,6.0,4.0,73.0,42.0,23.0,16.0,10.0,6.0,10.0,79.0,711.0,110.0,588.0,2024
2024-0301,Auckland,Hard,32,A,2024-01-08,279,106121,,,Taro Daniel,R,191.0,JPN,30.9,126846,,,Aleksandar Vukic,R,188.0,AUS,27.7,7-5 7-5,3,R32,99.0,6.0,5.0,78.0,49.0,38.0,10.0,12.0,5.0,7.0,4.0,1.0,65.0,35.0,25.0,16.0,12.0,3.0,7.0,74.0,739.0,63.0,835.0,2024
2024-0301,Auckland,Hard,32,A,2024-01-08,278,126845,8.0,,Max Purcell,R,185.0,AUS,25.7,208485,,WC,Kiranpal Pannu,R,185.0,NZL,27.0,6-4 6-4,3,R32,87.0,10.0,0.0,51.0,31.0,29.0,13.0,10.0,2.0,2.0,2.0,4.0,60.0,40.0,33.0,7.0,10.0,2.0,4.0,45.0,1006.0,716.0,37.0,2024
2024-0301,Auckland,Hard,32,A,2024-01-08,277,209950,6.0,,Arthur Fils,R,185.0,FRA,19.5,104755,,WC,Richard Gasquet,R,183.0,FRA,37.5,6-3 6-4,3,R32,69.0,9.0,2.0,60.0,42.0,33.0,12.0,10.0,1.0,1.0,2.0,0.0,46.0,26.0,22.0,10.0,9.0,4.0,6.0,35.0,1208.0,76.0,735.0,2024
2024-0301,Auckland,Hard,32,A,2024-01-08,275,127157,,,Daniel Altmaier,R,188.0,GER,25.3,106218,,,Marcos Giron,R,180.0,USA,30.4,7-6(5) 6-2,3,R32,92.0,5.0,1.0,60.0,35.0,25.0,14.0,10.0,3.0,5.0,1.0,2.0,58.0,32.0,18.0,14.0,10.0,3.0,7.0,57.0,906.0,60.0,860.0,2024
2024-0301,Auckland,Hard,32,A,2024-01-08,273,122298,,,Botic Van De Zandschulp,R,191.0,NED,28.2,111153,5.0,,Christopher Eubanks,R,201.0,USA,27.6,7-6(5) 6-2,3,R32,96.0,6.0,2.0,55.0,28.0,25.0,20.0,10.0,1.0,1.0,5.0,1.0,77.0,56.0,35.0,10.0,10.0,4.0,6.0,59.0,865.0,34.0,1235.0,2024
2024-0301,Auckland,Hard,32,A,2024-01-08,272,126214,,Q,Alejandro Tabilo,L,188.0,CHI,26.6,127339,,,Borna Gojo,R,196.0,CRO,25.8,1-6 6-3 6-2,3,R32,91.0,10.0,0.0,64.0,44.0,33.0,13.0,12.0,2.0,4.0,13.0,6.0,76.0,46.0,28.0,18.0,12.0,0.0,3.0,82.0,707.0,91.0,664.0,2024
2024-0301,Auckland,Hard,32,A,2024-01-08,299,106121,,,Taro Daniel,R,191.0,JPN,30.9,210097,1.0,,Ben Shelton,L,193.0,USA,21.2,7-5 7-6(9),3,SF,120.0,3.0,2.0,87.0,53.0,43.0,21.0,12.0,3.0,3.0,9.0,3.0,84.0,57.0,44.0,15.0,12.0,1.0,2.0,74.0,739.0,16.0,2145.0,2024
2024-0301,Auckland,Hard,32,A,2024-01-08,271,209414,,Q,Luca Van Assche,R,178.0,FRA,19.6,200670,,,J J Wolf,R,183.0,USA,25.0,6-4 6-2,3,R32,93.0,6.0,2.0,63.0,38.0,31.0,13.0,9.0,1.0,1.0,5.0,5.0,58.0,28.0,17.0,16.0,9.0,3.0,6.0,87.0,687.0,54.0,910.0,2024
2024-0301,Auckland,Hard,32,A,2024-01-08,286,111815,2.0,,Cameron Norrie,L,188.0,GBR,28.3,209414,,Q,Luca Van Assche,R,178.0,FRA,19.6,6-3 6-7(6) 6-1,3,R16,148.0,12.0,1.0,100.0,61.0,45.0,24.0,15.0,5.0,6.0,10.0,1.0,90.0,53.0,34.0,21.0,13.0,5.0,9.0,19.0,1810.0,87.0,687.0,2024
2024-0301,Auckland,Hard,32,A,2024-01-08,300,126214,,Q,Alejandro Tabilo,L,188.0,CHI,26.6,106121,,,Taro Daniel,R,191.0,JPN,30.9,6-2 7-5,3,F,96.0,10.0,2.0,73.0,45.0,32.0,16.0,10.0,3.0,3.0,2.0,2.0,57.0,31.0,24.0,9.0,10.0,2.0,5.0,82.0,707.0,74.0,739.0,2024
2024-0301,Auckland,Hard,32,A,2024-01-08,290,106121,,,Taro Daniel,R,191.0,JPN,30.9,126845,8.0,,Max Purcell,R,185.0,AUS,25.7,6-2 6-4,3,R16,75.0,7.0,0.0,48.0,33.0,30.0,9.0,9.0,3.0,3.0,5.0,0.0,60.0,39.0,24.0,12.0,9.0,1.0,4.0,74.0,739.0,45.0,1006.0,2024
2024-8998,Adelaide,Hard,32,A,2024-01-08,272,105583,,,Dusan Lajovic,R,183.0,SRB,33.5,106423,,WC,Thanasi Kokkinakis,R,193.0,AUS,27.7,3-6 6-1 6-4,3,R32,131.0,3.0,0.0,84.0,62.0,41.0,14.0,13.0,4.0,6.0,4.0,4.0,81.0,56.0,36.0,10.0,13.0,5.0,9.0,52.0,914.0,68.0,792.0,2024
2024-8998,Adelaide,Hard,32,A,2024-01-08,271,208286,,,Matteo Arnaldi,R,185.0,ITA,22.8,126523,,LL,Bernabe Zapata Miralles,R,183.0,ESP,26.9,6-4 6-3,3,R32,101.0,1.0,4.0,59.0,26.0,17.0,22.0,10.0,0.0,2.0,1.0,1.0,71.0,49.0,25.0,11.0,9.0,6.0,10.0,41.0,1062.0,77.0,715.0,2024
2024-8998,Adelaide,Hard,32,A,2024-01-08,300,208103,7.0,,Jiri Lehecka,R,185.0,CZE,22.1,207733,,,Jack Draper,L,193.0,GBR,22.0,4-6 6-4 6-3,3,F,128.0,8.0,1.0,92.0,60.0,45.0,18.0,15.0,8.0,9.0,7.0,2.0,80.0,48.0,35.0,19.0,14.0,3.0,5.0,32.0,1337.0,62.0,836.0,2024
2024-8998,Adelaide,Hard,32,A,2024-01-08,299,207733,,,Jack Draper,L,193.0,GBR,22.0,122330,8.0,,Alexander Bublik,R,196.0,KAZ,26.5,7-6(2) 6-4,3,SF,96.0,8.0,0.0,59.0,35.0,28.0,16.0,11.0,1.0,3.0,7.0,9.0,74.0,45.0,36.0,7.0,11.0,1.0,4.0,62.0,836.0,31.0,1369.0,2024
2024-8998,Adelaide,Hard,32,A,2024-01-08,298,208103,7.0,,Jiri Lehecka,R,185.0,CZE,22.1,200624,3.0,,Sebastian Korda,R,196.0,USA,23.5,6-2 6-1,3,SF,72.0,7.0,1.0,58.0,39.0,30.0,11.0,8.0,3.0,3.0,0.0,2.0,56.0,33.0,18.0,9.0,7.0,10.0,14.0,32.0,1337.0,29.0,1380.0,2024
2024-8998,Adelaide,Hard,32,A,2024-01-08,297,207733,,,Jack Draper,L,193.0,GBR,22.0,126205,1.0,,Tommy Paul,R,185.0,USA,26.6,6-1 6-4,3,QF,80.0,3.0,2.0,47.0,24.0,22.0,13.0,8.0,1.0,1.0,2.0,1.0,54.0,37.0,21.0,8.0,9.0,3.0,7.0,62.0,836.0,14.0,2665.0,2024
2024-8998,Adelaide,Hard,32,A,2024-01-08,296,122330,8.0,,Alexander Bublik,R,196.0,KAZ,26.5,207518,4.0,,Lorenzo Musetti,R,185.0,ITA,21.8,6-3 6-7(4) 7-5,3,QF,158.0,17.0,11.0,102.0,57.0,53.0,14.0,17.0,5.0,8.0,3.0,2.0,115.0,73.0,45.0,22.0,16.0,9.0,14.0,31.0,1369.0,25.0,1435.0,2024
2024-8998,Adelaide,Hard,32,A,2024-01-08,295,200624,3.0,,Sebastian Korda,R,196.0,USA,23.5,106331,,WC,Christopher Oconnell,R,183.0,AUS,29.5,6-4 6-4,3,QF,89.0,10.0,1.0,64.0,38.0,31.0,16.0,10.0,3.0,3.0,5.0,4.0,66.0,43.0,30.0,11.0,10.0,5.0,7.0,29.0,1380.0,71.0,780.0,2024
2024-8998,Adelaide,Hard,32,A,2024-01-08,293,126205,1.0,,Tommy Paul,R,185.0,USA,26.6,106109,,Q,Alex Bolt,L,183.0,AUS,31.0,6-3 6-2,3,R16,69.0,11.0,0.0,51.0,31.0,25.0,15.0,9.0,2.0,2.0,5.0,0.0,53.0,35.0,22.0,7.0,8.0,2.0,5.0,14.0,2665.0,325.0,159.0,2024
2024-8998,Adelaide,Hard,32,A,2024-01-08,292,207733,,,Jack Draper,L,193.0,GBR,22.0,200175,,,Miomir Kecmanovic,R,183.0,SRB,24.3,5-7 7-6(9) 7-6(7),3,R16,219.0,12.0,4.0,137.0,76.0,57.0,30.0,18.0,9.0,12.0,12.0,5.0,122.0,69.0,47.0,32.0,18.0,1.0,3.0,62.0,836.0,55.0,910.0,2024
2024-8998,Adelaide,Hard,32,A,2024-01-08,291,207518,4.0,,Lorenzo Musetti,R,185.0,ITA,21.8,111442,,,Jordan Thompson,R,183.0,AUS,29.7,6-4 6-1,3,R16,85.0,3.0,0.0,33.0,24.0,23.0,9.0,8.0,0.0,0.0,5.0,0.0,66.0,36.0,20.0,14.0,9.0,3.0,7.0,25.0,1435.0,47.0,982.0,2024
2024-8998,Adelaide,Hard,32,A,2024-01-08,290,122330,8.0,,Alexander Bublik,R,196.0,KAZ,26.5,105554,,,Daniel Evans,R,175.0,GBR,33.6,4-6 6-2 6-1,3,R16,122.0,21.0,13.0,85.0,49.0,40.0,14.0,13.0,8.0,10.0,2.0,4.0,68.0,39.0,23.0,13.0,12.0,2.0,7.0,31.0,1369.0,40.0,1096.0,2024
2024-8998,Adelaide,Hard,32,A,2024-01-08,289,106331,,WC,Christopher Oconnell,R,183.0,AUS,29.5,207686,,,Alexander Shevchenko,R,185.0,KAZ,23.1,6-3 6-1,3,R16,60.0,12.0,1.0,45.0,28.0,25.0,10.0,8.0,0.0,0.0,3.0,1.0,46.0,31.0,18.0,6.0,8.0,4.0,8.0,71.0,780.0,48.0,961.0,2024
2024-8998,Adelaide,Hard,32,A,2024-01-08,294,208103,7.0,,Jiri Lehecka,R,185.0,CZE,22.1,111797,2.0,,Nicolas Jarry,R,201.0,CHI,28.2,6-4 7-5,3,QF,100.0,9.0,0.0,58.0,39.0,31.0,11.0,11.0,0.0,1.0,9.0,3.0,77.0,52.0,33.0,10.0,11.0,4.0,7.0,32.0,1337.0,18.0,1830.0,2024
2024-8998,Adelaide,Hard,32,A,2024-01-08,287,208103,7.0,,Jiri Lehecka,R,185.0,CZE,22.1,105583,,,Dusan Lajovic,R,183.0,SRB,33.5,7-5 4-6 6-3,3,R16,139.0,8.0,6.0,100.0,58.0,43.0,21.0,16.0,9.0,12.0,2.0,1.0,87.0,64.0,42.0,10.0,15.0,6.0,10.0,32.0,1337.0,52.0,914.0,2024
2024-8998,Adelaide,Hard,32,A,2024-01-08,273,208103,7.0,,Jiri Lehecka,R,185.0,CZE,22.1,200443,,Q,Adam Walton,R,183.0,AUS,24.7,6-1 6-3,3,R32,70.0,9.0,3.0,51.0,25.0,21.0,14.0,8.0,4.0,4.0,4.0,0.0,51.0,35.0,23.0,3.0,8.0,5.0,9.0,32.0,1337.0,176.0,348.0,2024
2024-8998,Adelaide,Hard,32,A,2024-01-08,288,200624,3.0,,Sebastian Korda,R,196.0,USA,23.5,132283,,,Lorenzo Sonego,R,191.0,ITA,28.6,6-4 7-6(10),3,R16,104.0,6.0,3.0,65.0,35.0,32.0,15.0,11.0,3.0,5.0,4.0,2.0,74.0,52.0,34.0,11.0,11.0,1.0,4.0,29.0,1380.0,46.0,990.0,2024
2024-8998,Adelaide,Hard,32,A,2024-01-08,275,132283,,,Lorenzo Sonego,R,191.0,ITA,28.6,105870,,,Yannick Hanfmann,R,193.0,GER,32.1,7-5 2-6 7-6(9),3,R32,172.0,14.0,2.0,103.0,76.0,64.0,8.0,16.0,2.0,4.0,5.0,0.0,111.0,71.0,50.0,27.0,16.0,3.0,4.0,46.0,990.0,49.0,929.0,2024
2024-8998,Adelaide,Hard,32,A,2024-01-08,276,106331,,WC,Christopher Oconnell,R,183.0,AUS,29.5,126239,,Q,Arthur Rinderknech,R,196.0,FRA,28.4,6-4 6-4,3,R32,87.0,9.0,2.0,50.0,31.0,29.0,10.0,10.0,0.0,1.0,10.0,2.0,69.0,49.0,34.0,6.0,10.0,2.0,5.0,71.0,780.0,97.0,626.0,2024
2024-8998,Adelaide,Hard,32,A,2024-01-08,277,207686,,,Alexander Shevchenko,R,185.0,KAZ,23.1,144869,6.0,,Tomas Martin Etcheverry,R,196.0,ARG,24.4,7-6(4) 4-6 7-5,3,R32,176.0,5.0,4.0,117.0,72.0,50.0,19.0,17.0,9.0,14.0,9.0,2.0,110.0,73.0,50.0,16.0,17.0,6.0,11.0,48.0,961.0,30.0,1375.0,2024
2024-8998,Adelaide,Hard,32,A,2024-01-08,279,105554,,,Daniel Evans,R,175.0,GBR,33.6,208014,,WC,Rinky Hijikata,R,178.0,AUS,22.8,6-3 6-4,3,R32,98.0,5.0,2.0,57.0,36.0,31.0,12.0,10.0,2.0,2.0,4.0,5.0,69.0,41.0,27.0,13.0,9.0,9.0,11.0,40.0,1096.0,70.0,782.0,2024
2024-8998,Adelaide,Hard,32,A,2024-01-08,278,122330,8.0,,Alexander Bublik,R,196.0,KAZ,26.5,210317,,LL,James Mccabe,R,188.0,AUS,20.5,6-2 6-3,3,R32,77.0,2.0,5.0,48.0,29.0,25.0,8.0,8.0,2.0,3.0,1.0,1.0,56.0,29.0,12.0,16.0,9.0,1.0,6.0,31.0,1369.0,278.0,207.0,2024
2024-8998,Adelaide,Hard,32,A,2024-01-08,282,207733,,,Jack Draper,L,193.0,GBR,22.0,202104,5.0,,Sebastian Baez,R,170.0,ARG,23.0,6-1 6-3,3,R32,78.0,5.0,2.0,51.0,31.0,25.0,10.0,8.0,0.0,0.0,1.0,1.0,49.0,34.0,19.0,7.0,8.0,1.0,5.0,62.0,836.0,26.0,1435.0,2024
2024-8998,Adelaide,Hard,32,A,2024-01-08,283,200175,,,Miomir Kecmanovic,R,183.0,SRB,24.3,111456,,,Mackenzie Mcdonald,R,178.0,USA,28.7,6-4 6-2,3,R32,73.0,2.0,2.0,47.0,34.0,23.0,7.0,9.0,3.0,5.0,2.0,5.0,55.0,36.0,21.0,5.0,9.0,4.0,9.0,55.0,910.0,42.0,1055.0,2024
2024-8998,Adelaide,Hard,32,A,2024-01-08,284,106109,,Q,Alex Bolt,L,183.0,AUS,31.0,205734,,LL,Thiago Seyboth Wild,R,185.0,BRA,23.8,6-3 6-2,3,R32,72.0,7.0,1.0,39.0,27.0,22.0,10.0,8.0,0.0,0.0,2.0,6.0,71.0,46.0,28.0,9.0,9.0,7.0,11.0,325.0,159.0,78.0,714.0,2024
2024-8998,Adelaide,Hard,32,A,2024-01-08,286,111797,2.0,,Nicolas Jarry,R,201.0,CHI,28.2,208286,,,Matteo Arnaldi,R,185.0,ITA,22.8,6-7(5) 7-6(7) 6-4,3,R16,207.0,9.0,3.0,124.0,81.0,62.0,19.0,17.0,5.0,8.0,17.0,5.0,121.0,74.0,57.0,21.0,17.0,6.0,10.0,18.0,1830.0,41.0,1062.0,2024
2024-8998,Adelaide,Hard,32,A,2024-01-08,280,111442,,,Jordan Thompson,R,183.0,AUS,29.7,207680,,Q,Facundo Diaz Acosta,L,183.0,ARG,23.0,6-2 6-2,3,R32,84.0,1.0,0.0,42.0,26.0,22.0,11.0,8.0,3.0,3.0,2.0,4.0,56.0,35.0,16.0,13.0,8.0,4.0,8.0,47.0,982.0,93.0,655.0,2024
2024-580,Australian Open,Hard,128,G,2024-01-15,185,132686,,,Nuno Borges,R,185.0,POR,26.9,200221,23.0,,Alejandro Davidovich Fokina,R,183.0,ESP,24.6,7-6(7) 6-3 6-3,5,R64,138.0,7.0,5.0,114.0,73.0,53.0,22.0,15.0,7.0,9.0,5.0,4.0,98.0,65.0,40.0,17.0,15.0,4.0,9.0,69.0,814.0,24.0,1530.0,2024
2024-580,Australian Open,Hard,128,G,2024-01-15,182,200005,21.0,,Ugo Humbert,L,188.0,FRA,25.5,111190,,,Zhizhen Zhang,R,193.0,CHN,27.2,6-2 5-7 6-1 7-6(3),5,R64,170.0,15.0,3.0,121.0,80.0,61.0,24.0,20.0,5.0,7.0,14.0,4.0,117.0,73.0,49.0,20.0,19.0,4.0,9.0,20.0,1765.0,54.0,911.0,2024
2024-580,Australian Open,Hard,128,G,2024-01-15,183,128034,9.0,,Hubert Hurkacz,R,196.0,POL,26.9,210150,,Q,Jakub Mensik,R,193.0,CZE,18.3,6-7(9) 6-1 5-7 6-1 6-3,5,R64,205.0,19.0,2.0,135.0,90.0,74.0,27.0,24.0,1.0,3.0,19.0,10.0,167.0,101.0,76.0,24.0,23.0,14.0,21.0,9.0,3320.0,142.0,433.0,2024
2024-580,Australian Open,Hard,128,G,2024-01-15,184,105777,13.0,,Grigor Dimitrov,R,191.0,BUL,32.6,106423,,,Thanasi Kokkinakis,R,193.0,AUS,27.7,6-3 6-2 4-6 6-4,5,R64,208.0,8.0,1.0,113.0,82.0,64.0,17.0,19.0,7.0,8.0,12.0,3.0,149.0,102.0,66.0,22.0,18.0,12.0,16.0,13.0,2775.0,80.0,711.0,2024
2024-580,Australian Open,Hard,128,G,2024-01-15,186,200000,27.0,,Felix Auger Aliassime,R,193.0,CAN,23.4,126409,,Q,Hugo Grenier,R,196.0,FRA,27.8,6-1 3-6 6-1 6-2,5,R64,176.0,4.0,8.0,101.0,73.0,49.0,15.0,16.0,8.0,11.0,6.0,6.0,116.0,69.0,33.0,21.0,15.0,12.0,20.0,30.0,1425.0,178.0,340.0,2024
2024-580,Australian Open,Hard,128,G,2024-01-15,192,126205,14.0,,Tommy Paul,R,185.0,USA,26.6,207733,,,Jack Draper,L,193.0,GBR,22.0,6-2 3-6 6-3 7-5,5,R64,178.0,9.0,4.0,110.0,67.0,50.0,26.0,19.0,2.0,5.0,4.0,2.0,121.0,69.0,46.0,27.0,19.0,13.0,19.0,14.0,2670.0,55.0,911.0,2024
2024-580,Australian Open,Hard,128,G,2024-01-15,188,100644,6.0,,Alexander Zverev,R,198.0,GER,26.7,127760,,Q,Lukas Klein,R,193.0,SVK,25.8,7-5 3-6 4-6 7-6(5) 7-6(7),5,R64,271.0,21.0,2.0,179.0,134.0,105.0,18.0,28.0,7.0,10.0,13.0,5.0,201.0,133.0,99.0,35.0,27.0,8.0,10.0,6.0,4275.0,163.0,391.0,2024
2024-580,Australian Open,Hard,128,G,2024-01-15,189,210506,,,Alex Michelsen,R,193.0,USA,19.3,208103,32.0,,Jiri Lehecka,R,185.0,CZE,22.1,4-6 6-3 6-4 6-4,5,R64,170.0,7.0,3.0,116.0,75.0,59.0,23.0,20.0,4.0,6.0,10.0,3.0,116.0,76.0,52.0,24.0,19.0,8.0,12.0,91.0,656.0,23.0,1555.0,2024
2024-580,Australian Open,Hard,128,G,2024-01-15,190,111815,19.0,,Cameron Norrie,L,188.0,GBR,28.3,206748,,Q,Giulio Zeppieri,L,183.0,ITA,22.1,3-6 6-7(4) 6-2 6-4 6-4,5,R64,215.0,16.0,4.0,145.0,106.0,80.0,21.0,25.0,3.0,5.0,29.0,8.0,160.0,94.0,73.0,30.0,24.0,6.0,11.0,22.0,1710.0,133.0,487.0,2024
2024-580,Australian Open,Hard,128,G,2024-01-15,191,134770,11.0,,Casper Ruud,R,183.0,NOR,25.0,126845,,,Max Purcell,R,185.0,AUS,25.7,6-3 6-7(5) 6-3 3-6 7-6(7),5,R64,230.0,22.0,5.0,175.0,126.0,99.0,28.0,26.0,12.0,13.0,27.0,6.0,160.0,107.0,84.0,30.0,25.0,8.0,10.0,11.0,2910.0,45.0,1021.0,2024
2024-580,Australian Open,Hard,128,G,2024-01-15,181,134868,28.0,,Tallon Griekspoor,R,188.0,NED,27.5,209950,,,Arthur Fils,R,185.0,FRA,19.5,3-6 6-1 7-5 6-4,5,R64,139.0,11.0,3.0,110.0,76.0,54.0,23.0,19.0,3.0,5.0,13.0,11.0,115.0,63.0,48.0,23.0,19.0,5.0,10.0,31.0,1410.0,34.0,1233.0,2024
2024-580,Australian Open,Hard,128,G,2024-01-15,187,106421,3.0,,Daniil Medvedev,R,198.0,RUS,27.9,200325,,,Emil Ruusuvuori,R,188.0,FIN,24.7,3-6 6-7(1) 6-4 7-6(1) 6-0,5,R64,263.0,23.0,8.0,175.0,104.0,73.0,32.0,25.0,13.0,18.0,1.0,4.0,177.0,109.0,63.0,36.0,24.0,8.0,16.0,3.0,7555.0,53.0,921.0,2024
2024-580,Australian Open,Hard,128,G,2024-01-15,180,209070,,WC,Arthur Cazaux,R,183.0,FRA,21.3,208029,8.0,,Holger Rune,R,188.0,DEN,20.7,7-6(4) 6-4 4-6 6-3,5,R64,202.0,18.0,2.0,118.0,74.0,61.0,25.0,21.0,3.0,4.0,6.0,4.0,137.0,76.0,55.0,35.0,20.0,5.0,8.0,122.0,529.0,8.0,3815.0,2024
2024-580,Australian Open,Hard,128,G,2024-01-15,167,210097,16.0,,Ben Shelton,L,193.0,USA,21.2,106331,,,Christopher Oconnell,R,183.0,AUS,29.6,6-4 6-1 3-6 7-6(5),5,R64,171.0,17.0,4.0,114.0,76.0,56.0,24.0,19.0,3.0,5.0,9.0,1.0,133.0,79.0,63.0,17.0,19.0,7.0,11.0,16.0,2225.0,68.0,814.0,2024
2024-580,Australian Open,Hard,128,G,2024-01-15,178,200624,29.0,,Sebastian Korda,R,196.0,USA,23.5,111460,,,Quentin Halys,R,191.0,FRA,27.2,6-4 6-4 6-4,5,R64,121.0,12.0,4.0,84.0,50.0,38.0,25.0,15.0,1.0,1.0,19.0,4.0,124.0,70.0,54.0,19.0,15.0,14.0,17.0,26.0,1480.0,110.0,575.0,2024
2024-580,Australian Open,Hard,128,G,2024-01-15,177,207925,,Q,Flavio Cobolli,R,183.0,ITA,21.6,200303,,,Pavel Kotov,R,191.0,RUS,25.1,7-5 6-3 5-7 6-2,5,R64,195.0,5.0,4.0,126.0,67.0,49.0,33.0,21.0,6.0,9.0,2.0,5.0,117.0,73.0,48.0,24.0,20.0,3.0,9.0,100.0,617.0,65.0,835.0,2024
2024-580,Australian Open,Hard,128,G,2024-01-15,176,200282,10.0,,Alex De Minaur,R,183.0,AUS,24.9,208286,,,Matteo Arnaldi,R,185.0,ITA,22.8,6-3 6-0 6-3,5,R64,120.0,4.0,3.0,82.0,49.0,37.0,17.0,12.0,5.0,6.0,4.0,2.0,82.0,40.0,24.0,15.0,12.0,7.0,14.0,10.0,2950.0,41.0,1077.0,2024
2024-580,Australian Open,Hard,128,G,2024-01-15,175,111575,15.0,,Karen Khachanov,R,198.0,RUS,27.6,206499,,Q,Aleksandar Kovacevic,R,183.0,USA,25.3,6-4 6-3 4-6 6-3,5,R64,150.0,22.0,0.0,103.0,68.0,51.0,22.0,19.0,7.0,10.0,16.0,5.0,114.0,65.0,46.0,22.0,19.0,6.0,12.0,15.0,2430.0,101.0,611.0,2024
2024-580,Australian Open,Hard,128,G,2024-01-15,174,207830,,,Tomas Machac,R,183.0,CZE,23.2,126207,17.0,,Frances Tiafoe,R,188.0,USA,25.9,6-4 6-4 7-6(5),5,R64,155.0,10.0,1.0,97.0,66.0,50.0,15.0,16.0,2.0,5.0,13.0,2.0,128.0,81.0,54.0,18.0,16.0,7.0,12.0,75.0,748.0,17.0,2100.0,2024
2024-580,Australian Open,Hard,128,G,2024-01-15,173,202104,26.0,,Sebastian Baez,R,170.0,ARG,23.0,123755,,,Daniel Elahi Galan,R,191.0,COL,27.5,7-5 2-6 6-2 6-4,5,R64,194.0,4.0,5.0,113.0,77.0,53.0,20.0,19.0,1.0,5.0,6.0,2.0,141.0,82.0,53.0,28.0,19.0,14.0,20.0,29.0,1435.0,87.0,676.0,2024
2024-580,Australian Open,Hard,128,G,2024-01-15,172,206173,4.0,,Jannik Sinner,R,191.0,ITA,22.4,207411,,Q,Jesper De Jong,R,180.0,NED,23.6,6-2 6-2 6-2,5,R64,103.0,7.0,1.0,58.0,37.0,32.0,16.0,12.0,0.0,0.0,6.0,3.0,80.0,50.0,29.0,12.0,12.0,6.0,12.0,4.0,6490.0,161.0,393.0,2024
2024-580,Australian Open,Hard,128,G,2024-01-15,171,126774,7.0,,Stefanos Tsitsipas,R,193.0,GRE,25.4,111442,,,Jordan Thompson,R,183.0,AUS,29.7,4-6 7-6(6) 6-2 7-6(4),5,R64,216.0,13.0,2.0,151.0,77.0,58.0,47.0,21.0,9.0,11.0,5.0,0.0,125.0,76.0,56.0,31.0,21.0,4.0,7.0,7.0,4025.0,47.0,982.0,2024
2024-580,Australian Open,Hard,128,G,2024-01-15,170,209414,,,Luca Van Assche,R,178.0,FRA,19.6,207518,25.0,,Lorenzo Musetti,R,185.0,ITA,21.8,6-3 3-6 6-7(5) 6-3 6-0,5,R64,225.0,9.0,3.0,133.0,75.0,57.0,35.0,23.0,7.0,9.0,6.0,0.0,153.0,90.0,64.0,27.0,22.0,5.0,12.0,79.0,715.0,28.0,1440.0,2024
2024-580,Australian Open,Hard,128,G,2024-01-15,169,206681,,,Fabian Marozsan,R,193.0,HUN,24.2,202103,22.0,,Francisco Cerundolo,R,185.0,ARG,25.4,7-6(5) 6-4 6-2,5,R64,121.0,7.0,3.0,94.0,60.0,42.0,18.0,15.0,5.0,8.0,6.0,6.0,118.0,71.0,45.0,17.0,15.0,12.0,18.0,67.0,823.0,21.0,1760.0,2024
2024-580,Australian Open,Hard,128,G,2024-01-15,168,126203,12.0,,Taylor Fritz,R,196.0,USA,26.2,200384,,LL,Hugo Gaston,L,173.0,FRA,23.3,6-0 6-3 6-1,5,R64,88.0,11.0,2.0,68.0,44.0,34.0,13.0,11.0,1.0,1.0,2.0,5.0,81.0,48.0,27.0,11.0,11.0,6.0,13.0,12.0,2840.0,97.0,626.0,2024
2024-580,Australian Open,Hard,128,G,2024-01-15,193,200175,,,Miomir Kecmanovic,R,183.0,SRB,24.3,105526,24.0,,Jan Lennard Struff,R,193.0,GER,33.7,6-4 1-6 7-6(5) 1-6 7-6(9),5,R64,201.0,10.0,8.0,156.0,100.0,73.0,27.0,24.0,3.0,8.0,23.0,7.0,178.0,120.0,90.0,27.0,24.0,12.0,14.0,60.0,890.0,25.0,1511.0,2024
2024-580,Australian Open,Hard,128,G,2024-01-15,166,105173,20.0,,Adrian Mannarino,L,180.0,FRA,35.5,144719,,,Jaume Munar,R,183.0,ESP,26.6,6-3 6-3 1-6 2-6 6-3,5,R64,204.0,7.0,3.0,120.0,77.0,56.0,24.0,21.0,4.0,8.0,10.0,8.0,143.0,90.0,66.0,22.0,21.0,8.0,12.0,19.0,1765.0,82.0,706.0,2024
2024-580,Australian Open,Hard,128,G,2024-01-15,165,144869,30.0,,Tomas Martin Etcheverry,R,196.0,ARG,24.4,104792,,,Gael Monfils,R,193.0,FRA,37.3,6-4 6-4 6-4,5,R64,133.0,5.0,0.0,102.0,80.0,54.0,13.0,15.0,4.0,5.0,12.0,4.0,86.0,53.0,44.0,12.0,15.0,4.0,8.0,32.0,1375.0,76.0,737.0,2024
2024-580,Australian Open,Hard,128,G,2024-01-15,179,126094,5.0,,Andrey Rublev,R,188.0,RUS,26.2,111153,,,Christopher Eubanks,R,201.0,USA,27.6,6-4 6-4 6-4,5,R64,99.0,10.0,0.0,79.0,60.0,51.0,14.0,15.0,3.0,3.0,10.0,2.0,95.0,74.0,49.0,11.0,15.0,7.0,10.0,5.0,5010.0,35.0,1215.0,2024
2024-580,Australian Open,Hard,128,G,2024-01-15,194,209992,,WC,Juncheng Shang,L,180.0,CHN,18.9,111576,,Q,Sumit Nagal,R,178.0,IND,26.4,2-6 6-3 7-5 6-4,5,R64,170.0,8.0,3.0,128.0,86.0,62.0,25.0,20.0,5.0,7.0,7.0,1.0,110.0,73.0,49.0,25.0,19.0,7.0,10.0,140.0,435.0,137.0,450.0,2024
2024-580,Australian Open,Hard,128,G,2024-01-15,208,100644,6.0,,Alexander Zverev,R,198.0,GER,26.7,210506,,,Alex Michelsen,R,193.0,USA,19.3,6-2 7-6(4) 6-2,5,R32,119.0,11.0,1.0,81.0,58.0,46.0,15.0,14.0,0.0,1.0,1.0,3.0,89.0,59.0,35.0,15.0,14.0,5.0,10.0,6.0,4275.0,91.0,656.0,2024
2024-580,Australian Open,Hard,128,G,2024-01-15,196,104925,1.0,,Novak Djokovic,R,188.0,SRB,36.6,144869,30.0,,Tomas Martin Etcheverry,R,196.0,ARG,24.4,6-3 6-3 7-6(2),5,R32,148.0,10.0,0.0,84.0,57.0,49.0,16.0,15.0,0.0,0.0,13.0,1.0,100.0,72.0,51.0,10.0,15.0,4.0,7.0,1.0,11055.0,32.0,1375.0,2024
2024-580,Australian Open,Hard,128,G,2024-01-15,164,104925,1.0,,Novak Djokovic,R,188.0,SRB,36.6,200615,,,Alexei Popyrin,R,196.0,AUS,24.4,6-3 4-6 7-6(4) 6-3,5,R64,191.0,11.0,0.0,119.0,73.0,60.0,27.0,20.0,5.0,7.0,17.0,4.0,111.0,64.0,47.0,27.0,20.0,8.0,11.0,1.0,11055.0,43.0,1052.0,2024
2024-580,Australian Open,Hard,128,G,2024-01-15,225,106421,3.0,,Daniil Medvedev,R,198.0,RUS,27.9,100644,6.0,,Alexander Zverev,R,198.0,GER,26.7,5-7 3-6 7-6(4) 7-6(5) 6-3,5,SF,258.0,14.0,6.0,156.0,94.0,72.0,35.0,27.0,5.0,10.0,14.0,1.0,170.0,132.0,94.0,22.0,27.0,10.0,14.0,3.0,7555.0,6.0,4275.0,2024
2024-580,Australian Open,Hard,128,G,2024-01-15,224,206173,4.0,,Jannik Sinner,R,191.0,ITA,22.4,104925,1.0,,Novak Djokovic,R,188.0,SRB,36.6,6-1 6-2 6-7(6) 6-3,5,SF,202.0,9.0,1.0,110.0,64.0,53.0,29.0,18.0,0.0,0.0,7.0,4.0,116.0,79.0,53.0,17.0,18.0,6.0,11.0,4.0,6490.0,1.0,11055.0,2024
2024-580,Australian Open,Hard,128,G,2024-01-15,223,100644,6.0,,Alexander Zverev,R,198.0,GER,26.7,207989,2.0,,Carlos Alcaraz,R,183.0,ESP,20.6,6-1 6-3 6-7(2) 6-4,5,QF,185.0,7.0,1.0,111.0,94.0,69.0,8.0,19.0,3.0,5.0,6.0,2.0,117.0,79.0,53.0,16.0,19.0,3.0,10.0,6.0,4275.0,2.0,8855.0,2024
2024-580,Australian Open,Hard,128,G,2024-01-15,222,106421,3.0,,Daniil Medvedev,R,198.0,RUS,27.9,128034,9.0,,Hubert Hurkacz,R,196.0,POL,26.9,7-6(4) 2-6 6-3 5-7 6-4,5,QF,239.0,11.0,10.0,180.0,110.0,86.0,29.0,26.0,10.0,15.0,16.0,5.0,140.0,89.0,72.0,27.0,25.0,5.0,9.0,3.0,7555.0,9.0,3320.0,2024
2024-580,Australian Open,Hard,128,G,2024-01-15,221,206173,4.0,,Jannik Sinner,R,191.0,ITA,22.4,126094,5.0,,Andrey Rublev,R,188.0,RUS,26.2,6-4 7-6(5) 6-3,5,QF,159.0,10.0,3.0,117.0,75.0,57.0,22.0,16.0,8.0,8.0,10.0,2.0,101.0,71.0,54.0,11.0,15.0,5.0,7.0,4.0,6490.0,5.0,5010.0,2024
2024-580,Australian Open,Hard,128,G,2024-01-15,220,104925,1.0,,Novak Djokovic,R,188.0,SRB,36.6,126203,12.0,,Taylor Fritz,R,196.0,USA,26.2,7-6(3) 4-6 6-2 6-3,5,QF,225.0,20.0,3.0,115.0,72.0,59.0,25.0,20.0,4.0,6.0,16.0,2.0,154.0,90.0,59.0,31.0,19.0,17.0,21.0,1.0,11055.0,12.0,2840.0,2024
2024-580,Australian Open,Hard,128,G,2024-01-15,219,207989,2.0,,Carlos Alcaraz,R,183.0,ESP,20.6,200175,,,Miomir Kecmanovic,R,183.0,SRB,24.3,6-4 6-4 6-0,5,R16,109.0,5.0,0.0,69.0,47.0,39.0,14.0,13.0,0.0,0.0,3.0,1.0,84.0,54.0,32.0,15.0,13.0,4.0,9.0,2.0,8855.0,60.0,890.0,2024
2024-580,Australian Open,Hard,128,G,2024-01-15,218,100644,6.0,,Alexander Zverev,R,198.0,GER,26.7,111815,19.0,,Cameron Norrie,L,188.0,GBR,28.3,7-5 3-6 6-3 4-6 7-6(3),5,R16,245.0,15.0,6.0,150.0,114.0,87.0,16.0,26.0,6.0,10.0,10.0,2.0,169.0,106.0,73.0,33.0,26.0,10.0,14.0,6.0,4275.0,22.0,1710.0,2024
2024-580,Australian Open,Hard,128,G,2024-01-15,217,106421,3.0,,Daniil Medvedev,R,198.0,RUS,27.9,132686,,,Nuno Borges,R,185.0,POR,26.9,6-3 7-6(4) 5-7 6-1,5,R16,187.0,13.0,11.0,145.0,92.0,69.0,24.0,20.0,7.0,11.0,5.0,4.0,137.0,92.0,60.0,18.0,20.0,7.0,13.0,3.0,7555.0,69.0,814.0,2024
2024-580,Australian Open,Hard,128,G,2024-01-15,216,128034,9.0,,Hubert Hurkacz,R,196.0,POL,26.9,209070,,WC,Arthur Cazaux,R,183.0,FRA,21.3,7-6(6) 7-6(3) 6-4,5,R16,148.0,11.0,1.0,87.0,54.0,49.0,25.0,17.0,0.0,1.0,18.0,2.0,114.0,68.0,53.0,24.0,17.0,6.0,8.0,9.0,3320.0,122.0,529.0,2024
2024-580,Australian Open,Hard,128,G,2024-01-15,215,126094,5.0,,Andrey Rublev,R,188.0,RUS,26.2,200282,10.0,,Alex De Minaur,R,183.0,AUS,24.9,6-4 6-7(5) 6-7(4) 6-3 6-0,5,R16,254.0,6.0,6.0,180.0,107.0,72.0,40.0,25.0,13.0,16.0,6.0,6.0,161.0,85.0,54.0,38.0,24.0,5.0,13.0,5.0,5010.0,10.0,2950.0,2024
2024-580,Australian Open,Hard,128,G,2024-01-15,214,206173,4.0,,Jannik Sinner,R,191.0,ITA,22.4,111575,15.0,,Karen Khachanov,R,198.0,RUS,27.6,6-4 7-5 6-3,5,R16,154.0,8.0,3.0,97.0,52.0,41.0,26.0,16.0,9.0,10.0,7.0,0.0,91.0,61.0,40.0,14.0,15.0,3.0,8.0,4.0,6490.0,15.0,2430.0,2024
2024-580,Australian Open,Hard,128,G,2024-01-15,213,126203,12.0,,Taylor Fritz,R,196.0,USA,26.2,126774,7.0,,Stefanos Tsitsipas,R,193.0,GRE,25.4,7-6(3) 5-7 6-3 6-3,5,R16,181.0,13.0,2.0,113.0,79.0,68.0,18.0,21.0,2.0,4.0,12.0,7.0,136.0,86.0,65.0,22.0,21.0,7.0,11.0,12.0,2840.0,7.0,4025.0,2024
2024-580,Australian Open,Hard,128,G,2024-01-15,212,104925,1.0,,Novak Djokovic,R,188.0,SRB,36.6,105173,20.0,,Adrian Mannarino,L,180.0,FRA,35.5,6-0 6-0 6-3,5,R16,104.0,17.0,5.0,69.0,48.0,39.0,13.0,11.0,3.0,3.0,1.0,0.0,58.0,34.0,17.0,8.0,10.0,4.0,11.0,1.0,11055.0,19.0,1765.0,2024
2024-580,Australian Open,Hard,128,G,2024-01-15,211,207989,2.0,,Carlos Alcaraz,R,183.0,ESP,20.6,209992,,WC,Juncheng Shang,L,180.0,CHN,18.9,6-1 6-1 1-0 RET,5,R32,66.0,3.0,1.0,34.0,19.0,16.0,13.0,8.0,0.0,0.0,0.0,1.0,50.0,26.0,13.0,7.0,7.0,6.0,12.0,2.0,8855.0,140.0,435.0,2024
2024-580,Australian Open,Hard,128,G,2024-01-15,210,200175,,,Miomir Kecmanovic,R,183.0,SRB,24.3,126205,14.0,,Tommy Paul,R,185.0,USA,26.6,6-4 3-6 2-6 7-6(7) 6-0,5,R32,237.0,10.0,0.0,142.0,87.0,61.0,27.0,23.0,4.0,9.0,16.0,2.0,185.0,108.0,69.0,37.0,22.0,16.0,22.0,60.0,890.0,14.0,2670.0,2024
2024-580,Australian Open,Hard,128,G,2024-01-15,209,111815,19.0,,Cameron Norrie,L,188.0,GBR,28.3,134770,11.0,,Casper Ruud,R,183.0,NOR,25.0,6-4 6-7(7) 6-4 6-3,5,R32,183.0,11.0,3.0,129.0,79.0,61.0,31.0,21.0,9.0,10.0,19.0,4.0,122.0,84.0,63.0,18.0,20.0,2.0,6.0,22.0,1710.0,11.0,2910.0,2024
2024-580,Australian Open,Hard,128,G,2024-01-15,207,106421,3.0,,Daniil Medvedev,R,198.0,RUS,27.9,200000,27.0,,Felix Auger Aliassime,R,193.0,CAN,23.4,6-3 6-4 6-3,5,R32,129.0,8.0,4.0,86.0,55.0,43.0,15.0,14.0,1.0,2.0,8.0,4.0,80.0,49.0,33.0,14.0,14.0,2.0,7.0,3.0,7555.0,30.0,1425.0,2024
2024-580,Australian Open,Hard,128,G,2024-01-15,206,132686,,,Nuno Borges,R,185.0,POR,26.9,105777,13.0,,Grigor Dimitrov,R,191.0,BUL,32.6,6-7(3) 6-4 6-2 7-6(6),5,R32,185.0,21.0,4.0,150.0,103.0,80.0,22.0,21.0,11.0,12.0,11.0,2.0,118.0,72.0,57.0,25.0,21.0,3.0,7.0,69.0,814.0,13.0,2775.0,2024
2024-580,Australian Open,Hard,128,G,2024-01-15,205,128034,9.0,,Hubert Hurkacz,R,196.0,POL,26.9,200005,21.0,,Ugo Humbert,L,188.0,FRA,25.5,3-6 6-1 7-6(4) 6-3,5,R32,167.0,17.0,3.0,125.0,78.0,63.0,20.0,19.0,5.0,7.0,4.0,0.0,122.0,80.0,51.0,24.0,18.0,7.0,11.0,9.0,3320.0,20.0,1765.0,2024
2024-580,Australian Open,Hard,128,G,2024-01-15,204,209070,,WC,Arthur Cazaux,R,183.0,FRA,21.3,134868,28.0,,Tallon Griekspoor,R,188.0,NED,27.5,6-3 6-3 6-1,5,R32,106.0,14.0,3.0,70.0,46.0,39.0,14.0,13.0,0.0,0.0,4.0,4.0,83.0,48.0,31.0,14.0,12.0,9.0,14.0,122.0,529.0,31.0,1410.0,2024
2024-580,Australian Open,Hard,128,G,2024-01-15,203,126094,5.0,,Andrey Rublev,R,188.0,RUS,26.2,200624,29.0,,Sebastian Korda,R,196.0,USA,23.5,6-2 7-6(6) 6-4,5,R32,119.0,13.0,3.0,88.0,65.0,54.0,13.0,15.0,1.0,1.0,18.0,5.0,102.0,68.0,50.0,13.0,15.0,6.0,9.0,5.0,5010.0,26.0,1480.0,2024
2024-580,Australian Open,Hard,128,G,2024-01-15,202,200282,10.0,,Alex De Minaur,R,183.0,AUS,24.9,207925,,Q,Flavio Cobolli,R,183.0,ITA,21.6,6-3 6-3 6-1,5,R32,127.0,4.0,0.0,85.0,44.0,33.0,25.0,13.0,7.0,8.0,4.0,2.0,99.0,56.0,33.0,18.0,12.0,14.0,20.0,10.0,2950.0,100.0,617.0,2024
2024-580,Australian Open,Hard,128,G,2024-01-15,201,111575,15.0,,Karen Khachanov,R,198.0,RUS,27.6,207830,,,Tomas Machac,R,183.0,CZE,23.2,6-4 7-6(4) 4-6 7-6(5),5,R32,204.0,17.0,5.0,165.0,110.0,81.0,29.0,22.0,17.0,19.0,17.0,5.0,127.0,84.0,68.0,24.0,22.0,1.0,3.0,15.0,2430.0,75.0,748.0,2024
2024-580,Australian Open,Hard,128,G,2024-01-15,200,206173,4.0,,Jannik Sinner,R,191.0,ITA,22.4,202104,26.0,,Sebastian Baez,R,170.0,ARG,23.0,6-0 6-1 6-3,5,R32,112.0,6.0,0.0,70.0,45.0,35.0,13.0,11.0,4.0,4.0,2.0,0.0,74.0,54.0,29.0,5.0,11.0,5.0,12.0,4.0,6490.0,29.0,1435.0,2024
2024-580,Australian Open,Hard,128,G,2024-01-15,226,206173,4.0,,Jannik Sinner,R,191.0,ITA,22.4,106421,3.0,,Daniil Medvedev,R,198.0,RUS,27.9,3-6 3-6 6-4 6-4 6-3,5,F,224.0,14.0,5.0,144.0,88.0,65.0,30.0,24.0,8.0,12.0,11.0,3.0,139.0,95.0,72.0,20.0,23.0,5.0,9.0,4.0,6490.0,3.0,7555.0,2024
2024-580,Australian Open,Hard,128,G,2024-01-15,198,126203,12.0,,Taylor Fritz,R,196.0,USA,26.2,206681,,,Fabian Marozsan,R,193.0,HUN,24.2,3-6 6-4 6-2 6-2,5,R32,143.0,19.0,2.0,84.0,53.0,42.0,20.0,18.0,1.0,3.0,7.0,10.0,157.0,100.0,57.0,28.0,17.0,17.0,23.0,12.0,2840.0,67.0,823.0,2024
2024-580,Australian Open,Hard,128,G,2024-01-15,197,105173,20.0,,Adrian Mannarino,L,180.0,FRA,35.5,210097,16.0,,Ben Shelton,L,193.0,USA,21.2,7-6(4) 1-6 6-7(2) 6-3 6-4,5,R32,286.0,9.0,9.0,188.0,121.0,76.0,36.0,25.0,14.0,21.0,18.0,4.0,178.0,128.0,86.0,24.0,25.0,11.0,17.0,19.0,1765.0,16.0,2225.0,2024
2024-580,Australian Open,Hard,128,G,2024-01-15,195,207989,2.0,,Carlos Alcaraz,R,183.0,ESP,20.6,132283,,,Lorenzo Sonego,R,191.0,ITA,28.6,6-4 6-7(3) 6-3 7-6(3),5,R64,205.0,12.0,4.0,130.0,89.0,69.0,29.0,22.0,3.0,4.0,10.0,2.0,142.0,103.0,67.0,26.0,21.0,3.0,6.0,2.0,8855.0,46.0,1005.0,2024
2024-580,Australian Open,Hard,128,G,2024-01-15,163,207989,2.0,,Carlos Alcaraz,R,183.0,ESP,20.6,104755,,,Richard Gasquet,R,183.0,FRA,37.5,7-6(5) 6-1 6-2,5,R128,142.0,9.0,3.0,94.0,62.0,45.0,21.0,14.0,2.0,2.0,3.0,3.0,117.0,86.0,51.0,11.0,13.0,12.0,16.0,2.0,8855.0,131.0,500.0,2024
2024-580,Australian Open,Hard,128,G,2024-01-15,199,126774,7.0,,Stefanos Tsitsipas,R,193.0,GRE,25.4,209414,,,Luca Van Assche,R,178.0,FRA,19.6,6-3 6-0 6-4,5,R32,122.0,12.0,0.0,87.0,52.0,39.0,20.0,13.0,8.0,9.0,1.0,5.0,72.0,45.0,23.0,12.0,12.0,2.0,8.0,7.0,4025.0,79.0,715.0,2024
2024-580,Australian Open,Hard,128,G,2024-01-15,161,209992,,WC,Juncheng Shang,L,180.0,CHN,18.9,111456,,,Mackenzie Mcdonald,R,178.0,USA,28.7,6-3 1-6 3-6 6-4 6-2,5,R128,206.0,4.0,4.0,143.0,83.0,57.0,30.0,22.0,13.0,18.0,6.0,4.0,117.0,78.0,52.0,20.0,21.0,5.0,10.0,140.0,435.0,42.0,1055.0,2024
2024-580,Australian Open,Hard,128,G,2024-01-15,127,207925,,Q,Flavio Cobolli,R,183.0,ITA,21.6,111797,18.0,,Nicolas Jarry,R,201.0,CHI,28.2,6-4 3-6 6-3 2-6 7-5,5,R128,241.0,14.0,4.0,134.0,73.0,53.0,32.0,24.0,3.0,9.0,8.0,2.0,140.0,89.0,65.0,23.0,24.0,9.0,15.0,100.0,617.0,18.0,1870.0,2024
2024-580,Australian Open,Hard,128,G,2024-01-15,126,200303,,,Pavel Kotov,R,191.0,RUS,25.1,126239,,,Arthur Rinderknech,R,196.0,FRA,28.4,7-5 6-1 6-7(6) 6-7(5) 6-3,5,R128,282.0,9.0,4.0,176.0,124.0,92.0,29.0,26.0,9.0,10.0,18.0,6.0,183.0,114.0,85.0,29.0,26.0,10.0,16.0,65.0,835.0,94.0,629.0,2024
2024-580,Australian Open,Hard,128,G,2024-01-15,125,208286,,,Matteo Arnaldi,R,185.0,ITA,22.8,200443,,WC,Adam Walton,R,183.0,AUS,24.7,7-6(5) 6-2 6-4,5,R128,156.0,16.0,1.0,114.0,72.0,52.0,21.0,15.0,9.0,11.0,1.0,0.0,92.0,59.0,40.0,15.0,15.0,8.0,13.0,41.0,1077.0,174.0,354.0,2024
2024-580,Australian Open,Hard,128,G,2024-01-15,124,200282,10.0,,Alex De Minaur,R,183.0,AUS,24.9,105683,,,Milos Raonic,R,196.0,CAN,33.0,6-7(6) 6-3 2-0 RET,5,R128,115.0,10.0,1.0,80.0,41.0,35.0,24.0,12.0,4.0,4.0,12.0,1.0,70.0,40.0,30.0,18.0,11.0,1.0,3.0,10.0,2950.0,319.0,165.0,2024
2024-580,Australian Open,Hard,128,G,2024-01-15,123,111575,15.0,,Karen Khachanov,R,198.0,RUS,27.6,127157,,,Daniel Altmaier,R,188.0,GER,25.3,5-7 6-3 7-6(5) 7-6(3),5,R128,242.0,15.0,4.0,147.0,85.0,65.0,33.0,23.0,7.0,11.0,10.0,3.0,145.0,90.0,68.0,26.0,22.0,8.0,12.0,15.0,2430.0,50.0,946.0,2024
2024-580,Australian Open,Hard,128,G,2024-01-15,122,206499,,Q,Aleksandar Kovacevic,R,183.0,USA,25.3,126214,,,Alejandro Tabilo,L,188.0,CHI,26.6,6-7(2) 7-6(7) 1-6 6-1 6-3,5,R128,202.0,23.0,8.0,162.0,101.0,76.0,34.0,24.0,11.0,13.0,34.0,6.0,143.0,89.0,73.0,26.0,23.0,2.0,6.0,101.0,611.0,49.0,970.0,2024
2024-580,Australian Open,Hard,128,G,2024-01-15,121,207830,,,Tomas Machac,R,183.0,CZE,23.2,208278,,LL,Shintaro Mochizuki,R,175.0,JPN,20.6,7-5 6-1 7-5,5,R128,150.0,4.0,0.0,103.0,72.0,56.0,13.0,16.0,6.0,7.0,4.0,4.0,104.0,56.0,40.0,19.0,15.0,7.0,12.0,75.0,748.0,136.0,457.0,2024
2024-580,Australian Open,Hard,128,G,2024-01-15,120,126207,17.0,,Frances Tiafoe,R,188.0,USA,25.9,106432,,,Borna Coric,R,188.0,CRO,27.1,6-3 7-6(7) 2-6 6-3,5,R128,208.0,15.0,8.0,163.0,97.0,71.0,29.0,19.0,10.0,14.0,12.0,2.0,118.0,80.0,56.0,19.0,19.0,5.0,9.0,17.0,2100.0,40.0,1100.0,2024
2024-580,Australian Open,Hard,128,G,2024-01-15,119,202104,26.0,,Sebastian Baez,R,170.0,ARG,23.0,200670,,,J J Wolf,R,183.0,USA,25.0,3-6 6-2 6-3 3-0 RET,5,R128,133.0,6.0,2.0,90.0,66.0,42.0,15.0,15.0,8.0,11.0,13.0,5.0,98.0,57.0,34.0,17.0,14.0,7.0,14.0,29.0,1435.0,57.0,900.0,2024
2024-580,Australian Open,Hard,128,G,2024-01-15,118,123755,,,Daniel Elahi Galan,R,191.0,COL,27.5,106186,,WC,Jason Kubler,R,178.0,AUS,30.6,2-6 6-3 7-6(3) 4-6 7-6(8),5,R128,299.0,16.0,2.0,202.0,137.0,90.0,28.0,26.0,17.0,25.0,11.0,4.0,175.0,109.0,71.0,33.0,25.0,7.0,13.0,87.0,676.0,113.0,561.0,2024
2024-580,Australian Open,Hard,128,G,2024-01-15,117,207411,,Q,Jesper De Jong,R,180.0,NED,23.6,106398,,,Pedro Cachin,R,185.0,ARG,28.7,4-6 6-2 6-3 6-4,5,R128,153.0,11.0,2.0,112.0,75.0,56.0,23.0,19.0,4.0,6.0,7.0,3.0,105.0,66.0,45.0,19.0,18.0,3.0,8.0,161.0,393.0,74.0,763.0,2024
2024-580,Australian Open,Hard,128,G,2024-01-15,116,206173,4.0,,Jannik Sinner,R,191.0,ITA,22.4,122298,,,Botic Van De Zandschulp,R,191.0,NED,28.2,6-4 7-5 6-3,5,R128,154.0,7.0,2.0,88.0,51.0,35.0,24.0,16.0,5.0,6.0,8.0,2.0,107.0,69.0,45.0,15.0,15.0,10.0,15.0,4.0,6490.0,59.0,890.0,2024
2024-580,Australian Open,Hard,128,G,2024-01-15,115,126774,7.0,,Stefanos Tsitsipas,R,193.0,GRE,25.4,200267,,LL,Zizou Bergs,R,185.0,BEL,24.6,5-7 6-1 6-1 6-3,5,R128,179.0,10.0,6.0,116.0,66.0,48.0,27.0,18.0,3.0,5.0,6.0,3.0,113.0,57.0,36.0,28.0,17.0,9.0,16.0,7.0,4025.0,129.0,508.0,2024
2024-580,Australian Open,Hard,128,G,2024-01-15,128,200624,29.0,,Sebastian Korda,R,196.0,USA,23.5,200240,,Q,Vit Kopriva,R,178.0,CZE,26.5,6-1 6-4 2-6 4-6 6-2,5,R128,185.0,12.0,5.0,116.0,70.0,52.0,23.0,22.0,2.0,8.0,13.0,11.0,150.0,85.0,61.0,20.0,21.0,10.0,18.0,26.0,1480.0,132.0,498.0,2024
2024-580,Australian Open,Hard,128,G,2024-01-15,114,111442,,,Jordan Thompson,R,183.0,AUS,29.7,126846,,,Aleksandar Vukic,R,188.0,AUS,27.7,3-6 7-6(3) 6-2 3-6 6-4,5,R128,248.0,18.0,3.0,151.0,91.0,70.0,32.0,24.0,12.0,15.0,14.0,2.0,158.0,93.0,66.0,39.0,24.0,8.0,12.0,47.0,982.0,64.0,835.0,2024
2024-580,Australian Open,Hard,128,G,2024-01-15,112,207518,25.0,,Lorenzo Musetti,R,185.0,ITA,21.8,126127,,,Benjamin Bonzi,R,183.0,FRA,27.6,7-6(3) 7-6(4) 4-6 6-2,5,R128,214.0,7.0,4.0,149.0,89.0,62.0,31.0,21.0,3.0,7.0,6.0,4.0,127.0,79.0,56.0,26.0,21.0,5.0,10.0,28.0,1440.0,106.0,588.0,2024
2024-580,Australian Open,Hard,128,G,2024-01-15,111,202103,22.0,,Francisco Cerundolo,R,185.0,ARG,25.4,208013,,Q,Dane Sweeny,R,170.0,AUS,22.9,3-6 6-3 6-4 2-6 6-2,5,R128,203.0,9.0,3.0,137.0,91.0,64.0,27.0,22.0,6.0,10.0,1.0,7.0,135.0,78.0,50.0,34.0,22.0,8.0,13.0,21.0,1760.0,257.0,228.0,2024
2024-580,Australian Open,Hard,128,G,2024-01-15,110,206681,,,Fabian Marozsan,R,193.0,HUN,24.2,105227,,,Marin Cilic,R,198.0,CRO,35.2,6-1 2-6 6-2 7-5,5,R128,151.0,10.0,3.0,91.0,59.0,47.0,19.0,18.0,0.0,2.0,16.0,6.0,125.0,65.0,46.0,25.0,17.0,11.0,17.0,67.0,823.0,,,2024
2024-580,Australian Open,Hard,128,G,2024-01-15,109,200384,,LL,Hugo Gaston,L,173.0,FRA,23.3,106148,,,Roberto Carballes Baena,R,183.0,ESP,30.8,6-3 6-2 3-6 6-4,5,R128,174.0,8.0,3.0,108.0,68.0,44.0,28.0,18.0,6.0,8.0,8.0,3.0,133.0,83.0,55.0,21.0,18.0,11.0,16.0,97.0,626.0,63.0,846.0,2024
2024-580,Australian Open,Hard,128,G,2024-01-15,108,126203,12.0,,Taylor Fritz,R,196.0,USA,26.2,207680,,,Facundo Diaz Acosta,L,183.0,ARG,23.0,4-6 6-3 3-6 6-2 6-4,5,R128,243.0,8.0,1.0,150.0,98.0,65.0,27.0,23.0,12.0,17.0,4.0,7.0,157.0,99.0,65.0,25.0,23.0,9.0,16.0,12.0,2840.0,90.0,661.0,2024
2024-580,Australian Open,Hard,128,G,2024-01-15,107,210097,16.0,,Ben Shelton,L,193.0,USA,21.2,105138,,,Roberto Bautista Agut,R,183.0,ESP,35.7,6-2 7-6(2) 7-5,5,R128,166.0,14.0,2.0,103.0,70.0,55.0,13.0,16.0,9.0,11.0,1.0,2.0,114.0,87.0,50.0,13.0,16.0,1.0,6.0,16.0,2225.0,72.0,776.0,2024
2024-580,Australian Open,Hard,128,G,2024-01-15,106,106331,,,Christopher Oconnell,R,183.0,AUS,29.6,106426,,,Cristian Garin,R,185.0,CHI,27.6,3-6 7-5 4-6 6-1 7-5,5,R128,261.0,18.0,5.0,173.0,97.0,73.0,33.0,25.0,12.0,17.0,13.0,10.0,148.0,82.0,55.0,32.0,25.0,4.0,11.0,68.0,814.0,86.0,680.0,2024
2024-580,Australian Open,Hard,128,G,2024-01-15,105,144719,,,Jaume Munar,R,183.0,ESP,26.6,207686,,,Alexander Shevchenko,R,185.0,KAZ,23.1,6-3 6-3 6-1,5,R128,115.0,8.0,3.0,70.0,49.0,40.0,11.0,13.0,3.0,4.0,3.0,5.0,91.0,49.0,31.0,15.0,12.0,9.0,15.0,82.0,706.0,48.0,975.0,2024
2024-580,Australian Open,Hard,128,G,2024-01-15,104,105173,20.0,,Adrian Mannarino,L,180.0,FRA,35.5,104527,,,Stan Wawrinka,R,183.0,SUI,38.8,6-4 3-6 5-7 6-3 6-0,5,R128,216.0,13.0,6.0,131.0,76.0,62.0,27.0,23.0,6.0,10.0,14.0,0.0,138.0,70.0,52.0,30.0,23.0,6.0,13.0,19.0,1765.0,56.0,907.0,2024
2024-580,Australian Open,Hard,128,G,2024-01-15,103,144869,30.0,,Tomas Martin Etcheverry,R,196.0,ARG,24.4,104918,,,Andy Murray,R,191.0,GBR,36.6,6-4 6-2 6-2,5,R128,143.0,11.0,0.0,80.0,57.0,43.0,14.0,13.0,4.0,5.0,6.0,2.0,82.0,43.0,31.0,13.0,13.0,8.0,14.0,32.0,1375.0,44.0,1050.0,2024
2024-580,Australian Open,Hard,128,G,2024-01-15,102,104792,,,Gael Monfils,R,193.0,FRA,37.3,105870,,,Yannick Hanfmann,R,193.0,GER,32.1,6-4 6-3 7-5,5,R128,139.0,16.0,5.0,94.0,49.0,36.0,29.0,16.0,4.0,5.0,6.0,4.0,108.0,70.0,45.0,18.0,15.0,8.0,12.0,76.0,737.0,52.0,929.0,2024
2024-580,Australian Open,Hard,128,G,2024-01-15,101,200615,,,Alexei Popyrin,R,196.0,AUS,24.4,117360,,WC,Marc Polmans,R,188.0,AUS,26.7,6-3 7-6(3) 6-2,5,R128,148.0,20.0,3.0,87.0,63.0,51.0,15.0,15.0,3.0,3.0,11.0,5.0,113.0,77.0,51.0,15.0,14.0,7.0,11.0,43.0,1052.0,154.0,406.0,2024
2024-580,Australian Open,Hard,128,G,2024-01-15,100,104925,1.0,,Novak Djokovic,R,188.0,SRB,36.6,209976,,Q,Dino Prizmic,R,188.0,CRO,18.4,6-2 6-7(5) 6-3 6-4,5,R128,241.0,11.0,1.0,129.0,77.0,51.0,32.0,20.0,5.0,9.0,7.0,7.0,123.0,84.0,55.0,12.0,19.0,9.0,17.0,1.0,11055.0,187.0,321.0,2024
2024-580,Australian Open,Hard,128,G,2024-01-15,113,209414,,,Luca Van Assche,R,178.0,FRA,19.6,105902,,WC,James Duckworth,R,183.0,AUS,31.9,6-7(2) 6-3 3-6 6-3 6-3,5,R128,212.0,11.0,6.0,134.0,67.0,59.0,39.0,24.0,0.0,2.0,21.0,3.0,157.0,95.0,73.0,29.0,24.0,8.0,13.0,79.0,715.0,95.0,628.0,2024
2024-580,Australian Open,Hard,128,G,2024-01-15,129,111460,,,Quentin Halys,R,191.0,FRA,27.2,144750,,Q,Lloyd Harris,R,193.0,RSA,26.8,4-6 7-6(5) 7-5 7-6(2),5,R128,187.0,21.0,5.0,152.0,99.0,78.0,29.0,23.0,12.0,14.0,15.0,2.0,135.0,95.0,72.0,21.0,23.0,5.0,7.0,110.0,575.0,167.0,371.0,2024
2024-580,Australian Open,Hard,128,G,2024-01-15,162,132283,,,Lorenzo Sonego,R,191.0,ITA,28.6,105554,,,Daniel Evans,R,175.0,GBR,33.6,4-6 7-6(8) 6-2 7-6(4),5,R128,223.0,23.0,1.0,133.0,88.0,72.0,24.0,21.0,5.0,6.0,3.0,6.0,141.0,79.0,59.0,34.0,21.0,8.0,10.0,46.0,1005.0,38.0,1121.0,2024
2024-580,Australian Open,Hard,128,G,2024-01-15,131,126094,5.0,,Andrey Rublev,R,188.0,RUS,26.2,205734,,,Thiago Seyboth Wild,R,185.0,BRA,23.8,7-5 6-4 3-6 4-6 7-6(6),5,R128,222.0,21.0,1.0,154.0,100.0,83.0,25.0,27.0,4.0,8.0,15.0,6.0,202.0,130.0,91.0,34.0,26.0,19.0,23.0,5.0,5010.0,77.0,718.0,2024
2024-580,Australian Open,Hard,128,G,2024-01-15,130,111153,,,Christopher Eubanks,R,201.0,USA,27.6,106121,,,Taro Daniel,R,191.0,JPN,30.9,6-4 6-2 6-3,5,R128,99.0,9.0,2.0,73.0,57.0,50.0,9.0,14.0,1.0,1.0,4.0,3.0,76.0,45.0,30.0,18.0,13.0,7.0,11.0,35.0,1215.0,58.0,893.0,2024
2024-580,Australian Open,Hard,128,G,2024-01-15,160,111576,,Q,Sumit Nagal,R,178.0,IND,26.4,122330,31.0,,Alexander Bublik,R,196.0,KAZ,26.5,6-4 6-2 7-6(5),5,R128,157.0,1.0,0.0,93.0,70.0,47.0,13.0,15.0,4.0,7.0,13.0,9.0,109.0,58.0,40.0,19.0,15.0,6.0,12.0,137.0,450.0,27.0,1459.0,2024
2024-580,Australian Open,Hard,128,G,2024-01-15,159,105526,24.0,,Jan Lennard Struff,R,193.0,GER,33.7,208014,,,Rinky Hijikata,R,178.0,AUS,22.8,3-6 6-3 6-2 6-7(2) 7-6(8),5,R128,230.0,25.0,4.0,177.0,107.0,82.0,33.0,25.0,11.0,14.0,24.0,6.0,164.0,95.0,73.0,31.0,25.0,8.0,13.0,25.0,1511.0,71.0,782.0,2024
2024-580,Australian Open,Hard,128,G,2024-01-15,158,200175,,,Miomir Kecmanovic,R,183.0,SRB,24.3,133297,,,Yosuke Watanuki,R,180.0,JPN,25.7,4-6 7-5 6-3 6-4,5,R128,157.0,8.0,1.0,123.0,83.0,62.0,24.0,21.0,3.0,5.0,11.0,4.0,114.0,73.0,57.0,17.0,20.0,2.0,6.0,60.0,890.0,102.0,610.0,2024
2024-580,Australian Open,Hard,128,G,2024-01-15,157,207733,,,Jack Draper,L,193.0,GBR,22.0,106218,,,Marcos Giron,R,180.0,USA,30.4,6-4 3-6 4-6 6-0 6-2,5,R128,200.0,17.0,5.0,134.0,73.0,52.0,29.0,22.0,5.0,10.0,13.0,4.0,127.0,77.0,49.0,21.0,21.0,8.0,17.0,55.0,911.0,66.0,825.0,2024
2024-580,Australian Open,Hard,128,G,2024-01-15,156,126205,14.0,,Tommy Paul,R,185.0,USA,26.6,106296,,,Gregoire Barrere,R,183.0,FRA,29.9,6-2 6-3 6-3,5,R128,94.0,9.0,2.0,70.0,43.0,37.0,18.0,13.0,4.0,4.0,6.0,2.0,73.0,47.0,30.0,11.0,13.0,2.0,7.0,14.0,2670.0,83.0,696.0,2024
2024-580,Australian Open,Hard,128,G,2024-01-15,155,134770,11.0,,Casper Ruud,R,183.0,NOR,25.0,105077,,,Albert Ramos,L,188.0,ESP,35.9,6-1 6-3 6-1,5,R128,126.0,11.0,5.0,76.0,41.0,34.0,20.0,12.0,4.0,4.0,2.0,2.0,83.0,50.0,27.0,11.0,11.0,6.0,12.0,11.0,2910.0,85.0,688.0,2024
2024-580,Australian Open,Hard,128,G,2024-01-15,154,126845,,,Max Purcell,R,185.0,AUS,25.7,200218,,Q,Mate Valkusz,R,183.0,HUN,25.4,3-6 7-6(2) 6-4 7-5,5,R128,172.0,17.0,3.0,136.0,81.0,61.0,30.0,22.0,6.0,10.0,9.0,11.0,135.0,89.0,66.0,21.0,21.0,8.0,13.0,45.0,1021.0,214.0,291.0,2024
2024-580,Australian Open,Hard,128,G,2024-01-15,153,206748,,Q,Giulio Zeppieri,L,183.0,ITA,22.1,105583,,,Dusan Lajovic,R,183.0,SRB,33.5,6-3 3-6 6-3 7-6(3),5,R128,146.0,15.0,6.0,114.0,60.0,50.0,36.0,20.0,6.0,8.0,2.0,1.0,112.0,80.0,58.0,17.0,19.0,5.0,8.0,133.0,487.0,51.0,939.0,2024
2024-580,Australian Open,Hard,128,G,2024-01-15,151,208103,32.0,,Jiri Lehecka,R,185.0,CZE,22.1,126523,,,Bernabe Zapata Miralles,R,183.0,ESP,27.0,6-3 6-2 6-3,5,R128,102.0,6.0,2.0,78.0,44.0,32.0,21.0,13.0,3.0,4.0,3.0,3.0,75.0,52.0,30.0,10.0,13.0,4.0,10.0,23.0,1555.0,78.0,715.0,2024
2024-580,Australian Open,Hard,128,G,2024-01-15,150,210506,,,Alex Michelsen,R,193.0,USA,19.3,210317,,WC,James Mccabe,R,188.0,AUS,20.5,7-6(5) 3-6 6-1 6-2,5,R128,175.0,8.0,4.0,118.0,80.0,56.0,23.0,18.0,8.0,11.0,13.0,3.0,113.0,70.0,48.0,17.0,18.0,2.0,8.0,91.0,656.0,269.0,214.0,2024
2024-580,Australian Open,Hard,128,G,2024-01-15,149,127760,,Q,Lukas Klein,R,193.0,SVK,25.8,126952,,,Soon Woo Kwon,R,180.0,KOR,26.1,7-6(0) 4-6 7-6(3) 6-3,5,R128,190.0,16.0,6.0,135.0,94.0,69.0,21.0,22.0,6.0,10.0,6.0,10.0,149.0,80.0,57.0,36.0,21.0,6.0,10.0,163.0,391.0,697.0,40.0,2024
2024-580,Australian Open,Hard,128,G,2024-01-15,148,100644,6.0,,Alexander Zverev,R,198.0,GER,26.7,136440,,,Dominik Koepfer,L,180.0,GER,29.7,4-6 6-3 7-6(3) 6-3,5,R128,192.0,19.0,2.0,131.0,94.0,73.0,22.0,20.0,8.0,9.0,8.0,1.0,131.0,91.0,59.0,27.0,20.0,6.0,8.0,6.0,4275.0,62.0,858.0,2024
2024-580,Australian Open,Hard,128,G,2024-01-15,147,106421,3.0,,Daniil Medvedev,R,198.0,RUS,27.9,209279,,Q,Terence Atmane,L,193.0,FRA,22.0,5-7 6-2 6-4 1-0 RET,5,R128,157.0,9.0,4.0,90.0,54.0,39.0,21.0,16.0,5.0,8.0,12.0,7.0,121.0,69.0,50.0,19.0,15.0,13.0,19.0,3.0,7555.0,144.0,429.0,2024
2024-580,Australian Open,Hard,128,G,2024-01-15,152,111815,19.0,,Cameron Norrie,L,188.0,GBR,28.3,122669,,,Juan Pablo Varillas,R,185.0,PER,28.2,6-4 6-4 6-2,5,R128,135.0,6.0,3.0,81.0,44.0,36.0,21.0,14.0,3.0,4.0,2.0,4.0,92.0,44.0,24.0,26.0,14.0,8.0,13.0,22.0,1710.0,81.0,709.0,2024
2024-580,Australian Open,Hard,128,G,2024-01-15,145,126409,,Q,Hugo Grenier,R,196.0,FRA,27.8,124186,,,Alexandre Muller,R,183.0,FRA,26.9,2-6 7-6(3) 4-6 6-4 7-6(7),5,R128,259.0,31.0,10.0,167.0,112.0,84.0,22.0,26.0,7.0,13.0,12.0,5.0,180.0,126.0,84.0,31.0,26.0,7.0,11.0,178.0,340.0,73.0,774.0,2024
2024-580,Australian Open,Hard,128,G,2024-01-15,132,208029,8.0,,Holger Rune,R,188.0,DEN,20.7,106415,,,Yoshihito Nishioka,L,170.0,JPN,28.3,6-2 4-6 7-6(3) 6-4,5,R128,205.0,17.0,5.0,135.0,86.0,66.0,29.0,20.0,6.0,7.0,4.0,4.0,135.0,83.0,57.0,26.0,20.0,8.0,11.0,8.0,3815.0,61.0,865.0,2024
2024-580,Australian Open,Hard,128,G,2024-01-15,146,200325,,,Emil Ruusuvuori,R,188.0,FIN,24.7,200516,,WC,Patrick Kypson,R,188.0,USA,24.2,4-6 6-3 6-4 7-6(4),5,R128,181.0,19.0,5.0,123.0,77.0,66.0,27.0,21.0,4.0,5.0,17.0,1.0,129.0,81.0,59.0,25.0,20.0,4.0,6.0,53.0,921.0,183.0,330.0,2024
2024-580,Australian Open,Hard,128,G,2024-01-15,134,209950,,,Arthur Fils,R,185.0,FRA,19.5,106210,,,Jiri Vesely,L,198.0,CZE,30.5,4-6 7-5 6-2 6-3,5,R128,163.0,18.0,4.0,99.0,65.0,55.0,23.0,20.0,1.0,2.0,3.0,8.0,129.0,88.0,59.0,19.0,19.0,8.0,12.0,34.0,1233.0,293.0,188.0,2024
2024-580,Australian Open,Hard,128,G,2024-01-15,135,134868,28.0,,Tallon Griekspoor,R,188.0,NED,27.5,126128,,,Roman Safiullin,R,185.0,RUS,26.4,2-6 3-6 7-6(3) 6-4 7-5,5,R128,230.0,15.0,5.0,162.0,95.0,68.0,38.0,26.0,10.0,14.0,16.0,3.0,143.0,88.0,67.0,35.0,25.0,4.0,7.0,31.0,1410.0,36.0,1190.0,2024
2024-580,Australian Open,Hard,128,G,2024-01-15,136,200005,21.0,,Ugo Humbert,L,188.0,FRA,25.5,105676,,Q,David Goffin,R,180.0,BEL,33.1,6-2 7-5 5-7 6-3,5,R128,176.0,9.0,1.0,120.0,72.0,55.0,30.0,21.0,7.0,9.0,9.0,3.0,130.0,77.0,55.0,26.0,20.0,12.0,17.0,20.0,1765.0,112.0,570.0,2024
2024-580,Australian Open,Hard,128,G,2024-01-15,137,111190,,,Zhizhen Zhang,R,193.0,CHN,27.2,105948,,,Federico Coria,R,180.0,ARG,31.8,6-4 7-6(3) 7-6(5),5,R128,153.0,13.0,2.0,112.0,67.0,47.0,26.0,17.0,1.0,4.0,14.0,7.0,114.0,64.0,52.0,22.0,17.0,7.0,11.0,54.0,911.0,84.0,694.0,2024
2024-580,Australian Open,Hard,128,G,2024-01-15,138,210150,,Q,Jakub Mensik,R,193.0,CZE,18.3,133430,,,Denis Shapovalov,L,185.0,CAN,24.7,6-3 7-5 7-5,5,R128,139.0,12.0,4.0,95.0,57.0,47.0,26.0,17.0,9.0,9.0,12.0,7.0,106.0,60.0,46.0,19.0,16.0,7.0,10.0,142.0,433.0,114.0,560.0,2024
2024-580,Australian Open,Hard,128,G,2024-01-15,133,209070,,WC,Arthur Cazaux,R,183.0,FRA,21.3,111513,,,Laslo Djere,R,188.0,SRB,28.6,6-2 6-7(3) 6-2 3-6 6-2,5,R128,206.0,11.0,3.0,119.0,78.0,66.0,21.0,23.0,3.0,5.0,5.0,7.0,160.0,100.0,64.0,29.0,22.0,11.0,18.0,122.0,529.0,33.0,1250.0,2024
2024-580,Australian Open,Hard,128,G,2024-01-15,140,105777,13.0,,Grigor Dimitrov,R,191.0,BUL,32.6,105916,,,Marton Fucsovics,R,188.0,HUN,31.9,4-6 6-3 7-6(1) 6-2,5,R128,207.0,8.0,8.0,119.0,77.0,64.0,16.0,20.0,5.0,8.0,5.0,6.0,146.0,80.0,51.0,35.0,19.0,16.0,21.0,13.0,2775.0,70.0,782.0,2024
2024-580,Australian Open,Hard,128,G,2024-01-15,141,106423,,,Thanasi Kokkinakis,R,193.0,AUS,27.7,124116,,,Sebastian Ofner,R,191.0,AUT,27.6,7-6(1) 2-6 6-7(4) 6-1 7-6(8),5,R128,258.0,26.0,3.0,165.0,114.0,87.0,31.0,26.0,2.0,4.0,15.0,3.0,160.0,97.0,78.0,33.0,25.0,5.0,7.0,80.0,711.0,37.0,1141.0,2024
2024-580,Australian Open,Hard,128,G,2024-01-15,142,132686,,,Nuno Borges,R,185.0,POR,26.9,109739,,,Maximilian Marterer,L,188.0,GER,28.5,7-5 7-6(3) 6-2,5,R128,149.0,18.0,0.0,99.0,64.0,54.0,18.0,16.0,7.0,8.0,11.0,4.0,118.0,79.0,51.0,17.0,16.0,10.0,14.0,69.0,814.0,96.0,626.0,2024
2024-580,Australian Open,Hard,128,G,2024-01-15,143,200221,23.0,,Alejandro Davidovich Fokina,R,183.0,ESP,24.6,106005,,,Constant Lestienne,R,180.0,FRA,31.6,6-4 6-4 7-6(5),5,R128,166.0,11.0,2.0,116.0,84.0,57.0,18.0,16.0,5.0,7.0,7.0,4.0,115.0,71.0,46.0,23.0,16.0,8.0,12.0,24.0,1530.0,99.0,619.0,2024
2024-580,Australian Open,Hard,128,G,2024-01-15,144,200000,27.0,,Felix Auger Aliassime,R,193.0,CAN,23.4,106233,,,Dominic Thiem,R,185.0,AUT,30.3,6-3 7-5 6-7(5) 5-7 6-3,5,R128,299.0,16.0,10.0,166.0,97.0,75.0,40.0,27.0,5.0,8.0,15.0,8.0,180.0,121.0,85.0,28.0,27.0,8.0,13.0,30.0,1425.0,92.0,654.0,2024
2024-580,Australian Open,Hard,128,G,2024-01-15,139,128034,9.0,,Hubert Hurkacz,R,196.0,POL,26.9,117357,,Q,Omar Jasika,L,183.0,AUS,26.6,7-6(4) 6-4 6-2,5,R128,131.0,24.0,1.0,92.0,56.0,48.0,20.0,15.0,1.0,1.0,3.0,0.0,98.0,65.0,40.0,21.0,15.0,4.0,7.0,9.0,3320.0,343.0,148.0,2024
2024-0375,Montpellier,Hard,32,A,2024-01-29,284,208010,,Q,Pablo Llamas Ruiz,R,188.0,ESP,21.2,104755,,,Richard Gasquet,R,183.0,FRA,37.6,7-6(6) 7-5,3,R32,114.0,7.0,1.0,78.0,52.0,39.0,15.0,12.0,3.0,5.0,4.0,2.0,72.0,43.0,31.0,17.0,12.0,1.0,4.0,156.0,404.0,130.0,500.0,2024
2024-0375,Montpellier,Hard,32,A,2024-01-29,283,111581,,,Michael Mmoh,R,188.0,USA,26.0,126127,,,Benjamin Bonzi,R,183.0,FRA,27.6,6-3 7-5,3,R32,94.0,10.0,0.0,69.0,55.0,41.0,8.0,11.0,2.0,2.0,6.0,2.0,57.0,30.0,24.0,15.0,10.0,1.0,3.0,133.0,497.0,126.0,508.0,2024
2024-0375,Montpellier,Hard,32,A,2024-01-29,282,124186,7.0,,Alexandre Muller,R,183.0,FRA,26.9,105938,,Q,Antoine Escoffier,R,185.0,FRA,31.9,7-6(4) 6-3,3,R32,98.0,0.0,4.0,68.0,51.0,35.0,5.0,10.0,3.0,6.0,8.0,7.0,73.0,45.0,26.0,12.0,11.0,2.0,7.0,71.0,768.0,172.0,354.0,2024
2024-0375,Montpellier,Hard,32,A,2024-01-29,280,124079,,,Pedro Martinez,R,185.0,ESP,26.7,144719,,,Jaume Munar,R,183.0,ESP,26.7,6-4 7-6(3),3,R32,137.0,2.0,2.0,94.0,57.0,37.0,18.0,11.0,2.0,5.0,2.0,3.0,73.0,46.0,34.0,6.0,11.0,3.0,7.0,99.0,616.0,75.0,746.0,2024
2024-0375,Montpellier,Hard,32,A,2024-01-29,279,106005,,,Constant Lestienne,R,180.0,FRA,31.6,126523,,,Bernabe Zapata Miralles,R,183.0,ESP,27.0,4-6 6-4 6-2,3,R32,130.0,5.0,1.0,77.0,56.0,39.0,13.0,14.0,3.0,6.0,0.0,3.0,88.0,56.0,34.0,16.0,14.0,3.0,8.0,106.0,584.0,80.0,715.0,2024
2024-0375,Montpellier,Hard,32,A,2024-01-29,276,208004,,WC,Harold Mayot,R,180.0,FRA,21.9,106298,,WC,Lucas Pouille,R,185.0,FRA,29.9,6-4 7-5,3,R32,118.0,9.0,7.0,106.0,66.0,46.0,13.0,11.0,14.0,17.0,4.0,3.0,68.0,33.0,22.0,14.0,11.0,0.0,5.0,144.0,449.0,315.0,172.0,2024
2024-0375,Montpellier,Hard,32,A,2024-01-29,277,105332,,,Benoit Paire,R,196.0,FRA,34.7,104918,5.0,,Andy Murray,R,191.0,GBR,36.7,2-6 7-6(5) 6-3,3,R32,159.0,8.0,4.0,107.0,63.0,49.0,14.0,15.0,4.0,8.0,13.0,2.0,99.0,62.0,45.0,15.0,14.0,4.0,7.0,112.0,551.0,49.0,970.0,2024
2024-0375,Montpellier,Hard,32,A,2024-01-29,275,209070,,,Arthur Cazaux,R,183.0,FRA,21.4,109739,,,Maximilian Marterer,L,188.0,GER,28.6,6-1 6-3,3,R32,83.0,11.0,2.0,57.0,27.0,23.0,17.0,8.0,3.0,3.0,2.0,1.0,45.0,30.0,18.0,5.0,8.0,3.0,7.0,83.0,696.0,92.0,636.0,2024
2024-0375,Montpellier,Hard,32,A,2024-01-29,272,106296,,,Gregoire Barrere,R,183.0,FRA,29.9,200259,,Q,Ugo Blanchet,R,175.0,FRA,25.0,6-7(7) 6-4 6-2,3,R32,123.0,10.0,1.0,92.0,68.0,51.0,15.0,15.0,7.0,8.0,6.0,7.0,98.0,55.0,40.0,21.0,15.0,4.0,8.0,104.0,591.0,214.0,287.0,2024
2024-0375,Montpellier,Hard,32,A,2024-01-29,271,133430,,,Denis Shapovalov,L,185.0,CAN,24.7,200384,,,Hugo Gaston,L,173.0,FRA,23.3,6-1 6-3,3,R32,66.0,11.0,3.0,46.0,25.0,23.0,12.0,8.0,3.0,3.0,0.0,5.0,59.0,35.0,19.0,10.0,8.0,6.0,10.0,137.0,480.0,88.0,684.0,2024
2024-0375,Montpellier,Hard,32,A,2024-01-29,286,122330,2.0,,Alexander Bublik,R,196.0,KAZ,26.6,133430,,,Denis Shapovalov,L,185.0,CAN,24.7,1-6 7-6(12) 6-3,3,R16,145.0,10.0,9.0,100.0,52.0,41.0,28.0,15.0,3.0,6.0,16.0,6.0,107.0,60.0,45.0,24.0,13.0,5.0,6.0,27.0,1459.0,137.0,480.0,2024
2024-0375,Montpellier,Hard,32,A,2024-01-29,278,207925,,,Flavio Cobolli,R,183.0,ITA,21.7,104792,8.0,,Gael Monfils,R,193.0,FRA,37.4,6-7(8) 6-3 6-0,3,R32,160.0,1.0,5.0,97.0,53.0,38.0,22.0,14.0,7.0,10.0,6.0,7.0,103.0,52.0,32.0,22.0,13.0,9.0,16.0,76.0,738.0,70.0,787.0,2024
2024-0375,Montpellier,Hard,32,A,2024-01-29,287,207686,6.0,,Alexander Shevchenko,R,185.0,KAZ,23.1,106296,,,Gregoire Barrere,R,183.0,FRA,29.9,7-6(3) 2-6 6-3,3,R16,119.0,7.0,4.0,95.0,57.0,44.0,21.0,15.0,3.0,5.0,5.0,1.0,91.0,53.0,41.0,21.0,14.0,6.0,7.0,59.0,885.0,104.0,591.0,2024
2024-0375,Montpellier,Hard,32,A,2024-01-29,273,207686,6.0,,Alexander Shevchenko,R,185.0,KAZ,23.1,207494,,Q,Dalibor Svrcina,R,178.0,CZE,21.3,6-4 4-6 6-4,3,R32,170.0,8.0,4.0,116.0,60.0,38.0,24.0,15.0,8.0,14.0,0.0,7.0,131.0,99.0,55.0,12.0,15.0,15.0,22.0,59.0,885.0,194.0,315.0,2024
2024-0375,Montpellier,Hard,32,A,2024-01-29,289,208004,,WC,Harold Mayot,R,180.0,FRA,21.9,105332,,,Benoit Paire,R,196.0,FRA,34.7,6-1 6-4,3,R16,70.0,4.0,3.0,63.0,45.0,32.0,10.0,9.0,1.0,1.0,6.0,2.0,46.0,28.0,19.0,7.0,8.0,0.0,3.0,144.0,449.0,112.0,551.0,2024
2024-0375,Montpellier,Hard,32,A,2024-01-29,288,200000,3.0,,Felix Auger Aliassime,R,193.0,CAN,23.4,209070,,,Arthur Cazaux,R,183.0,FRA,21.4,7-5 2-6 7-6(4),3,R16,168.0,6.0,7.0,90.0,53.0,39.0,16.0,16.0,1.0,6.0,12.0,2.0,101.0,57.0,42.0,18.0,16.0,6.0,10.0,30.0,1345.0,83.0,696.0,2024
2024-0375,Montpellier,Hard,32,A,2024-01-29,300,122330,2.0,,Alexander Bublik,R,196.0,KAZ,26.6,106432,4.0,,Borna Coric,R,188.0,CRO,27.2,5-7 6-2 6-3,3,F,138.0,19.0,6.0,90.0,55.0,44.0,15.0,15.0,5.0,7.0,5.0,1.0,84.0,55.0,32.0,17.0,14.0,5.0,9.0,27.0,1459.0,37.0,1154.0,2024
2024-0375,Montpellier,Hard,32,A,2024-01-29,299,106432,4.0,,Borna Coric,R,188.0,CRO,27.2,208029,1.0,,Holger Rune,R,188.0,DEN,20.7,6-3 4-1 RET,3,SF,57.0,0.0,0.0,35.0,29.0,23.0,4.0,7.0,1.0,2.0,2.0,3.0,44.0,24.0,12.0,9.0,7.0,6.0,10.0,37.0,1154.0,7.0,3685.0,2024
2024-0375,Montpellier,Hard,32,A,2024-01-29,298,122330,2.0,,Alexander Bublik,R,196.0,KAZ,26.6,200000,3.0,,Felix Auger Aliassime,R,193.0,CAN,23.4,4-6 6-4 6-4,3,SF,157.0,14.0,4.0,99.0,62.0,46.0,18.0,15.0,2.0,4.0,9.0,6.0,104.0,65.0,46.0,17.0,15.0,6.0,9.0,27.0,1459.0,30.0,1345.0,2024
2024-0375,Montpellier,Hard,32,A,2024-01-29,297,208029,1.0,,Holger Rune,R,188.0,DEN,20.7,111581,,,Michael Mmoh,R,188.0,USA,26.0,7-6(6) 6-4,3,QF,122.0,17.0,1.0,72.0,44.0,33.0,19.0,11.0,3.0,4.0,8.0,7.0,88.0,61.0,42.0,11.0,11.0,7.0,9.0,7.0,3685.0,133.0,497.0,2024
2024-0375,Montpellier,Hard,32,A,2024-01-29,296,106432,4.0,,Borna Coric,R,188.0,CRO,27.2,207925,,,Flavio Cobolli,R,183.0,ITA,21.7,6-3 6-4,3,QF,95.0,3.0,0.0,63.0,42.0,30.0,16.0,10.0,3.0,3.0,3.0,2.0,63.0,43.0,26.0,11.0,9.0,7.0,9.0,37.0,1154.0,76.0,738.0,2024
2024-0375,Montpellier,Hard,32,A,2024-01-29,292,111581,,,Michael Mmoh,R,188.0,USA,26.0,124186,7.0,,Alexandre Muller,R,183.0,FRA,26.9,6-4 6-4,3,R16,95.0,4.0,2.0,59.0,35.0,25.0,14.0,10.0,1.0,3.0,0.0,2.0,52.0,30.0,20.0,8.0,10.0,0.0,4.0,133.0,497.0,71.0,768.0,2024
2024-0375,Montpellier,Hard,32,A,2024-01-29,294,122330,2.0,,Alexander Bublik,R,196.0,KAZ,26.6,207686,6.0,,Alexander Shevchenko,R,185.0,KAZ,23.1,4-6 6-3 6-4,3,QF,126.0,15.0,8.0,93.0,54.0,39.0,18.0,15.0,5.0,8.0,3.0,4.0,100.0,50.0,30.0,24.0,14.0,5.0,9.0,27.0,1459.0,59.0,885.0,2024
2024-0375,Montpellier,Hard,32,A,2024-01-29,293,208029,1.0,,Holger Rune,R,188.0,DEN,20.7,208010,,Q,Pablo Llamas Ruiz,R,188.0,ESP,21.2,7-5 6-2,3,R16,86.0,6.0,3.0,59.0,38.0,28.0,12.0,10.0,1.0,2.0,1.0,0.0,69.0,48.0,30.0,9.0,10.0,9.0,13.0,7.0,3685.0,156.0,404.0,2024
2024-0375,Montpellier,Hard,32,A,2024-01-29,291,106432,4.0,,Borna Coric,R,188.0,CRO,27.2,124079,,,Pedro Martinez,R,185.0,ESP,26.7,6-4 6-0,3,R16,94.0,8.0,0.0,61.0,35.0,27.0,14.0,8.0,4.0,4.0,4.0,5.0,53.0,30.0,16.0,12.0,8.0,3.0,7.0,37.0,1154.0,99.0,616.0,2024
2024-0375,Montpellier,Hard,32,A,2024-01-29,290,207925,,,Flavio Cobolli,R,183.0,ITA,21.7,106005,,,Constant Lestienne,R,180.0,FRA,31.6,6-4 6-1,3,R16,80.0,3.0,1.0,42.0,23.0,16.0,13.0,8.0,2.0,3.0,6.0,2.0,67.0,36.0,21.0,12.0,9.0,3.0,8.0,76.0,738.0,106.0,584.0,2024
2024-0375,Montpellier,Hard,32,A,2024-01-29,295,200000,3.0,,Felix Auger Aliassime,R,193.0,CAN,23.4,208004,,WC,Harold Mayot,R,180.0,FRA,21.9,7-5 6-1,3,QF,79.0,10.0,2.0,54.0,39.0,27.0,8.0,10.0,0.0,2.0,2.0,4.0,50.0,28.0,17.0,8.0,9.0,1.0,6.0,30.0,1345.0,144.0,449.0,2024
2024-M-DC-2024-QLS-M-UKR-USA-01,Davis Cup QLS R1: UKR vs USA,Hard,4,D,2024-02-01,4,126203,,,Taylor Fritz,R,196.0,USA,26.2,200550,,,Vladyslav Orlov,R,188.0,UKR,28.7,6-3 6-4,3,RR,75.0,9.0,4.0,60.0,32.0,28.0,14.0,10.0,3.0,4.0,3.0,3.0,55.0,26.0,16.0,15.0,9.0,0.0,3.0,9.0,3195.0,598.0,58.0,2024
2024-M-DC-2024-QLS-M-UKR-USA-01,Davis Cup QLS R1: UKR vs USA,Hard,4,D,2024-02-01,2,111153,,,Christopher Eubanks,R,201.0,USA,27.7,209907,,,Viacheslav Bielinskyi,R,71.0,UKR,20.1,6-3 6-2,3,RR,78.0,7.0,2.0,61.0,46.0,31.0,9.0,9.0,6.0,7.0,1.0,4.0,59.0,32.0,20.0,11.0,8.0,7.0,11.0,32.0,1220.0,498.0,81.0,2024
2024-M-DC-2024-QLS-M-UKR-USA-01,Davis Cup QLS R1: UKR vs USA,Hard,4,D,2024-02-01,1,200624,,,Sebastian Korda,R,196.0,USA,23.5,208071,,,Oleksii Krutykh,R,185.0,UKR,23.8,6-3 6-7(3) 6-4,3,RR,132.0,16.0,3.0,88.0,51.0,40.0,17.0,16.0,1.0,3.0,4.0,4.0,114.0,65.0,40.0,24.0,15.0,5.0,10.0,33.0,1220.0,342.0,149.0,2024
2024-M-DC-2024-WG1-PO-COL-LUX-01,Davis Cup WG1 PO: COL vs LUX,Clay,4,D,2024-02-02,2,200270,,,Alex Knaff,R,193.0,LUX,26.1,202075,,,Adria Soriano Barrera,R,191.0,COL,24.6,6-4 2-6 6-4,3,RR,125.0,2.0,5.0,81.0,46.0,31.0,21.0,14.0,3.0,6.0,11.0,6.0,87.0,49.0,38.0,20.0,14.0,6.0,9.0,500.0,80.0,593.0,59.0,2024
2024-M-DC-2024-WG1-PO-COL-LUX-01,Davis Cup WG1 PO: COL vs LUX,Clay,4,D,2024-02-02,1,208210,,,Chris Rodesch,R,198.0,LUX,22.5,200711,,,Nicolas Mejia,R,183.0,COL,23.9,7-6(3) 6-3,3,RR,110.0,9.0,2.0,71.0,55.0,39.0,9.0,11.0,1.0,2.0,1.0,2.0,70.0,51.0,32.0,12.0,10.0,3.0,6.0,648.0,50.0,411.0,111.0,2024
2024-M-DC-2024-QLS-M-SWE-BRA-01,Davis Cup QLS R1: SWE vs BRA,Hard,4,D,2024-02-02,4,106329,,,Thiago Monteiro,L,183.0,BRA,29.6,111200,,,Elias Ymer,R,185.0,SWE,27.8,4-6 6-4 6-2,3,RR,142.0,5.0,2.0,89.0,53.0,38.0,21.0,14.0,4.0,7.0,9.0,9.0,88.0,49.0,36.0,14.0,14.0,3.0,8.0,119.0,535.0,160.0,399.0,2024
2024-M-DC-2024-QLS-M-SWE-BRA-01,Davis Cup QLS R1: SWE vs BRA,Hard,4,D,2024-02-02,2,111200,,,Elias Ymer,R,185.0,SWE,27.8,208361,,,Gustavo Heide,R,191.0,BRA,21.9,4-6 6-1 6-3,3,RR,107.0,10.0,2.0,64.0,34.0,32.0,19.0,13.0,0.0,1.0,5.0,4.0,89.0,49.0,33.0,20.0,13.0,8.0,12.0,160.0,399.0,241.0,249.0,2024
2024-M-DC-2024-QLS-M-SWE-BRA-01,Davis Cup QLS R1: SWE vs BRA,Hard,4,D,2024-02-02,1,106329,,,Thiago Monteiro,L,183.0,BRA,29.6,200418,,,Karl Friberg,R,191.0,SWE,24.8,6-3 7-6(5),3,RR,110.0,9.0,3.0,78.0,51.0,37.0,17.0,11.0,7.0,8.0,7.0,2.0,65.0,36.0,24.0,16.0,10.0,3.0,5.0,119.0,535.0,364.0,134.0,2024
2024-M-DC-2024-QLS-M-SRB-SVK-01,Davis Cup QLS R1: SRB vs SVK,Clay,4,D,2024-02-02,4,209931,,,Lukas Pokorny,R,191.0,SVK,21.9,111513,,,Laslo Djere,R,188.0,SRB,28.6,4-3 RET,3,RR,24.0,3.0,0.0,25.0,14.0,10.0,5.0,4.0,2.0,3.0,0.0,1.0,17.0,11.0,6.0,4.0,3.0,0.0,1.0,589.0,60.0,34.0,1215.0,2024
2024-M-DC-2024-QLS-M-SRB-SVK-01,Davis Cup QLS R1: SRB vs SVK,Clay,4,D,2024-02-02,2,144684,,,Alex Molcan,L,178.0,SVK,26.1,105583,,,Dusan Lajovic,R,183.0,SRB,33.5,4-6 6-2 6-0,3,RR,115.0,2.0,2.0,74.0,48.0,36.0,8.0,12.0,2.0,5.0,5.0,0.0,74.0,56.0,30.0,4.0,12.0,2.0,9.0,122.0,518.0,53.0,939.0,2024
2024-M-DC-2024-QLS-M-SRB-SVK-01,Davis Cup QLS R1: SRB vs SVK,Clay,4,D,2024-02-02,1,127760,,,Lukas Klein,R,193.0,SVK,25.8,200175,,,Miomir Kecmanovic,R,183.0,SRB,24.4,7-6(2) 6-2,3,RR,89.0,13.0,0.0,66.0,48.0,35.0,9.0,10.0,3.0,5.0,0.0,1.0,65.0,42.0,25.0,10.0,10.0,3.0,7.0,142.0,464.0,41.0,1080.0,2024
2024-M-DC-2024-QLS-M-NED-SUI-01,Davis Cup QLS R1: NED vs SUI,Hard,4,D,2024-02-02,4,134868,,,Tallon Griekspoor,R,188.0,NED,27.5,209857,,,Leandro Riedi,R,191.0,SUI,22.0,7-6(6) 7-6(3),3,RR,103.0,7.0,2.0,70.0,47.0,43.0,17.0,12.0,0.0,0.0,8.0,3.0,79.0,51.0,42.0,17.0,12.0,0.0,0.0,29.0,1420.0,175.0,352.0,2024
2024-M-DC-2024-QLS-M-NED-SUI-01,Davis Cup QLS R1: NED vs SUI,Hard,4,D,2024-02-02,2,209857,,,Leandro Riedi,R,191.0,SUI,22.0,122298,,,Botic Van De Zandschulp,R,191.0,NED,28.3,6-4 7-6(3),3,RR,101.0,2.0,1.0,71.0,50.0,35.0,11.0,11.0,4.0,6.0,8.0,3.0,65.0,35.0,25.0,16.0,11.0,2.0,5.0,175.0,352.0,63.0,855.0,2024
2024-M-DC-2024-QLS-M-NED-SUI-01,Davis Cup QLS R1: NED vs SUI,Hard,4,D,2024-02-02,1,134868,,,Tallon Griekspoor,R,188.0,NED,27.5,144817,,,Marc Andrea Huesler,L,196.0,SUI,27.5,7-6(3) 7-6(3),3,RR,110.0,12.0,2.0,76.0,52.0,44.0,12.0,12.0,2.0,3.0,10.0,0.0,77.0,49.0,38.0,14.0,12.0,1.0,2.0,29.0,1420.0,199.0,311.0,2024
2024-M-DC-2024-QLS-M-HUN-GER-01,Davis Cup QLS R1: HUN vs GER,Hard,4,D,2024-02-02,5,200436,,,Zsombor Piros,R,180.0,HUN,24.2,105906,,,Kevin Krawietz,R,188.0,GER,32.0,7-6(2) 6-3,3,RR,77.0,7.0,1.0,70.0,42.0,30.0,16.0,11.0,4.0,6.0,0.0,1.0,71.0,49.0,27.0,12.0,10.0,8.0,11.0,129.0,505.0,,,2024
2024-M-DC-2024-QLS-M-HUN-GER-01,Davis Cup QLS R1: HUN vs GER,Hard,4,D,2024-02-02,4,105526,,,Jan Lennard Struff,R,193.0,GER,33.7,200218,,,Mate Valkusz,R,183.0,HUN,25.4,6-3 6-2,3,RR,59.0,10.0,2.0,50.0,28.0,22.0,14.0,9.0,1.0,2.0,4.0,3.0,48.0,32.0,18.0,6.0,8.0,2.0,6.0,24.0,1526.0,213.0,290.0,2024
2024-M-DC-2024-QLS-M-HUN-GER-01,Davis Cup QLS R1: HUN vs GER,Hard,4,D,2024-02-02,2,105916,,,Marton Fucsovics,R,188.0,HUN,31.9,105526,,,Jan Lennard Struff,R,193.0,GER,33.7,6-3 7-5,3,RR,99.0,10.0,0.0,79.0,51.0,36.0,18.0,11.0,11.0,11.0,3.0,4.0,64.0,30.0,26.0,15.0,10.0,5.0,7.0,82.0,702.0,24.0,1526.0,2024
2024-M-DC-2024-QLS-M-HUN-GER-01,Davis Cup QLS R1: HUN vs GER,Hard,4,D,2024-02-02,1,136440,,,Dominik Koepfer,L,180.0,GER,29.7,206681,,,Fabian Marozsan,R,193.0,HUN,24.3,6-2 7-6(4),3,RR,91.0,7.0,2.0,68.0,47.0,37.0,12.0,10.0,4.0,4.0,2.0,0.0,75.0,57.0,38.0,8.0,10.0,7.0,9.0,60.0,868.0,57.0,896.0,2024
2024-M-DC-2024-QLS-M-FIN-POR-01,Davis Cup QLS R1: FIN vs POR,Hard,4,D,2024-02-02,4,210012,,,Henrique Rocha,R,180.0,POR,19.8,144814,,,Eero Vasa,R,185.0,FIN,26.9,6-4 7-5,3,RR,87.0,3.0,3.0,62.0,35.0,24.0,17.0,11.0,1.0,3.0,4.0,1.0,77.0,55.0,33.0,9.0,11.0,4.0,8.0,243.0,247.0,1005.0,12.0,2024
2024-M-DC-2024-QLS-M-FIN-POR-01,Davis Cup QLS R1: FIN vs POR,Hard,4,D,2024-02-02,2,200325,,,Emil Ruusuvuori,R,188.0,FIN,24.8,105311,,,Joao Sousa,R,185.0,POR,34.8,6-2 6-3,3,RR,68.0,4.0,0.0,42.0,21.0,17.0,15.0,9.0,0.0,1.0,1.0,1.0,52.0,39.0,22.0,4.0,8.0,3.0,7.0,55.0,926.0,245.0,245.0,2024
2024-M-DC-2024-QLS-M-FIN-POR-01,Davis Cup QLS R1: FIN vs POR,Hard,4,D,2024-02-02,1,202261,,,Otto Virtanen,R,193.0,FIN,22.6,132686,,,Nuno Borges,R,185.0,POR,26.9,6-2 6-1,3,RR,60.0,10.0,3.0,53.0,33.0,26.0,9.0,8.0,5.0,5.0,1.0,1.0,43.0,31.0,18.0,3.0,7.0,4.0,9.0,166.0,370.0,47.0,1004.0,2024
2024-M-DC-2024-QLS-M-CAN-KOR-01,Davis Cup QLS R1: CAN vs KOR,Hard,4,D,2024-02-02,4,209113,,,Gabriel Diallo,R,203.0,CAN,22.3,111805,,,Seong Chan Hong,R,175.0,KOR,26.5,7-5 4-6 6-1,3,RR,153.0,9.0,1.0,83.0,62.0,47.0,12.0,15.0,2.0,4.0,1.0,1.0,106.0,71.0,41.0,19.0,14.0,8.0,12.0,132.0,498.0,224.0,273.0,2024
2024-M-DC-2024-QLS-M-CAN-KOR-01,Davis Cup QLS R1: CAN vs KOR,Hard,4,D,2024-02-02,2,105577,,,Vasek Pospisil,R,193.0,CAN,33.6,111805,,,Seong Chan Hong,R,175.0,KOR,26.5,6-4 6-3,3,RR,108.0,6.0,5.0,67.0,40.0,30.0,11.0,10.0,3.0,5.0,2.0,2.0,67.0,44.0,25.0,10.0,9.0,6.0,10.0,486.0,84.0,224.0,273.0,2024
2024-M-DC-2024-QLS-M-NED-SUI-01,Davis Cup QLS R1: NED vs SUI,Hard,4,D,2024-02-02,5,122298,,,Botic Van De Zandschulp,R,191.0,NED,28.3,144817,,,Marc Andrea Huesler,L,196.0,SUI,27.5,5-7 7-6(5) 6-3,3,RR,149.0,10.0,1.0,92.0,72.0,52.0,13.0,17.0,1.0,4.0,10.0,1.0,103.0,64.0,47.0,19.0,16.0,6.0,9.0,63.0,855.0,199.0,311.0,2024
2024-M-DC-2024-WG1-PO-COL-LUX-01,Davis Cup WG1 PO: COL vs LUX,Clay,4,D,2024-02-02,4,200711,,,Nicolas Mejia,R,183.0,COL,23.9,200270,,,Alex Knaff,R,193.0,LUX,26.1,6-2 6-3,3,RR,82.0,4.0,1.0,58.0,40.0,29.0,10.0,9.0,3.0,4.0,0.0,5.0,53.0,34.0,21.0,7.0,8.0,3.0,7.0,411.0,111.0,500.0,80.0,2024
2024-M-DC-2024-WG1-PO-EGY-ECU-01,Davis Cup WG1 PO: EGY vs ECU,Clay,4,D,2024-02-02,2,209871,,,Amr Elsayed Abdou Ahmed Mohamed,R,185.0,EGY,24.9,105877,,,Emilio Gomez,R,185.0,ECU,32.1,7-5 6-3,3,RR,93.0,2.0,0.0,52.0,34.0,26.0,9.0,11.0,0.0,2.0,0.0,3.0,72.0,47.0,29.0,9.0,10.0,8.0,13.0,735.0,35.0,307.0,175.0,2024
2024-M-DC-2024-WG1-PO-EGY-ECU-01,Davis Cup WG1 PO: EGY vs ECU,Clay,4,D,2024-02-02,1,105633,,,Mohamed Safwat,R,180.0,EGY,33.3,208223,,,Alvaro Guillen Meza,R,175.0,ECU,21.0,4-6 7-6(6) 7-6(6),3,RR,216.0,2.0,2.0,135.0,78.0,53.0,23.0,17.0,9.0,15.0,2.0,5.0,116.0,88.0,53.0,15.0,17.0,7.0,12.0,358.0,138.0,312.0,173.0,2024
2024-M-DC-2024-QLS-M-CAN-KOR-01,Davis Cup QLS R1: CAN vs KOR,Hard,4,D,2024-02-02,1,209113,,,Gabriel Diallo,R,203.0,CAN,22.3,126952,,,Soon Woo Kwon,R,180.0,KOR,26.1,6-4 6-4,3,RR,102.0,11.0,2.0,65.0,41.0,26.0,15.0,10.0,1.0,3.0,2.0,4.0,76.0,47.0,26.0,14.0,10.0,5.0,9.0,132.0,498.0,700.0,40.0,2024
2024-M-DC-2024-WG2-PO-VIE-RSA-01,Davis Cup WG2 PO: VIE vs RSA,Hard,4,D,2024-02-02,2,144748,,,Kris Van Wyk,R,185.0,RSA,27.3,144775,,,Linh Giang Trinh,R,183.0,VIE,26.4,4-6 6-3 4-0,3,RR,131.0,4.0,2.0,76.0,46.0,32.0,10.0,12.0,6.0,11.0,0.0,2.0,71.0,51.0,25.0,7.0,11.0,5.0,12.0,416.0,109.0,,,2024
2024-M-DC-2024-WG2-PO-VIE-RSA-01,Davis Cup WG2 PO: VIE vs RSA,Hard,4,D,2024-02-02,1,122533,,,Nam Hoang Ly,R,175.0,VIE,26.9,202475,,,Philip Henning,R,,RSA,23.2,6-3 6-4,3,RR,131.0,1.0,1.0,86.0,60.0,40.0,13.0,10.0,8.0,9.0,2.0,1.0,56.0,41.0,25.0,6.0,9.0,1.0,4.0,554.0,67.0,748.0,32.0,2024
2024-M-DC-2024-WG2-PO-TUN-CRC-01,Davis Cup WG2 PO: TUN vs CRC,Hard,4,D,2024-02-02,2,144826,,,Aziz Dougaz,L,188.0,TUN,26.8,209869,,,Rodrigo Crespo Piedra,R,,CRC,22.6,6-3 5-7 6-4,3,RR,112.0,9.0,4.0,89.0,57.0,39.0,20.0,16.0,3.0,7.0,3.0,5.0,88.0,51.0,36.0,15.0,15.0,4.0,9.0,219.0,278.0,,,2024
2024-M-DC-2024-WG2-PO-TUN-CRC-01,Davis Cup WG2 PO: TUN vs CRC,Hard,4,D,2024-02-02,1,121411,,,Moez Echargui,R,178.0,TUN,31.0,132374,,,Jesse Flores,R,188.0,CRC,28.8,6-2 6-3,3,RR,65.0,4.0,2.0,56.0,35.0,30.0,11.0,9.0,4.0,4.0,3.0,2.0,49.0,30.0,17.0,9.0,8.0,2.0,5.0,279.0,205.0,900.0,18.0,2024
2024-M-DC-2024-WG2-PO-ESA-POC-01,Davis Cup WG2 PO: ESA vs POC,Hard,4,D,2024-02-02,4,212720,,,Juan Carlos Fuentes Vasquez,U,,ESA,18.3,212719,,,Matavao Fanguna,U,,POC,27.2,6-0 6-3,3,RR,78.0,1.0,1.0,40.0,28.0,20.0,9.0,8.0,1.0,1.0,2.0,5.0,58.0,36.0,19.0,8.0,7.0,5.0,10.0,,,,,2024
2024-M-DC-2024-WG2-PO-ESA-POC-01,Davis Cup WG2 PO: ESA vs POC,Hard,4,D,2024-02-02,2,105656,,,Marcelo Arevalo,R,193.0,ESA,33.2,212718,,,Heve Kelley,U,,POC,26.8,6-0 6-2,3,RR,46.0,3.0,0.0,33.0,27.0,25.0,3.0,7.0,0.0,0.0,0.0,1.0,35.0,21.0,10.0,3.0,7.0,1.0,6.0,,,,,2024
2024-M-DC-2024-WG2-PO-ESA-POC-01,Davis Cup WG2 PO: ESA vs POC,Hard,4,D,2024-02-02,1,209294,,,Diego Duran,U,,ESA,,210249,,,Gillian Osmont,R,,FRA,20.7,6-3 6-0,3,RR,69.0,4.0,1.0,46.0,27.0,19.0,13.0,8.0,0.0,1.0,2.0,5.0,46.0,24.0,16.0,3.0,7.0,4.0,9.0,,,,,2024
2024-M-DC-2024-WG2-PO-CHN-SLO-01,Davis Cup WG2 PO: CHN vs SLO,Hard,4,D,2024-02-02,5,212044,,,Yi Zhou,R,193.0,CHN,18.8,210753,,,Matic Kriznik,L,,SLO,18.4,5-7 6-1 6-3,3,RR,118.0,9.0,4.0,82.0,45.0,34.0,18.0,14.0,5.0,8.0,1.0,2.0,82.0,41.0,24.0,19.0,14.0,4.0,10.0,877.0,20.0,1274.0,5.0,2024
2024-M-DC-2024-WG2-PO-CHN-SLO-01,Davis Cup WG2 PO: CHN vs SLO,Hard,4,D,2024-02-02,4,210274,,,Sebastian Dominko,L,203.0,SLO,20.7,111190,,,Zhizhen Zhang,R,193.0,CHN,27.2,6-3 6-4,3,RR,59.0,14.0,3.0,56.0,40.0,34.0,10.0,10.0,2.0,2.0,6.0,4.0,58.0,30.0,22.0,15.0,9.0,8.0,10.0,1107.0,8.0,50.0,951.0,2024
2024-M-DC-2024-WG2-PO-CHN-SLO-01,Davis Cup WG2 PO: CHN vs SLO,Hard,4,D,2024-02-02,2,212044,,,Yi Zhou,R,193.0,CHN,18.8,210274,,,Sebastian Dominko,L,203.0,SLO,20.7,7-5 6-7(3) 6-3,3,RR,128.0,3.0,5.0,108.0,55.0,40.0,33.0,17.0,3.0,5.0,9.0,0.0,98.0,60.0,43.0,21.0,16.0,4.0,8.0,877.0,20.0,1107.0,8.0,2024
2024-M-DC-2024-WG1-PO-COL-LUX-01,Davis Cup WG1 PO: COL vs LUX,Clay,4,D,2024-02-02,5,202075,,,Adria Soriano Barrera,R,191.0,COL,24.6,208210,,,Chris Rodesch,R,198.0,LUX,22.5,6-3 7-6(5),3,RR,107.0,6.0,5.0,77.0,50.0,37.0,12.0,11.0,3.0,4.0,6.0,3.0,79.0,61.0,37.0,10.0,10.0,8.0,11.0,593.0,59.0,648.0,50.0,2024
2024-M-DC-2024-WG2-PO-CHN-SLO-01,Davis Cup WG2 PO: CHN vs SLO,Hard,4,D,2024-02-02,1,111190,,,Zhizhen Zhang,R,193.0,CHN,27.2,210753,,,Matic Kriznik,L,,SLO,18.4,6-0 6-2,3,RR,63.0,5.0,3.0,42.0,18.0,15.0,16.0,7.0,2.0,2.0,3.0,4.0,45.0,17.0,12.0,6.0,7.0,3.0,8.0,50.0,951.0,1274.0,5.0,2024
2024-M-DC-2024-WG1-PO-UZB-POL-01,Davis Cup WG1 PO: UZB vs POL,Hard,4,D,2024-02-02,2,209874,,,Maks Kasnikowski,R,180.0,POL,20.5,126939,,,Khumoun Sultanov,R,180.0,UZB,25.2,6-3 6-1,3,RR,85.0,9.0,2.0,67.0,42.0,28.0,14.0,8.0,6.0,7.0,2.0,2.0,53.0,32.0,17.0,8.0,8.0,4.0,9.0,271.0,214.0,330.0,156.0,2024
2024-M-DC-2024-WG1-PO-UZB-POL-01,Davis Cup WG1 PO: UZB vs POL,Hard,4,D,2024-02-02,1,128034,,,Hubert Hurkacz,R,196.0,POL,26.9,200672,,,Sergey Fomin,R,180.0,UZB,22.9,6-2 6-1,3,RR,70.0,7.0,2.0,55.0,35.0,26.0,11.0,8.0,1.0,1.0,1.0,2.0,64.0,38.0,23.0,8.0,7.0,5.0,9.0,8.0,3540.0,665.0,47.0,2024
2024-M-DC-2024-WG1-PO-NZL-TUR-01,Davis Cup WG1 PO: NZL vs TUR,Hard,4,D,2024-02-02,4,123795,,,Altug Celikbilek,R,183.0,TUR,27.3,208055,,,Ajeet Rai,R,188.0,NZL,25.0,6-3 6-2,3,RR,116.0,1.0,3.0,68.0,43.0,31.0,14.0,9.0,7.0,7.0,6.0,3.0,61.0,29.0,16.0,16.0,8.0,1.0,5.0,371.0,131.0,538.0,70.0,2024
2024-M-DC-2024-WG1-PO-NZL-TUR-01,Davis Cup WG1 PO: NZL vs TUR,Hard,4,D,2024-02-02,2,207129,,,Yanki Erel,L,178.0,TUR,23.3,208055,,,Ajeet Rai,R,188.0,NZL,25.0,6-7(5) 6-2 6-4,3,RR,125.0,2.0,7.0,82.0,47.0,37.0,20.0,15.0,1.0,3.0,13.0,9.0,94.0,46.0,35.0,18.0,15.0,4.0,9.0,325.0,163.0,538.0,70.0,2024
2024-M-DC-2024-WG1-PO-NZL-TUR-01,Davis Cup WG1 PO: NZL vs TUR,Hard,4,D,2024-02-02,1,208485,,,Kiranpal Pannu,R,185.0,NZL,27.0,117356,,,Cem Ilkel,R,185.0,TUR,28.4,6-3 6-2,3,RR,104.0,2.0,2.0,54.0,37.0,28.0,9.0,9.0,4.0,5.0,3.0,6.0,65.0,33.0,19.0,14.0,8.0,7.0,11.0,716.0,37.0,284.0,198.0,2024
2024-M-DC-2024-WG1-PO-NOR-LAT-01,Davis Cup WG1 PO: NOR vs LAT,Hard,4,D,2024-02-02,4,149282,,,Nicolai Budkov Kjaer,R,188.0,NOR,17.4,212717,,,Davis Rolis,U,,LAT,19.0,6-3 6-4,3,RR,61.0,8.0,2.0,59.0,42.0,38.0,5.0,10.0,6.0,7.0,1.0,2.0,47.0,30.0,17.0,9.0,9.0,1.0,4.0,,,,,2024
2024-M-DC-2024-WG1-PO-NOR-LAT-01,Davis Cup WG1 PO: NOR vs LAT,Hard,4,D,2024-02-02,2,134770,,,Casper Ruud,R,183.0,NOR,25.1,207587,,,Martins Rocens,R,185.0,LAT,23.8,6-1 6-1,3,RR,48.0,2.0,0.0,34.0,22.0,21.0,7.0,7.0,0.0,0.0,4.0,10.0,41.0,22.0,15.0,3.0,7.0,3.0,8.0,12.0,2965.0,1763.0,1.0,2024
2024-M-DC-2024-WG1-PO-NOR-LAT-01,Davis Cup WG1 PO: NOR vs LAT,Hard,4,D,2024-02-02,1,126340,,,Viktor Durasovic,R,185.0,NOR,26.8,207669,,,Robert Strombachs,R,191.0,LAT,24.3,7-5 6-2,3,RR,75.0,5.0,5.0,61.0,36.0,31.0,13.0,10.0,1.0,1.0,3.0,0.0,60.0,46.0,31.0,7.0,10.0,5.0,8.0,413.0,110.0,346.0,146.0,2024
2024-M-DC-2024-WG1-PO-LBN-JPN-01,Davis Cup WG1 PO: LBN vs JPN,Clay,4,D,2024-02-02,2,133975,,,Benjamin Hassan,R,183.0,LBN,28.9,133297,,,Yosuke Watanuki,R,180.0,JPN,25.7,6-2 7-6(3),3,RR,89.0,4.0,4.0,70.0,39.0,33.0,17.0,10.0,3.0,3.0,2.0,3.0,62.0,28.0,22.0,16.0,10.0,1.0,3.0,152.0,419.0,113.0,550.0,2024
2024-M-DC-2024-WG1-PO-LBN-JPN-01,Davis Cup WG1 PO: LBN vs JPN,Clay,4,D,2024-02-02,1,106415,,,Yoshihito Nishioka,L,170.0,JPN,28.3,200273,,,Hady Habib,R,188.0,LIB,25.4,6-3 6-4,3,RR,90.0,0.0,1.0,64.0,44.0,31.0,6.0,10.0,6.0,8.0,5.0,2.0,71.0,41.0,28.0,10.0,9.0,2.0,7.0,84.0,695.0,304.0,179.0,2024
2024-M-DC-2024-WG1-PO-EGY-ECU-01,Davis Cup WG1 PO: EGY vs ECU,Clay,4,D,2024-02-02,4,200748,,,Andres Andrade,R,180.0,ECU,25.1,209971,,,Michael Bassem Sobhy,R,,EGY,19.7,4-6 7-5 [7-10],3,RR,109.0,0.0,4.0,81.0,49.0,32.0,17.0,11.0,5.0,8.0,2.0,1.0,71.0,37.0,23.0,20.0,11.0,3.0,6.0,669.0,46.0,1090.0,9.0,2024
2024-M-DC-2024-WG1-PO-UZB-POL-01,Davis Cup WG1 PO: UZB vs POL,Hard,4,D,2024-02-02,4,111794,,,Kamil Majchrzak,R,180.0,POL,28.0,210535,,,Maxim Shin,R,191.0,UZB,20.6,6-1 6-1,3,RR,49.0,1.0,1.0,44.0,29.0,22.0,9.0,7.0,8.0,8.0,2.0,4.0,33.0,19.0,8.0,4.0,7.0,1.0,6.0,807.0,25.0,1469.0,3.0,2024
2024-M-DC-2024-WG1-PO-LBN-JPN-01,Davis Cup WG1 PO: LBN vs JPN,Clay,4,D,2024-02-02,4,106415,,,Yoshihito Nishioka,L,170.0,JPN,28.3,133975,,,Benjamin Hassan,R,183.0,LBN,28.9,1-6 7-6(2) 6-4,3,RR,130.0,1.0,2.0,77.0,50.0,34.0,16.0,15.0,2.0,6.0,8.0,3.0,110.0,61.0,37.0,27.0,14.0,5.0,8.0,84.0,695.0,152.0,419.0,2024
2024-M-DC-2024-WG2-PO-VIE-RSA-01,Davis Cup WG2 PO: VIE vs RSA,Hard,4,D,2024-02-02,5,202475,,,Philip Henning,R,,RSA,23.2,144775,,,Linh Giang Trinh,R,183.0,VIE,26.4,6-2 6-2,3,RR,101.0,1.0,0.0,47.0,28.0,21.0,11.0,8.0,0.0,1.0,0.0,0.0,71.0,53.0,25.0,8.0,8.0,9.0,14.0,748.0,32.0,,,2024
2024-M-DC-2024-WG2-PO-VIE-RSA-01,Davis Cup WG2 PO: VIE vs RSA,Hard,4,D,2024-02-02,4,122533,,,Nam Hoang Ly,R,175.0,VIE,26.9,144748,,,Kris Van Wyk,R,185.0,RSA,27.3,6-4 3-6 6-3,3,RR,159.0,0.0,1.0,84.0,61.0,41.0,13.0,14.0,2.0,5.0,5.0,3.0,86.0,51.0,32.0,17.0,14.0,5.0,9.0,554.0,67.0,416.0,109.0,2024
2024-M-DC-2024-WG1-PO-GRE-ROU-01,Davis Cup WG1 PO: GRE vs ROU,Hard,4,D,2024-02-03,1,126774,,,Stefanos Tsitsipas,R,193.0,GRE,25.4,105657,,,Marius Copil,R,191.0,ROU,33.2,6-3 6-4,3,RR,77.0,6.0,2.0,60.0,30.0,25.0,20.0,10.0,3.0,3.0,6.0,2.0,50.0,32.0,28.0,6.0,9.0,5.0,7.0,10.0,3025.0,283.0,198.0,2024
2024-M-DC-2024-WG1-PO-GRE-ROU-01,Davis Cup WG1 PO: GRE vs ROU,Hard,4,D,2024-02-03,2,209362,,,Aristotelis Thanos,R,,GRE,22.8,207660,,,Nicholas David Ionel,R,,ROU,21.2,4-6 6-3 6-2,3,RR,136.0,4.0,8.0,87.0,56.0,43.0,15.0,14.0,3.0,5.0,0.0,0.0,87.0,70.0,44.0,9.0,13.0,5.0,9.0,1433.0,3.0,265.0,219.0,2024
2024-M-DC-2024-WG1-PO-GRE-ROU-01,Davis Cup WG1 PO: GRE vs ROU,Hard,4,D,2024-02-03,4,209354,,,Ioannis Xilas,U,,GRE,22.7,212203,,,Luca Preda,U,,ROU,17.8,6-1 6-4,3,RR,83.0,0.0,1.0,47.0,32.0,20.0,8.0,9.0,0.0,2.0,3.0,1.0,64.0,42.0,19.0,9.0,8.0,8.0,14.0,1286.0,5.0,1099.0,8.0,2024
2024-M-DC-2024-WG1-PO-IRL-AUT-01,Davis Cup WG1 PO: IRL vs AUT,Hard,4,D,2024-02-03,1,106233,,,Dominic Thiem,R,185.0,AUT,30.4,210686,,,Michael Agwi,R,193.0,IRL,20.4,7-6(6) 6-3,3,RR,106.0,4.0,5.0,69.0,44.0,33.0,13.0,11.0,1.0,3.0,9.0,2.0,65.0,38.0,28.0,10.0,10.0,1.0,4.0,90.0,664.0,935.0,16.0,2024
2024-M-DC-2024-WG1-PO-IRL-AUT-01,Davis Cup WG1 PO: IRL vs AUT,Hard,4,D,2024-02-03,2,124116,,,Sebastian Ofner,R,191.0,AUT,27.7,200279,,,Osgar Ohoisin,R,193.0,IRL,27.4,6-4 6-4,3,RR,69.0,8.0,1.0,49.0,33.0,32.0,9.0,10.0,2.0,2.0,11.0,4.0,54.0,29.0,24.0,12.0,10.0,1.0,3.0,40.0,1091.0,1015.0,12.0,2024
2024-M-DC-2024-QLS-M-ARG-KAZ-01,Davis Cup QLS R1: ARG vs KAZ,Clay,4,D,2024-02-03,1,202103,,,Francisco Cerundolo,R,185.0,ARG,25.4,122078,,,Dmitry Popko,R,191.0,KAZ,27.2,7-5 6-2,3,RR,97.0,3.0,3.0,66.0,44.0,27.0,12.0,10.0,3.0,6.0,0.0,3.0,61.0,34.0,17.0,9.0,10.0,3.0,9.0,22.0,1720.0,338.0,150.0,2024
2024-M-DC-2024-WG1-PO-BUL-BIH-01,Davis Cup WG1 PO: BUL vs BIH,Hard,4,D,2024-02-03,4,209318,,,Petr Nesterov,R,,BUL,20.8,210119,,,Andrej Nedic,R,185.0,BIH,19.2,4-6 6-2 [10-8],3,RR,127.0,3.0,5.0,71.0,39.0,28.0,16.0,9.0,2.0,3.0,2.0,6.0,98.0,52.0,36.0,20.0,9.0,18.0,20.0,564.0,65.0,591.0,59.0,2024
2024-M-DC-2024-WG1-PO-LTU-GEO-01,Davis Cup WG1 PO: LTU vs GEO,Hard,4,D,2024-02-03,1,208182,,,Saba Purtseladze,R,191.0,GEO,22.4,209147,,,Vilius Gaubas,R,178.0,LTU,19.0,6-3 1-6 7-5,3,RR,115.0,2.0,0.0,81.0,35.0,23.0,25.0,14.0,5.0,9.0,2.0,5.0,76.0,48.0,36.0,13.0,14.0,4.0,8.0,450.0,95.0,366.0,132.0,2024
2024-M-DC-2024-WG1-PO-LTU-GEO-01,Davis Cup WG1 PO: LTU vs GEO,Hard,4,D,2024-02-03,4,105575,,,Ricardas Berankis,R,175.0,LTU,33.6,208182,,,Saba Purtseladze,R,191.0,GEO,22.4,7-6(5) 3-6 7-6(7),3,RR,175.0,1.0,7.0,146.0,82.0,55.0,34.0,17.0,13.0,16.0,17.0,4.0,107.0,69.0,55.0,16.0,16.0,2.0,3.0,248.0,238.0,450.0,95.0,2024
2024-M-DC-2024-WG1-PO-LTU-GEO-01,Davis Cup WG1 PO: LTU vs GEO,Hard,4,D,2024-02-03,5,209147,,,Vilius Gaubas,R,178.0,LTU,19.0,206600,,,Zura Tkemaladze,R,188.0,GEO,23.6,7-5 6-3,3,RR,109.0,2.0,3.0,83.0,60.0,42.0,11.0,11.0,7.0,8.0,0.0,3.0,62.0,42.0,28.0,8.0,10.0,4.0,7.0,366.0,132.0,721.0,37.0,2024
2024-M-DC-2024-WG1-PO-MEX-DEN-01,Davis Cup WG1 PO: MEX vs DEN,Clay,4,D,2024-02-03,1,209284,,,Elmer Moller,R,183.0,DEN,20.5,124014,,,Ernesto Escobedo,R,185.0,MEX,27.5,5-7 6-2 6-2,3,RR,138.0,2.0,10.0,78.0,36.0,31.0,23.0,14.0,4.0,6.0,0.0,5.0,97.0,59.0,37.0,17.0,14.0,4.0,9.0,361.0,136.0,493.0,82.0,2024
2024-M-DC-2024-WG1-PO-MEX-DEN-01,Davis Cup WG1 PO: MEX vs DEN,Clay,4,D,2024-02-03,2,210202,,,Rodrigo Pacheco Mendez,L,188.0,MEX,18.7,200416,,,August Holmgren,R,188.0,DEN,25.7,7-6(5) 6-7(2) 6-3,3,RR,141.0,11.0,4.0,111.0,68.0,50.0,31.0,17.0,2.0,2.0,22.0,8.0,104.0,64.0,52.0,23.0,16.0,4.0,5.0,696.0,41.0,292.0,189.0,2024
2024-M-DC-2024-WG1-PO-MEX-DEN-01,Davis Cup WG1 PO: MEX vs DEN,Clay,4,D,2024-02-03,4,200416,,,August Holmgren,R,188.0,DEN,25.7,124014,,,Ernesto Escobedo,R,185.0,MEX,27.5,6-4 6-4,3,RR,84.0,10.0,6.0,52.0,31.0,28.0,10.0,10.0,0.0,1.0,4.0,3.0,64.0,39.0,28.0,10.0,10.0,7.0,10.0,292.0,189.0,493.0,82.0,2024
2024-M-DC-2024-WG1-PO-PAK-IND-01,Davis Cup WG1 PO: PAK vs IND,Grass,4,D,2024-02-03,1,106368,,,Ramkumar Ramanathan,R,188.0,IND,29.2,103529,,,Aisam Ul Haq Qureshi,R,183.0,PAK,43.8,6-7(3) 7-6(4) 6-0,3,RR,120.0,20.0,1.0,85.0,45.0,35.0,33.0,15.0,2.0,3.0,13.0,10.0,92.0,56.0,44.0,15.0,15.0,2.0,6.0,461.0,91.0,,,2024
2024-M-DC-2024-WG1-PO-LTU-GEO-01,Davis Cup WG1 PO: LTU vs GEO,Hard,4,D,2024-02-03,2,105575,,,Ricardas Berankis,R,175.0,LTU,33.6,206600,,,Zura Tkemaladze,R,188.0,GEO,23.6,6-2 6-2,3,RR,91.0,0.0,2.0,53.0,30.0,22.0,12.0,8.0,4.0,5.0,0.0,3.0,85.0,62.0,29.0,12.0,8.0,13.0,18.0,248.0,238.0,721.0,37.0,2024
2024-M-DC-2024-WG1-PO-BUL-BIH-01,Davis Cup WG1 PO: BUL vs BIH,Hard,4,D,2024-02-03,2,106000,,,Damir Dzumhur,R,175.0,BIH,31.6,210200,,,Yanaki Milev,R,180.0,BUL,19.7,6-3 6-2,3,RR,74.0,0.0,1.0,55.0,39.0,25.0,12.0,9.0,2.0,3.0,1.0,3.0,49.0,27.0,15.0,9.0,8.0,3.0,7.0,147.0,427.0,550.0,68.0,2024
2024-M-DC-2024-WG1-PO-BUL-BIH-01,Davis Cup WG1 PO: BUL vs BIH,Hard,4,D,2024-02-03,1,123983,,,Nerman Fatic,R,191.0,BIH,29.2,106220,,,Dimitar Kuzmanov,R,183.0,BUL,30.5,3-6 6-3 6-4,3,RR,146.0,5.0,5.0,77.0,41.0,30.0,21.0,14.0,1.0,4.0,0.0,4.0,95.0,61.0,39.0,16.0,14.0,7.0,11.0,204.0,301.0,225.0,269.0,2024
2024-M-DC-2024-QLS-M-TPE-FRA-01,Davis Cup QLS R1: TPE vs FRA,Hard,4,D,2024-02-03,4,111460,,,Quentin Halys,R,191.0,FRA,27.2,202358,,,Chun Hsin Tseng,R,175.0,TPE,22.4,6-3 7-6(3),3,RR,83.0,15.0,0.0,62.0,45.0,35.0,12.0,11.0,0.0,1.0,2.0,3.0,65.0,33.0,27.0,14.0,10.0,3.0,5.0,100.0,615.0,305.0,177.0,2024
2024-M-DC-2024-QLS-M-ARG-KAZ-01,Davis Cup QLS R1: ARG vs KAZ,Clay,4,D,2024-02-03,2,207608,,,Timofey Skatov,R,175.0,KAZ,23.0,144869,,,Tomas Martin Etcheverry,R,196.0,ARG,24.5,6-4 7-5,3,RR,142.0,0.0,3.0,73.0,44.0,35.0,15.0,11.0,5.0,5.0,5.0,2.0,74.0,47.0,29.0,16.0,11.0,5.0,7.0,278.0,205.0,28.0,1430.0,2024
2024-M-DC-2024-QLS-M-ARG-KAZ-01,Davis Cup QLS R1: ARG vs KAZ,Clay,4,D,2024-02-03,4,207608,,,Timofey Skatov,R,175.0,KAZ,23.0,202103,,,Francisco Cerundolo,R,185.0,ARG,25.4,7-6(1) 6-4,3,RR,123.0,2.0,4.0,64.0,42.0,31.0,13.0,11.0,1.0,3.0,3.0,1.0,89.0,63.0,36.0,14.0,11.0,8.0,11.0,278.0,205.0,22.0,1720.0,2024
2024-M-DC-2024-QLS-M-ARG-KAZ-01,Davis Cup QLS R1: ARG vs KAZ,Clay,4,D,2024-02-03,5,202104,,,Sebastian Baez,R,170.0,ARG,23.0,122078,,,Dmitry Popko,R,191.0,KAZ,27.2,6-4 3-6 7-6(6),3,RR,168.0,3.0,2.0,105.0,70.0,51.0,14.0,16.0,9.0,12.0,3.0,3.0,110.0,77.0,50.0,18.0,15.0,7.0,10.0,25.0,1525.0,338.0,150.0,2024
2024-M-DC-2024-QLS-M-CHI-PER-01,Davis Cup QLS R1: CHI vs PER,Hard,4,D,2024-02-03,1,126214,,,Alejandro Tabilo,L,188.0,CHI,26.6,122669,,,Juan Pablo Varillas,R,185.0,PER,28.3,4-6 6-2 6-1,3,RR,107.0,13.0,3.0,71.0,43.0,38.0,13.0,13.0,0.0,1.0,9.0,3.0,78.0,44.0,31.0,16.0,12.0,4.0,8.0,54.0,936.0,87.0,684.0,2024
2024-M-DC-2024-QLS-M-CHI-PER-01,Davis Cup QLS R1: CHI vs PER,Hard,4,D,2024-02-03,2,209860,,,Ignacio Buse,R,185.0,PER,19.8,111797,,,Nicolas Jarry,R,201.0,CHI,28.3,6-2 2-6 6-3,3,RR,125.0,2.0,1.0,76.0,50.0,34.0,13.0,13.0,1.0,3.0,10.0,1.0,82.0,39.0,27.0,22.0,12.0,3.0,7.0,438.0,98.0,20.0,1810.0,2024
2024-M-DC-2024-QLS-M-CHI-PER-01,Davis Cup QLS R1: CHI vs PER,Hard,4,D,2024-02-03,4,111797,,,Nicolas Jarry,R,201.0,CHI,28.3,122669,,,Juan Pablo Varillas,R,185.0,PER,28.3,6-2 6-4,3,RR,96.0,8.0,0.0,40.0,25.0,24.0,12.0,9.0,0.0,0.0,4.0,3.0,84.0,54.0,36.0,10.0,9.0,11.0,14.0,20.0,1810.0,87.0,684.0,2024
2024-M-DC-2024-QLS-M-CHI-PER-01,Davis Cup QLS R1: CHI vs PER,Hard,4,D,2024-02-03,5,126214,,,Alejandro Tabilo,L,188.0,CHI,26.6,209860,,,Ignacio Buse,R,185.0,PER,19.8,2-6 6-3 6-2,3,RR,104.0,14.0,4.0,75.0,52.0,40.0,11.0,13.0,7.0,9.0,1.0,1.0,75.0,54.0,39.0,7.0,12.0,5.0,8.0,54.0,936.0,438.0,98.0,2024
2024-M-DC-2024-QLS-M-CRO-BEL-01,Davis Cup QLS R1: CRO vs BEL,Hard,4,D,2024-02-03,1,200267,,,Zizou Bergs,R,185.0,BEL,24.6,105227,,,Marin Cilic,R,198.0,CRO,35.3,6-4 4-6 6-4,3,RR,160.0,15.0,1.0,87.0,57.0,45.0,18.0,15.0,6.0,7.0,9.0,6.0,99.0,56.0,42.0,21.0,15.0,14.0,16.0,131.0,499.0,1044.0,10.0,2024
2024-M-DC-2024-QLS-M-CRO-BEL-01,Davis Cup QLS R1: CRO vs BEL,Hard,4,D,2024-02-03,2,207213,,,Duje Ajdukovic,R,188.0,CRO,22.9,106167,,,Joris De Loore,R,191.0,BEL,30.7,6-1 6-4,3,RR,79.0,11.0,4.0,52.0,35.0,27.0,9.0,9.0,3.0,4.0,4.0,1.0,55.0,37.0,20.0,6.0,8.0,5.0,9.0,125.0,510.0,192.0,317.0,2024
2024-M-DC-2024-QLS-M-CRO-BEL-01,Davis Cup QLS R1: CRO vs BEL,Hard,4,D,2024-02-03,4,200267,,,Zizou Bergs,R,185.0,BEL,24.6,207213,,,Duje Ajdukovic,R,188.0,CRO,22.9,6-1 7-5,3,RR,95.0,6.0,1.0,72.0,43.0,32.0,14.0,10.0,3.0,4.0,1.0,1.0,50.0,30.0,19.0,8.0,9.0,0.0,4.0,131.0,499.0,125.0,510.0,2024
2024-M-DC-2024-QLS-M-CZE-ISR-01,Davis Cup QLS R1: CZE vs ISR,Hard,4,D,2024-02-03,1,210150,,,Jakub Mensik,R,193.0,CZE,18.4,200075,,,Yshai Oliel,L,188.0,ISR,24.0,6-1 7-6(4),3,RR,94.0,10.0,3.0,63.0,37.0,32.0,16.0,10.0,3.0,3.0,4.0,1.0,62.0,41.0,26.0,11.0,9.0,3.0,5.0,127.0,506.0,415.0,109.0,2024
2024-M-DC-2024-QLS-M-CZE-ISR-01,Davis Cup QLS R1: CZE vs ISR,Hard,4,D,2024-02-03,2,208103,,,Jiri Lehecka,R,185.0,CZE,22.2,131951,,,Daniel Cukierman,R,,ISR,28.5,6-1 7-6(2),3,RR,88.0,3.0,2.0,57.0,37.0,28.0,11.0,10.0,0.0,1.0,1.0,3.0,65.0,41.0,22.0,10.0,9.0,1.0,5.0,31.0,1245.0,465.0,91.0,2024
2024-M-DC-2024-QLS-M-CZE-ISR-01,Davis Cup QLS R1: CZE vs ISR,Hard,4,D,2024-02-03,4,200240,,,Vit Kopriva,R,178.0,CZE,26.6,210039,,,Orel Kimhi,R,173.0,ISR,20.4,3-6 6-3 [11-9],3,RR,93.0,7.0,5.0,57.0,36.0,31.0,9.0,9.0,0.0,1.0,0.0,1.0,67.0,48.0,34.0,8.0,9.0,2.0,3.0,115.0,546.0,456.0,93.0,2024
2024-M-DC-2024-QLS-M-TPE-FRA-01,Davis Cup QLS R1: TPE vs FRA,Hard,4,D,2024-02-03,1,209414,,,Luca Van Assche,R,178.0,FRA,19.7,200318,,,Yu Hsiou Hsu,R,178.0,TPE,24.8,6-4 6-4,3,RR,95.0,3.0,3.0,56.0,37.0,28.0,8.0,10.0,3.0,5.0,1.0,2.0,57.0,32.0,17.0,14.0,10.0,1.0,5.0,68.0,814.0,230.0,266.0,2024
2024-M-DC-2024-QLS-M-TPE-FRA-01,Davis Cup QLS R1: TPE vs FRA,Hard,4,D,2024-02-03,2,105173,,,Adrian Mannarino,L,180.0,FRA,35.5,126555,,,Tung Lin Wu,R,188.0,TPE,25.7,6-3 7-5,3,RR,102.0,10.0,0.0,70.0,48.0,33.0,12.0,11.0,6.0,8.0,6.0,1.0,59.0,36.0,23.0,8.0,10.0,2.0,6.0,17.0,1920.0,238.0,255.0,2024
2024-M-DC-2024-WG1-PO-PAK-IND-01,Davis Cup WG1 PO: PAK vs IND,Grass,4,D,2024-02-03,2,105502,,,N Sriram Balaji,R,180.0,IND,33.8,103499,,,Aqeel Khan,R,,PAK,43.9,7-5 6-3,3,RR,75.0,8.0,1.0,55.0,33.0,27.0,17.0,11.0,0.0,0.0,3.0,1.0,55.0,27.0,23.0,16.0,10.0,3.0,5.0,,,,,2024
2024-M-DC-2024-WG1-PO-PAK-IND-01,Davis Cup WG1 PO: PAK vs IND,Grass,4,D,2024-02-03,4,144681,,,Niki Kaliyanda Poonacha,R,191.0,IND,28.7,207841,,,Muhammad Shoaib,U,,PAK,21.9,6-3 6-4,3,RR,63.0,8.0,0.0,52.0,33.0,27.0,13.0,10.0,0.0,0.0,6.0,8.0,76.0,42.0,31.0,13.0,9.0,7.0,9.0,795.0,27.0,,,2024
2024-M-DC-2024-WG1-PO-IRL-AUT-01,Davis Cup WG1 PO: IRL vs AUT,Hard,4,D,2024-02-03,4,111192,,,Lucas Miedler,R,183.0,AUT,27.6,210686,,,Michael Agwi,R,193.0,IRL,20.4,6-3 3-6 [8-10],3,RR,88.0,3.0,1.0,71.0,41.0,28.0,17.0,9.0,6.0,7.0,13.0,2.0,56.0,41.0,30.0,9.0,9.0,1.0,2.0,1071.0,9.0,935.0,16.0,2024
2024-M-DC-2024-WG2-PO-PAR-MON-01,Davis Cup WG2 PO: PAR vs MON,Clay,4,D,2024-02-03,2,200473,,,Valentin Vacherot,R,193.0,MON,25.2,209225,,,Martin Antonio Vergara Del Puerto,U,,PAR,19.7,6-2 6-1,3,RR,67.0,3.0,1.0,46.0,32.0,25.0,6.0,8.0,0.0,1.0,2.0,2.0,39.0,23.0,10.0,4.0,7.0,1.0,6.0,171.0,356.0,,,2024
2024-M-DC-2024-WG2-PO-HKG-ZIM-01,Davis Cup WG2 PO: HKG vs ZIM,Hard,4,D,2024-02-03,2,209409,,,Coleman Wong,R,191.0,HKG,19.6,144747,,,Courtney John Lock,R,193.0,ZIM,27.2,6-2 6-0,3,RR,59.0,10.0,2.0,40.0,25.0,22.0,7.0,7.0,1.0,1.0,1.0,2.0,51.0,31.0,14.0,8.0,7.0,4.0,9.0,247.0,243.0,,,2024
2024-M-DC-2024-WG2-PO-HKG-ZIM-01,Davis Cup WG2 PO: HKG vs ZIM,Hard,4,D,2024-02-03,4,212721,,,Benedict Badza,U,,ZIM,18.6,212722,,,Kwok Shun Dasson Chan,U,,HKG,18.5,6-7(5) 6-4 [6-10],3,RR,119.0,11.0,4.0,82.0,51.0,40.0,16.0,11.0,1.0,2.0,2.0,2.0,83.0,49.0,35.0,17.0,11.0,0.0,2.0,,,,,2024
2024-M-DC-2024-WG2-PO-HKG-ZIM-01,Davis Cup WG2 PO: HKG vs ZIM,Hard,4,D,2024-02-03,1,138846,,,Hong Kit Jack Wong,R,,HKG,25.4,111761,,,Benjamin Lock,R,198.0,ZIM,30.9,3-6 6-3 7-6(5),3,RR,139.0,10.0,1.0,95.0,63.0,47.0,16.0,15.0,6.0,8.0,6.0,0.0,80.0,55.0,42.0,18.0,15.0,3.0,5.0,1643.0,2.0,348.0,144.0,2024
2024-M-DC-2024-WG2-PO-JAM-BAR-01,Davis Cup WG2 PO: JAM vs BAR,Hard,4,D,2024-02-03,1,209080,,,Blaise Bicknell,R,191.0,JAM,22.1,209868,,,Kaipo Marshall,R,,BAR,21.8,6-1 3-6 6-1,3,RR,102.0,5.0,4.0,73.0,46.0,32.0,16.0,12.0,4.0,6.0,2.0,20.0,79.0,36.0,24.0,14.0,11.0,8.0,13.0,319.0,169.0,,,2024
2024-M-DC-2024-WG2-PO-PAR-MON-01,Davis Cup WG2 PO: PAR vs MON,Clay,4,D,2024-02-03,1,118808,,,Daniel Vallejo,R,,MEX,39.6,104112,,,Benjamin Balleret,R,185.0,MON,41.0,6-2 6-4,3,RR,67.0,5.0,0.0,42.0,29.0,20.0,12.0,9.0,0.0,1.0,3.0,0.0,54.0,31.0,17.0,10.0,9.0,3.0,7.0,,,,,2024
2024-M-DC-2024-WG2-PO-CYP-MAR-01,Davis Cup WG2 PO: CYP vs MAR,Hard,4,D,2024-02-03,4,210308,,,Stylianos Christodoulou,U,,CYP,19.2,127195,,,Hamza Karmoussi,U,,MAR,,6-3 6-1,3,RR,60.0,7.0,1.0,50.0,37.0,29.0,6.0,8.0,3.0,3.0,0.0,3.0,49.0,30.0,14.0,9.0,8.0,2.0,6.0,1114.0,8.0,,,2024
2024-M-DC-2024-WG2-PO-CYP-MAR-01,Davis Cup WG2 PO: CYP vs MAR,Hard,4,D,2024-02-03,2,200611,,,Elliot Benchetrit,R,193.0,MAR,25.3,144949,,,Menelaos Efstathiou,R,183.0,CYP,24.9,6-3 6-2,3,RR,78.0,2.0,2.0,51.0,25.0,19.0,17.0,9.0,0.0,0.0,1.0,2.0,48.0,32.0,23.0,5.0,8.0,2.0,5.0,614.0,55.0,1222.0,6.0,2024
2024-M-DC-2024-WG2-PO-PAR-MON-01,Davis Cup WG2 PO: PAR vs MON,Clay,4,D,2024-02-03,4,200473,,,Valentin Vacherot,R,193.0,MON,25.2,118808,,,Daniel Vallejo,R,,MEX,39.6,6-7(0) 6-4 6-4,3,RR,167.0,5.0,1.0,95.0,62.0,44.0,17.0,16.0,2.0,4.0,4.0,3.0,102.0,67.0,44.0,19.0,16.0,4.0,8.0,171.0,356.0,,,2024
2024-M-DC-2024-WG2-PO-TOG-INA-01,Davis Cup WG2 PO: TOG vs INA,Hard,4,D,2024-02-03,1,207134,,,Fitriadi M Rifqi,R,175.0,INA,25.0,104470,,,Komlavi Loglo,R,183.0,TOG,39.0,6-1 6-4,3,RR,80.0,6.0,2.0,52.0,33.0,24.0,14.0,9.0,2.0,3.0,2.0,2.0,56.0,41.0,23.0,6.0,8.0,6.0,10.0,569.0,64.0,,,2024
2024-M-DC-2024-WG2-PO-TOG-INA-01,Davis Cup WG2 PO: TOG vs INA,Hard,4,D,2024-02-03,2,133933,,,Thomas Yaka Kofi Setodji,R,183.0,TOG,28.2,200045,,,Anthony Susanto,R,,INA,26.6,6-1 6-2,3,RR,69.0,10.0,4.0,52.0,33.0,28.0,8.0,8.0,1.0,1.0,1.0,4.0,44.0,28.0,16.0,5.0,7.0,3.0,7.0,819.0,24.0,,,2024
2024-M-DC-2024-WG2-PO-CYP-MAR-01,Davis Cup WG2 PO: CYP vs MAR,Hard,4,D,2024-02-03,1,209120,,,Yassine Dlimi,R,191.0,MAR,20.7,117365,,,Petros Chrysochos,R,185.0,CYP,27.8,7-5 7-6(2),3,RR,123.0,0.0,7.0,87.0,48.0,31.0,23.0,12.0,8.0,11.0,4.0,2.0,81.0,55.0,34.0,12.0,12.0,7.0,11.0,604.0,56.0,1410.0,3.0,2024
2024-M-DC-2024-WG2-PO-TOG-INA-01,Davis Cup WG2 PO: TOG vs INA,Hard,4,D,2024-02-03,4,207134,,,Fitriadi M Rifqi,R,175.0,INA,25.0,133933,,,Thomas Yaka Kofi Setodji,R,183.0,TOG,28.2,6-2 6-3,3,RR,87.0,1.0,2.0,52.0,32.0,25.0,11.0,9.0,2.0,3.0,2.0,1.0,50.0,35.0,19.0,5.0,8.0,5.0,9.0,569.0,64.0,819.0,24.0,2024
2024-M-DC-2024-WG2-PO-TOG-INA-01,Davis Cup WG2 PO: TOG vs INA,Hard,4,D,2024-02-03,5,104470,,,Komlavi Loglo,R,183.0,TOG,39.0,200045,,,Anthony Susanto,R,,INA,26.6,6-2 6-2,3,RR,77.0,3.0,2.0,43.0,32.0,25.0,8.0,8.0,1.0,1.0,1.0,4.0,57.0,42.0,22.0,7.0,8.0,3.0,7.0,,,,,2024
2024-M-DC-2024-WG2-PO-BOL-THA-01,Davis Cup WG2 PO: BOL vs THA,Clay,4,D,2024-02-03,4,106262,,,Boris Arias,R,185.0,BOL,30.2,207788,,,Thanapet Chanta,R,,THA,24.3,6-4 6-3,3,RR,63.0,8.0,3.0,53.0,33.0,27.0,13.0,10.0,3.0,3.0,4.0,7.0,70.0,38.0,28.0,13.0,9.0,6.0,9.0,,,938.0,16.0,2024
2024-M-DC-2024-WG2-PO-BOL-THA-01,Davis Cup WG2 PO: BOL vs THA,Clay,4,D,2024-02-03,2,123961,,,Murkel Alejandro Dellien Velasco,R,193.0,BOL,26.3,106397,,,Wishaya Trongcharoenchaikul,R,193.0,THA,28.8,6-1 6-1,3,RR,48.0,3.0,0.0,33.0,19.0,18.0,10.0,7.0,0.0,0.0,1.0,6.0,39.0,26.0,15.0,2.0,7.0,2.0,7.0,288.0,192.0,780.0,29.0,2024
2024-M-DC-2024-WG2-PO-URU-MDA-01,Davis Cup WG2 PO: URU vs MDA,Clay,4,D,2024-02-03,1,208364,,,Franco Roncadelli,L,185.0,URU,23.9,209943,,,Ilya Snitari,R,188.0,MDA,21.8,4-6 6-1 6-1,3,RR,137.0,1.0,2.0,74.0,50.0,31.0,13.0,12.0,5.0,9.0,0.0,5.0,92.0,52.0,24.0,18.0,12.0,8.0,16.0,616.0,55.0,740.0,34.0,2024
2024-M-DC-2024-WG2-PO-JAM-BAR-01,Davis Cup WG2 PO: JAM vs BAR,Hard,4,D,2024-02-03,2,105985,,,Darian King,R,188.0,BAR,31.7,202120,,,Rowland Phillips,R,,JAM,30.0,6-3 3-6 7-5,3,RR,172.0,1.0,5.0,105.0,64.0,38.0,14.0,15.0,12.0,20.0,2.0,4.0,103.0,65.0,34.0,16.0,15.0,3.0,12.0,547.0,68.0,,,2024
2024-M-DC-2024-WG2-PO-JAM-BAR-01,Davis Cup WG2 PO: JAM vs BAR,Hard,4,D,2024-02-03,4,209080,,,Blaise Bicknell,R,191.0,JAM,22.1,105985,,,Darian King,R,188.0,BAR,31.7,6-1 6-0,3,RR,48.0,3.0,4.0,44.0,27.0,17.0,11.0,7.0,2.0,3.0,1.0,4.0,40.0,27.0,11.0,1.0,6.0,5.0,11.0,319.0,169.0,547.0,68.0,2024
2024-M-DC-2024-WG2-PO-JAM-BAR-01,Davis Cup WG2 PO: JAM vs BAR,Hard,4,D,2024-02-03,5,209868,,,Kaipo Marshall,R,,BAR,21.8,202120,,,Rowland Phillips,R,,JAM,30.0,6-4 1-6 6-2,3,RR,128.0,1.0,14.0,84.0,52.0,35.0,11.0,13.0,5.0,9.0,3.0,3.0,84.0,55.0,34.0,12.0,12.0,3.0,8.0,,,,,2024
2024-M-DC-2024-WG2-PO-URU-MDA-01,Davis Cup WG2 PO: URU vs MDA,Clay,4,D,2024-02-03,2,105430,,,Radu Albot,R,175.0,MDA,34.2,212051,,,Joaquin  Aguilar Cardozo ,U,,URU,18.8,6-2 6-3,3,RR,81.0,2.0,1.0,52.0,33.0,24.0,8.0,9.0,2.0,4.0,1.0,4.0,51.0,31.0,13.0,6.0,8.0,0.0,6.0,136.0,489.0,1109.0,8.0,2024
2024-M-DC-2024-WG2-PO-BOL-THA-01,Davis Cup WG2 PO: BOL vs THA,Clay,4,D,2024-02-03,1,210178,,,Juan Carlos Prado Angelo,R,185.0,BOL,18.8,210382,,,Maximus Jones,R,185.0,THA,19.3,6-3 6-2,3,RR,77.0,4.0,3.0,47.0,23.0,17.0,14.0,9.0,0.0,1.0,3.0,14.0,71.0,33.0,22.0,12.0,8.0,7.0,12.0,605.0,56.0,581.0,61.0,2024
2024-M-DC-2024-WG2-PO-URU-MDA-01,Davis Cup WG2 PO: URU vs MDA,Clay,4,D,2024-02-03,4,105430,,,Radu Albot,R,175.0,MDA,34.2,208364,,,Franco Roncadelli,L,185.0,URU,23.9,6-3 6-1,3,RR,95.0,2.0,1.0,50.0,30.0,19.0,14.0,8.0,3.0,4.0,1.0,1.0,82.0,66.0,33.0,6.0,8.0,6.0,11.0,136.0,489.0,616.0,55.0,2024
2024-M-DC-2024-WG2-PO-URU-MDA-01,Davis Cup WG2 PO: URU vs MDA,Clay,4,D,2024-02-03,5,212051,,,Joaquin  Aguilar Cardozo ,U,,URU,18.8,209943,,,Ilya Snitari,R,188.0,MDA,21.8,6-1 6-0,3,RR,77.0,0.0,0.0,36.0,22.0,15.0,10.0,7.0,1.0,1.0,1.0,1.0,61.0,30.0,17.0,7.0,6.0,8.0,14.0,1109.0,8.0,740.0,34.0,2024
2024-0424,Dallas,Hard,32,A,2024-02-05,286,126205,2.0,,Tommy Paul,R,185.0,USA,26.7,106121,,,Taro Daniel,R,191.0,JPN,31.0,6-3 6-2,3,R16,91.0,5.0,1.0,53.0,33.0,26.0,14.0,9.0,4.0,4.0,3.0,1.0,75.0,40.0,21.0,19.0,8.0,11.0,14.0,15.0,2050.0,62.0,858.0,2024
2024-0424,Dallas,Hard,32,A,2024-02-05,289,111442,7.0,,Jordan Thompson,R,183.0,AUS,29.7,106045,,LL,Denis Kudla,R,180.0,USA,31.4,6-1 6-1,3,R16,67.0,7.0,0.0,44.0,34.0,26.0,7.0,7.0,3.0,3.0,0.0,0.0,41.0,22.0,9.0,8.0,7.0,3.0,8.0,44.0,1022.0,174.0,355.0,2024
2024-0424,Dallas,Hard,32,A,2024-02-05,287,136440,8.0,,Dominik Koepfer,L,180.0,GER,29.7,208014,,,Rinky Hijikata,R,178.0,AUS,22.9,6-3 7-6(5),3,R16,95.0,9.0,2.0,85.0,61.0,46.0,12.0,11.0,6.0,6.0,4.0,3.0,59.0,32.0,28.0,13.0,10.0,1.0,2.0,60.0,868.0,88.0,680.0,2024
2024-0424,Dallas,Hard,32,A,2024-02-05,290,105902,,,James Duckworth,R,183.0,AUS,32.0,111153,5.0,,Christopher Eubanks,R,201.0,USA,27.7,7-6(3) 6-4,3,R16,77.0,10.0,1.0,55.0,41.0,37.0,11.0,11.0,0.0,0.0,12.0,1.0,70.0,53.0,38.0,10.0,11.0,2.0,3.0,106.0,591.0,33.0,1220.0,2024
2024-0424,Dallas,Hard,32,A,2024-02-05,288,210097,3.0,,Ben Shelton,L,193.0,USA,21.3,111581,,,Michael Mmoh,R,188.0,USA,26.0,6-3 6-3,3,R16,63.0,7.0,0.0,39.0,29.0,27.0,9.0,9.0,0.0,0.0,6.0,1.0,52.0,40.0,27.0,5.0,9.0,3.0,6.0,16.0,1965.0,115.0,547.0,2024
2024-0424,Dallas,Hard,32,A,2024-02-05,284,210506,,,Alex Michelsen,R,193.0,USA,19.4,105815,,Q,Tennys Sandgren,R,188.0,USA,32.5,6-3 3-6 6-1,3,R32,116.0,12.0,3.0,78.0,55.0,42.0,13.0,13.0,3.0,4.0,13.0,0.0,79.0,52.0,38.0,11.0,12.0,6.0,9.0,75.0,741.0,281.0,200.0,2024
2024-9158,Cordoba,Clay,32,A,2024-02-05,288,209260,,Q,Luciano Darderi,R,183.0,ITA,21.9,124116,4.0,,Sebastian Ofner,R,191.0,AUT,27.7,6-0 6-3,3,R16,64.0,3.0,0.0,47.0,28.0,22.0,13.0,8.0,1.0,1.0,4.0,3.0,44.0,22.0,14.0,6.0,7.0,3.0,7.0,136.0,491.0,38.0,1091.0,2024
2024-0424,Dallas,Hard,32,A,2024-02-05,282,126845,6.0,,Max Purcell,R,185.0,AUS,25.8,106283,,WC,Mitchell Krueger,R,188.0,USA,30.0,6-2 4-6 7-6(3),3,R32,139.0,14.0,5.0,112.0,66.0,48.0,24.0,15.0,3.0,5.0,6.0,1.0,86.0,66.0,43.0,13.0,15.0,3.0,6.0,43.0,1036.0,244.0,243.0,2024
2024-0424,Dallas,Hard,32,A,2024-02-05,280,106415,,,Yoshihito Nishioka,L,170.0,JPN,28.3,209279,,LL,Terence Atmane,L,193.0,FRA,22.0,7-6(5) 4-6 6-3,3,R32,146.0,0.0,1.0,97.0,64.0,47.0,18.0,16.0,2.0,5.0,13.0,3.0,97.0,65.0,50.0,10.0,15.0,2.0,5.0,83.0,695.0,144.0,453.0,2024
2024-0424,Dallas,Hard,32,A,2024-02-05,279,105902,,,James Duckworth,R,183.0,AUS,32.0,208260,,,Zachary Svajda,R,175.0,USA,21.1,7-6(3) 6-1,3,R32,75.0,10.0,0.0,50.0,34.0,29.0,13.0,9.0,2.0,2.0,2.0,2.0,67.0,46.0,31.0,10.0,10.0,1.0,4.0,106.0,591.0,145.0,442.0,2024
2024-0424,Dallas,Hard,32,A,2024-02-05,278,111153,5.0,,Christopher Eubanks,R,201.0,USA,27.7,105449,,Q,Steve Johnson,R,188.0,USA,34.1,6-1 6-4,3,R32,72.0,10.0,0.0,54.0,41.0,29.0,11.0,9.0,4.0,4.0,4.0,2.0,63.0,33.0,20.0,14.0,8.0,9.0,12.0,33.0,1220.0,246.0,240.0,2024
2024-0424,Dallas,Hard,32,A,2024-02-05,277,111442,7.0,,Jordan Thompson,R,183.0,AUS,29.7,208117,,WC,Adam Neff,R,183.0,USA,22.6,6-3 6-1,3,R32,78.0,8.0,0.0,38.0,26.0,23.0,10.0,8.0,0.0,0.0,4.0,8.0,72.0,41.0,24.0,12.0,8.0,7.0,11.0,44.0,1022.0,829.0,23.0,2024
2024-0424,Dallas,Hard,32,A,2024-02-05,291,105173,4.0,,Adrian Mannarino,L,180.0,FRA,35.6,106415,,,Yoshihito Nishioka,L,170.0,JPN,28.3,W/O,3,R16,0.0,,,,,,,,,,,,,,,,,,,17.0,1920.0,83.0,695.0,2024
2024-9158,Cordoba,Clay,32,A,2024-02-05,298,209260,,Q,Luciano Darderi,R,183.0,ITA,21.9,202104,2.0,,Sebastian Baez,R,170.0,ARG,23.1,6-1 3-6 6-3,3,SF,142.0,3.0,2.0,103.0,54.0,32.0,29.0,13.0,6.0,9.0,1.0,1.0,73.0,54.0,32.0,8.0,12.0,4.0,9.0,136.0,491.0,26.0,1525.0,2024
2024-9158,Cordoba,Clay,32,A,2024-02-05,299,105487,,Q,Facundo Bagnis,L,183.0,ARG,33.9,105948,,,Federico Coria,R,180.0,ARG,31.9,6-3 7-5,3,SF,117.0,5.0,1.0,81.0,55.0,42.0,10.0,11.0,10.0,11.0,0.0,1.0,66.0,49.0,29.0,11.0,10.0,2.0,5.0,207.0,295.0,93.0,638.0,2024
2024-0424,Dallas,Hard,32,A,2024-02-05,276,106045,,LL,Denis Kudla,R,180.0,USA,31.4,105430,,,Radu Albot,R,175.0,MDA,34.2,6-3 7-6(3),3,R32,104.0,8.0,1.0,75.0,46.0,36.0,13.0,11.0,1.0,2.0,5.0,2.0,68.0,48.0,32.0,9.0,10.0,2.0,4.0,174.0,355.0,137.0,489.0,2024
2024-0424,Dallas,Hard,32,A,2024-02-05,271,106121,,,Taro Daniel,R,191.0,JPN,31.0,106005,,,Constant Lestienne,R,180.0,FRA,31.7,4-6 6-4 5-0 RET,3,R32,132.0,8.0,0.0,79.0,56.0,32.0,16.0,13.0,1.0,5.0,5.0,1.0,77.0,49.0,27.0,13.0,12.0,4.0,10.0,62.0,858.0,104.0,599.0,2024
2024-0424,Dallas,Hard,32,A,2024-02-05,275,111581,,,Michael Mmoh,R,188.0,USA,26.0,207182,,Q,Emilio Nava,R,185.0,USA,22.1,7-5 6-2,3,R32,90.0,0.0,2.0,49.0,30.0,26.0,10.0,10.0,0.0,2.0,1.0,1.0,66.0,46.0,26.0,7.0,10.0,2.0,7.0,115.0,547.0,149.0,430.0,2024
2024-0424,Dallas,Hard,32,A,2024-02-05,273,136440,8.0,,Dominik Koepfer,L,180.0,GER,29.7,206499,,,Aleksandar Kovacevic,R,183.0,USA,25.4,6-4 7-6(5),3,R32,88.0,7.0,1.0,67.0,44.0,36.0,16.0,11.0,3.0,3.0,12.0,2.0,71.0,44.0,36.0,15.0,11.0,3.0,4.0,60.0,868.0,100.0,616.0,2024
2024-0424,Dallas,Hard,32,A,2024-02-05,283,106218,,,Marcos Giron,R,180.0,USA,30.5,134457,,Q,Nicolas Moreno De Alboran,R,185.0,USA,26.5,6-1 6-4,3,R32,63.0,5.0,1.0,49.0,31.0,28.0,10.0,9.0,3.0,3.0,6.0,2.0,47.0,25.0,17.0,9.0,8.0,2.0,5.0,67.0,825.0,154.0,412.0,2024
2024-0424,Dallas,Hard,32,A,2024-02-05,292,106218,,,Marcos Giron,R,180.0,USA,30.5,126845,6.0,,Max Purcell,R,185.0,AUS,25.8,6-4 6-3,3,R16,86.0,3.0,0.0,55.0,33.0,25.0,13.0,9.0,1.0,1.0,9.0,0.0,71.0,41.0,25.0,16.0,10.0,5.0,8.0,67.0,825.0,43.0,1036.0,2024
2024-0424,Dallas,Hard,32,A,2024-02-05,296,105173,4.0,,Adrian Mannarino,L,180.0,FRA,35.6,105902,,,James Duckworth,R,183.0,AUS,32.0,6-2 3-1 RET,3,QF,52.0,7.0,0.0,31.0,20.0,19.0,6.0,6.0,2.0,2.0,3.0,0.0,38.0,22.0,10.0,8.0,6.0,4.0,7.0,17.0,1920.0,106.0,591.0,2024
2024-0424,Dallas,Hard,32,A,2024-02-05,294,126205,2.0,,Tommy Paul,R,185.0,USA,26.7,136440,8.0,,Dominik Koepfer,L,180.0,GER,29.7,7-5 6-3,3,QF,88.0,6.0,3.0,66.0,38.0,27.0,15.0,11.0,0.0,2.0,2.0,1.0,54.0,29.0,21.0,8.0,10.0,2.0,6.0,15.0,2050.0,60.0,868.0,2024
2024-0424,Dallas,Hard,32,A,2024-02-05,272,208014,,,Rinky Hijikata,R,178.0,AUS,22.9,210319,,WC,Ethan Quinn,R,191.0,USA,19.9,6-4 6-4,3,R32,98.0,4.0,1.0,66.0,35.0,23.0,20.0,10.0,6.0,7.0,5.0,2.0,72.0,45.0,28.0,12.0,10.0,7.0,10.0,88.0,680.0,288.0,196.0,2024
2024-9158,Cordoba,Clay,32,A,2024-02-05,290,105948,,,Federico Coria,R,180.0,ARG,31.9,105077,,,Albert Ramos,L,188.0,ESP,36.0,6-1 6-3,3,R16,84.0,3.0,2.0,47.0,32.0,20.0,8.0,8.0,3.0,5.0,0.0,1.0,51.0,29.0,14.0,8.0,8.0,5.0,11.0,93.0,638.0,84.0,688.0,2024
2024-9158,Cordoba,Clay,32,A,2024-02-05,287,207680,,,Facundo Diaz Acosta,L,183.0,ARG,23.1,202058,,LL,Thiago Agustin Tirante,R,185.0,ARG,22.8,6-2 6-7(5) 6-2,3,R16,167.0,2.0,5.0,79.0,46.0,34.0,20.0,14.0,4.0,6.0,0.0,2.0,88.0,63.0,41.0,7.0,14.0,6.0,12.0,95.0,634.0,109.0,573.0,2024
2024-9158,Cordoba,Clay,32,A,2024-02-05,286,202104,2.0,,Sebastian Baez,R,170.0,ARG,23.1,106198,,,Hugo Dellien,R,180.0,BOL,30.6,4-6 6-3 6-4,3,R16,135.0,4.0,0.0,90.0,62.0,40.0,16.0,15.0,5.0,9.0,2.0,1.0,76.0,59.0,39.0,5.0,14.0,4.0,9.0,26.0,1525.0,112.0,559.0,2024
2024-9158,Cordoba,Clay,32,A,2024-02-05,284,144719,,,Jaume Munar,R,183.0,ESP,26.7,123755,,,Daniel Elahi Galan,R,191.0,COL,27.6,6-2 6-4,3,R32,101.0,1.0,1.0,54.0,37.0,29.0,10.0,9.0,2.0,2.0,2.0,1.0,62.0,32.0,19.0,16.0,9.0,5.0,8.0,74.0,746.0,78.0,716.0,2024
2024-9158,Cordoba,Clay,32,A,2024-02-05,283,105487,,Q,Facundo Bagnis,L,183.0,ARG,33.9,207678,,WC,Juan Manuel Cerundolo,L,183.0,ARG,22.2,6-4 6-2,3,R32,89.0,0.0,2.0,59.0,41.0,27.0,10.0,9.0,2.0,4.0,2.0,4.0,47.0,31.0,16.0,5.0,9.0,0.0,5.0,207.0,295.0,148.0,435.0,2024
2024-9158,Cordoba,Clay,32,A,2024-02-05,282,106148,8.0,,Roberto Carballes Baena,R,183.0,ESP,30.8,208363,,WC,Mariano Navone,R,178.0,ARG,22.9,3-6 6-3 6-3,3,R32,163.0,1.0,1.0,87.0,54.0,32.0,20.0,14.0,2.0,6.0,2.0,3.0,86.0,57.0,32.0,14.0,13.0,4.0,9.0,65.0,846.0,118.0,538.0,2024
2024-9158,Cordoba,Clay,32,A,2024-02-05,280,126523,,,Bernabe Zapata Miralles,R,183.0,ESP,27.0,106426,,,Cristian Garin,R,185.0,CHI,27.6,1-6 7-6(3) 3-0 RET,3,R32,122.0,3.0,3.0,81.0,59.0,35.0,12.0,12.0,4.0,8.0,3.0,1.0,64.0,40.0,30.0,10.0,10.0,3.0,5.0,79.0,715.0,87.0,680.0,2024
2024-9158,Cordoba,Clay,32,A,2024-02-05,291,144869,3.0,,Tomas Martin Etcheverry,R,196.0,ARG,24.5,126523,,,Bernabe Zapata Miralles,R,183.0,ESP,27.0,7-5 6-4,3,R16,138.0,5.0,2.0,77.0,59.0,41.0,8.0,11.0,5.0,6.0,1.0,1.0,79.0,54.0,32.0,14.0,11.0,7.0,10.0,29.0,1430.0,79.0,715.0,2024
2024-9158,Cordoba,Clay,32,A,2024-02-05,292,105487,,Q,Facundo Bagnis,L,183.0,ARG,33.9,106148,8.0,,Roberto Carballes Baena,R,183.0,ESP,30.8,7-6(5) 6-4,3,R16,152.0,2.0,3.0,77.0,44.0,34.0,17.0,11.0,2.0,4.0,1.0,5.0,82.0,57.0,42.0,7.0,11.0,4.0,7.0,207.0,295.0,65.0,846.0,2024
2024-9158,Cordoba,Clay,32,A,2024-02-05,293,144719,,,Jaume Munar,R,183.0,ESP,26.7,202103,1.0,,Francisco Cerundolo,R,185.0,ARG,25.4,7-5 6-4,3,R16,114.0,0.0,2.0,80.0,56.0,36.0,12.0,11.0,10.0,12.0,1.0,1.0,71.0,55.0,31.0,8.0,11.0,4.0,8.0,74.0,746.0,22.0,1720.0,2024
2024-9158,Cordoba,Clay,32,A,2024-02-05,294,202104,2.0,,Sebastian Baez,R,170.0,ARG,23.1,207680,,,Facundo Diaz Acosta,L,183.0,ARG,23.1,6-3 6-1,3,QF,65.0,2.0,1.0,46.0,30.0,23.0,9.0,8.0,0.0,1.0,1.0,4.0,42.0,25.0,14.0,4.0,8.0,0.0,5.0,26.0,1525.0,95.0,634.0,2024
2024-9158,Cordoba,Clay,32,A,2024-02-05,279,105077,,,Albert Ramos,L,188.0,ESP,36.0,106398,,,Pedro Cachin,R,185.0,ARG,28.8,6-4 3-6 6-1,3,R32,125.0,1.0,3.0,75.0,43.0,31.0,18.0,13.0,2.0,4.0,7.0,2.0,70.0,41.0,31.0,11.0,13.0,2.0,6.0,84.0,688.0,73.0,763.0,2024
2024-9158,Cordoba,Clay,32,A,2024-02-05,278,105948,,,Federico Coria,R,180.0,ARG,31.9,127157,5.0,,Daniel Altmaier,R,188.0,GER,25.3,5-7 6-3 6-4,3,R32,164.0,5.0,5.0,99.0,71.0,46.0,12.0,16.0,2.0,7.0,0.0,6.0,96.0,48.0,29.0,22.0,15.0,8.0,14.0,93.0,638.0,52.0,946.0,2024
2024-9158,Cordoba,Clay,32,A,2024-02-05,277,105870,7.0,,Yannick Hanfmann,R,193.0,GER,32.2,122669,,,Juan Pablo Varillas,R,185.0,PER,28.3,5-7 7-6(1) 6-1,3,R32,170.0,3.0,3.0,102.0,61.0,43.0,22.0,16.0,6.0,10.0,3.0,1.0,93.0,42.0,25.0,28.0,15.0,3.0,8.0,59.0,889.0,85.0,684.0,2024
2024-9158,Cordoba,Clay,32,A,2024-02-05,295,209260,,Q,Luciano Darderi,R,183.0,ITA,21.9,105870,7.0,,Yannick Hanfmann,R,193.0,GER,32.2,7-6(2) 6-1,3,QF,98.0,5.0,1.0,68.0,43.0,32.0,11.0,9.0,5.0,7.0,5.0,1.0,57.0,34.0,20.0,10.0,10.0,6.0,11.0,136.0,491.0,59.0,889.0,2024
2024-9158,Cordoba,Clay,32,A,2024-02-05,296,105948,,,Federico Coria,R,180.0,ARG,31.9,144869,3.0,,Tomas Martin Etcheverry,R,196.0,ARG,24.5,6-3 6-4,3,QF,109.0,1.0,0.0,51.0,30.0,27.0,14.0,10.0,0.0,0.0,4.0,2.0,62.0,33.0,24.0,14.0,9.0,6.0,8.0,93.0,638.0,29.0,1430.0,2024
2024-9158,Cordoba,Clay,32,A,2024-02-05,297,105487,,Q,Facundo Bagnis,L,183.0,ARG,33.9,144719,,,Jaume Munar,R,183.0,ESP,26.7,7-5 6-4,3,QF,144.0,1.0,0.0,81.0,53.0,35.0,13.0,11.0,9.0,12.0,3.0,3.0,71.0,52.0,27.0,11.0,11.0,7.0,12.0,207.0,295.0,74.0,746.0,2024
2024-9158,Cordoba,Clay,32,A,2024-02-05,276,208882,,Q,Roman Andres Burruchaga,R,183.0,ARG,22.0,106043,,,Diego Schwartzman,R,170.0,ARG,31.4,6-1 4-6 6-4,3,R32,138.0,0.0,4.0,99.0,65.0,43.0,14.0,14.0,2.0,6.0,2.0,6.0,75.0,49.0,28.0,9.0,13.0,4.0,10.0,170.0,359.0,117.0,538.0,2024
2024-9158,Cordoba,Clay,32,A,2024-02-05,275,209260,,Q,Luciano Darderi,R,183.0,ITA,21.9,144642,,,Tomas Barrios Vera,R,191.0,CHI,26.1,4-6 6-1 6-2,3,R32,116.0,6.0,2.0,69.0,42.0,35.0,16.0,13.0,0.0,1.0,3.0,5.0,72.0,48.0,34.0,10.0,12.0,3.0,7.0,136.0,491.0,108.0,578.0,2024
2024-9158,Cordoba,Clay,32,A,2024-02-05,273,202058,,LL,Thiago Agustin Tirante,R,185.0,ARG,22.8,207681,,WC,Francisco Comesana,R,178.0,ARG,23.3,6-1 7-6(4),3,R32,118.0,2.0,1.0,82.0,55.0,39.0,14.0,10.0,5.0,6.0,1.0,3.0,63.0,39.0,26.0,13.0,9.0,3.0,6.0,109.0,573.0,120.0,534.0,2024
2024-9158,Cordoba,Clay,32,A,2024-02-05,272,207680,,,Facundo Diaz Acosta,L,183.0,ARG,23.1,144870,,Q,Federico Agustin Gomez,R,191.0,ARG,27.1,6-1 6-4,3,R32,91.0,1.0,4.0,49.0,25.0,21.0,14.0,9.0,3.0,4.0,1.0,6.0,61.0,32.0,17.0,12.0,8.0,10.0,14.0,95.0,634.0,365.0,135.0,2024
2024-9158,Cordoba,Clay,32,A,2024-02-05,271,106198,,,Hugo Dellien,R,180.0,BOL,30.6,205734,,,Thiago Seyboth Wild,R,185.0,BRA,23.9,6-4 2-6 6-3,3,R32,146.0,3.0,0.0,81.0,50.0,32.0,19.0,13.0,4.0,7.0,2.0,6.0,93.0,63.0,41.0,13.0,14.0,5.0,9.0,112.0,559.0,81.0,708.0,2024
2024-0424,Dallas,Hard,32,A,2024-02-05,300,126205,2.0,,Tommy Paul,R,185.0,USA,26.7,106218,,,Marcos Giron,R,180.0,USA,30.5,7-6(3) 5-7 6-3,3,F,152.0,7.0,0.0,109.0,77.0,55.0,21.0,17.0,4.0,6.0,1.0,3.0,96.0,66.0,45.0,20.0,16.0,0.0,2.0,15.0,2050.0,67.0,825.0,2024
2024-0424,Dallas,Hard,32,A,2024-02-05,299,106218,,,Marcos Giron,R,180.0,USA,30.5,105173,4.0,,Adrian Mannarino,L,180.0,FRA,35.6,6-1 6-3,3,SF,74.0,2.0,0.0,41.0,28.0,24.0,9.0,8.0,1.0,1.0,5.0,2.0,55.0,34.0,20.0,8.0,8.0,4.0,8.0,67.0,825.0,17.0,1920.0,2024
2024-0424,Dallas,Hard,32,A,2024-02-05,298,126205,2.0,,Tommy Paul,R,185.0,USA,26.7,210097,3.0,,Ben Shelton,L,193.0,USA,21.3,6-2 6-4,3,SF,79.0,2.0,0.0,59.0,37.0,27.0,14.0,9.0,3.0,3.0,2.0,2.0,57.0,35.0,23.0,9.0,9.0,5.0,8.0,15.0,2050.0,16.0,1965.0,2024
2024-0424,Dallas,Hard,32,A,2024-02-05,297,106218,,,Marcos Giron,R,180.0,USA,30.5,126207,1.0,,Frances Tiafoe,R,188.0,USA,26.0,6-1 6-4,3,QF,63.0,7.0,0.0,45.0,35.0,30.0,7.0,9.0,0.0,0.0,5.0,1.0,53.0,32.0,22.0,7.0,8.0,3.0,6.0,67.0,825.0,14.0,2060.0,2024
2024-9158,Cordoba,Clay,32,A,2024-02-05,289,105870,7.0,,Yannick Hanfmann,R,193.0,GER,32.2,208882,,Q,Roman Andres Burruchaga,R,183.0,ARG,22.0,3-6 6-1 6-4,3,R16,131.0,3.0,2.0,78.0,52.0,34.0,10.0,13.0,5.0,9.0,2.0,3.0,88.0,52.0,35.0,12.0,13.0,12.0,18.0,59.0,889.0,170.0,359.0,2024
2024-0424,Dallas,Hard,32,A,2024-02-05,295,210097,3.0,,Ben Shelton,L,193.0,USA,21.3,111442,7.0,,Jordan Thompson,R,183.0,AUS,29.7,6-7(2) 6-4 6-4,3,QF,150.0,11.0,2.0,104.0,70.0,55.0,21.0,16.0,6.0,6.0,11.0,0.0,85.0,56.0,41.0,21.0,16.0,2.0,4.0,16.0,1965.0,44.0,1022.0,2024
2024-0424,Dallas,Hard,32,A,2024-02-05,293,126207,1.0,,Frances Tiafoe,R,188.0,USA,26.0,210506,,,Alex Michelsen,R,193.0,USA,19.4,6-4 6-3,3,R16,78.0,1.0,1.0,56.0,34.0,26.0,9.0,9.0,4.0,6.0,9.0,4.0,58.0,39.0,21.0,7.0,10.0,3.0,8.0,14.0,2060.0,75.0,741.0,2024
2024-9158,Cordoba,Clay,32,A,2024-02-05,300,209260,,Q,Luciano Darderi,R,183.0,ITA,21.9,105487,,Q,Facundo Bagnis,L,183.0,ARG,33.9,6-1 6-4,3,F,84.0,8.0,0.0,50.0,27.0,21.0,14.0,9.0,1.0,2.0,1.0,1.0,60.0,37.0,19.0,10.0,8.0,6.0,10.0,136.0,491.0,207.0,295.0,2024
2024-0496,Marseille,Hard,32,A,2024-02-05,300,200005,4.0,,Ugo Humbert,L,188.0,FRA,25.6,105777,2.0,,Grigor Dimitrov,R,191.0,BUL,32.7,6-4 6-3,3,F,83.0,10.0,1.0,55.0,38.0,33.0,10.0,10.0,2.0,2.0,6.0,2.0,57.0,38.0,30.0,7.0,9.0,2.0,4.0,21.0,1775.0,13.0,2785.0,2024
2024-0496,Marseille,Hard,32,A,2024-02-05,296,200005,4.0,,Ugo Humbert,L,188.0,FRA,25.6,200221,5.0,,Alejandro Davidovich Fokina,R,183.0,ESP,24.6,6-1 6-4,3,QF,69.0,7.0,0.0,45.0,26.0,24.0,12.0,9.0,0.0,0.0,1.0,3.0,52.0,39.0,23.0,6.0,8.0,5.0,8.0,21.0,1775.0,24.0,1535.0,2024
2024-0496,Marseille,Hard,32,A,2024-02-05,297,128034,1.0,,Hubert Hurkacz,R,196.0,POL,26.9,207830,,,Tomas Machac,R,183.0,CZE,23.3,6-3 6-4,3,QF,62.0,11.0,2.0,49.0,31.0,28.0,12.0,10.0,0.0,0.0,7.0,1.0,50.0,34.0,24.0,10.0,9.0,2.0,4.0,8.0,3540.0,66.0,838.0,2024
2024-0496,Marseille,Hard,32,A,2024-02-05,299,200005,4.0,,Ugo Humbert,L,188.0,FRA,25.6,128034,1.0,,Hubert Hurkacz,R,196.0,POL,26.9,6-4 6-4,3,SF,82.0,7.0,1.0,60.0,46.0,37.0,8.0,10.0,3.0,3.0,9.0,2.0,51.0,32.0,28.0,7.0,10.0,0.0,2.0,21.0,1775.0,8.0,3540.0,2024
2024-0496,Marseille,Hard,32,A,2024-02-05,271,200624,,,Sebastian Korda,R,196.0,USA,23.5,126409,,Q,Hugo Grenier,R,196.0,FRA,27.8,6-3 2-6 7-6(3),3,R32,128.0,10.0,2.0,84.0,53.0,38.0,17.0,14.0,2.0,5.0,7.0,8.0,97.0,65.0,48.0,15.0,15.0,8.0,11.0,34.0,1220.0,155.0,411.0,2024
2024-0496,Marseille,Hard,32,A,2024-02-05,272,126239,,Alt,Arthur Rinderknech,R,196.0,FRA,28.5,202195,,Q,Maxime Cressy,R,201.0,USA,26.7,6-7(6) 7-5 6-2,3,R32,155.0,10.0,2.0,96.0,71.0,53.0,15.0,16.0,2.0,3.0,14.0,12.0,104.0,55.0,38.0,28.0,16.0,7.0,11.0,94.0,635.0,128.0,505.0,2024
2024-0496,Marseille,Hard,32,A,2024-02-05,273,208103,8.0,,Jiri Lehecka,R,185.0,CZE,22.2,105676,,Q,David Goffin,R,180.0,BEL,33.1,3-6 7-5 6-2,3,R32,111.0,10.0,1.0,87.0,68.0,46.0,9.0,15.0,6.0,9.0,6.0,1.0,77.0,46.0,29.0,17.0,14.0,5.0,9.0,32.0,1245.0,134.0,496.0,2024
2024-0496,Marseille,Hard,32,A,2024-02-05,275,105138,,,Roberto Bautista Agut,R,183.0,ESP,35.8,104755,,,Richard Gasquet,R,183.0,FRA,37.6,6-3 7-5,3,R32,111.0,9.0,1.0,77.0,52.0,38.0,14.0,11.0,5.0,5.0,3.0,4.0,64.0,29.0,21.0,19.0,10.0,3.0,5.0,102.0,606.0,131.0,500.0,2024
2024-0496,Marseille,Hard,32,A,2024-02-05,276,111190,,,Zhizhen Zhang,R,193.0,CHN,27.3,206748,,LL,Giulio Zeppieri,L,183.0,ITA,22.1,6-7(7) 6-1 6-4,3,R32,129.0,10.0,3.0,91.0,63.0,52.0,15.0,15.0,4.0,4.0,4.0,2.0,83.0,51.0,35.0,19.0,14.0,1.0,4.0,50.0,951.0,111.0,560.0,2024
2024-0496,Marseille,Hard,32,A,2024-02-05,277,200000,7.0,,Felix Auger Aliassime,R,193.0,CAN,23.4,111460,,WC,Quentin Halys,R,191.0,FRA,27.2,6-2 7-5,3,R32,78.0,8.0,2.0,51.0,29.0,27.0,14.0,10.0,1.0,1.0,10.0,3.0,64.0,37.0,27.0,9.0,10.0,2.0,5.0,28.0,1445.0,101.0,615.0,2024
2024-0496,Marseille,Hard,32,A,2024-02-05,278,200221,5.0,,Alejandro Davidovich Fokina,R,183.0,ESP,24.6,106296,,,Gregoire Barrere,R,183.0,FRA,29.9,4-6 6-4 6-4,3,R32,124.0,4.0,1.0,100.0,66.0,51.0,15.0,15.0,5.0,7.0,8.0,2.0,78.0,49.0,40.0,11.0,15.0,1.0,4.0,24.0,1535.0,105.0,596.0,2024
2024-0496,Marseille,Hard,32,A,2024-02-05,279,200325,,,Emil Ruusuvuori,R,188.0,FIN,24.8,209414,,,Luca Van Assche,R,178.0,FRA,19.7,7-6(2) 6-4,3,R32,92.0,8.0,3.0,57.0,31.0,28.0,18.0,11.0,1.0,2.0,5.0,2.0,66.0,36.0,24.0,19.0,11.0,3.0,5.0,55.0,926.0,68.0,814.0,2024
2024-0496,Marseille,Hard,32,A,2024-02-05,280,200384,,Q,Hugo Gaston,L,173.0,FRA,23.3,133430,,WC,Denis Shapovalov,L,185.0,CAN,24.8,7-5 1-6 6-3,3,R32,114.0,3.0,2.0,85.0,59.0,39.0,15.0,14.0,3.0,7.0,17.0,8.0,91.0,57.0,39.0,13.0,14.0,10.0,14.0,86.0,684.0,127.0,505.0,2024
2024-0496,Marseille,Hard,32,A,2024-02-05,282,207518,6.0,,Lorenzo Musetti,R,185.0,ITA,21.9,109739,,Alt,Maximilian Marterer,L,188.0,GER,28.6,6-4 6-2,3,R32,107.0,2.0,1.0,57.0,27.0,20.0,15.0,9.0,3.0,5.0,3.0,2.0,73.0,38.0,22.0,13.0,9.0,9.0,14.0,27.0,1480.0,99.0,616.0,2024
2024-0496,Marseille,Hard,32,A,2024-02-05,295,111575,3.0,,Karen Khachanov,R,198.0,RUS,27.7,111190,,,Zhizhen Zhang,R,193.0,CHN,27.3,6-4 6-1,3,QF,61.0,7.0,0.0,43.0,32.0,28.0,8.0,9.0,0.0,0.0,7.0,2.0,45.0,30.0,20.0,7.0,8.0,2.0,5.0,18.0,1910.0,50.0,951.0,2024
2024-0496,Marseille,Hard,32,A,2024-02-05,284,207686,,,Alexander Shevchenko,R,185.0,KAZ,23.1,126127,,WC,Benjamin Bonzi,R,183.0,FRA,27.6,7-6(4) 6-4,3,R32,85.0,7.0,4.0,72.0,44.0,33.0,16.0,11.0,3.0,4.0,6.0,0.0,63.0,43.0,31.0,10.0,11.0,1.0,3.0,56.0,915.0,126.0,508.0,2024
2024-0496,Marseille,Hard,32,A,2024-02-05,294,105777,2.0,,Grigor Dimitrov,R,191.0,BUL,32.7,126239,,Alt,Arthur Rinderknech,R,196.0,FRA,28.5,6-3 7-6(3),3,QF,86.0,10.0,2.0,57.0,37.0,35.0,14.0,11.0,0.0,0.0,13.0,0.0,58.0,39.0,32.0,10.0,10.0,3.0,4.0,13.0,2785.0,94.0,635.0,2024
2024-0496,Marseille,Hard,32,A,2024-02-05,283,207830,,,Tomas Machac,R,183.0,CZE,23.3,104918,,,Andy Murray,R,191.0,GBR,36.7,7-5 6-4,3,R32,97.0,3.0,2.0,62.0,40.0,33.0,12.0,11.0,2.0,3.0,3.0,2.0,59.0,29.0,21.0,17.0,11.0,2.0,5.0,66.0,838.0,49.0,970.0,2024
2024-0496,Marseille,Hard,32,A,2024-02-05,298,105777,2.0,,Grigor Dimitrov,R,191.0,BUL,32.7,111575,3.0,,Karen Khachanov,R,198.0,RUS,27.7,6-7(3) 6-4 7-6(5),3,SF,177.0,19.0,7.0,118.0,73.0,60.0,21.0,17.0,4.0,6.0,10.0,3.0,119.0,71.0,55.0,20.0,17.0,5.0,8.0,13.0,2785.0,18.0,1910.0,2024
2024-0496,Marseille,Hard,32,A,2024-02-05,292,207830,,,Tomas Machac,R,183.0,CZE,23.3,207518,6.0,,Lorenzo Musetti,R,185.0,ITA,21.9,6-3 6-2,3,R16,83.0,6.0,1.0,66.0,45.0,29.0,12.0,9.0,5.0,6.0,2.0,0.0,46.0,28.0,17.0,7.0,8.0,1.0,5.0,66.0,838.0,27.0,1480.0,2024
2024-0496,Marseille,Hard,32,A,2024-02-05,291,200005,4.0,,Ugo Humbert,L,188.0,FRA,25.6,200384,,Q,Hugo Gaston,L,173.0,FRA,23.3,2-6 6-1 6-3,3,R16,109.0,5.0,1.0,68.0,35.0,25.0,17.0,12.0,6.0,9.0,1.0,4.0,76.0,42.0,29.0,11.0,12.0,6.0,11.0,21.0,1775.0,86.0,684.0,2024
2024-0496,Marseille,Hard,32,A,2024-02-05,293,128034,1.0,,Hubert Hurkacz,R,196.0,POL,26.9,207686,,,Alexander Shevchenko,R,185.0,KAZ,23.1,6-1 6-4,3,R16,65.0,13.0,1.0,47.0,27.0,22.0,12.0,9.0,3.0,5.0,3.0,0.0,58.0,33.0,20.0,6.0,8.0,3.0,8.0,8.0,3540.0,56.0,915.0,2024
2024-0496,Marseille,Hard,32,A,2024-02-05,289,111190,,,Zhizhen Zhang,R,193.0,CHN,27.3,200000,7.0,,Felix Auger Aliassime,R,193.0,CAN,23.4,6-4 6-4,3,R16,88.0,6.0,4.0,58.0,39.0,30.0,10.0,10.0,3.0,4.0,4.0,4.0,60.0,36.0,24.0,10.0,10.0,1.0,4.0,50.0,951.0,28.0,1445.0,2024
2024-0496,Marseille,Hard,32,A,2024-02-05,288,111575,3.0,,Karen Khachanov,R,198.0,RUS,27.7,105138,,,Roberto Bautista Agut,R,183.0,ESP,35.8,6-2 6-2,3,R16,76.0,14.0,0.0,48.0,31.0,25.0,9.0,8.0,1.0,1.0,5.0,2.0,46.0,31.0,21.0,4.0,8.0,0.0,4.0,18.0,1910.0,102.0,606.0,2024
2024-0496,Marseille,Hard,32,A,2024-02-05,287,126239,,Alt,Arthur Rinderknech,R,196.0,FRA,28.5,208103,8.0,,Jiri Lehecka,R,185.0,CZE,22.2,7-5 7-6(5),3,R16,116.0,10.0,0.0,76.0,47.0,38.0,12.0,12.0,4.0,6.0,2.0,3.0,74.0,48.0,34.0,12.0,12.0,4.0,7.0,94.0,635.0,32.0,1245.0,2024
2024-0496,Marseille,Hard,32,A,2024-02-05,286,105777,2.0,,Grigor Dimitrov,R,191.0,BUL,32.7,200624,,,Sebastian Korda,R,196.0,USA,23.5,6-1 7-6(5),3,R16,92.0,8.0,1.0,60.0,36.0,29.0,16.0,10.0,2.0,3.0,7.0,0.0,58.0,31.0,22.0,12.0,9.0,3.0,6.0,13.0,2785.0,34.0,1220.0,2024
2024-0496,Marseille,Hard,32,A,2024-02-05,290,200221,5.0,,Alejandro Davidovich Fokina,R,183.0,ESP,24.6,200325,,,Emil Ruusuvuori,R,188.0,FIN,24.8,6-3 7-5,3,R16,96.0,9.0,1.0,69.0,52.0,38.0,8.0,10.0,4.0,5.0,2.0,3.0,75.0,43.0,28.0,15.0,11.0,3.0,7.0,24.0,1535.0,55.0,926.0,2024
2024-0499,Delray Beach,Hard,32,A,2024-02-12,277,111442,,,Jordan Thompson,R,183.0,AUS,29.8,105554,7.0,,Daniel Evans,R,175.0,GBR,33.7,7-5 6-0,3,R32,91.0,10.0,2.0,46.0,29.0,27.0,10.0,9.0,1.0,1.0,1.0,4.0,53.0,29.0,18.0,10.0,9.0,2.0,6.0,42.0,1047.0,44.0,1041.0,2024
2024-0499,Delray Beach,Hard,32,A,2024-02-12,280,106218,,,Marcos Giron,R,180.0,USA,30.5,207182,,WC,Emilio Nava,R,185.0,USA,22.1,6-4 7-6(5),3,R32,88.0,1.0,1.0,64.0,47.0,40.0,10.0,11.0,0.0,0.0,9.0,5.0,73.0,46.0,34.0,13.0,11.0,5.0,6.0,52.0,945.0,144.0,443.0,2024
2024-0499,Delray Beach,Hard,32,A,2024-02-12,279,106005,,,Constant Lestienne,R,180.0,FRA,31.7,126846,,,Aleksandar Vukic,R,188.0,AUS,27.8,6-4 6-4,3,R32,86.0,4.0,2.0,72.0,38.0,28.0,18.0,10.0,4.0,5.0,6.0,2.0,52.0,27.0,20.0,12.0,10.0,1.0,4.0,104.0,599.0,69.0,810.0,2024
2024-0499,Delray Beach,Hard,32,A,2024-02-12,278,200516,,WC,Patrick Kypson,R,188.0,USA,24.2,200175,5.0,,Miomir Kecmanovic,R,183.0,SRB,24.4,6-4 7-6(3),3,R32,90.0,12.0,0.0,64.0,41.0,37.0,11.0,11.0,2.0,3.0,9.0,1.0,64.0,45.0,32.0,12.0,11.0,3.0,5.0,155.0,404.0,40.0,1080.0,2024
2024-0499,Delray Beach,Hard,32,A,2024-02-12,276,134457,,Q,Nicolas Moreno De Alboran,R,185.0,USA,26.5,206499,,WC,Aleksandar Kovacevic,R,183.0,USA,25.4,6-2 7-6(3),3,R32,92.0,5.0,2.0,63.0,39.0,33.0,15.0,10.0,2.0,2.0,5.0,1.0,60.0,33.0,27.0,10.0,10.0,0.0,2.0,149.0,418.0,102.0,616.0,2024
2024-0499,Delray Beach,Hard,32,A,2024-02-12,271,105430,,Q,Radu Albot,R,175.0,MDA,34.2,209992,,,Juncheng Shang,L,180.0,CHN,19.0,4-6 6-4 6-2,3,R32,153.0,6.0,4.0,92.0,63.0,42.0,13.0,14.0,9.0,13.0,8.0,7.0,109.0,69.0,43.0,15.0,14.0,14.0,20.0,137.0,475.0,139.0,465.0,2024
2024-0499,Delray Beach,Hard,32,A,2024-02-12,273,208260,,Q,Zachary Svajda,R,175.0,USA,21.2,126845,8.0,,Max Purcell,R,185.0,AUS,25.8,7-5 6-3,3,R32,96.0,5.0,6.0,82.0,55.0,40.0,12.0,11.0,7.0,8.0,1.0,2.0,58.0,25.0,17.0,17.0,10.0,3.0,6.0,146.0,430.0,41.0,1051.0,2024
2024-0499,Delray Beach,Hard,32,A,2024-02-12,272,207925,,LL,Flavio Cobolli,R,183.0,ITA,21.7,106121,,,Taro Daniel,R,191.0,JPN,31.0,1-6 6-2 7-6(1),3,R32,143.0,7.0,2.0,95.0,43.0,29.0,29.0,13.0,10.0,13.0,7.0,1.0,88.0,51.0,37.0,16.0,14.0,3.0,6.0,72.0,779.0,63.0,870.0,2024
2024-0499,Delray Beach,Hard,32,A,2024-02-12,282,208286,6.0,,Matteo Arnaldi,R,185.0,ITA,22.9,106415,,,Yoshihito Nishioka,L,170.0,JPN,28.3,4-6 6-4 6-3,3,R32,142.0,21.0,2.0,108.0,68.0,48.0,21.0,15.0,7.0,9.0,0.0,0.0,79.0,53.0,41.0,13.0,14.0,5.0,8.0,43.0,1046.0,77.0,720.0,2024
2024-0506,Buenos Aires,Clay,32,A,2024-02-12,300,207680,,WC,Facundo Diaz Acosta,L,183.0,ARG,23.1,111797,3.0,,Nicolas Jarry,R,201.0,CHI,28.3,6-3 6-4,3,F,104.0,2.0,2.0,70.0,52.0,38.0,11.0,10.0,6.0,6.0,1.0,1.0,54.0,37.0,26.0,8.0,9.0,3.0,5.0,87.0,677.0,21.0,1810.0,2024
2024-0506,Buenos Aires,Clay,32,A,2024-02-12,299,111797,3.0,,Nicolas Jarry,R,201.0,CHI,28.3,207989,1.0,,Carlos Alcaraz,R,183.0,ESP,20.7,7-6(2) 6-3,3,SF,115.0,7.0,2.0,77.0,53.0,39.0,11.0,11.0,3.0,4.0,0.0,2.0,61.0,40.0,29.0,11.0,10.0,2.0,4.0,21.0,1810.0,2.0,9255.0,2024
2024-0506,Buenos Aires,Clay,32,A,2024-02-12,298,207680,,WC,Facundo Diaz Acosta,L,183.0,ARG,23.1,105948,,SE,Federico Coria,R,180.0,ARG,31.9,6-2 6-3,3,SF,84.0,3.0,1.0,54.0,38.0,28.0,9.0,9.0,4.0,5.0,1.0,1.0,51.0,34.0,19.0,6.0,8.0,7.0,11.0,87.0,677.0,106.0,588.0,2024
2024-0499,Delray Beach,Hard,32,A,2024-02-12,275,210506,,,Alex Michelsen,R,193.0,USA,19.4,106423,,Q,Thanasi Kokkinakis,R,193.0,AUS,27.8,6-1 6-2,3,R32,71.0,1.0,2.0,47.0,30.0,22.0,13.0,8.0,4.0,4.0,5.0,4.0,56.0,34.0,19.0,8.0,7.0,7.0,11.0,75.0,759.0,79.0,716.0,2024
2024-0499,Delray Beach,Hard,32,A,2024-02-12,283,208014,,,Rinky Hijikata,R,178.0,AUS,22.9,106281,,,Liam Broady,L,183.0,GBR,30.1,6-2 1-6 6-1,3,R32,125.0,9.0,5.0,85.0,48.0,34.0,18.0,11.0,9.0,11.0,4.0,4.0,85.0,50.0,26.0,20.0,11.0,13.0,17.0,84.0,697.0,121.0,524.0,2024
2024-0499,Delray Beach,Hard,32,A,2024-02-12,289,111442,,,Jordan Thompson,R,183.0,AUS,29.8,134457,,Q,Nicolas Moreno De Alboran,R,185.0,USA,26.5,6-2 6-2,3,R16,101.0,6.0,0.0,53.0,29.0,22.0,15.0,8.0,4.0,4.0,4.0,3.0,66.0,40.0,21.0,13.0,8.0,6.0,10.0,42.0,1047.0,149.0,418.0,2024
2024-0499,Delray Beach,Hard,32,A,2024-02-12,286,126207,2.0,,Frances Tiafoe,R,188.0,USA,26.0,105430,,Q,Radu Albot,R,175.0,MDA,34.2,7-6(5) 7-6(4),3,R16,113.0,11.0,2.0,81.0,45.0,36.0,17.0,12.0,4.0,7.0,6.0,2.0,81.0,53.0,34.0,15.0,12.0,2.0,5.0,15.0,2065.0,137.0,475.0,2024
2024-0499,Delray Beach,Hard,32,A,2024-02-12,287,207925,,LL,Flavio Cobolli,R,183.0,ITA,21.7,208260,,Q,Zachary Svajda,R,175.0,USA,21.2,6-4 6-7(1) 6-2,3,R16,134.0,4.0,6.0,97.0,57.0,41.0,19.0,15.0,4.0,6.0,4.0,1.0,105.0,71.0,45.0,16.0,15.0,8.0,13.0,72.0,779.0,146.0,430.0,2024
2024-0499,Delray Beach,Hard,32,A,2024-02-12,288,126205,3.0,,Tommy Paul,R,185.0,USA,26.7,210506,,,Alex Michelsen,R,193.0,USA,19.4,5-7 6-4 7-6(4),3,R16,180.0,15.0,5.0,112.0,63.0,51.0,22.0,17.0,9.0,11.0,2.0,6.0,125.0,74.0,52.0,23.0,17.0,6.0,8.0,14.0,2255.0,75.0,759.0,2024
2024-0499,Delray Beach,Hard,32,A,2024-02-12,290,200516,,WC,Patrick Kypson,R,188.0,USA,24.2,106005,,,Constant Lestienne,R,180.0,FRA,31.7,6-4 6-4,3,R16,87.0,8.0,3.0,56.0,31.0,25.0,13.0,10.0,3.0,5.0,7.0,2.0,65.0,37.0,24.0,14.0,10.0,3.0,7.0,155.0,404.0,104.0,599.0,2024
2024-0499,Delray Beach,Hard,32,A,2024-02-12,291,106218,,,Marcos Giron,R,180.0,USA,30.5,105173,4.0,,Adrian Mannarino,L,180.0,FRA,35.6,6-0 6-7(5) 6-1,3,R16,124.0,7.0,2.0,79.0,52.0,41.0,19.0,13.0,2.0,2.0,4.0,3.0,88.0,62.0,40.0,9.0,12.0,9.0,14.0,52.0,945.0,19.0,1975.0,2024
2024-0499,Delray Beach,Hard,32,A,2024-02-12,292,208014,,,Rinky Hijikata,R,178.0,AUS,22.9,208286,6.0,,Matteo Arnaldi,R,185.0,ITA,22.9,6-2 3-6 6-4,3,R16,151.0,4.0,2.0,100.0,65.0,43.0,20.0,13.0,8.0,9.0,14.0,7.0,98.0,52.0,39.0,19.0,14.0,7.0,10.0,84.0,697.0,43.0,1046.0,2024
2024-0499,Delray Beach,Hard,32,A,2024-02-12,293,126203,1.0,,Taylor Fritz,R,196.0,USA,26.2,132686,,,Nuno Borges,R,185.0,POR,26.9,7-6(5) 6-4,3,R16,92.0,14.0,1.0,69.0,39.0,34.0,18.0,11.0,1.0,2.0,3.0,1.0,72.0,47.0,36.0,12.0,11.0,3.0,5.0,9.0,3150.0,46.0,1004.0,2024
2024-0499,Delray Beach,Hard,32,A,2024-02-12,294,126207,2.0,,Frances Tiafoe,R,188.0,USA,26.0,207925,,LL,Flavio Cobolli,R,183.0,ITA,21.7,6-4 6-2,3,QF,68.0,4.0,1.0,47.0,29.0,23.0,13.0,9.0,2.0,3.0,7.0,3.0,62.0,39.0,25.0,7.0,9.0,7.0,11.0,15.0,2065.0,72.0,779.0,2024
2024-0499,Delray Beach,Hard,32,A,2024-02-12,295,126205,3.0,,Tommy Paul,R,185.0,USA,26.7,111442,,,Jordan Thompson,R,183.0,AUS,29.8,6-4 6-3,3,QF,92.0,1.0,2.0,54.0,28.0,23.0,13.0,10.0,2.0,4.0,3.0,3.0,61.0,30.0,18.0,15.0,9.0,4.0,8.0,14.0,2255.0,42.0,1047.0,2024
2024-0499,Delray Beach,Hard,32,A,2024-02-12,297,126203,1.0,,Taylor Fritz,R,196.0,USA,26.2,208014,,,Rinky Hijikata,R,178.0,AUS,22.9,6-3 6-3,3,QF,74.0,6.0,1.0,50.0,35.0,28.0,10.0,9.0,0.0,0.0,1.0,1.0,53.0,29.0,19.0,11.0,9.0,2.0,5.0,9.0,3150.0,84.0,697.0,2024
2024-0499,Delray Beach,Hard,32,A,2024-02-12,298,126205,3.0,,Tommy Paul,R,185.0,USA,26.7,126207,2.0,,Frances Tiafoe,R,188.0,USA,26.0,6-2 6-2,3,SF,61.0,8.0,1.0,42.0,31.0,25.0,8.0,8.0,0.0,0.0,1.0,0.0,49.0,30.0,17.0,9.0,8.0,0.0,4.0,14.0,2255.0,15.0,2065.0,2024
2024-0499,Delray Beach,Hard,32,A,2024-02-12,299,126203,1.0,,Taylor Fritz,R,196.0,USA,26.2,106218,,,Marcos Giron,R,180.0,USA,30.5,7-6(8) 6-2,3,SF,107.0,10.0,1.0,62.0,43.0,32.0,8.0,10.0,0.0,2.0,1.0,5.0,95.0,65.0,40.0,12.0,10.0,11.0,15.0,9.0,3150.0,52.0,945.0,2024
2024-0499,Delray Beach,Hard,32,A,2024-02-12,300,126203,1.0,,Taylor Fritz,R,196.0,USA,26.2,126205,3.0,,Tommy Paul,R,185.0,USA,26.7,6-2 6-3,3,F,100.0,5.0,2.0,74.0,43.0,31.0,19.0,9.0,7.0,7.0,3.0,4.0,53.0,26.0,16.0,14.0,8.0,2.0,5.0,9.0,3150.0,14.0,2255.0,2024
2024-0499,Delray Beach,Hard,32,A,2024-02-12,284,132686,,,Nuno Borges,R,185.0,POR,26.9,209113,,,Gabriel Diallo,R,203.0,CAN,22.3,6-4 7-6(1),3,R32,110.0,4.0,1.0,69.0,56.0,40.0,8.0,11.0,2.0,3.0,8.0,1.0,87.0,63.0,40.0,8.0,11.0,4.0,6.0,46.0,1004.0,136.0,481.0,2024
2024-0499,Delray Beach,Hard,32,A,2024-02-12,296,106218,,,Marcos Giron,R,180.0,USA,30.5,200516,,WC,Patrick Kypson,R,188.0,USA,24.2,6-4 6-4,3,QF,77.0,6.0,0.0,49.0,36.0,30.0,10.0,10.0,0.0,0.0,7.0,2.0,58.0,42.0,33.0,4.0,10.0,3.0,5.0,52.0,945.0,155.0,404.0,2024
2024-0506,Buenos Aires,Clay,32,A,2024-02-12,297,207989,1.0,,Carlos Alcaraz,R,183.0,ESP,20.7,131934,,Q,Andrea Vavassori,R,193.0,ITA,28.7,7-6(1) 6-1,3,QF,100.0,1.0,1.0,69.0,55.0,37.0,10.0,10.0,1.0,1.0,2.0,1.0,65.0,44.0,28.0,10.0,9.0,6.0,8.0,2.0,9255.0,152.0,414.0,2024
2024-0506,Buenos Aires,Clay,32,A,2024-02-12,294,105948,,SE,Federico Coria,R,180.0,ARG,31.9,202104,5.0,,Sebastian Baez,R,170.0,ARG,23.1,6-1 6-4,3,QF,88.0,3.0,0.0,56.0,41.0,29.0,6.0,9.0,3.0,5.0,1.0,1.0,57.0,42.0,20.0,5.0,8.0,4.0,9.0,106.0,588.0,30.0,1375.0,2024
2024-0407,Rotterdam,Hard,32,A,2024-02-12,292,105683,,PR,Milos Raonic,R,196.0,CAN,33.1,122330,8.0,,Alexander Bublik,R,196.0,KAZ,26.6,6-4 6-4,3,R16,72.0,12.0,5.0,54.0,33.0,28.0,14.0,10.0,3.0,3.0,4.0,4.0,65.0,41.0,27.0,14.0,10.0,4.0,6.0,309.0,175.0,23.0,1699.0,2024
2024-0407,Rotterdam,Hard,32,A,2024-02-12,291,134868,,,Tallon Griekspoor,R,188.0,NED,27.6,128034,4.0,,Hubert Hurkacz,R,196.0,POL,27.0,6-7(5) 7-6(5) 7-6(4),3,R16,154.0,23.0,4.0,121.0,89.0,71.0,17.0,18.0,3.0,4.0,28.0,1.0,109.0,69.0,58.0,26.0,18.0,1.0,2.0,29.0,1420.0,8.0,3595.0,2024
2024-0407,Rotterdam,Hard,32,A,2024-02-12,290,200325,,,Emil Ruusuvuori,R,188.0,FIN,24.8,105526,,,Jan Lennard Struff,R,193.0,GER,33.8,6-3 6-3,3,R16,65.0,5.0,3.0,56.0,35.0,26.0,12.0,9.0,1.0,2.0,10.0,2.0,48.0,31.0,22.0,5.0,9.0,1.0,5.0,55.0,931.0,25.0,1526.0,2024
2024-0407,Rotterdam,Hard,32,A,2024-02-12,289,105777,6.0,,Grigor Dimitrov,R,191.0,BUL,32.7,105916,,,Marton Fucsovics,R,188.0,HUN,32.0,6-3 7-5,3,R16,88.0,6.0,2.0,59.0,39.0,33.0,14.0,11.0,3.0,3.0,3.0,0.0,59.0,35.0,27.0,12.0,10.0,2.0,4.0,13.0,2905.0,86.0,682.0,2024
2024-0407,Rotterdam,Hard,32,A,2024-02-12,288,207686,,,Alexander Shevchenko,R,185.0,KAZ,23.2,208029,3.0,,Holger Rune,R,188.0,DEN,20.7,6-4 1-6 6-3,3,R16,96.0,6.0,1.0,80.0,53.0,43.0,9.0,13.0,4.0,6.0,9.0,0.0,67.0,40.0,34.0,15.0,13.0,1.0,3.0,57.0,920.0,7.0,3695.0,2024
2024-0407,Rotterdam,Hard,32,A,2024-02-12,287,200282,5.0,,Alex De Minaur,R,183.0,AUS,24.9,105676,,Q,David Goffin,R,180.0,BEL,33.1,6-3 6-1,3,R16,82.0,4.0,0.0,48.0,29.0,20.0,9.0,8.0,5.0,7.0,1.0,4.0,64.0,39.0,20.0,7.0,8.0,5.0,11.0,11.0,2970.0,133.0,498.0,2024
2024-0407,Rotterdam,Hard,32,A,2024-02-12,286,126094,2.0,,Andrey Rublev,R,188.0,RUS,26.3,200000,,,Felix Auger Aliassime,R,193.0,CAN,23.5,3-6 7-6(6) 7-5,3,R16,153.0,5.0,2.0,100.0,59.0,40.0,29.0,16.0,4.0,5.0,20.0,5.0,109.0,70.0,56.0,19.0,17.0,4.0,5.0,5.0,5050.0,28.0,1460.0,2024
2024-0407,Rotterdam,Hard,32,A,2024-02-12,285,206173,1.0,,Jannik Sinner,R,191.0,ITA,22.4,122298,,,Botic Van De Zandschulp,R,191.0,NED,28.3,6-3 6-3,3,R32,86.0,4.0,2.0,47.0,32.0,28.0,9.0,9.0,3.0,3.0,5.0,1.0,71.0,46.0,32.0,8.0,9.0,5.0,8.0,4.0,8070.0,66.0,855.0,2024
2024-0407,Rotterdam,Hard,32,A,2024-02-12,284,104792,,WC,Gael Monfils,R,193.0,FRA,37.4,133430,,Q,Denis Shapovalov,L,185.0,CAN,24.8,7-6(4) 7-6(5),3,R32,97.0,4.0,0.0,80.0,53.0,41.0,20.0,12.0,3.0,3.0,14.0,2.0,79.0,46.0,38.0,18.0,12.0,1.0,1.0,70.0,787.0,127.0,505.0,2024
2024-0407,Rotterdam,Hard,32,A,2024-02-12,283,105683,,PR,Milos Raonic,R,196.0,CAN,33.1,207411,,WC,Jesper De Jong,R,180.0,NED,23.7,7-6(5) 6-4,3,R32,102.0,20.0,7.0,66.0,37.0,36.0,15.0,11.0,1.0,1.0,7.0,4.0,79.0,44.0,37.0,17.0,11.0,7.0,8.0,309.0,175.0,141.0,463.0,2024
2024-0407,Rotterdam,Hard,32,A,2024-02-12,282,122330,8.0,,Alexander Bublik,R,196.0,KAZ,26.6,106432,,,Borna Coric,R,188.0,CRO,27.2,6-3 6-4,3,R32,111.0,13.0,7.0,84.0,44.0,34.0,20.0,10.0,5.0,5.0,3.0,1.0,77.0,50.0,33.0,13.0,9.0,6.0,8.0,23.0,1699.0,31.0,1274.0,2024
2024-0407,Rotterdam,Hard,32,A,2024-02-12,281,128034,4.0,,Hubert Hurkacz,R,196.0,POL,27.0,208103,,,Jiri Lehecka,R,185.0,CZE,22.2,6-3 6-7(9) 7-6(9),3,R32,138.0,18.0,1.0,116.0,79.0,66.0,22.0,17.0,3.0,3.0,14.0,2.0,105.0,73.0,64.0,16.0,16.0,1.0,2.0,8.0,3595.0,32.0,1250.0,2024
2024-0407,Rotterdam,Hard,32,A,2024-02-12,280,134868,,,Tallon Griekspoor,R,188.0,NED,27.6,207518,,,Lorenzo Musetti,R,185.0,ITA,21.9,3-6 7-6(7) 7-6(3),3,R32,173.0,19.0,3.0,116.0,68.0,55.0,26.0,16.0,11.0,13.0,8.0,1.0,109.0,69.0,52.0,25.0,17.0,3.0,4.0,29.0,1420.0,26.0,1480.0,2024
2024-0407,Rotterdam,Hard,32,A,2024-02-12,279,105526,,,Jan Lennard Struff,R,193.0,GER,33.8,200221,,,Alejandro Davidovich Fokina,R,183.0,ESP,24.6,4-6 7-6(5) 7-6(4),3,R32,145.0,16.0,4.0,107.0,58.0,49.0,28.0,17.0,7.0,9.0,15.0,3.0,120.0,76.0,59.0,23.0,17.0,2.0,3.0,25.0,1526.0,24.0,1575.0,2024
2024-0407,Rotterdam,Hard,32,A,2024-02-12,278,200325,,,Emil Ruusuvuori,R,188.0,FIN,24.8,200005,7.0,,Ugo Humbert,L,188.0,FRA,25.6,7-6(5) 4-6 6-3,3,R32,140.0,6.0,3.0,110.0,67.0,50.0,24.0,16.0,3.0,5.0,10.0,1.0,87.0,66.0,48.0,12.0,15.0,2.0,4.0,55.0,931.0,18.0,1990.0,2024
2024-0407,Rotterdam,Hard,32,A,2024-02-12,277,105777,6.0,,Grigor Dimitrov,R,191.0,BUL,32.7,132283,,,Lorenzo Sonego,R,191.0,ITA,28.7,7-6(4) 6-3,3,R32,93.0,6.0,3.0,62.0,39.0,39.0,9.0,11.0,3.0,4.0,5.0,1.0,62.0,44.0,34.0,6.0,10.0,4.0,6.0,13.0,2905.0,48.0,975.0,2024
2024-0407,Rotterdam,Hard,32,A,2024-02-12,276,105916,,,Marton Fucsovics,R,188.0,HUN,32.0,206681,,,Fabian Marozsan,R,193.0,HUN,24.3,7-6(5) 6-1,3,R32,91.0,11.0,0.0,78.0,50.0,37.0,15.0,10.0,7.0,8.0,0.0,1.0,53.0,29.0,18.0,14.0,9.0,2.0,5.0,86.0,682.0,61.0,896.0,2024
2024-0407,Rotterdam,Hard,32,A,2024-02-12,275,207686,,,Alexander Shevchenko,R,185.0,KAZ,23.2,111190,,,Zhizhen Zhang,R,193.0,CHN,27.3,4-6 6-4 6-3,3,R32,115.0,13.0,0.0,87.0,55.0,38.0,20.0,14.0,5.0,7.0,5.0,1.0,91.0,58.0,37.0,19.0,15.0,4.0,8.0,57.0,920.0,47.0,991.0,2024
2024-0407,Rotterdam,Hard,32,A,2024-02-12,274,208029,3.0,,Holger Rune,R,188.0,DEN,20.7,126128,,,Roman Safiullin,R,185.0,RUS,26.5,6-4 2-6 6-1,3,R32,113.0,6.0,3.0,81.0,51.0,35.0,19.0,13.0,6.0,8.0,9.0,1.0,81.0,46.0,35.0,15.0,12.0,7.0,10.0,7.0,3695.0,39.0,1090.0,2024
2024-0407,Rotterdam,Hard,32,A,2024-02-12,273,200282,5.0,,Alex De Minaur,R,183.0,AUS,24.9,200624,,,Sebastian Korda,R,196.0,USA,23.6,6-4 6-3,3,R32,82.0,5.0,1.0,57.0,38.0,33.0,10.0,10.0,4.0,4.0,11.0,1.0,72.0,44.0,32.0,10.0,9.0,6.0,8.0,11.0,2970.0,33.0,1245.0,2024
2024-0407,Rotterdam,Hard,32,A,2024-02-12,272,105676,,Q,David Goffin,R,180.0,BEL,33.1,209976,,WC,Dino Prizmic,R,188.0,CRO,18.5,6-4 6-7(12) 6-1,3,R32,175.0,8.0,2.0,115.0,67.0,46.0,20.0,15.0,5.0,9.0,2.0,1.0,91.0,57.0,32.0,19.0,14.0,5.0,12.0,133.0,498.0,171.0,361.0,2024
2024-0407,Rotterdam,Hard,32,A,2024-02-12,271,200000,,,Felix Auger Aliassime,R,193.0,CAN,23.5,202195,,Q,Maxime Cressy,R,201.0,USA,26.7,7-6(3) 7-6(8),3,R32,140.0,18.0,4.0,85.0,57.0,43.0,18.0,12.0,1.0,1.0,7.0,4.0,85.0,57.0,44.0,17.0,12.0,5.0,5.0,28.0,1460.0,170.0,368.0,2024
2024-0407,Rotterdam,Hard,32,A,2024-02-12,270,126094,2.0,,Andrey Rublev,R,188.0,RUS,26.3,200267,,Q,Zizou Bergs,R,185.0,BEL,24.6,7-5 6-3,3,R32,82.0,3.0,2.0,68.0,43.0,31.0,17.0,11.0,3.0,3.0,8.0,4.0,60.0,42.0,31.0,7.0,10.0,1.0,3.0,5.0,5050.0,132.0,499.0,2024
2024-0407,Rotterdam,Hard,32,A,2024-02-12,293,206173,1.0,,Jannik Sinner,R,191.0,ITA,22.4,104792,,WC,Gael Monfils,R,193.0,FRA,37.4,6-3 3-6 6-3,3,R16,112.0,3.0,2.0,72.0,49.0,37.0,17.0,14.0,0.0,1.0,6.0,4.0,80.0,47.0,33.0,18.0,13.0,3.0,5.0,4.0,8070.0,70.0,787.0,2024
2024-0407,Rotterdam,Hard,32,A,2024-02-12,294,200282,5.0,,Alex De Minaur,R,183.0,AUS,24.9,126094,2.0,,Andrey Rublev,R,188.0,RUS,26.3,7-6(5) 4-6 6-3,3,QF,151.0,10.0,4.0,111.0,57.0,44.0,28.0,16.0,5.0,6.0,7.0,4.0,107.0,71.0,51.0,18.0,15.0,2.0,3.0,11.0,2970.0,5.0,5050.0,2024
2024-0407,Rotterdam,Hard,32,A,2024-02-12,295,105777,6.0,,Grigor Dimitrov,R,191.0,BUL,32.7,207686,,,Alexander Shevchenko,R,185.0,KAZ,23.2,7-6(2) 3-6 6-4,3,QF,120.0,8.0,2.0,86.0,61.0,49.0,14.0,15.0,0.0,1.0,15.0,1.0,100.0,63.0,48.0,21.0,16.0,2.0,3.0,13.0,2905.0,57.0,920.0,2024
2024-0407,Rotterdam,Hard,32,A,2024-02-12,296,134868,,,Tallon Griekspoor,R,188.0,NED,27.6,200325,,,Emil Ruusuvuori,R,188.0,FIN,24.8,7-5 7-6(4),3,QF,103.0,13.0,6.0,73.0,46.0,39.0,14.0,12.0,1.0,1.0,3.0,1.0,76.0,54.0,42.0,12.0,12.0,4.0,5.0,29.0,1420.0,55.0,931.0,2024
2024-0506,Buenos Aires,Clay,32,A,2024-02-12,293,207989,1.0,,Carlos Alcaraz,R,183.0,ESP,20.7,200116,,Q,Camilo Ugo Carabelli,R,185.0,ARG,24.6,6-2 7-5,3,R16,105.0,1.0,5.0,61.0,44.0,31.0,2.0,10.0,5.0,9.0,0.0,5.0,76.0,51.0,25.0,6.0,10.0,11.0,18.0,2.0,9255.0,134.0,494.0,2024
2024-0506,Buenos Aires,Clay,32,A,2024-02-12,292,131934,,Q,Andrea Vavassori,R,193.0,ITA,28.7,111513,7.0,,Laslo Djere,R,188.0,SRB,28.6,6-4 7-5,3,R16,91.0,3.0,1.0,60.0,42.0,31.0,11.0,11.0,3.0,5.0,4.0,3.0,56.0,31.0,21.0,10.0,11.0,0.0,4.0,152.0,414.0,35.0,1215.0,2024
2024-0506,Buenos Aires,Clay,32,A,2024-02-12,291,111797,3.0,,Nicolas Jarry,R,201.0,CHI,28.3,104527,,,Stan Wawrinka,R,183.0,SUI,38.8,6-7(3) 6-2 7-6(5),3,R16,171.0,11.0,3.0,102.0,61.0,45.0,25.0,16.0,5.0,7.0,8.0,3.0,102.0,54.0,40.0,25.0,16.0,4.0,8.0,21.0,1810.0,60.0,907.0,2024
2024-0506,Buenos Aires,Clay,32,A,2024-02-12,290,144869,6.0,,Tomas Martin Etcheverry,R,196.0,ARG,24.5,123755,,Q,Daniel Elahi Galan,R,191.0,COL,27.6,6-3 6-0,3,R16,83.0,3.0,0.0,37.0,18.0,14.0,12.0,7.0,0.0,1.0,0.0,0.0,49.0,25.0,12.0,8.0,8.0,6.0,12.0,27.0,1465.0,80.0,716.0,2024
2024-0506,Buenos Aires,Clay,32,A,2024-02-12,289,105583,,,Dusan Lajovic,R,183.0,SRB,33.6,126214,,,Alejandro Tabilo,L,188.0,CHI,26.6,6-4 1-6 6-1,3,R16,97.0,3.0,3.0,71.0,49.0,37.0,11.0,12.0,3.0,5.0,2.0,3.0,69.0,45.0,34.0,11.0,12.0,3.0,6.0,58.0,919.0,54.0,936.0,2024
2024-0506,Buenos Aires,Clay,32,A,2024-02-12,288,207680,,WC,Facundo Diaz Acosta,L,183.0,ARG,23.1,202103,4.0,,Francisco Cerundolo,R,185.0,ARG,25.5,7-6(3) 6-0,3,R16,98.0,1.0,2.0,67.0,43.0,27.0,15.0,9.0,3.0,5.0,0.0,3.0,60.0,37.0,24.0,7.0,9.0,4.0,9.0,87.0,677.0,22.0,1720.0,2024
2024-0506,Buenos Aires,Clay,32,A,2024-02-12,287,202104,5.0,,Sebastian Baez,R,170.0,ARG,23.1,209260,,SE,Luciano Darderi,R,183.0,ITA,21.9,6-4 7-5,3,R16,99.0,0.0,4.0,61.0,41.0,30.0,13.0,11.0,1.0,2.0,4.0,2.0,76.0,42.0,27.0,18.0,11.0,6.0,9.0,30.0,1375.0,76.0,722.0,2024
2024-0506,Buenos Aires,Clay,32,A,2024-02-12,286,105948,,SE,Federico Coria,R,180.0,ARG,31.9,111815,2.0,,Cameron Norrie,L,188.0,GBR,28.4,6-2 4-6 6-3,3,R16,140.0,5.0,3.0,94.0,63.0,48.0,13.0,14.0,7.0,9.0,2.0,5.0,87.0,41.0,33.0,18.0,13.0,5.0,9.0,106.0,588.0,20.0,1820.0,2024
2024-0506,Buenos Aires,Clay,32,A,2024-02-12,284,200116,,Q,Camilo Ugo Carabelli,R,185.0,ARG,24.6,122669,,,Juan Pablo Varillas,R,185.0,PER,28.3,7-6(5) 6-4,3,R32,128.0,2.0,1.0,81.0,56.0,40.0,9.0,11.0,10.0,13.0,0.0,0.0,67.0,37.0,23.0,13.0,11.0,2.0,6.0,134.0,494.0,85.0,684.0,2024
2024-0506,Buenos Aires,Clay,32,A,2024-02-12,283,131934,,Q,Andrea Vavassori,R,193.0,ITA,28.7,205734,,,Thiago Seyboth Wild,R,185.0,BRA,23.9,6-3 6-1,3,R32,97.0,5.0,4.0,49.0,27.0,23.0,12.0,8.0,4.0,4.0,1.0,4.0,79.0,50.0,30.0,10.0,8.0,17.0,21.0,152.0,414.0,83.0,708.0,2024
2024-0506,Buenos Aires,Clay,32,A,2024-02-12,282,111513,7.0,,Laslo Djere,R,188.0,SRB,28.6,105227,,WC,Marin Cilic,R,198.0,CRO,35.3,4-6 6-3 6-0,3,R32,118.0,5.0,2.0,65.0,39.0,30.0,19.0,12.0,4.0,5.0,3.0,4.0,84.0,48.0,30.0,17.0,13.0,4.0,9.0,35.0,1215.0,1044.0,10.0,2024
2024-0506,Buenos Aires,Clay,32,A,2024-02-12,296,111797,3.0,,Nicolas Jarry,R,201.0,CHI,28.3,144869,6.0,,Tomas Martin Etcheverry,R,196.0,ARG,24.5,4-6 7-5 0-0 RET,3,QF,140.0,5.0,3.0,75.0,42.0,31.0,14.0,11.0,7.0,10.0,0.0,2.0,75.0,48.0,35.0,10.0,11.0,4.0,7.0,21.0,1810.0,27.0,1465.0,2024
2024-0506,Buenos Aires,Clay,32,A,2024-02-12,280,104527,,,Stan Wawrinka,R,183.0,SUI,38.8,106398,,,Pedro Cachin,R,185.0,ARG,28.8,6-7(4) 6-1 6-2,3,R32,141.0,10.0,3.0,89.0,47.0,39.0,22.0,13.0,5.0,5.0,3.0,2.0,106.0,74.0,48.0,13.0,14.0,8.0,13.0,60.0,907.0,74.0,763.0,2024
2024-0506,Buenos Aires,Clay,32,A,2024-02-12,278,144869,6.0,,Tomas Martin Etcheverry,R,196.0,ARG,24.5,106148,,,Roberto Carballes Baena,R,183.0,ESP,30.8,6-4 6-1,3,R32,101.0,4.0,0.0,56.0,40.0,29.0,8.0,9.0,1.0,2.0,0.0,5.0,57.0,36.0,21.0,8.0,8.0,0.0,4.0,27.0,1465.0,64.0,861.0,2024
2024-0506,Buenos Aires,Clay,32,A,2024-02-12,277,105583,,,Dusan Lajovic,R,183.0,SRB,33.6,209950,8.0,,Arthur Fils,R,185.0,FRA,19.6,6-3 6-4,3,R32,90.0,1.0,0.0,56.0,38.0,25.0,12.0,9.0,3.0,4.0,5.0,9.0,72.0,38.0,26.0,13.0,10.0,7.0,11.0,58.0,919.0,36.0,1118.0,2024
2024-0506,Buenos Aires,Clay,32,A,2024-02-12,276,126214,,,Alejandro Tabilo,L,188.0,CHI,26.6,105870,,,Yannick Hanfmann,R,193.0,GER,32.2,6-1 6-3,3,R32,82.0,3.0,1.0,64.0,44.0,29.0,12.0,8.0,7.0,7.0,1.0,4.0,54.0,35.0,22.0,6.0,8.0,3.0,7.0,54.0,936.0,56.0,929.0,2024
2024-0506,Buenos Aires,Clay,32,A,2024-02-12,275,207680,,WC,Facundo Diaz Acosta,L,183.0,ARG,23.1,127157,,,Daniel Altmaier,R,188.0,GER,25.4,6-3 7-6(1),3,R32,125.0,1.0,4.0,72.0,44.0,28.0,13.0,10.0,3.0,6.0,0.0,2.0,75.0,52.0,25.0,11.0,11.0,6.0,11.0,87.0,677.0,53.0,936.0,2024
2024-0506,Buenos Aires,Clay,32,A,2024-02-12,273,202104,5.0,,Sebastian Baez,R,170.0,ARG,23.1,126523,,,Bernabe Zapata Miralles,R,183.0,ESP,27.0,6-3 6-3,3,R32,72.0,2.0,0.0,51.0,44.0,31.0,5.0,9.0,1.0,2.0,2.0,0.0,53.0,41.0,21.0,7.0,9.0,5.0,9.0,30.0,1375.0,78.0,720.0,2024
2024-0506,Buenos Aires,Clay,32,A,2024-02-12,272,209260,,SE,Luciano Darderi,R,183.0,ITA,21.9,208363,,Q,Mariano Navone,R,178.0,ARG,22.9,6-2 6-1,3,R32,76.0,1.0,0.0,53.0,32.0,23.0,13.0,8.0,2.0,2.0,1.0,1.0,43.0,29.0,14.0,7.0,7.0,1.0,5.0,76.0,722.0,117.0,538.0,2024
2024-0506,Buenos Aires,Clay,32,A,2024-02-12,271,105948,,SE,Federico Coria,R,180.0,ARG,31.9,124116,,,Sebastian Ofner,R,191.0,AUT,27.7,7-5 4-6 7-5,3,R32,178.0,4.0,6.0,97.0,59.0,40.0,17.0,17.0,3.0,9.0,5.0,4.0,121.0,67.0,44.0,22.0,17.0,10.0,17.0,106.0,588.0,38.0,1091.0,2024
2024-0407,Rotterdam,Hard,32,A,2024-02-12,300,206173,1.0,,Jannik Sinner,R,191.0,ITA,22.4,200282,5.0,,Alex De Minaur,R,183.0,AUS,24.9,7-5 6-4,3,F,125.0,4.0,1.0,81.0,45.0,35.0,14.0,11.0,4.0,6.0,10.0,3.0,74.0,46.0,29.0,15.0,11.0,4.0,8.0,4.0,8070.0,11.0,2970.0,2024
2024-0407,Rotterdam,Hard,32,A,2024-02-12,299,206173,1.0,,Jannik Sinner,R,191.0,ITA,22.4,134868,,,Tallon Griekspoor,R,188.0,NED,27.6,6-2 6-4,3,SF,81.0,7.0,1.0,57.0,37.0,30.0,11.0,9.0,6.0,6.0,3.0,2.0,47.0,29.0,21.0,8.0,9.0,1.0,4.0,4.0,8070.0,29.0,1420.0,2024
2024-0407,Rotterdam,Hard,32,A,2024-02-12,298,200282,5.0,,Alex De Minaur,R,183.0,AUS,24.9,105777,6.0,,Grigor Dimitrov,R,191.0,BUL,32.7,6-4 6-3,3,SF,83.0,6.0,0.0,63.0,37.0,27.0,16.0,9.0,3.0,3.0,4.0,2.0,50.0,38.0,28.0,5.0,10.0,0.0,3.0,11.0,2970.0,13.0,2905.0,2024
2024-0407,Rotterdam,Hard,32,A,2024-02-12,297,206173,1.0,,Jannik Sinner,R,191.0,ITA,22.4,105683,,PR,Milos Raonic,R,196.0,CAN,33.1,7-6(4) 1-1 RET,3,QF,65.0,3.0,0.0,45.0,32.0,26.0,7.0,7.0,3.0,4.0,11.0,0.0,38.0,29.0,23.0,6.0,7.0,0.0,1.0,4.0,8070.0,309.0,175.0,2024
2024-0506,Buenos Aires,Clay,32,A,2024-02-12,279,123755,,Q,Daniel Elahi Galan,R,191.0,COL,27.6,106043,,WC,Diego Schwartzman,R,170.0,ARG,31.4,2-6 6-1 6-4,3,R32,138.0,3.0,0.0,99.0,62.0,38.0,20.0,13.0,6.0,9.0,0.0,2.0,68.0,52.0,30.0,10.0,12.0,2.0,6.0,80.0,716.0,116.0,538.0,2024
2024-0506,Buenos Aires,Clay,32,A,2024-02-12,295,207680,,WC,Facundo Diaz Acosta,L,183.0,ARG,23.1,105583,,,Dusan Lajovic,R,183.0,SRB,33.6,6-4 6-3,3,QF,83.0,4.0,2.0,52.0,36.0,27.0,11.0,10.0,2.0,3.0,0.0,1.0,53.0,35.0,22.0,8.0,9.0,1.0,4.0,87.0,677.0,58.0,919.0,2024
2024-0451,Doha,Hard,32,A,2024-02-19,296,104792,,WC,Gael Monfils,R,193.0,FRA,37.4,200005,3.0,,Ugo Humbert,L,188.0,FRA,25.6,6-2 6-4,3,QF,71.0,7.0,4.0,52.0,35.0,29.0,5.0,9.0,1.0,3.0,0.0,2.0,45.0,28.0,14.0,8.0,9.0,1.0,6.0,68.0,837.0,18.0,1990.0,2024
2024-0451,Doha,Hard,32,A,2024-02-19,300,111575,2.0,,Karen Khachanov,R,198.0,RUS,27.7,210150,,,Jakub Mensik,R,193.0,CZE,18.4,7-6(12) 6-4,3,F,109.0,9.0,1.0,71.0,52.0,43.0,13.0,11.0,0.0,0.0,16.0,3.0,75.0,55.0,41.0,13.0,11.0,1.0,2.0,17.0,2010.0,116.0,536.0,2024
2024-0451,Doha,Hard,32,A,2024-02-19,298,111575,2.0,,Karen Khachanov,R,198.0,RUS,27.7,200615,,,Alexei Popyrin,R,196.0,AUS,24.5,7-6(12) 6-2,3,SF,108.0,7.0,1.0,72.0,50.0,41.0,10.0,10.0,4.0,5.0,7.0,2.0,70.0,48.0,31.0,11.0,10.0,2.0,5.0,17.0,2010.0,46.0,997.0,2024
2024-0451,Doha,Hard,32,A,2024-02-19,299,210150,,,Jakub Mensik,R,193.0,CZE,18.4,104792,,WC,Gael Monfils,R,193.0,FRA,37.4,6-4 1-6 6-3,3,SF,114.0,5.0,0.0,83.0,60.0,38.0,12.0,13.0,9.0,12.0,6.0,2.0,75.0,45.0,32.0,15.0,13.0,2.0,5.0,116.0,536.0,68.0,837.0,2024
2024-0451,Doha,Hard,32,A,2024-02-19,297,210150,,,Jakub Mensik,R,193.0,CZE,18.4,126094,1.0,,Andrey Rublev,R,188.0,RUS,26.3,6-4 7-6(6),3,QF,96.0,10.0,0.0,79.0,52.0,42.0,13.0,11.0,6.0,6.0,7.0,2.0,67.0,45.0,36.0,12.0,11.0,2.0,3.0,116.0,536.0,5.0,5105.0,2024
2024-7480,Los Cabos,Hard,32,A,2024-02-19,280,210506,,,Alex Michelsen,R,193.0,USA,19.4,106005,,,Constant Lestienne,R,180.0,FRA,31.7,6-3 7-6(3),3,R32,109.0,4.0,1.0,70.0,42.0,29.0,13.0,11.0,5.0,8.0,2.0,6.0,71.0,43.0,28.0,10.0,10.0,7.0,11.0,74.0,776.0,104.0,604.0,2024
2024-6932,Rio De Janeiro,Clay,32,A,2024-02-19,292,202104,5.0,,Sebastian Baez,R,170.0,ARG,23.1,207680,,,Facundo Diaz Acosta,L,183.0,ARG,23.1,7-6(1) 6-3,3,R16,108.0,2.0,2.0,68.0,46.0,34.0,13.0,11.0,0.0,1.0,3.0,1.0,69.0,50.0,31.0,10.0,10.0,7.0,9.0,30.0,1415.0,59.0,907.0,2024
2024-6932,Rio De Janeiro,Clay,32,A,2024-02-19,293,106329,,WC,Thiago Monteiro,L,183.0,BRA,29.7,200335,,Q,Felipe Meligeni Alves,R,185.0,BRA,25.9,7-5 6-3,3,R16,102.0,6.0,1.0,63.0,37.0,29.0,15.0,11.0,0.0,1.0,7.0,0.0,65.0,46.0,32.0,7.0,10.0,4.0,7.0,117.0,536.0,153.0,416.0,2024
2024-6932,Rio De Janeiro,Clay,32,A,2024-02-19,294,111815,2.0,,Cameron Norrie,L,188.0,GBR,28.4,205734,,,Thiago Seyboth Wild,R,185.0,BRA,23.9,6-1 3-6 6-2,3,QF,120.0,4.0,5.0,73.0,48.0,36.0,12.0,12.0,1.0,3.0,3.0,3.0,74.0,42.0,29.0,11.0,12.0,4.0,9.0,23.0,1680.0,82.0,708.0,2024
2024-6932,Rio De Janeiro,Clay,32,A,2024-02-19,295,208363,,Q,Mariano Navone,R,178.0,ARG,22.9,211663,,WC,Joao Fonseca,R,185.0,BRA,17.4,2-6 6-3 6-3,3,QF,140.0,0.0,1.0,87.0,66.0,38.0,7.0,13.0,5.0,11.0,0.0,3.0,82.0,39.0,23.0,18.0,13.0,6.0,13.0,113.0,551.0,655.0,49.0,2024
2024-6932,Rio De Janeiro,Clay,32,A,2024-02-19,296,202103,4.0,,Francisco Cerundolo,R,185.0,ARG,25.5,105583,,,Dusan Lajovic,R,183.0,SRB,33.6,3-6 6-4 6-4,3,QF,143.0,1.0,2.0,100.0,66.0,43.0,22.0,15.0,12.0,14.0,5.0,1.0,79.0,55.0,42.0,13.0,14.0,1.0,3.0,22.0,1685.0,58.0,912.0,2024
2024-6932,Rio De Janeiro,Clay,32,A,2024-02-19,297,202104,5.0,,Sebastian Baez,R,170.0,ARG,23.1,106329,,WC,Thiago Monteiro,L,183.0,BRA,29.7,6-4 1-6 6-2,3,QF,133.0,3.0,2.0,83.0,57.0,39.0,12.0,12.0,5.0,8.0,4.0,2.0,70.0,39.0,30.0,11.0,13.0,2.0,6.0,30.0,1415.0,117.0,536.0,2024
2024-6932,Rio De Janeiro,Clay,32,A,2024-02-19,298,208363,,Q,Mariano Navone,R,178.0,ARG,22.9,111815,2.0,,Cameron Norrie,L,188.0,GBR,28.4,6-4 6-2,3,SF,119.0,3.0,1.0,56.0,36.0,24.0,12.0,9.0,2.0,4.0,1.0,5.0,84.0,46.0,24.0,17.0,9.0,13.0,18.0,113.0,551.0,23.0,1680.0,2024
2024-6932,Rio De Janeiro,Clay,32,A,2024-02-19,291,202103,4.0,,Francisco Cerundolo,R,185.0,ARG,25.5,105077,,,Albert Ramos,L,188.0,ESP,36.0,6-2 6-1,3,R16,81.0,3.0,2.0,50.0,37.0,26.0,8.0,8.0,1.0,1.0,0.0,0.0,56.0,30.0,13.0,13.0,7.0,6.0,10.0,22.0,1685.0,96.0,623.0,2024
2024-6932,Rio De Janeiro,Clay,32,A,2024-02-19,299,202104,5.0,,Sebastian Baez,R,170.0,ARG,23.1,202103,4.0,,Francisco Cerundolo,R,185.0,ARG,25.5,7-5 6-0,3,SF,84.0,2.0,0.0,54.0,42.0,29.0,8.0,9.0,6.0,7.0,0.0,1.0,59.0,40.0,20.0,8.0,9.0,5.0,10.0,30.0,1415.0,22.0,1685.0,2024
2024-7480,Los Cabos,Hard,32,A,2024-02-19,271,126846,,,Aleksandar Vukic,R,188.0,AUS,27.8,210202,,WC,Rodrigo Pacheco Mendez,L,188.0,MEX,18.8,7-6(5) 7-6(10),3,R32,138.0,10.0,2.0,94.0,50.0,32.0,20.0,12.0,3.0,7.0,0.0,5.0,86.0,50.0,29.0,19.0,12.0,1.0,5.0,72.0,792.0,692.0,41.0,2024
2024-7480,Los Cabos,Hard,32,A,2024-02-19,272,206499,,Q,Aleksandar Kovacevic,R,183.0,USA,25.4,200587,,Q,Brandon Holt,R,185.0,USA,25.8,6-1 6-4,3,R32,68.0,4.0,1.0,48.0,30.0,24.0,15.0,9.0,2.0,2.0,1.0,0.0,53.0,34.0,21.0,8.0,8.0,2.0,5.0,100.0,616.0,295.0,190.0,2024
2024-7480,Los Cabos,Hard,32,A,2024-02-19,273,208014,,,Rinky Hijikata,R,178.0,AUS,22.9,200175,6.0,,Miomir Kecmanovic,R,183.0,SRB,24.4,6-3 7-6(2),3,R32,112.0,2.0,2.0,65.0,32.0,19.0,18.0,10.0,2.0,6.0,1.0,3.0,90.0,48.0,27.0,16.0,11.0,7.0,13.0,79.0,737.0,54.0,940.0,2024
2024-7480,Los Cabos,Hard,32,A,2024-02-19,275,106218,,,Marcos Giron,R,180.0,USA,30.5,106121,,,Taro Daniel,R,191.0,JPN,31.0,6-4 7-5,3,R32,102.0,2.0,1.0,61.0,30.0,23.0,18.0,11.0,2.0,4.0,6.0,4.0,70.0,35.0,23.0,18.0,11.0,7.0,11.0,44.0,1000.0,62.0,870.0,2024
2024-7480,Los Cabos,Hard,32,A,2024-02-19,276,132686,,,Nuno Borges,R,185.0,POR,26.9,136440,,,Dominik Koepfer,L,180.0,GER,29.8,7-6(2) 6-2,3,R32,82.0,7.0,2.0,60.0,38.0,30.0,10.0,10.0,2.0,4.0,6.0,8.0,69.0,41.0,31.0,7.0,10.0,4.0,8.0,47.0,997.0,57.0,918.0,2024
2024-7480,Los Cabos,Hard,32,A,2024-02-19,277,126845,7.0,,Max Purcell,R,185.0,AUS,25.8,208286,,,Matteo Arnaldi,R,185.0,ITA,22.9,6-4 4-6 6-4,3,R32,150.0,5.0,4.0,103.0,55.0,37.0,24.0,15.0,5.0,9.0,7.0,1.0,97.0,56.0,35.0,22.0,15.0,5.0,10.0,51.0,961.0,41.0,1061.0,2024
2024-7480,Los Cabos,Hard,32,A,2024-02-19,278,111442,8.0,,Jordan Thompson,R,183.0,AUS,29.8,124014,,WC,Ernesto Escobedo,R,185.0,MEX,27.6,6-4 6-3,3,R32,104.0,8.0,0.0,52.0,37.0,28.0,10.0,9.0,4.0,5.0,1.0,4.0,68.0,41.0,23.0,13.0,10.0,8.0,12.0,40.0,1071.0,494.0,82.0,2024
2024-6932,Rio De Janeiro,Clay,32,A,2024-02-19,300,202104,5.0,,Sebastian Baez,R,170.0,ARG,23.1,208363,,Q,Mariano Navone,R,178.0,ARG,22.9,6-2 6-1,3,F,82.0,2.0,0.0,43.0,34.0,23.0,6.0,8.0,1.0,3.0,0.0,1.0,60.0,43.0,18.0,7.0,7.0,8.0,14.0,30.0,1415.0,113.0,551.0,2024
2024-7480,Los Cabos,Hard,32,A,2024-02-19,279,207182,,Q,Emilio Nava,R,185.0,USA,22.2,106043,,WC,Diego Schwartzman,R,170.0,ARG,31.5,6-4 6-3,3,R32,90.0,5.0,5.0,65.0,34.0,25.0,14.0,10.0,1.0,3.0,0.0,2.0,49.0,39.0,21.0,5.0,9.0,1.0,5.0,146.0,443.0,115.0,538.0,2024
2024-6932,Rio De Janeiro,Clay,32,A,2024-02-19,290,105583,,,Dusan Lajovic,R,183.0,SRB,33.6,111513,6.0,,Laslo Djere,R,188.0,SRB,28.7,6-2 7-5,3,R16,107.0,1.0,0.0,63.0,47.0,35.0,8.0,10.0,3.0,4.0,4.0,0.0,70.0,49.0,32.0,7.0,10.0,4.0,8.0,58.0,912.0,35.0,1220.0,2024
2024-6932,Rio De Janeiro,Clay,32,A,2024-02-19,288,208363,,Q,Mariano Navone,R,178.0,ARG,22.9,105870,,,Yannick Hanfmann,R,193.0,GER,32.2,6-1 6-2,3,R16,76.0,1.0,2.0,50.0,34.0,24.0,11.0,8.0,2.0,2.0,0.0,1.0,49.0,33.0,19.0,5.0,7.0,4.0,8.0,113.0,551.0,56.0,927.0,2024
2024-6932,Rio De Janeiro,Clay,32,A,2024-02-19,272,205734,,,Thiago Seyboth Wild,R,185.0,BRA,23.9,126214,,,Alejandro Tabilo,L,188.0,CHI,26.7,2-6 6-4 6-4,3,R32,135.0,5.0,3.0,96.0,64.0,44.0,17.0,14.0,5.0,7.0,8.0,2.0,75.0,53.0,41.0,10.0,14.0,0.0,2.0,82.0,708.0,52.0,961.0,2024
2024-6932,Rio De Janeiro,Clay,32,A,2024-02-19,273,144719,,,Jaume Munar,R,183.0,ESP,26.7,124116,8.0,,Sebastian Ofner,R,191.0,AUT,27.7,6-3 6-1,3,R32,67.0,2.0,1.0,47.0,36.0,27.0,5.0,8.0,3.0,4.0,2.0,2.0,49.0,26.0,13.0,7.0,8.0,4.0,9.0,73.0,776.0,37.0,1091.0,2024
2024-6932,Rio De Janeiro,Clay,32,A,2024-02-19,274,105870,,,Yannick Hanfmann,R,193.0,GER,32.2,111797,3.0,,Nicolas Jarry,R,201.0,CHI,28.3,6-1 1-6 7-5,3,R32,114.0,2.0,1.0,77.0,56.0,35.0,15.0,13.0,4.0,7.0,5.0,1.0,66.0,43.0,30.0,12.0,13.0,2.0,6.0,56.0,927.0,19.0,1965.0,2024
2024-6932,Rio De Janeiro,Clay,32,A,2024-02-19,275,208363,,Q,Mariano Navone,R,178.0,ARG,22.9,105948,,,Federico Coria,R,180.0,ARG,31.9,1-6 6-4 6-2,3,R32,138.0,0.0,0.0,72.0,51.0,30.0,7.0,12.0,8.0,14.0,0.0,0.0,97.0,61.0,34.0,13.0,13.0,14.0,21.0,113.0,551.0,85.0,678.0,2024
2024-6932,Rio De Janeiro,Clay,32,A,2024-02-19,276,106426,,,Cristian Garin,R,185.0,CHI,27.7,106148,,,Roberto Carballes Baena,R,183.0,ESP,30.9,2-6 7-6(1) 6-3,3,R32,184.0,2.0,10.0,115.0,66.0,46.0,22.0,15.0,5.0,9.0,2.0,1.0,102.0,70.0,44.0,17.0,14.0,6.0,9.0,88.0,660.0,66.0,851.0,2024
2024-6932,Rio De Janeiro,Clay,32,A,2024-02-19,277,211663,,WC,Joao Fonseca,R,185.0,BRA,17.4,209950,7.0,,Arthur Fils,R,185.0,FRA,19.6,6-0 6-4,3,R32,90.0,2.0,0.0,54.0,29.0,20.0,17.0,8.0,0.0,0.0,3.0,2.0,63.0,46.0,26.0,6.0,8.0,5.0,9.0,655.0,49.0,36.0,1118.0,2024
2024-6932,Rio De Janeiro,Clay,32,A,2024-02-19,278,111513,6.0,,Laslo Djere,R,188.0,SRB,28.7,126523,,,Bernabe Zapata Miralles,R,183.0,ESP,27.1,6-3 6-1,3,R32,94.0,3.0,1.0,55.0,33.0,25.0,11.0,8.0,8.0,9.0,0.0,3.0,69.0,45.0,21.0,9.0,8.0,8.0,13.0,35.0,1220.0,93.0,637.0,2024
2024-6932,Rio De Janeiro,Clay,32,A,2024-02-19,289,211663,,WC,Joao Fonseca,R,185.0,BRA,17.4,106426,,,Cristian Garin,R,185.0,CHI,27.7,6-4 6-4,3,R16,91.0,4.0,1.0,56.0,37.0,25.0,11.0,10.0,1.0,3.0,2.0,6.0,59.0,36.0,27.0,7.0,10.0,5.0,9.0,655.0,49.0,88.0,660.0,2024
2024-6932,Rio De Janeiro,Clay,32,A,2024-02-19,279,105583,,,Dusan Lajovic,R,183.0,SRB,33.6,123755,,,Daniel Elahi Galan,R,191.0,COL,27.6,4-6 7-6(8) 6-1,3,R32,163.0,4.0,1.0,104.0,68.0,48.0,18.0,15.0,2.0,5.0,4.0,4.0,103.0,52.0,38.0,24.0,14.0,7.0,11.0,58.0,912.0,78.0,744.0,2024
2024-6932,Rio De Janeiro,Clay,32,A,2024-02-19,281,202103,4.0,,Francisco Cerundolo,R,185.0,ARG,25.5,207681,,Q,Francisco Comesana,R,178.0,ARG,23.3,6-1 1-6 6-2,3,R32,114.0,0.0,1.0,70.0,45.0,28.0,15.0,11.0,3.0,6.0,3.0,2.0,59.0,32.0,22.0,8.0,11.0,2.0,7.0,22.0,1685.0,119.0,534.0,2024
2024-6932,Rio De Janeiro,Clay,32,A,2024-02-19,282,202104,5.0,,Sebastian Baez,R,170.0,ARG,23.1,144895,,Q,Corentin Moutet,L,180.0,FRA,24.8,6-4 6-3,3,R32,98.0,1.0,4.0,65.0,48.0,32.0,9.0,10.0,3.0,5.0,1.0,1.0,63.0,42.0,23.0,10.0,9.0,5.0,9.0,30.0,1415.0,147.0,439.0,2024
2024-6932,Rio De Janeiro,Clay,32,A,2024-02-19,283,207680,,,Facundo Diaz Acosta,L,183.0,ARG,23.1,104527,,,Stan Wawrinka,R,183.0,SUI,38.8,7-5 6-4,3,R32,114.0,1.0,2.0,75.0,50.0,33.0,13.0,11.0,7.0,9.0,2.0,5.0,71.0,38.0,27.0,14.0,11.0,5.0,9.0,59.0,907.0,67.0,842.0,2024
2024-6932,Rio De Janeiro,Clay,32,A,2024-02-19,284,200335,,Q,Felipe Meligeni Alves,R,185.0,BRA,25.9,106398,,,Pedro Cachin,R,185.0,ARG,28.8,6-2 3-6 6-3,3,R32,116.0,7.0,1.0,81.0,50.0,36.0,13.0,13.0,5.0,9.0,2.0,3.0,71.0,47.0,28.0,8.0,13.0,1.0,7.0,153.0,416.0,76.0,754.0,2024
2024-6932,Rio De Janeiro,Clay,32,A,2024-02-19,285,106329,,WC,Thiago Monteiro,L,183.0,BRA,29.7,207989,1.0,,Carlos Alcaraz,R,183.0,ESP,20.7,1-1 RET,3,R32,18.0,0.0,0.0,6.0,3.0,1.0,1.0,1.0,0.0,1.0,0.0,1.0,5.0,2.0,0.0,1.0,1.0,0.0,1.0,117.0,536.0,2.0,9105.0,2024
2024-6932,Rio De Janeiro,Clay,32,A,2024-02-19,286,111815,2.0,,Cameron Norrie,L,188.0,GBR,28.4,144642,,,Tomas Barrios Vera,R,191.0,CHI,26.1,6-1 6-1,3,R16,61.0,4.0,0.0,39.0,21.0,16.0,11.0,7.0,2.0,3.0,2.0,0.0,38.0,21.0,6.0,6.0,7.0,4.0,10.0,23.0,1680.0,120.0,533.0,2024
2024-6932,Rio De Janeiro,Clay,32,A,2024-02-19,287,205734,,,Thiago Seyboth Wild,R,185.0,BRA,23.9,144719,,,Jaume Munar,R,183.0,ESP,26.7,6-2 4-6 6-3,3,R16,135.0,4.0,3.0,74.0,45.0,29.0,16.0,13.0,1.0,4.0,4.0,7.0,85.0,49.0,32.0,15.0,14.0,4.0,10.0,82.0,708.0,73.0,776.0,2024
2024-6932,Rio De Janeiro,Clay,32,A,2024-02-19,280,105077,,,Albert Ramos,L,188.0,ESP,36.0,122669,,,Juan Pablo Varillas,R,185.0,PER,28.3,3-6 6-3 7-5,3,R32,163.0,1.0,1.0,84.0,55.0,38.0,14.0,15.0,4.0,8.0,6.0,3.0,85.0,48.0,37.0,16.0,15.0,6.0,11.0,96.0,623.0,108.0,582.0,2024
2024-6932,Rio De Janeiro,Clay,32,A,2024-02-19,271,144642,,,Tomas Barrios Vera,R,191.0,CHI,26.1,208361,,WC,Gustavo Heide,R,191.0,BRA,21.9,7-5 6-3,3,R32,106.0,4.0,3.0,63.0,40.0,32.0,11.0,11.0,3.0,4.0,2.0,2.0,61.0,34.0,25.0,11.0,10.0,3.0,6.0,120.0,533.0,236.0,249.0,2024
2024-7480,Los Cabos,Hard,32,A,2024-02-19,282,105554,,,Daniel Evans,R,175.0,GBR,33.7,126128,5.0,,Roman Safiullin,R,185.0,RUS,26.5,6-2 6-4,3,R32,101.0,2.0,4.0,59.0,31.0,23.0,14.0,9.0,4.0,6.0,2.0,5.0,62.0,39.0,23.0,7.0,9.0,3.0,8.0,42.0,1041.0,38.0,1080.0,2024
2024-7480,Los Cabos,Hard,32,A,2024-02-19,284,106415,,,Yoshihito Nishioka,L,170.0,JPN,28.3,207925,,Q,Flavio Cobolli,R,183.0,ITA,21.7,6-1 6-0,3,R32,49.0,1.0,1.0,36.0,20.0,15.0,10.0,6.0,0.0,0.0,0.0,2.0,43.0,23.0,12.0,2.0,7.0,1.0,7.0,84.0,700.0,69.0,825.0,2024
2024-0451,Doha,Hard,32,A,2024-02-19,277,126409,,Q,Hugo Grenier,R,196.0,FRA,27.9,109739,,LL,Maximilian Marterer,L,188.0,GER,28.6,7-6(5) 7-5,3,R32,113.0,5.0,6.0,70.0,40.0,34.0,14.0,12.0,1.0,3.0,2.0,1.0,72.0,40.0,26.0,18.0,12.0,1.0,4.0,151.0,417.0,99.0,616.0,2024
2024-0451,Doha,Hard,32,A,2024-02-19,278,111190,,,Zhizhen Zhang,R,193.0,CHN,27.3,207518,7.0,,Lorenzo Musetti,R,185.0,ITA,21.9,6-2 6-0,3,R32,61.0,7.0,1.0,39.0,30.0,23.0,4.0,7.0,3.0,4.0,0.0,1.0,48.0,29.0,12.0,7.0,7.0,3.0,9.0,48.0,991.0,26.0,1480.0,2024
2024-0451,Doha,Hard,32,A,2024-02-19,279,104792,,WC,Gael Monfils,R,193.0,FRA,37.4,122298,,,Botic Van De Zandschulp,R,191.0,NED,28.3,6-1 7-6(9),3,R32,102.0,2.0,4.0,81.0,54.0,38.0,13.0,10.0,7.0,8.0,1.0,4.0,66.0,45.0,28.0,11.0,9.0,5.0,8.0,68.0,837.0,70.0,810.0,2024
2024-0451,Doha,Hard,32,A,2024-02-19,280,200303,,,Pavel Kotov,R,191.0,RUS,25.2,132283,,,Lorenzo Sonego,R,191.0,ITA,28.7,6-2 7-5,3,R32,107.0,3.0,4.0,73.0,52.0,39.0,9.0,10.0,6.0,7.0,4.0,1.0,63.0,44.0,25.0,10.0,10.0,6.0,10.0,64.0,859.0,49.0,975.0,2024
2024-0451,Doha,Hard,32,A,2024-02-19,282,210150,,,Jakub Mensik,R,193.0,CZE,18.4,200221,5.0,,Alejandro Davidovich Fokina,R,183.0,ESP,24.7,7-6(3) 6-4,3,R32,93.0,4.0,2.0,66.0,37.0,26.0,16.0,11.0,2.0,4.0,1.0,0.0,64.0,42.0,27.0,9.0,11.0,2.0,5.0,116.0,536.0,24.0,1575.0,2024
2024-0451,Doha,Hard,32,A,2024-02-19,283,104918,,,Andy Murray,R,191.0,GBR,36.7,124186,,Q,Alexandre Muller,R,183.0,FRA,27.0,6-1 7-6(5),3,R32,117.0,4.0,1.0,74.0,45.0,33.0,16.0,10.0,3.0,4.0,5.0,2.0,71.0,45.0,30.0,11.0,9.0,2.0,5.0,50.0,970.0,75.0,773.0,2024
2024-0451,Doha,Hard,32,A,2024-02-19,284,104755,,WC,Richard Gasquet,R,183.0,FRA,37.6,207686,,,Alexander Shevchenko,R,185.0,KAZ,23.2,6-4 6-4,3,R32,89.0,3.0,1.0,64.0,39.0,30.0,16.0,10.0,2.0,2.0,4.0,3.0,69.0,43.0,29.0,14.0,10.0,5.0,7.0,126.0,519.0,45.0,1000.0,2024
2024-0451,Doha,Hard,32,A,2024-02-19,286,111575,2.0,,Karen Khachanov,R,198.0,RUS,27.7,206681,,,Fabian Marozsan,R,193.0,HUN,24.3,6-4 7-5,3,R16,88.0,6.0,1.0,56.0,37.0,31.0,9.0,11.0,2.0,4.0,2.0,3.0,69.0,42.0,32.0,8.0,11.0,0.0,4.0,17.0,2010.0,60.0,896.0,2024
2024-0451,Doha,Hard,32,A,2024-02-19,287,200325,,,Emil Ruusuvuori,R,188.0,FIN,24.8,106331,,,Christopher Oconnell,R,183.0,AUS,29.7,6-3 6-3,3,R16,106.0,3.0,4.0,56.0,36.0,26.0,12.0,9.0,2.0,3.0,7.0,2.0,84.0,42.0,29.0,13.0,9.0,11.0,15.0,43.0,1011.0,65.0,854.0,2024
2024-0451,Doha,Hard,32,A,2024-02-19,288,122330,4.0,,Alexander Bublik,R,196.0,KAZ,26.6,105916,,,Marton Fucsovics,R,188.0,HUN,32.0,2-6 6-3 6-4,3,R16,127.0,5.0,6.0,86.0,55.0,37.0,14.0,14.0,3.0,7.0,2.0,0.0,79.0,50.0,32.0,15.0,13.0,7.0,11.0,21.0,1739.0,80.0,732.0,2024
2024-0451,Doha,Hard,32,A,2024-02-19,289,200615,,,Alexei Popyrin,R,196.0,AUS,24.5,126409,,Q,Hugo Grenier,R,196.0,FRA,27.9,7-6(3) 6-7(8) 6-1,3,R16,149.0,14.0,2.0,111.0,75.0,59.0,20.0,16.0,4.0,5.0,7.0,2.0,99.0,67.0,46.0,16.0,15.0,1.0,4.0,46.0,997.0,151.0,417.0,2024
2024-0451,Doha,Hard,32,A,2024-02-19,290,104792,,WC,Gael Monfils,R,193.0,FRA,37.4,111190,,,Zhizhen Zhang,R,193.0,CHN,27.3,4-6 7-5 7-6(2),3,R16,143.0,13.0,6.0,106.0,62.0,54.0,18.0,17.0,2.0,4.0,4.0,3.0,105.0,71.0,52.0,20.0,17.0,4.0,6.0,68.0,837.0,48.0,991.0,2024
2024-0451,Doha,Hard,32,A,2024-02-19,291,200005,3.0,,Ugo Humbert,L,188.0,FRA,25.6,200303,,,Pavel Kotov,R,191.0,RUS,25.2,6-4 6-1,3,R16,85.0,4.0,1.0,53.0,36.0,32.0,8.0,9.0,2.0,2.0,1.0,1.0,65.0,37.0,23.0,10.0,8.0,5.0,8.0,18.0,1990.0,64.0,859.0,2024
2024-0451,Doha,Hard,32,A,2024-02-19,292,210150,,,Jakub Mensik,R,193.0,CZE,18.4,104918,,,Andy Murray,R,191.0,GBR,36.7,7-6(6) 6-7(3) 7-6(4),3,R16,203.0,12.0,1.0,125.0,77.0,52.0,28.0,18.0,4.0,7.0,8.0,3.0,121.0,78.0,54.0,25.0,18.0,0.0,3.0,116.0,536.0,50.0,970.0,2024
2024-0451,Doha,Hard,32,A,2024-02-19,293,126094,1.0,,Andrey Rublev,R,188.0,RUS,26.3,104755,,WC,Richard Gasquet,R,183.0,FRA,37.6,6-3 6-4,3,R16,56.0,7.0,2.0,48.0,31.0,28.0,12.0,10.0,0.0,0.0,4.0,0.0,51.0,36.0,27.0,6.0,9.0,2.0,4.0,5.0,5105.0,126.0,519.0,2024
2024-0451,Doha,Hard,32,A,2024-02-19,294,111575,2.0,,Karen Khachanov,R,198.0,RUS,27.7,200325,,,Emil Ruusuvuori,R,188.0,FIN,24.8,3-0 RET,3,QF,13.0,0.0,0.0,5.0,5.0,4.0,0.0,1.0,0.0,0.0,0.0,0.0,14.0,10.0,4.0,1.0,2.0,1.0,3.0,17.0,2010.0,43.0,1011.0,2024
2024-0451,Doha,Hard,32,A,2024-02-19,295,200615,,,Alexei Popyrin,R,196.0,AUS,24.5,122330,4.0,,Alexander Bublik,R,196.0,KAZ,26.6,6-4 6-4,3,QF,77.0,2.0,1.0,56.0,31.0,22.0,17.0,10.0,0.0,1.0,5.0,5.0,59.0,41.0,27.0,6.0,10.0,4.0,7.0,46.0,997.0,21.0,1739.0,2024
2024-0451,Doha,Hard,32,A,2024-02-19,276,200615,,,Alexei Popyrin,R,196.0,AUS,24.5,209406,,WC,Abedallah Shelbayh,L,180.0,JOR,20.2,3-6 6-3 6-4,3,R32,120.0,10.0,4.0,81.0,51.0,35.0,19.0,14.0,3.0,5.0,3.0,2.0,96.0,67.0,41.0,17.0,14.0,6.0,9.0,46.0,997.0,230.0,265.0,2024
2024-7480,Los Cabos,Hard,32,A,2024-02-19,283,106423,,,Thanasi Kokkinakis,R,193.0,AUS,27.8,207733,,,Jack Draper,L,193.0,GBR,22.1,4-6 7-6(5) 6-4,3,R32,178.0,10.0,2.0,103.0,61.0,42.0,21.0,16.0,3.0,8.0,2.0,5.0,97.0,51.0,38.0,18.0,16.0,4.0,9.0,103.0,604.0,53.0,951.0,2024
2024-0451,Doha,Hard,32,A,2024-02-19,275,105916,,,Marton Fucsovics,R,188.0,HUN,32.0,105138,,,Roberto Bautista Agut,R,183.0,ESP,35.8,6-1 6-3,3,R32,82.0,2.0,0.0,50.0,26.0,18.0,15.0,8.0,3.0,4.0,0.0,2.0,51.0,30.0,17.0,7.0,8.0,5.0,10.0,80.0,732.0,97.0,621.0,2024
2024-0451,Doha,Hard,32,A,2024-02-19,272,200325,,,Emil Ruusuvuori,R,188.0,FIN,24.8,206748,,Q,Giulio Zeppieri,L,183.0,ITA,22.2,7-6(2) 7-5,3,R32,106.0,2.0,5.0,79.0,54.0,43.0,12.0,12.0,7.0,8.0,5.0,1.0,76.0,49.0,38.0,11.0,12.0,2.0,4.0,43.0,1011.0,133.0,498.0,2024
2024-7480,Los Cabos,Hard,32,A,2024-02-19,286,126774,2.0,,Stefanos Tsitsipas,R,193.0,GRE,25.5,126846,,,Aleksandar Vukic,R,188.0,AUS,27.8,6-3 6-0,3,R16,63.0,6.0,0.0,48.0,29.0,22.0,13.0,8.0,3.0,3.0,2.0,1.0,45.0,24.0,15.0,8.0,7.0,7.0,11.0,11.0,2990.0,72.0,792.0,2024
2024-7480,Los Cabos,Hard,32,A,2024-02-19,287,206499,,Q,Aleksandar Kovacevic,R,183.0,USA,25.4,208014,,,Rinky Hijikata,R,178.0,AUS,22.9,6-3 4-6 6-4,3,R16,143.0,11.0,2.0,90.0,51.0,38.0,15.0,15.0,3.0,8.0,2.0,4.0,90.0,49.0,28.0,19.0,14.0,8.0,14.0,100.0,616.0,79.0,737.0,2024
2024-7480,Los Cabos,Hard,32,A,2024-02-19,288,134770,4.0,,Casper Ruud,R,183.0,NOR,25.1,106218,,,Marcos Giron,R,180.0,USA,30.5,6-1 6-0,3,R16,62.0,3.0,0.0,45.0,26.0,19.0,10.0,7.0,2.0,3.0,0.0,1.0,47.0,26.0,12.0,3.0,6.0,5.0,11.0,12.0,2965.0,44.0,1000.0,2024
2024-7480,Los Cabos,Hard,32,A,2024-02-19,289,132686,,,Nuno Borges,R,185.0,POR,26.9,126845,7.0,,Max Purcell,R,185.0,AUS,25.8,6-3 6-3,3,R16,78.0,5.0,0.0,49.0,27.0,23.0,15.0,9.0,1.0,1.0,0.0,5.0,64.0,36.0,24.0,13.0,9.0,3.0,6.0,47.0,997.0,51.0,961.0,2024
2024-7480,Los Cabos,Hard,32,A,2024-02-19,290,111442,8.0,,Jordan Thompson,R,183.0,AUS,29.8,207182,,Q,Emilio Nava,R,185.0,USA,22.2,7-6(5) 6-3,3,R16,117.0,4.0,0.0,66.0,43.0,35.0,14.0,10.0,5.0,5.0,6.0,5.0,85.0,57.0,41.0,9.0,11.0,6.0,8.0,40.0,1071.0,146.0,443.0,2024
2024-7480,Los Cabos,Hard,32,A,2024-02-19,291,210506,,,Alex Michelsen,R,193.0,USA,19.4,200282,3.0,,Alex De Minaur,R,183.0,AUS,25.0,6-4 6-1,3,R16,82.0,1.0,1.0,53.0,33.0,25.0,12.0,9.0,4.0,5.0,1.0,2.0,47.0,18.0,10.0,13.0,8.0,2.0,6.0,74.0,776.0,9.0,3210.0,2024
2024-7480,Los Cabos,Hard,32,A,2024-02-19,292,106423,,,Thanasi Kokkinakis,R,193.0,AUS,27.8,105554,,,Daniel Evans,R,175.0,GBR,33.7,6-4 6-2,3,R16,128.0,5.0,1.0,65.0,35.0,23.0,19.0,9.0,4.0,5.0,3.0,3.0,80.0,39.0,27.0,16.0,9.0,6.0,10.0,103.0,604.0,42.0,1041.0,2024
2024-0451,Doha,Hard,32,A,2024-02-19,273,106331,,,Christopher Oconnell,R,183.0,AUS,29.7,105526,6.0,,Jan Lennard Struff,R,193.0,GER,33.8,6-4 6-4,3,R32,92.0,6.0,3.0,76.0,43.0,30.0,18.0,10.0,2.0,3.0,5.0,0.0,63.0,39.0,26.0,11.0,10.0,3.0,6.0,65.0,854.0,25.0,1531.0,2024
2024-7480,Los Cabos,Hard,32,A,2024-02-19,293,100644,1.0,,Alexander Zverev,R,198.0,GER,26.8,106415,,,Yoshihito Nishioka,L,170.0,JPN,28.3,6-3 6-0,3,R16,60.0,10.0,0.0,39.0,29.0,22.0,8.0,7.0,3.0,3.0,0.0,1.0,44.0,24.0,15.0,5.0,8.0,1.0,6.0,6.0,5030.0,84.0,700.0,2024
2024-7480,Los Cabos,Hard,32,A,2024-02-19,295,134770,4.0,,Casper Ruud,R,183.0,NOR,25.1,132686,,,Nuno Borges,R,185.0,POR,26.9,6-3 6-2,3,QF,67.0,4.0,1.0,52.0,36.0,28.0,10.0,9.0,2.0,2.0,5.0,1.0,39.0,21.0,15.0,6.0,8.0,0.0,3.0,12.0,2965.0,47.0,997.0,2024
2024-7480,Los Cabos,Hard,32,A,2024-02-19,296,111442,8.0,,Jordan Thompson,R,183.0,AUS,29.8,210506,,,Alex Michelsen,R,193.0,USA,19.4,0-6 7-6(1) 7-5,3,QF,159.0,6.0,2.0,107.0,60.0,40.0,22.0,15.0,11.0,16.0,2.0,4.0,86.0,53.0,37.0,15.0,15.0,0.0,3.0,40.0,1071.0,74.0,776.0,2024
2024-7480,Los Cabos,Hard,32,A,2024-02-19,297,100644,1.0,,Alexander Zverev,R,198.0,GER,26.8,106423,,,Thanasi Kokkinakis,R,193.0,AUS,27.8,6-3 6-4,3,QF,118.0,4.0,3.0,82.0,52.0,39.0,14.0,10.0,12.0,12.0,6.0,3.0,53.0,33.0,24.0,9.0,9.0,1.0,3.0,6.0,5030.0,103.0,604.0,2024
2024-7480,Los Cabos,Hard,32,A,2024-02-19,298,134770,4.0,,Casper Ruud,R,183.0,NOR,25.1,126774,2.0,,Stefanos Tsitsipas,R,193.0,GRE,25.5,6-4 7-6(4),3,SF,109.0,5.0,0.0,70.0,40.0,35.0,17.0,11.0,5.0,5.0,12.0,1.0,71.0,40.0,32.0,16.0,11.0,0.0,1.0,12.0,2965.0,11.0,2990.0,2024
2024-7480,Los Cabos,Hard,32,A,2024-02-19,299,111442,8.0,,Jordan Thompson,R,183.0,AUS,29.8,100644,1.0,,Alexander Zverev,R,198.0,GER,26.8,7-5 4-6 7-6(2),3,SF,220.0,5.0,0.0,123.0,69.0,43.0,32.0,17.0,7.0,10.0,5.0,1.0,119.0,87.0,53.0,17.0,17.0,9.0,12.0,40.0,1071.0,6.0,5030.0,2024
2024-7480,Los Cabos,Hard,32,A,2024-02-19,300,111442,8.0,,Jordan Thompson,R,183.0,AUS,29.8,134770,4.0,,Casper Ruud,R,183.0,NOR,25.1,6-3 7-6(4),3,F,122.0,7.0,1.0,80.0,46.0,37.0,18.0,11.0,11.0,13.0,0.0,3.0,65.0,39.0,26.0,12.0,10.0,0.0,3.0,40.0,1071.0,12.0,2965.0,2024
2024-0451,Doha,Hard,32,A,2024-02-19,271,206681,,,Fabian Marozsan,R,193.0,HUN,24.3,200240,,Q,Vit Kopriva,R,178.0,CZE,26.6,7-5 7-6(6),3,R32,104.0,5.0,1.0,73.0,55.0,37.0,9.0,12.0,1.0,5.0,4.0,1.0,75.0,46.0,29.0,12.0,12.0,4.0,9.0,60.0,896.0,118.0,535.0,2024
2024-7480,Los Cabos,Hard,32,A,2024-02-19,294,126774,2.0,,Stefanos Tsitsipas,R,193.0,GRE,25.5,206499,,Q,Aleksandar Kovacevic,R,183.0,USA,25.4,7-6(1) 6-3,3,QF,99.0,6.0,3.0,66.0,39.0,34.0,14.0,11.0,4.0,5.0,4.0,4.0,61.0,36.0,26.0,12.0,10.0,4.0,6.0,11.0,2990.0,100.0,616.0,2024
2024-6932,Rio De Janeiro,Clay,32,A,2024-02-19,270,111815,2.0,,Cameron Norrie,L,188.0,GBR,28.4,106198,,,Hugo Dellien,R,180.0,BOL,30.6,6-3 6-2,3,R32,81.0,4.0,1.0,51.0,31.0,26.0,12.0,9.0,1.0,1.0,2.0,0.0,50.0,36.0,22.0,7.0,8.0,4.0,7.0,23.0,1680.0,135.0,489.0,2024
2024-0807,Acapulco,Hard,32,A,2024-02-26,300,200282,3.0,,Alex De Minaur,R,183.0,AUS,25.0,134770,6.0,,Casper Ruud,R,183.0,NOR,25.1,6-4 6-4,3,F,117.0,3.0,3.0,57.0,30.0,20.0,20.0,10.0,3.0,4.0,1.0,0.0,81.0,56.0,30.0,15.0,10.0,1.0,4.0,9.0,3210.0,11.0,3120.0,2024
2024-0495,Dubai,Hard,32,A,2024-02-26,296,200005,5.0,,Ugo Humbert,L,188.0,FRA,25.6,128034,3.0,,Hubert Hurkacz,R,196.0,POL,27.0,3-6 7-6(8) 6-3,3,QF,144.0,8.0,2.0,107.0,82.0,52.0,14.0,14.0,5.0,7.0,11.0,3.0,95.0,65.0,52.0,13.0,16.0,8.0,11.0,18.0,1990.0,8.0,3395.0,2024
2024-0807,Acapulco,Hard,32,A,2024-02-26,299,200282,3.0,,Alex De Minaur,R,183.0,AUS,25.0,207733,,,Jack Draper,L,193.0,GBR,22.1,6-3 2-6 4-0 RET,3,SF,108.0,5.0,0.0,62.0,38.0,26.0,14.0,10.0,4.0,6.0,3.0,4.0,70.0,39.0,25.0,13.0,11.0,2.0,6.0,9.0,3210.0,50.0,951.0,2024
2024-0495,Dubai,Hard,32,A,2024-02-26,297,106421,1.0,,Daniil Medvedev,R,198.0,RUS,28.0,200221,8.0,,Alejandro Davidovich Fokina,R,183.0,ESP,24.7,6-2 6-3,3,QF,77.0,3.0,4.0,55.0,34.0,25.0,11.0,9.0,4.0,5.0,0.0,0.0,48.0,32.0,19.0,5.0,8.0,3.0,7.0,4.0,8015.0,24.0,1540.0,2024
2024-0807,Acapulco,Hard,32,A,2024-02-26,298,134770,6.0,,Casper Ruud,R,183.0,NOR,25.1,208029,2.0,,Holger Rune,R,188.0,DEN,20.8,3-6 6-3 6-4,3,SF,143.0,5.0,1.0,88.0,56.0,42.0,14.0,14.0,7.0,10.0,10.0,3.0,82.0,40.0,29.0,23.0,14.0,5.0,9.0,11.0,3120.0,7.0,3700.0,2024
2024-0807,Acapulco,Hard,32,A,2024-02-26,296,200282,3.0,,Alex De Minaur,R,183.0,AUS,25.0,126774,5.0,,Stefanos Tsitsipas,R,193.0,GRE,25.5,1-6 6-3 6-3,3,QF,126.0,2.0,1.0,74.0,41.0,26.0,13.0,12.0,2.0,7.0,5.0,8.0,85.0,45.0,26.0,18.0,13.0,6.0,12.0,9.0,3210.0,12.0,3080.0,2024
2024-0495,Dubai,Hard,32,A,2024-02-26,274,111575,4.0,,Karen Khachanov,R,198.0,RUS,27.7,209414,,LL,Luca Van Assche,R,178.0,FRA,19.7,6-2 6-3,3,R32,80.0,9.0,3.0,55.0,35.0,25.0,11.0,9.0,2.0,3.0,4.0,3.0,54.0,34.0,19.0,9.0,8.0,4.0,8.0,15.0,2260.0,72.0,808.0,2024
2024-0495,Dubai,Hard,32,A,2024-02-26,273,122298,,,Botic Van De Zandschulp,R,191.0,NED,28.3,105173,6.0,,Adrian Mannarino,L,180.0,FRA,35.6,7-6(3) 7-5,3,R32,112.0,5.0,3.0,67.0,42.0,34.0,13.0,12.0,2.0,4.0,5.0,1.0,69.0,41.0,30.0,12.0,12.0,1.0,4.0,75.0,790.0,19.0,1950.0,2024
2024-0495,Dubai,Hard,32,A,2024-02-26,272,200624,,,Sebastian Korda,R,196.0,USA,23.6,200303,,,Pavel Kotov,R,191.0,RUS,25.2,6-0 6-2,3,R32,54.0,7.0,1.0,39.0,28.0,22.0,5.0,7.0,0.0,1.0,1.0,2.0,42.0,26.0,12.0,2.0,7.0,3.0,9.0,33.0,1245.0,63.0,878.0,2024
2024-0495,Dubai,Hard,32,A,2024-02-26,271,209070,,Q,Arthur Cazaux,R,183.0,FRA,21.5,207518,,,Lorenzo Musetti,R,185.0,ITA,21.9,6-4 7-6(2),3,R32,117.0,8.0,1.0,75.0,46.0,32.0,19.0,11.0,0.0,1.0,1.0,2.0,73.0,49.0,32.0,13.0,11.0,3.0,5.0,86.0,701.0,26.0,1480.0,2024
2024-0495,Dubai,Hard,32,A,2024-02-26,298,122330,7.0,,Alexander Bublik,R,196.0,KAZ,26.6,126094,2.0,,Andrey Rublev,R,188.0,RUS,26.3,6-7(4) 7-6(5) 6-5 DEF,3,SF,,21.0,6.0,122.0,82.0,57.0,22.0,18.0,11.0,14.0,9.0,2.0,98.0,67.0,49.0,21.0,17.0,1.0,4.0,23.0,1699.0,5.0,5110.0,2024
2024-8996,Santiago,Clay,32,A,2024-02-26,300,202104,2.0,,Sebastian Baez,R,170.0,ARG,23.1,126214,4.0,,Alejandro Tabilo,L,188.0,CHI,26.7,3-6 6-0 6-4,3,F,134.0,5.0,2.0,83.0,54.0,38.0,16.0,12.0,8.0,10.0,4.0,2.0,95.0,66.0,39.0,11.0,13.0,11.0,16.0,21.0,1825.0,51.0,951.0,2024
2024-8996,Santiago,Clay,32,A,2024-02-26,299,126214,4.0,,Alejandro Tabilo,L,188.0,CHI,26.7,144895,,Q,Corentin Moutet,L,180.0,FRA,24.8,4-6 6-4 7-5,3,SF,152.0,2.0,3.0,82.0,51.0,38.0,19.0,16.0,2.0,5.0,4.0,1.0,95.0,68.0,49.0,10.0,16.0,8.0,12.0,51.0,951.0,140.0,464.0,2024
2024-8996,Santiago,Clay,32,A,2024-02-26,298,202104,2.0,,Sebastian Baez,R,170.0,ARG,23.1,124079,,,Pedro Martinez,R,185.0,ESP,26.8,6-4 6-2,3,SF,101.0,5.0,0.0,65.0,44.0,33.0,10.0,9.0,2.0,2.0,0.0,2.0,67.0,40.0,24.0,13.0,9.0,3.0,6.0,21.0,1825.0,101.0,596.0,2024
2024-8996,Santiago,Clay,32,A,2024-02-26,297,144895,,Q,Corentin Moutet,L,180.0,FRA,24.8,111797,1.0,,Nicolas Jarry,R,201.0,CHI,28.3,7-6(5) 7-6(3),3,QF,131.0,5.0,1.0,76.0,52.0,38.0,16.0,12.0,0.0,2.0,7.0,1.0,80.0,51.0,32.0,20.0,12.0,1.0,3.0,140.0,464.0,22.0,1775.0,2024
2024-8996,Santiago,Clay,32,A,2024-02-26,296,126214,4.0,,Alejandro Tabilo,L,188.0,CHI,26.7,209260,,WC,Luciano Darderi,R,183.0,ITA,22.0,6-0 7-5,3,QF,77.0,9.0,1.0,60.0,36.0,28.0,15.0,9.0,4.0,4.0,5.0,3.0,53.0,29.0,21.0,8.0,9.0,3.0,7.0,51.0,951.0,80.0,747.0,2024
2024-8996,Santiago,Clay,32,A,2024-02-26,295,124079,,,Pedro Martinez,R,185.0,ESP,26.8,209950,3.0,,Arthur Fils,R,185.0,FRA,19.7,6-3 6-7(5) 6-2,3,QF,145.0,5.0,0.0,82.0,59.0,48.0,13.0,15.0,1.0,2.0,7.0,6.0,93.0,48.0,31.0,22.0,14.0,4.0,8.0,101.0,596.0,44.0,1028.0,2024
2024-8996,Santiago,Clay,32,A,2024-02-26,294,202104,2.0,,Sebastian Baez,R,170.0,ARG,23.1,144719,8.0,,Jaume Munar,R,183.0,ESP,26.8,6-4 6-4,3,QF,108.0,0.0,2.0,86.0,61.0,37.0,14.0,10.0,6.0,7.0,0.0,5.0,58.0,39.0,25.0,9.0,10.0,2.0,5.0,21.0,1825.0,70.0,816.0,2024
2024-8996,Santiago,Clay,32,A,2024-02-26,293,111797,1.0,,Nicolas Jarry,R,201.0,CHI,28.3,105948,,,Federico Coria,R,180.0,ARG,31.9,7-6(4) 6-2,3,R16,102.0,10.0,0.0,58.0,41.0,35.0,12.0,10.0,1.0,1.0,3.0,2.0,71.0,40.0,30.0,14.0,10.0,4.0,6.0,22.0,1775.0,88.0,678.0,2024
2024-8996,Santiago,Clay,32,A,2024-02-26,292,144895,,Q,Corentin Moutet,L,180.0,FRA,24.8,202058,,,Thiago Agustin Tirante,R,185.0,ARG,22.8,6-3 6-7(5) 6-2,3,R16,164.0,1.0,3.0,93.0,62.0,52.0,14.0,15.0,5.0,6.0,2.0,5.0,97.0,69.0,42.0,15.0,14.0,7.0,11.0,140.0,464.0,100.0,598.0,2024
2024-8996,Santiago,Clay,32,A,2024-02-26,291,126214,4.0,,Alejandro Tabilo,L,188.0,CHI,26.7,144642,,,Tomas Barrios Vera,R,191.0,CHI,26.2,6-2 7-5,3,R16,94.0,9.0,1.0,51.0,35.0,32.0,9.0,10.0,0.0,0.0,5.0,4.0,71.0,48.0,32.0,9.0,10.0,6.0,9.0,51.0,951.0,111.0,563.0,2024
2024-8996,Santiago,Clay,32,A,2024-02-26,290,209260,,WC,Luciano Darderi,R,183.0,ITA,22.0,207678,,Q,Juan Manuel Cerundolo,L,183.0,ARG,22.2,6-3 3-6 6-3,3,R16,138.0,7.0,5.0,86.0,44.0,34.0,23.0,14.0,6.0,8.0,3.0,2.0,85.0,58.0,37.0,16.0,13.0,2.0,5.0,80.0,747.0,161.0,393.0,2024
2024-8996,Santiago,Clay,32,A,2024-02-26,289,124079,,,Pedro Martinez,R,185.0,ESP,26.8,207680,6.0,,Facundo Diaz Acosta,L,183.0,ARG,23.1,7-6(4) 6-7(5) 6-1,3,R16,188.0,3.0,3.0,93.0,57.0,45.0,17.0,16.0,2.0,5.0,5.0,4.0,110.0,69.0,43.0,20.0,15.0,8.0,13.0,101.0,596.0,52.0,948.0,2024
2024-0495,Dubai,Hard,32,A,2024-02-26,275,208103,,,Jiri Lehecka,R,185.0,CZE,22.2,105916,,Q,Marton Fucsovics,R,188.0,HUN,32.0,6-4 3-6 7-5,3,R32,142.0,4.0,1.0,86.0,51.0,42.0,18.0,15.0,3.0,5.0,2.0,4.0,101.0,60.0,38.0,26.0,16.0,8.0,11.0,36.0,1180.0,77.0,757.0,2024
2024-8996,Santiago,Clay,32,A,2024-02-26,288,209950,3.0,,Arthur Fils,R,185.0,FRA,19.7,205734,,,Thiago Seyboth Wild,R,185.0,BRA,23.9,6-3 6-3,3,R16,76.0,7.0,2.0,47.0,27.0,24.0,9.0,9.0,0.0,1.0,4.0,5.0,48.0,21.0,11.0,15.0,9.0,1.0,5.0,44.0,1028.0,73.0,802.0,2024
2024-0495,Dubai,Hard,32,A,2024-02-26,276,134868,,,Tallon Griekspoor,R,188.0,NED,27.6,209406,,WC,Abedallah Shelbayh,L,180.0,JOR,20.2,7-5 2-0 RET,3,R32,62.0,4.0,1.0,40.0,29.0,21.0,6.0,7.0,1.0,2.0,3.0,7.0,50.0,24.0,16.0,10.0,7.0,4.0,7.0,28.0,1440.0,228.0,265.0,2024
2024-0495,Dubai,Hard,32,A,2024-02-26,278,200005,5.0,,Ugo Humbert,L,188.0,FRA,25.6,104792,,WC,Gael Monfils,R,193.0,FRA,37.4,4-6 6-3 6-3,3,R32,132.0,5.0,0.0,85.0,58.0,42.0,19.0,14.0,3.0,4.0,10.0,5.0,86.0,50.0,38.0,16.0,14.0,4.0,7.0,18.0,1990.0,54.0,937.0,2024
2024-0495,Dubai,Hard,32,A,2024-02-26,295,122330,7.0,,Alexander Bublik,R,196.0,KAZ,26.6,208103,,,Jiri Lehecka,R,185.0,CZE,22.2,6-4 4-1 RET,3,QF,58.0,6.0,1.0,39.0,31.0,22.0,5.0,7.0,0.0,1.0,2.0,1.0,46.0,27.0,14.0,11.0,8.0,6.0,10.0,23.0,1699.0,36.0,1180.0,2024
2024-0495,Dubai,Hard,32,A,2024-02-26,294,126094,2.0,,Andrey Rublev,R,188.0,RUS,26.3,200624,,,Sebastian Korda,R,196.0,USA,23.6,6-4 4-3 RET,3,QF,68.0,2.0,0.0,48.0,23.0,17.0,14.0,8.0,3.0,4.0,5.0,1.0,52.0,29.0,24.0,6.0,9.0,0.0,3.0,5.0,5110.0,33.0,1245.0,2024
2024-0495,Dubai,Hard,32,A,2024-02-26,293,106421,1.0,,Daniil Medvedev,R,198.0,RUS,28.0,132283,,,Lorenzo Sonego,R,191.0,ITA,28.7,3-6 6-3 6-3,3,R16,120.0,0.0,3.0,75.0,45.0,32.0,20.0,13.0,7.0,9.0,7.0,1.0,84.0,59.0,37.0,15.0,14.0,6.0,10.0,4.0,8015.0,48.0,975.0,2024
2024-0495,Dubai,Hard,32,A,2024-02-26,292,200221,8.0,,Alejandro Davidovich Fokina,R,183.0,ESP,24.7,210150,,SE,Jakub Mensik,R,193.0,CZE,18.4,7-6(7) 1-0 RET,3,R16,73.0,9.0,1.0,42.0,30.0,23.0,8.0,7.0,0.0,1.0,7.0,3.0,61.0,40.0,25.0,10.0,6.0,4.0,5.0,24.0,1540.0,87.0,701.0,2024
2024-0495,Dubai,Hard,32,A,2024-02-26,291,128034,3.0,,Hubert Hurkacz,R,196.0,POL,27.0,106331,,,Christopher Oconnell,R,183.0,AUS,29.7,7-6(5) 6-4,3,R16,92.0,11.0,0.0,63.0,36.0,32.0,18.0,11.0,0.0,0.0,10.0,2.0,69.0,42.0,36.0,12.0,11.0,1.0,2.0,8.0,3395.0,68.0,834.0,2024
2024-0495,Dubai,Hard,32,A,2024-02-26,290,200005,5.0,,Ugo Humbert,L,188.0,FRA,25.6,104918,,,Andy Murray,R,191.0,GBR,36.7,6-2 6-4,3,R16,89.0,4.0,0.0,43.0,29.0,24.0,12.0,9.0,0.0,0.0,5.0,3.0,67.0,33.0,23.0,15.0,9.0,4.0,7.0,18.0,1990.0,67.0,845.0,2024
2024-0495,Dubai,Hard,32,A,2024-02-26,289,122330,7.0,,Alexander Bublik,R,196.0,KAZ,26.6,134868,,,Tallon Griekspoor,R,188.0,NED,27.6,7-6(8) 7-6(2),3,R16,108.0,22.0,3.0,85.0,48.0,38.0,23.0,12.0,3.0,4.0,7.0,1.0,85.0,55.0,42.0,17.0,12.0,1.0,2.0,23.0,1699.0,28.0,1440.0,2024
2024-0495,Dubai,Hard,32,A,2024-02-26,288,208103,,,Jiri Lehecka,R,185.0,CZE,22.2,111575,4.0,,Karen Khachanov,R,198.0,RUS,27.7,6-7(6) 7-6(5) 6-4,3,R16,173.0,16.0,6.0,131.0,87.0,60.0,23.0,17.0,9.0,11.0,11.0,0.0,116.0,78.0,54.0,21.0,17.0,11.0,14.0,36.0,1180.0,15.0,2260.0,2024
2024-0495,Dubai,Hard,32,A,2024-02-26,287,200624,,,Sebastian Korda,R,196.0,USA,23.6,122298,,,Botic Van De Zandschulp,R,191.0,NED,28.3,6-1 6-0,3,R16,43.0,10.0,1.0,38.0,25.0,22.0,6.0,7.0,0.0,0.0,2.0,3.0,31.0,18.0,9.0,1.0,6.0,0.0,5.0,33.0,1245.0,75.0,790.0,2024
2024-0495,Dubai,Hard,32,A,2024-02-26,286,126094,2.0,,Andrey Rublev,R,188.0,RUS,26.3,209070,,Q,Arthur Cazaux,R,183.0,FRA,21.5,6-4 6-4,3,R16,78.0,7.0,0.0,53.0,38.0,31.0,9.0,10.0,0.0,0.0,16.0,2.0,58.0,31.0,25.0,12.0,10.0,4.0,6.0,5.0,5110.0,86.0,701.0,2024
2024-0495,Dubai,Hard,32,A,2024-02-26,285,106421,1.0,,Daniil Medvedev,R,198.0,RUS,28.0,207686,,,Alexander Shevchenko,R,185.0,KAZ,23.2,6-3 7-5,3,R32,88.0,2.0,5.0,63.0,40.0,26.0,12.0,10.0,2.0,4.0,6.0,3.0,71.0,46.0,28.0,9.0,11.0,4.0,9.0,4.0,8015.0,47.0,1000.0,2024
2024-0495,Dubai,Hard,32,A,2024-02-26,284,132283,,,Lorenzo Sonego,R,191.0,ITA,28.7,111576,,WC,Sumit Nagal,R,178.0,IND,26.5,6-4 5-7 6-1,3,R32,139.0,7.0,3.0,72.0,49.0,42.0,12.0,14.0,1.0,2.0,1.0,2.0,93.0,58.0,39.0,20.0,15.0,7.0,11.0,48.0,975.0,97.0,612.0,2024
2024-0495,Dubai,Hard,32,A,2024-02-26,283,210150,,SE,Jakub Mensik,R,193.0,CZE,18.4,106432,,,Borna Coric,R,188.0,CRO,27.2,4-6 6-3 7-6(7),3,R32,174.0,18.0,2.0,109.0,66.0,49.0,20.0,16.0,4.0,6.0,5.0,6.0,111.0,66.0,50.0,19.0,15.0,12.0,14.0,87.0,701.0,31.0,1274.0,2024
2024-0495,Dubai,Hard,32,A,2024-02-26,282,200221,8.0,,Alejandro Davidovich Fokina,R,183.0,ESP,24.7,206681,,,Fabian Marozsan,R,193.0,HUN,24.3,6-3 4-6 6-1,3,R32,100.0,8.0,2.0,80.0,55.0,40.0,13.0,13.0,4.0,6.0,7.0,5.0,73.0,40.0,28.0,12.0,13.0,1.0,6.0,24.0,1540.0,59.0,914.0,2024
2024-0495,Dubai,Hard,32,A,2024-02-26,281,128034,3.0,,Hubert Hurkacz,R,196.0,POL,27.0,105526,,,Jan Lennard Struff,R,193.0,GER,33.8,7-6(5) 6-7(4) 7-6(6),3,R32,159.0,24.0,5.0,137.0,93.0,73.0,25.0,18.0,6.0,6.0,17.0,2.0,118.0,80.0,70.0,21.0,18.0,3.0,3.0,8.0,3395.0,25.0,1531.0,2024
2024-0495,Dubai,Hard,32,A,2024-02-26,280,106331,,,Christopher Oconnell,R,183.0,AUS,29.7,109739,,Q,Maximilian Marterer,L,188.0,GER,28.7,6-2 6-4,3,R32,76.0,5.0,0.0,47.0,28.0,23.0,14.0,9.0,0.0,0.0,4.0,3.0,59.0,41.0,23.0,9.0,9.0,3.0,6.0,68.0,834.0,96.0,612.0,2024
2024-0495,Dubai,Hard,32,A,2024-02-26,279,104918,,,Andy Murray,R,191.0,GBR,36.7,133430,,PR,Denis Shapovalov,L,185.0,CAN,24.8,4-6 7-6(5) 6-3,3,R32,152.0,3.0,1.0,97.0,67.0,50.0,16.0,15.0,4.0,6.0,15.0,10.0,102.0,57.0,44.0,21.0,16.0,3.0,6.0,67.0,845.0,120.0,530.0,2024
2024-0495,Dubai,Hard,32,A,2024-02-26,277,122330,7.0,,Alexander Bublik,R,196.0,KAZ,26.6,207830,,Q,Tomas Machac,R,183.0,CZE,23.3,2-6 6-3 7-6(5),3,R32,117.0,7.0,6.0,87.0,49.0,39.0,20.0,15.0,4.0,8.0,3.0,3.0,85.0,51.0,36.0,18.0,14.0,3.0,6.0,23.0,1699.0,65.0,863.0,2024
2024-8996,Santiago,Clay,32,A,2024-02-26,287,144719,8.0,,Jaume Munar,R,183.0,ESP,26.8,105077,,,Albert Ramos,L,188.0,ESP,36.1,6-3 6-1,3,R16,92.0,0.0,0.0,62.0,46.0,28.0,6.0,8.0,10.0,13.0,1.0,2.0,42.0,22.0,11.0,2.0,8.0,3.0,10.0,70.0,816.0,104.0,583.0,2024
2024-8996,Santiago,Clay,32,A,2024-02-26,286,202104,2.0,,Sebastian Baez,R,170.0,ARG,23.1,122669,,,Juan Pablo Varillas,R,185.0,PER,28.3,4-6 6-4 6-2,3,R16,157.0,3.0,2.0,87.0,61.0,38.0,13.0,14.0,4.0,8.0,2.0,2.0,97.0,57.0,34.0,20.0,14.0,10.0,16.0,21.0,1825.0,119.0,537.0,2024
2024-8996,Santiago,Clay,32,A,2024-02-26,284,105948,,,Federico Coria,R,180.0,ARG,31.9,144684,,Q,Alex Molcan,L,178.0,SVK,26.2,6-1 7-6(1),3,R32,95.0,5.0,4.0,58.0,37.0,24.0,11.0,10.0,2.0,5.0,2.0,4.0,64.0,41.0,19.0,9.0,9.0,2.0,7.0,88.0,678.0,135.0,473.0,2024
2024-0807,Acapulco,Hard,32,A,2024-02-26,279,207925,,Q,Flavio Cobolli,R,183.0,ITA,21.8,200000,,,Felix Auger Aliassime,R,193.0,CAN,23.5,2-6 6-3 6-2,3,R32,117.0,4.0,2.0,65.0,34.0,25.0,18.0,12.0,2.0,4.0,5.0,9.0,72.0,37.0,28.0,15.0,13.0,2.0,6.0,69.0,825.0,30.0,1340.0,2024
2024-0807,Acapulco,Hard,32,A,2024-02-26,280,124116,,,Sebastian Ofner,R,191.0,AUT,27.7,124014,,WC,Ernesto Escobedo,R,185.0,MEX,27.6,6-7(7) 6-4 7-6(4),3,R32,183.0,14.0,6.0,119.0,63.0,55.0,30.0,17.0,7.0,7.0,10.0,1.0,112.0,73.0,56.0,21.0,17.0,2.0,3.0,37.0,1091.0,493.0,82.0,2024
2024-0807,Acapulco,Hard,32,A,2024-02-26,281,200282,3.0,,Alex De Minaur,R,183.0,AUS,25.0,106121,,,Taro Daniel,R,191.0,JPN,31.0,6-2 6-1,3,R32,79.0,4.0,1.0,49.0,18.0,14.0,21.0,8.0,3.0,3.0,1.0,0.0,48.0,19.0,11.0,11.0,7.0,5.0,9.0,9.0,3210.0,64.0,870.0,2024
2024-0807,Acapulco,Hard,32,A,2024-02-26,282,207733,,,Jack Draper,L,193.0,GBR,22.1,126205,7.0,,Tommy Paul,R,185.0,USA,26.7,6-0 6-4,3,R32,86.0,2.0,1.0,49.0,28.0,21.0,14.0,8.0,3.0,3.0,3.0,2.0,56.0,32.0,20.0,10.0,8.0,1.0,5.0,50.0,951.0,14.0,2375.0,2024
2024-0807,Acapulco,Hard,32,A,2024-02-26,283,106415,,LL,Yoshihito Nishioka,L,170.0,JPN,28.4,132686,,,Nuno Borges,R,185.0,POR,27.0,3-6 6-2 6-4,3,R32,148.0,1.0,2.0,105.0,60.0,41.0,21.0,13.0,7.0,10.0,4.0,7.0,85.0,42.0,31.0,18.0,14.0,6.0,11.0,82.0,725.0,56.0,922.0,2024
2024-0807,Acapulco,Hard,32,A,2024-02-26,284,200175,,,Miomir Kecmanovic,R,183.0,SRB,24.4,106043,,WC,Diego Schwartzman,R,170.0,ARG,31.5,4-6 6-3 6-1,3,R32,142.0,3.0,1.0,63.0,45.0,31.0,13.0,13.0,2.0,5.0,1.0,8.0,104.0,47.0,29.0,26.0,13.0,8.0,14.0,53.0,940.0,117.0,538.0,2024
2024-0807,Acapulco,Hard,32,A,2024-02-26,285,127157,,,Daniel Altmaier,R,188.0,GER,25.4,100644,1.0,,Alexander Zverev,R,198.0,GER,26.8,6-3 3-6 6-3,3,R32,146.0,9.0,2.0,90.0,52.0,39.0,19.0,14.0,6.0,7.0,8.0,4.0,68.0,46.0,35.0,13.0,13.0,1.0,3.0,57.0,921.0,6.0,5085.0,2024
2024-0807,Acapulco,Hard,32,A,2024-02-26,286,208029,2.0,,Holger Rune,R,188.0,DEN,20.8,206499,,Q,Aleksandar Kovacevic,R,183.0,USA,25.4,7-6(5) 6-2,3,R16,110.0,11.0,1.0,74.0,43.0,32.0,21.0,10.0,7.0,7.0,7.0,2.0,66.0,40.0,32.0,9.0,10.0,5.0,7.0,7.0,3700.0,93.0,654.0,2024
2024-0807,Acapulco,Hard,32,A,2024-02-26,287,136440,,,Dominik Koepfer,L,180.0,GER,29.8,126207,8.0,,Frances Tiafoe,R,188.0,USA,26.0,6-4 5-7 6-1,3,R16,145.0,11.0,3.0,85.0,51.0,34.0,23.0,14.0,7.0,10.0,8.0,4.0,95.0,51.0,34.0,18.0,15.0,6.0,12.0,58.0,918.0,16.0,2155.0,2024
2024-0807,Acapulco,Hard,32,A,2024-02-26,288,210097,,,Ben Shelton,L,193.0,USA,21.3,208286,,,Matteo Arnaldi,R,185.0,ITA,23.0,7-6(1) 3-6 6-3,3,R16,151.0,7.0,3.0,83.0,62.0,46.0,11.0,15.0,1.0,4.0,5.0,5.0,109.0,53.0,38.0,27.0,15.0,6.0,9.0,17.0,2055.0,42.0,1061.0,2024
2024-0807,Acapulco,Hard,32,A,2024-02-26,289,134770,6.0,,Casper Ruud,R,183.0,NOR,25.1,105583,,,Dusan Lajovic,R,183.0,SRB,33.6,6-4 7-5,3,R16,86.0,5.0,2.0,61.0,39.0,35.0,12.0,11.0,1.0,1.0,2.0,0.0,56.0,34.0,28.0,12.0,11.0,3.0,5.0,11.0,3120.0,55.0,922.0,2024
2024-0807,Acapulco,Hard,32,A,2024-02-26,290,126774,5.0,,Stefanos Tsitsipas,R,193.0,GRE,25.5,207925,,Q,Flavio Cobolli,R,183.0,ITA,21.8,6-3 7-6(6),3,R16,120.0,5.0,4.0,70.0,36.0,29.0,20.0,11.0,2.0,3.0,5.0,1.0,88.0,48.0,33.0,17.0,10.0,7.0,9.0,12.0,3080.0,69.0,825.0,2024
2024-0807,Acapulco,Hard,32,A,2024-02-26,291,200282,3.0,,Alex De Minaur,R,183.0,AUS,25.0,124116,,,Sebastian Ofner,R,191.0,AUT,27.7,6-1 6-3,3,R16,88.0,3.0,0.0,44.0,21.0,19.0,13.0,8.0,1.0,2.0,1.0,2.0,74.0,35.0,24.0,11.0,8.0,7.0,12.0,9.0,3210.0,37.0,1091.0,2024
2024-0807,Acapulco,Hard,32,A,2024-02-26,292,207733,,,Jack Draper,L,193.0,GBR,22.1,106415,,LL,Yoshihito Nishioka,L,170.0,JPN,28.4,6-3 6-0,3,R16,68.0,11.0,4.0,50.0,28.0,26.0,11.0,8.0,3.0,3.0,1.0,0.0,39.0,22.0,10.0,7.0,7.0,2.0,6.0,50.0,951.0,82.0,725.0,2024
2024-0807,Acapulco,Hard,32,A,2024-02-26,293,200175,,,Miomir Kecmanovic,R,183.0,SRB,24.4,127157,,,Daniel Altmaier,R,188.0,GER,25.4,6-4 6-4,3,R16,93.0,3.0,2.0,53.0,27.0,22.0,20.0,10.0,1.0,1.0,5.0,1.0,60.0,36.0,26.0,13.0,10.0,1.0,3.0,53.0,940.0,57.0,921.0,2024
2024-0807,Acapulco,Hard,32,A,2024-02-26,294,208029,2.0,,Holger Rune,R,188.0,DEN,20.8,136440,,,Dominik Koepfer,L,180.0,GER,29.8,7-6(2) 7-6(0),3,QF,119.0,7.0,1.0,80.0,52.0,40.0,13.0,12.0,2.0,5.0,4.0,4.0,68.0,39.0,28.0,15.0,12.0,0.0,3.0,7.0,3700.0,58.0,918.0,2024
2024-0807,Acapulco,Hard,32,A,2024-02-26,295,134770,6.0,,Casper Ruud,R,183.0,NOR,25.1,210097,,,Ben Shelton,L,193.0,USA,21.3,6-7(7) 6-4 6-4,3,QF,154.0,8.0,1.0,91.0,63.0,50.0,19.0,16.0,0.0,0.0,10.0,4.0,104.0,73.0,50.0,19.0,16.0,4.0,6.0,11.0,3120.0,17.0,2055.0,2024
2024-0807,Acapulco,Hard,32,A,2024-02-26,278,126774,5.0,,Stefanos Tsitsipas,R,193.0,GRE,25.5,126128,,,Roman Safiullin,R,185.0,RUS,26.5,6-3 6-4,3,R32,80.0,5.0,0.0,57.0,30.0,25.0,17.0,10.0,1.0,1.0,4.0,0.0,52.0,25.0,15.0,17.0,9.0,2.0,4.0,12.0,3080.0,39.0,1080.0,2024
2024-0807,Acapulco,Hard,32,A,2024-02-26,277,134770,6.0,,Casper Ruud,R,183.0,NOR,25.1,111153,,,Christopher Eubanks,R,201.0,USA,27.8,6-4 6-7(5) 6-3,3,R32,133.0,6.0,2.0,90.0,55.0,47.0,22.0,16.0,0.0,0.0,10.0,3.0,95.0,62.0,50.0,16.0,15.0,2.0,4.0,11.0,3120.0,34.0,1234.0,2024
2024-0807,Acapulco,Hard,32,A,2024-02-26,276,105583,,,Dusan Lajovic,R,183.0,SRB,33.6,210202,,WC,Rodrigo Pacheco Mendez,L,188.0,MEX,18.8,6-2 6-2,3,R32,61.0,3.0,1.0,43.0,31.0,26.0,6.0,8.0,0.0,0.0,3.0,3.0,43.0,27.0,17.0,5.0,8.0,1.0,5.0,55.0,922.0,700.0,40.0,2024
2024-0807,Acapulco,Hard,32,A,2024-02-26,275,210097,,,Ben Shelton,L,193.0,USA,21.3,105554,,,Daniel Evans,R,175.0,GBR,33.7,2-6 7-5 7-6(5),3,R32,164.0,12.0,4.0,94.0,63.0,50.0,14.0,16.0,2.0,5.0,5.0,3.0,94.0,50.0,40.0,25.0,16.0,3.0,5.0,17.0,2055.0,41.0,1066.0,2024
2024-8996,Santiago,Clay,32,A,2024-02-26,283,202058,,,Thiago Agustin Tirante,R,185.0,ARG,22.8,211663,,WC,Joao Fonseca,R,185.0,BRA,17.5,7-5 7-6(3),3,R32,128.0,0.0,1.0,75.0,57.0,42.0,12.0,12.0,1.0,2.0,1.0,4.0,88.0,51.0,32.0,23.0,12.0,1.0,3.0,100.0,598.0,343.0,149.0,2024
2024-8996,Santiago,Clay,32,A,2024-02-26,282,144895,,Q,Corentin Moutet,L,180.0,FRA,24.8,106148,7.0,,Roberto Carballes Baena,R,183.0,ESP,30.9,6-3 5-7 6-2,3,R32,178.0,2.0,1.0,91.0,56.0,38.0,22.0,15.0,2.0,4.0,1.0,1.0,98.0,66.0,39.0,18.0,14.0,6.0,10.0,140.0,464.0,66.0,851.0,2024
2024-8996,Santiago,Clay,32,A,2024-02-26,280,144642,,,Tomas Barrios Vera,R,191.0,CHI,26.2,106426,,,Cristian Garin,R,185.0,CHI,27.7,7-6(3) 7-5,3,R32,121.0,5.0,3.0,72.0,52.0,38.0,12.0,12.0,5.0,7.0,3.0,3.0,78.0,44.0,30.0,16.0,12.0,4.0,7.0,111.0,563.0,83.0,710.0,2024
2024-8996,Santiago,Clay,32,A,2024-02-26,279,209260,,WC,Luciano Darderi,R,183.0,ITA,22.0,105487,,LL,Facundo Bagnis,L,183.0,ARG,33.9,7-6(4) 6-7(6) 7-6(5),3,R32,199.0,13.0,1.0,125.0,74.0,50.0,35.0,18.0,2.0,3.0,11.0,3.0,115.0,74.0,56.0,25.0,18.0,4.0,5.0,80.0,747.0,148.0,447.0,2024
2024-8996,Santiago,Clay,32,A,2024-02-26,278,207678,,Q,Juan Manuel Cerundolo,L,183.0,ARG,22.2,105870,5.0,,Yannick Hanfmann,R,193.0,GER,32.2,3-6 6-3 7-5,3,R32,167.0,3.0,4.0,92.0,48.0,31.0,27.0,15.0,8.0,11.0,7.0,6.0,95.0,55.0,35.0,22.0,15.0,2.0,6.0,161.0,393.0,49.0,967.0,2024
2024-8996,Santiago,Clay,32,A,2024-02-26,277,207680,6.0,,Facundo Diaz Acosta,L,183.0,ARG,23.1,106398,,,Pedro Cachin,R,185.0,ARG,28.8,5-7 6-3 7-6(2),3,R32,188.0,7.0,3.0,135.0,86.0,59.0,24.0,17.0,15.0,18.0,5.0,3.0,103.0,69.0,47.0,20.0,16.0,4.0,7.0,52.0,948.0,78.0,754.0,2024
2024-8996,Santiago,Clay,32,A,2024-02-26,276,124079,,,Pedro Martinez,R,185.0,ESP,26.8,208859,,WC,Francesco Passaro,R,180.0,ITA,23.1,6-4 6-1,3,R32,100.0,1.0,6.0,57.0,40.0,29.0,7.0,9.0,1.0,3.0,3.0,4.0,61.0,35.0,19.0,9.0,8.0,7.0,12.0,101.0,596.0,224.0,271.0,2024
2024-8996,Santiago,Clay,32,A,2024-02-26,275,205734,,,Thiago Seyboth Wild,R,185.0,BRA,23.9,208882,,Q,Roman Andres Burruchaga,R,183.0,ARG,22.0,6-4 6-4,3,R32,102.0,2.0,2.0,60.0,36.0,26.0,13.0,10.0,3.0,5.0,4.0,4.0,70.0,42.0,28.0,10.0,10.0,9.0,13.0,73.0,802.0,159.0,397.0,2024
2024-0807,Acapulco,Hard,32,A,2024-02-26,297,207733,,,Jack Draper,L,193.0,GBR,22.1,200175,,,Miomir Kecmanovic,R,183.0,SRB,24.4,6-2 6-2,3,QF,81.0,5.0,2.0,49.0,25.0,22.0,14.0,8.0,2.0,2.0,0.0,3.0,59.0,36.0,20.0,10.0,8.0,6.0,10.0,50.0,951.0,53.0,940.0,2024
2024-8996,Santiago,Clay,32,A,2024-02-26,273,144719,8.0,,Jaume Munar,R,183.0,ESP,26.8,126523,,,Bernabe Zapata Miralles,R,183.0,ESP,27.1,6-4 6-1,3,R32,81.0,0.0,3.0,52.0,43.0,32.0,3.0,8.0,2.0,3.0,2.0,4.0,53.0,31.0,14.0,9.0,9.0,1.0,6.0,70.0,816.0,143.0,457.0,2024
2024-8996,Santiago,Clay,32,A,2024-02-26,271,122669,,,Juan Pablo Varillas,R,185.0,PER,28.3,207681,,LL,Francisco Comesana,R,178.0,ARG,23.3,6-2 3-6 6-1,3,R32,117.0,5.0,2.0,69.0,42.0,30.0,19.0,12.0,4.0,5.0,4.0,3.0,75.0,43.0,29.0,15.0,12.0,3.0,7.0,119.0,537.0,114.0,552.0,2024
2024-0495,Dubai,Hard,32,A,2024-02-26,299,200005,5.0,,Ugo Humbert,L,188.0,FRA,25.6,106421,1.0,,Daniil Medvedev,R,198.0,RUS,28.0,7-5 6-3,3,SF,110.0,4.0,0.0,80.0,57.0,35.0,15.0,11.0,7.0,8.0,6.0,4.0,73.0,42.0,28.0,14.0,10.0,6.0,9.0,18.0,1990.0,4.0,8015.0,2024
2024-0495,Dubai,Hard,32,A,2024-02-26,300,200005,5.0,,Ugo Humbert,L,188.0,FRA,25.6,122330,7.0,,Alexander Bublik,R,196.0,KAZ,26.6,6-4 6-3,3,F,85.0,9.0,0.0,62.0,45.0,33.0,11.0,10.0,2.0,2.0,8.0,6.0,63.0,39.0,26.0,12.0,9.0,4.0,6.0,18.0,1990.0,23.0,1699.0,2024
2024-0807,Acapulco,Hard,32,A,2024-02-26,270,208029,2.0,,Holger Rune,R,188.0,DEN,20.8,111581,,Q,Michael Mmoh,R,188.0,USA,26.1,6-2 6-3,3,R32,92.0,6.0,2.0,54.0,29.0,25.0,13.0,9.0,5.0,5.0,2.0,6.0,53.0,31.0,22.0,6.0,8.0,3.0,6.0,7.0,3700.0,122.0,527.0,2024
2024-0807,Acapulco,Hard,32,A,2024-02-26,271,206499,,Q,Aleksandar Kovacevic,R,183.0,USA,25.4,111442,,,Jordan Thompson,R,183.0,AUS,29.8,6-3 5-7 6-4,3,R32,161.0,5.0,8.0,110.0,65.0,48.0,23.0,16.0,9.0,11.0,4.0,2.0,91.0,51.0,39.0,20.0,15.0,3.0,6.0,93.0,654.0,32.0,1246.0,2024
2024-0807,Acapulco,Hard,32,A,2024-02-26,272,136440,,,Dominik Koepfer,L,180.0,GER,29.8,209279,,Q,Terence Atmane,L,193.0,FRA,22.1,6-4 4-6 6-0,3,R32,141.0,1.0,2.0,72.0,38.0,28.0,19.0,13.0,2.0,5.0,6.0,4.0,101.0,50.0,30.0,22.0,13.0,16.0,22.0,58.0,918.0,146.0,453.0,2024
2024-0807,Acapulco,Hard,32,A,2024-02-26,273,126207,8.0,,Frances Tiafoe,R,188.0,USA,26.0,126845,,,Max Purcell,R,185.0,AUS,25.9,4-6 6-3 6-0,3,R32,121.0,4.0,3.0,78.0,43.0,31.0,23.0,13.0,7.0,8.0,11.0,6.0,84.0,43.0,31.0,17.0,12.0,9.0,13.0,16.0,2155.0,62.0,886.0,2024
2024-0807,Acapulco,Hard,32,A,2024-02-26,274,208286,,,Matteo Arnaldi,R,185.0,ITA,23.0,126203,4.0,,Taylor Fritz,R,196.0,USA,26.3,6-4 4-6 6-3,3,R32,155.0,8.0,4.0,89.0,51.0,40.0,18.0,15.0,3.0,6.0,9.0,3.0,101.0,61.0,39.0,20.0,14.0,11.0,15.0,42.0,1061.0,10.0,3150.0,2024
2024-8996,Santiago,Clay,32,A,2024-02-26,272,105077,,,Albert Ramos,L,188.0,ESP,36.1,106198,,,Hugo Dellien,R,180.0,BOL,30.6,6-3 6-2,3,R32,93.0,1.0,6.0,66.0,40.0,28.0,14.0,9.0,3.0,4.0,1.0,2.0,50.0,32.0,19.0,8.0,8.0,2.0,6.0,104.0,583.0,157.0,399.0,2024
2024-0495,Dubai,Hard,32,A,2024-02-26,270,126094,2.0,,Andrey Rublev,R,188.0,RUS,26.3,111190,,,Zhizhen Zhang,R,193.0,CHN,27.3,6-7(4) 6-2 6-4,3,R32,110.0,18.0,2.0,88.0,64.0,53.0,13.0,15.0,2.0,2.0,17.0,2.0,90.0,68.0,54.0,6.0,15.0,0.0,3.0,5.0,5110.0,46.0,1006.0,2024
2024-0404,Indian Wells Masters,Hard,128,M,2024-03-04,207,105683,,PR,Milos Raonic,R,196.0,CAN,33.1,111576,,LL,Sumit Nagal,R,178.0,IND,26.5,6-3 6-3,3,R128,88.0,9.0,4.0,67.0,34.0,26.0,17.0,9.0,2.0,2.0,0.0,2.0,63.0,38.0,24.0,12.0,9.0,9.0,12.0,224.0,275.0,101.0,603.0,2024
2024-0404,Indian Wells Masters,Hard,128,M,2024-03-04,246,206173,3.0,,Jannik Sinner,R,191.0,ITA,22.5,106423,,,Thanasi Kokkinakis,R,193.0,AUS,27.8,6-3 6-0,3,R64,81.0,3.0,0.0,47.0,29.0,22.0,13.0,8.0,1.0,1.0,7.0,2.0,44.0,26.0,15.0,5.0,7.0,2.0,6.0,3.0,8270.0,99.0,609.0,2024
2024-0404,Indian Wells Masters,Hard,128,M,2024-03-04,227,209950,,,Arthur Fils,R,185.0,FRA,19.7,132686,,,Nuno Borges,R,185.0,POR,27.0,7-6(5) 6-2,3,R128,96.0,4.0,0.0,71.0,45.0,35.0,13.0,10.0,2.0,3.0,2.0,3.0,64.0,25.0,20.0,19.0,10.0,2.0,5.0,43.0,1078.0,60.0,887.0,2024
2024-0404,Indian Wells Masters,Hard,128,M,2024-03-04,228,127760,,Q,Lukas Klein,R,193.0,SVK,25.9,134457,,Q,Nicolas Moreno De Alboran,R,185.0,USA,26.6,7-6(8) 6-4,3,R128,105.0,6.0,4.0,75.0,41.0,37.0,17.0,11.0,4.0,5.0,4.0,3.0,79.0,51.0,36.0,15.0,11.0,1.0,3.0,141.0,459.0,166.0,387.0,2024
2024-0404,Indian Wells Masters,Hard,128,M,2024-03-04,231,200516,,WC,Patrick Kypson,R,188.0,USA,24.3,210319,,Q,Ethan Quinn,R,191.0,USA,19.9,6-1 7-6(1),3,R128,95.0,10.0,0.0,63.0,47.0,38.0,10.0,10.0,2.0,2.0,5.0,4.0,63.0,37.0,30.0,7.0,9.0,3.0,5.0,151.0,443.0,284.0,196.0,2024
2024-0404,Indian Wells Masters,Hard,128,M,2024-03-04,232,210506,,,Alex Michelsen,R,193.0,USA,19.5,144719,,,Jaume Munar,R,183.0,ESP,26.8,6-2 6-3,3,R128,94.0,4.0,0.0,66.0,47.0,34.0,10.0,9.0,2.0,2.0,1.0,3.0,60.0,34.0,20.0,12.0,8.0,3.0,6.0,80.0,754.0,75.0,776.0,2024
2024-0404,Indian Wells Masters,Hard,128,M,2024-03-04,235,111190,,,Zhizhen Zhang,R,193.0,CHN,27.3,206499,,WC,Aleksandar Kovacevic,R,183.0,USA,25.5,6-7(2) 6-3 7-5,3,R128,153.0,12.0,4.0,104.0,53.0,41.0,30.0,17.0,4.0,5.0,13.0,10.0,104.0,53.0,43.0,26.0,16.0,6.0,9.0,50.0,1006.0,92.0,654.0,2024
2024-0404,Indian Wells Masters,Hard,128,M,2024-03-04,236,126846,,,Aleksandar Vukic,R,188.0,AUS,27.9,208278,,Q,Shintaro Mochizuki,R,175.0,JPN,20.7,7-6(4) 7-6(6),3,R128,114.0,6.0,1.0,82.0,46.0,30.0,25.0,12.0,3.0,5.0,5.0,5.0,80.0,38.0,29.0,22.0,12.0,1.0,3.0,69.0,801.0,149.0,448.0,2024
2024-0404,Indian Wells Masters,Hard,128,M,2024-03-04,238,207989,2.0,,Carlos Alcaraz,R,183.0,ESP,20.8,208286,,,Matteo Arnaldi,R,185.0,ITA,23.0,6-7(5) 6-0 6-1,3,R64,134.0,2.0,1.0,76.0,43.0,37.0,18.0,13.0,3.0,4.0,3.0,0.0,92.0,52.0,31.0,17.0,12.0,7.0,13.0,2.0,8805.0,40.0,1091.0,2024
2024-0404,Indian Wells Masters,Hard,128,M,2024-03-04,239,200000,31.0,,Felix Auger Aliassime,R,193.0,CAN,23.5,106005,,Q,Constant Lestienne,R,180.0,FRA,31.7,6-4 6-1,3,R64,88.0,4.0,6.0,47.0,27.0,23.0,11.0,8.0,3.0,3.0,1.0,4.0,69.0,35.0,21.0,15.0,9.0,6.0,10.0,31.0,1295.0,100.0,606.0,2024
2024-0404,Indian Wells Masters,Hard,128,M,2024-03-04,240,206681,,,Fabian Marozsan,R,193.0,HUN,24.4,111797,24.0,,Nicolas Jarry,R,201.0,CHI,28.3,3-6 7-5 6-4,3,R64,159.0,4.0,2.0,95.0,61.0,45.0,17.0,16.0,3.0,6.0,12.0,9.0,120.0,63.0,48.0,23.0,15.0,10.0,13.0,58.0,914.0,24.0,1575.0,2024
2024-0404,Indian Wells Masters,Hard,128,M,2024-03-04,224,132283,,,Lorenzo Sonego,R,191.0,ITA,28.8,200175,,,Miomir Kecmanovic,R,183.0,SRB,24.5,7-6(1) 6-4,3,R128,90.0,12.0,2.0,61.0,39.0,37.0,11.0,11.0,1.0,2.0,0.0,1.0,62.0,35.0,20.0,21.0,11.0,2.0,4.0,55.0,935.0,47.0,1030.0,2024
2024-0404,Indian Wells Masters,Hard,128,M,2024-03-04,241,205734,,Q,Thiago Seyboth Wild,R,185.0,BRA,23.9,111575,15.0,,Karen Khachanov,R,198.0,RUS,27.7,6-1 7-5,3,R64,83.0,6.0,2.0,57.0,39.0,34.0,8.0,10.0,1.0,1.0,3.0,1.0,58.0,31.0,22.0,12.0,9.0,1.0,4.0,65.0,820.0,15.0,2300.0,2024
2024-0404,Indian Wells Masters,Hard,128,M,2024-03-04,243,122330,20.0,,Alexander Bublik,R,196.0,KAZ,26.7,209992,,Q,Juncheng Shang,L,180.0,CHN,19.0,6-4 6-1,3,R64,63.0,10.0,2.0,57.0,37.0,28.0,10.0,9.0,3.0,4.0,0.0,1.0,44.0,29.0,17.0,6.0,8.0,1.0,5.0,20.0,1984.0,139.0,465.0,2024
2024-0404,Indian Wells Masters,Hard,128,M,2024-03-04,244,134868,27.0,,Tallon Griekspoor,R,188.0,NED,27.6,105870,,,Yannick Hanfmann,R,193.0,GER,32.3,6-3 6-3,3,R64,76.0,6.0,2.0,50.0,27.0,22.0,15.0,9.0,0.0,0.0,1.0,3.0,55.0,37.0,23.0,9.0,9.0,3.0,6.0,27.0,1445.0,57.0,920.0,2024
2024-0404,Indian Wells Masters,Hard,128,M,2024-03-04,245,100644,6.0,,Alexander Zverev,R,198.0,GER,26.8,106331,,,Christopher Oconnell,R,183.0,AUS,29.7,6-4 6-4,3,R64,116.0,3.0,3.0,65.0,37.0,28.0,17.0,10.0,5.0,6.0,7.0,2.0,70.0,35.0,20.0,20.0,10.0,6.0,9.0,6.0,4950.0,66.0,819.0,2024
2024-0404,Indian Wells Masters,Hard,128,M,2024-03-04,247,105526,25.0,,Jan Lennard Struff,R,193.0,GER,33.8,106432,,,Borna Coric,R,188.0,CRO,27.3,6-7(3) 6-2 7-6(9),3,R64,178.0,9.0,4.0,113.0,53.0,42.0,32.0,16.0,5.0,7.0,15.0,2.0,123.0,69.0,49.0,27.0,16.0,11.0,15.0,25.0,1531.0,35.0,1194.0,2024
2024-0404,Indian Wells Masters,Hard,128,M,2024-03-04,248,202103,22.0,,Francisco Cerundolo,R,185.0,ARG,25.5,207686,,,Alexander Shevchenko,R,185.0,KAZ,23.2,6-2 3-1 RET,3,R64,45.0,1.0,2.0,36.0,23.0,18.0,7.0,6.0,0.0,0.0,1.0,1.0,30.0,12.0,8.0,7.0,6.0,0.0,3.0,22.0,1840.0,51.0,1000.0,2024
2024-0404,Indian Wells Masters,Hard,128,M,2024-03-04,249,210097,16.0,,Ben Shelton,L,193.0,USA,21.4,210150,,WC,Jakub Mensik,R,193.0,CZE,18.5,4-6 6-3 6-4,3,R64,120.0,8.0,5.0,83.0,56.0,46.0,13.0,15.0,3.0,5.0,7.0,4.0,91.0,50.0,37.0,19.0,14.0,3.0,6.0,16.0,2145.0,81.0,751.0,2024
2024-0404,Indian Wells Masters,Hard,128,M,2024-03-04,250,126774,11.0,,Stefanos Tsitsipas,R,193.0,GRE,25.5,106298,,Q,Lucas Pouille,R,185.0,FRA,30.0,6-3 6-2,3,R64,68.0,8.0,2.0,41.0,24.0,22.0,10.0,8.0,0.0,0.0,4.0,2.0,56.0,28.0,20.0,10.0,9.0,3.0,7.0,11.0,3170.0,273.0,202.0,2024
2024-0404,Indian Wells Masters,Hard,128,M,2024-03-04,251,126207,18.0,,Frances Tiafoe,R,188.0,USA,26.1,105583,,,Dusan Lajovic,R,183.0,SRB,33.6,6-3 6-3,3,R64,77.0,7.0,4.0,61.0,35.0,28.0,11.0,9.0,4.0,5.0,3.0,0.0,66.0,44.0,27.0,9.0,9.0,3.0,7.0,18.0,2115.0,56.0,927.0,2024
2024-0404,Indian Wells Masters,Hard,128,M,2024-03-04,253,126094,5.0,,Andrey Rublev,R,188.0,RUS,26.3,104918,,,Andy Murray,R,191.0,GBR,36.8,7-6(3) 6-1,3,R64,108.0,9.0,0.0,78.0,42.0,31.0,23.0,10.0,6.0,6.0,5.0,4.0,72.0,45.0,31.0,11.0,9.0,3.0,5.0,5.0,5010.0,61.0,885.0,2024
2024-0404,Indian Wells Masters,Hard,128,M,2024-03-04,242,200282,10.0,,Alex De Minaur,R,183.0,AUS,25.0,106121,,,Taro Daniel,R,191.0,JPN,31.0,6-1 6-2,3,R64,58.0,3.0,1.0,41.0,22.0,18.0,12.0,7.0,1.0,1.0,1.0,3.0,43.0,27.0,14.0,3.0,8.0,1.0,6.0,10.0,3210.0,76.0,773.0,2024
2024-0404,Indian Wells Masters,Hard,128,M,2024-03-04,223,104792,,,Gael Monfils,R,193.0,FRA,37.5,126845,,,Max Purcell,R,185.0,AUS,25.9,6-1 6-2,3,R128,70.0,10.0,1.0,53.0,32.0,25.0,12.0,8.0,1.0,1.0,0.0,5.0,54.0,27.0,18.0,8.0,7.0,4.0,8.0,54.0,937.0,71.0,796.0,2024
2024-0404,Indian Wells Masters,Hard,128,M,2024-03-04,220,106148,,,Roberto Carballes Baena,R,183.0,ESP,30.9,207925,,,Flavio Cobolli,R,183.0,ITA,21.8,6-4 6-4,3,R128,100.0,0.0,1.0,70.0,50.0,32.0,11.0,10.0,3.0,5.0,4.0,6.0,62.0,31.0,22.0,12.0,10.0,4.0,8.0,64.0,831.0,62.0,880.0,2024
2024-0404,Indian Wells Masters,Hard,128,M,2024-03-04,219,126128,,,Roman Safiullin,R,185.0,RUS,26.5,105554,,,Daniel Evans,R,175.0,GBR,33.7,6-1 5-7 6-2,3,R128,116.0,11.0,5.0,78.0,46.0,35.0,18.0,14.0,3.0,5.0,3.0,8.0,79.0,40.0,28.0,15.0,13.0,7.0,12.0,42.0,1080.0,45.0,1066.0,2024
2024-0404,Indian Wells Masters,Hard,128,M,2024-03-04,175,208286,,,Matteo Arnaldi,R,185.0,ITA,23.0,209414,,,Luca Van Assche,R,178.0,FRA,19.8,7-6(6) 7-6(3),3,R128,126.0,11.0,0.0,80.0,48.0,38.0,15.0,12.0,1.0,3.0,2.0,5.0,81.0,44.0,33.0,19.0,12.0,7.0,9.0,40.0,1091.0,86.0,696.0,2024
2024-0404,Indian Wells Masters,Hard,128,M,2024-03-04,176,106005,,Q,Constant Lestienne,R,180.0,FRA,31.7,106045,,Q,Denis Kudla,R,180.0,USA,31.5,3-6 6-2 6-4,3,R128,153.0,5.0,2.0,119.0,69.0,42.0,23.0,14.0,13.0,18.0,4.0,4.0,85.0,39.0,29.0,16.0,13.0,3.0,9.0,100.0,606.0,179.0,342.0,2024
2024-0404,Indian Wells Masters,Hard,128,M,2024-03-04,179,206681,,,Fabian Marozsan,R,193.0,HUN,24.4,200514,,LL,Jurij Rodionov,L,191.0,AUT,24.8,6-3 6-2,3,R128,71.0,3.0,1.0,57.0,35.0,26.0,11.0,9.0,7.0,8.0,3.0,4.0,52.0,27.0,17.0,9.0,8.0,2.0,6.0,58.0,914.0,96.0,631.0,2024
2024-0404,Indian Wells Masters,Hard,128,M,2024-03-04,180,205734,,Q,Thiago Seyboth Wild,R,185.0,BRA,23.9,200670,,,J J Wolf,R,183.0,USA,25.2,6-2 6-1,3,R128,60.0,5.0,3.0,44.0,27.0,24.0,9.0,8.0,0.0,0.0,2.0,7.0,44.0,17.0,10.0,10.0,7.0,3.0,7.0,65.0,820.0,94.0,640.0,2024
2024-0404,Indian Wells Masters,Hard,128,M,2024-03-04,183,106121,,,Taro Daniel,R,191.0,JPN,31.0,123755,,,Daniel Elahi Galan,R,191.0,COL,27.7,6-4 6-1,3,R128,106.0,1.0,1.0,65.0,38.0,24.0,15.0,9.0,4.0,6.0,1.0,5.0,69.0,35.0,22.0,11.0,8.0,5.0,10.0,76.0,773.0,84.0,709.0,2024
2024-0404,Indian Wells Masters,Hard,128,M,2024-03-04,184,209992,,Q,Juncheng Shang,L,180.0,CHN,19.0,111442,,,Jordan Thompson,R,183.0,AUS,29.8,6-2 6-3,3,R128,98.0,1.0,4.0,72.0,38.0,24.0,18.0,9.0,4.0,6.0,4.0,2.0,56.0,29.0,16.0,11.0,8.0,7.0,12.0,139.0,465.0,33.0,1246.0,2024
2024-0404,Indian Wells Masters,Hard,128,M,2024-03-04,187,105870,,,Yannick Hanfmann,R,193.0,GER,32.3,106398,,,Pedro Cachin,R,185.0,ARG,28.8,6-7(7) 6-4 6-1,3,R128,139.0,7.0,2.0,87.0,51.0,38.0,20.0,14.0,2.0,4.0,1.0,3.0,102.0,62.0,38.0,17.0,15.0,4.0,10.0,57.0,920.0,79.0,754.0,2024
2024-0404,Indian Wells Masters,Hard,128,M,2024-03-04,188,106331,,,Christopher Oconnell,R,183.0,AUS,29.7,207733,,,Jack Draper,L,193.0,GBR,22.1,1-6 6-3 6-2,3,R128,142.0,8.0,4.0,85.0,41.0,31.0,19.0,12.0,8.0,11.0,4.0,5.0,82.0,39.0,27.0,18.0,12.0,11.0,15.0,66.0,819.0,37.0,1151.0,2024
2024-0404,Indian Wells Masters,Hard,128,M,2024-03-04,191,106423,,,Thanasi Kokkinakis,R,193.0,AUS,27.8,106218,,,Marcos Giron,R,180.0,USA,30.6,6-3 7-5,3,R128,99.0,13.0,3.0,65.0,43.0,37.0,12.0,11.0,4.0,4.0,2.0,1.0,63.0,34.0,23.0,16.0,10.0,2.0,4.0,99.0,609.0,48.0,1015.0,2024
2024-0404,Indian Wells Masters,Hard,128,M,2024-03-04,192,106432,,,Borna Coric,R,188.0,CRO,27.3,124116,,,Sebastian Ofner,R,191.0,AUT,27.8,6-2 3-6 6-0,3,R128,96.0,4.0,4.0,62.0,38.0,28.0,12.0,11.0,0.0,2.0,3.0,5.0,67.0,30.0,19.0,16.0,12.0,0.0,6.0,35.0,1194.0,38.0,1116.0,2024
2024-0404,Indian Wells Masters,Hard,128,M,2024-03-04,195,207686,,,Alexander Shevchenko,R,185.0,KAZ,23.2,136440,,,Dominik Koepfer,L,180.0,GER,29.8,6-3 1-6 7-6(3),3,R128,129.0,7.0,6.0,100.0,60.0,41.0,19.0,14.0,7.0,11.0,7.0,3.0,94.0,56.0,38.0,17.0,14.0,7.0,10.0,51.0,1000.0,49.0,1008.0,2024
2024-0404,Indian Wells Masters,Hard,128,M,2024-03-04,196,210150,,WC,Jakub Mensik,R,193.0,CZE,18.5,111805,,Q,Seong Chan Hong,R,175.0,KOR,26.6,6-3 6-4,3,R128,79.0,7.0,2.0,60.0,29.0,24.0,15.0,10.0,5.0,7.0,5.0,2.0,53.0,24.0,16.0,14.0,9.0,5.0,9.0,81.0,751.0,227.0,268.0,2024
2024-0404,Indian Wells Masters,Hard,128,M,2024-03-04,199,106298,,Q,Lucas Pouille,R,185.0,FRA,30.0,127157,,,Daniel Altmaier,R,188.0,GER,25.4,6-4 6-3,3,R128,101.0,2.0,4.0,59.0,38.0,31.0,11.0,10.0,1.0,2.0,2.0,4.0,72.0,50.0,31.0,7.0,9.0,3.0,6.0,273.0,202.0,53.0,961.0,2024
2024-0404,Indian Wells Masters,Hard,128,M,2024-03-04,200,105583,,,Dusan Lajovic,R,183.0,SRB,33.6,200325,,,Emil Ruusuvuori,R,188.0,FIN,24.9,7-5 6-2,3,R128,115.0,3.0,2.0,72.0,54.0,38.0,7.0,10.0,5.0,6.0,2.0,2.0,66.0,43.0,26.0,8.0,10.0,8.0,12.0,56.0,927.0,46.0,1041.0,2024
2024-0404,Indian Wells Masters,Hard,128,M,2024-03-04,203,206909,,WC,Brandon Nakashima,R,188.0,USA,22.5,111153,,,Christopher Eubanks,R,201.0,USA,27.8,6-3 7-6(3),3,R128,81.0,5.0,0.0,64.0,41.0,34.0,17.0,11.0,0.0,0.0,5.0,4.0,60.0,40.0,29.0,13.0,10.0,0.0,1.0,93.0,645.0,34.0,1234.0,2024
2024-0404,Indian Wells Masters,Hard,128,M,2024-03-04,204,104918,,,Andy Murray,R,191.0,GBR,36.8,105676,,Q,David Goffin,R,180.0,BEL,33.2,6-3 6-2,3,R128,80.0,4.0,1.0,45.0,27.0,23.0,13.0,9.0,0.0,0.0,2.0,1.0,55.0,35.0,19.0,11.0,8.0,2.0,5.0,61.0,885.0,112.0,553.0,2024
2024-0404,Indian Wells Masters,Hard,128,M,2024-03-04,208,133430,,PR,Denis Shapovalov,L,185.0,CAN,24.8,122298,,,Botic Van De Zandschulp,R,191.0,NED,28.4,6-1 6-4,3,R128,77.0,8.0,4.0,51.0,29.0,23.0,13.0,9.0,3.0,4.0,3.0,6.0,57.0,32.0,21.0,7.0,8.0,3.0,7.0,131.0,485.0,82.0,750.0,2024
2024-0404,Indian Wells Masters,Hard,128,M,2024-03-04,211,104926,,WC,Fabio Fognini,R,178.0,ITA,36.7,126523,,,Bernabe Zapata Miralles,R,183.0,ESP,27.1,4-6 6-2 6-3,3,R128,128.0,3.0,4.0,67.0,30.0,19.0,17.0,13.0,2.0,7.0,0.0,2.0,89.0,62.0,30.0,11.0,14.0,8.0,16.0,108.0,568.0,144.0,457.0,2024
2024-0404,Indian Wells Masters,Hard,128,M,2024-03-04,212,126214,,,Alejandro Tabilo,L,188.0,CHI,26.7,200303,,,Pavel Kotov,R,191.0,RUS,25.2,4-6 6-3 7-5,3,R128,127.0,3.0,3.0,89.0,52.0,43.0,21.0,16.0,5.0,7.0,3.0,6.0,76.0,53.0,42.0,9.0,15.0,2.0,5.0,39.0,1116.0,67.0,819.0,2024
2024-0404,Indian Wells Masters,Hard,128,M,2024-03-04,215,124186,,,Alexandre Muller,R,183.0,FRA,27.0,126409,,Q,Hugo Grenier,R,196.0,FRA,27.9,7-6(5) 7-5,3,R128,119.0,5.0,0.0,76.0,45.0,30.0,21.0,12.0,2.0,4.0,11.0,3.0,77.0,45.0,37.0,9.0,12.0,10.0,13.0,88.0,689.0,146.0,455.0,2024
2024-0404,Indian Wells Masters,Hard,128,M,2024-03-04,216,207830,,,Tomas Machac,R,183.0,CZE,23.3,104527,,,Stan Wawrinka,R,183.0,SUI,38.9,7-6(3) 4-6 6-2,3,R128,125.0,2.0,2.0,86.0,49.0,33.0,22.0,15.0,2.0,6.0,3.0,2.0,92.0,51.0,35.0,17.0,15.0,2.0,7.0,63.0,868.0,70.0,797.0,2024
2024-0404,Indian Wells Masters,Hard,128,M,2024-03-04,254,208029,7.0,,Holger Rune,R,188.0,DEN,20.8,105683,,PR,Milos Raonic,R,196.0,CAN,33.1,W/O,3,R64,0.0,,,,,,,,,,,,,,,,,,,7.0,3720.0,224.0,275.0,2024
2024-0404,Indian Wells Masters,Hard,128,M,2024-03-04,255,207518,26.0,,Lorenzo Musetti,R,185.0,ITA,22.0,133430,,PR,Denis Shapovalov,L,185.0,CAN,24.8,6-4 2-6 7-5,3,R64,140.0,2.0,3.0,95.0,58.0,37.0,21.0,15.0,7.0,11.0,9.0,12.0,97.0,55.0,42.0,17.0,15.0,9.0,13.0,26.0,1480.0,131.0,485.0,2024
2024-0404,Indian Wells Masters,Hard,128,M,2024-03-04,252,208103,32.0,,Jiri Lehecka,R,185.0,CZE,22.3,206909,,WC,Brandon Nakashima,R,188.0,USA,22.5,3-6 6-3 6-4,3,R64,135.0,8.0,5.0,91.0,60.0,41.0,17.0,14.0,2.0,5.0,4.0,1.0,89.0,50.0,31.0,22.0,14.0,2.0,6.0,32.0,1260.0,93.0,645.0,2024
2024-0404,Indian Wells Masters,Hard,128,M,2024-03-04,257,126203,12.0,,Taylor Fritz,R,196.0,USA,26.3,126214,,,Alejandro Tabilo,L,188.0,CHI,26.7,7-6(2) 6-2,3,R64,74.0,14.0,1.0,53.0,36.0,31.0,14.0,10.0,0.0,0.0,6.0,3.0,63.0,44.0,32.0,8.0,10.0,6.0,8.0,12.0,3015.0,39.0,1116.0,2024
2024-0404,Indian Wells Masters,Hard,128,M,2024-03-04,281,106421,4.0,,Daniil Medvedev,R,198.0,RUS,28.0,200624,29.0,,Sebastian Korda,R,196.0,USA,23.6,6-4 5-7 6-3,3,R32,151.0,2.0,10.0,87.0,44.0,31.0,18.0,15.0,2.0,9.0,3.0,5.0,121.0,68.0,43.0,17.0,16.0,13.0,22.0,4.0,7715.0,29.0,1345.0,2024
2024-0404,Indian Wells Masters,Hard,128,M,2024-03-04,282,104792,,,Gael Monfils,R,193.0,FRA,37.5,111815,28.0,,Cameron Norrie,L,188.0,GBR,28.5,6-7(5) 7-6(5) 6-3,3,R32,192.0,12.0,12.0,146.0,92.0,60.0,27.0,17.0,18.0,21.0,4.0,4.0,105.0,57.0,35.0,29.0,16.0,6.0,10.0,54.0,937.0,28.0,1380.0,2024
2024-0404,Indian Wells Masters,Hard,128,M,2024-03-04,256,202104,19.0,,Sebastian Baez,R,170.0,ARG,23.1,104926,,WC,Fabio Fognini,R,178.0,ITA,36.7,7-5 6-3,3,R64,99.0,4.0,0.0,75.0,45.0,29.0,21.0,11.0,5.0,6.0,3.0,6.0,63.0,28.0,19.0,16.0,10.0,2.0,5.0,19.0,1985.0,108.0,568.0,2024
2024-0404,Indian Wells Masters,Hard,128,M,2024-03-04,284,126205,17.0,,Tommy Paul,R,185.0,USA,26.7,200005,14.0,,Ugo Humbert,L,188.0,FRA,25.6,6-4 6-4,3,R32,87.0,3.0,1.0,56.0,37.0,30.0,9.0,10.0,0.0,1.0,3.0,0.0,59.0,31.0,23.0,11.0,10.0,3.0,6.0,17.0,2120.0,14.0,2415.0,2024
2024-0404,Indian Wells Masters,Hard,128,M,2024-03-04,285,208134,,LL,Luca Nardi,R,185.0,ITA,20.5,104925,1.0,,Novak Djokovic,R,188.0,SRB,36.7,6-4 3-6 6-3,3,R32,140.0,6.0,7.0,90.0,64.0,44.0,13.0,14.0,2.0,4.0,4.0,1.0,95.0,57.0,44.0,16.0,14.0,8.0,11.0,123.0,513.0,1.0,9675.0,2024
2024-0404,Indian Wells Masters,Hard,128,M,2024-03-04,286,207989,2.0,,Carlos Alcaraz,R,183.0,ESP,20.8,206681,,,Fabian Marozsan,R,193.0,HUN,24.4,6-3 6-3,3,R16,75.0,4.0,2.0,49.0,31.0,26.0,12.0,9.0,2.0,2.0,2.0,1.0,58.0,32.0,23.0,10.0,9.0,5.0,8.0,2.0,8805.0,58.0,914.0,2024
2024-0404,Indian Wells Masters,Hard,128,M,2024-03-04,287,100644,6.0,,Alexander Zverev,R,198.0,GER,26.8,200282,10.0,,Alex De Minaur,R,183.0,AUS,25.0,5-7 6-2 6-3,3,R16,167.0,7.0,3.0,115.0,77.0,53.0,17.0,15.0,8.0,11.0,2.0,2.0,78.0,38.0,27.0,18.0,14.0,2.0,7.0,6.0,4950.0,10.0,3210.0,2024
2024-0404,Indian Wells Masters,Hard,128,M,2024-03-04,288,206173,3.0,,Jannik Sinner,R,191.0,ITA,22.5,210097,16.0,,Ben Shelton,L,193.0,USA,21.4,7-6(4) 6-1,3,R16,98.0,3.0,1.0,65.0,44.0,34.0,13.0,10.0,4.0,5.0,4.0,6.0,70.0,47.0,27.0,10.0,9.0,6.0,9.0,3.0,8270.0,16.0,2145.0,2024
2024-0404,Indian Wells Masters,Hard,128,M,2024-03-04,289,208103,32.0,,Jiri Lehecka,R,185.0,CZE,22.3,126774,11.0,,Stefanos Tsitsipas,R,193.0,GRE,25.5,6-2 6-4,3,R16,77.0,7.0,1.0,50.0,31.0,26.0,13.0,9.0,4.0,4.0,4.0,4.0,63.0,28.0,18.0,17.0,9.0,7.0,10.0,32.0,1260.0,11.0,3170.0,2024
2024-0404,Indian Wells Masters,Hard,128,M,2024-03-04,280,105777,13.0,,Grigor Dimitrov,R,191.0,BUL,32.8,105173,21.0,,Adrian Mannarino,L,180.0,FRA,35.6,6-3 6-3,3,R32,80.0,9.0,2.0,47.0,24.0,21.0,17.0,9.0,1.0,1.0,4.0,3.0,63.0,37.0,25.0,11.0,9.0,9.0,12.0,13.0,2880.0,21.0,1950.0,2024
2024-0404,Indian Wells Masters,Hard,128,M,2024-03-04,290,208029,7.0,,Holger Rune,R,188.0,DEN,20.8,126203,12.0,,Taylor Fritz,R,196.0,USA,26.3,2-6 7-6(2) 6-3,3,R16,138.0,4.0,4.0,94.0,53.0,41.0,25.0,15.0,4.0,6.0,8.0,3.0,91.0,52.0,36.0,24.0,14.0,2.0,3.0,7.0,3720.0,12.0,3015.0,2024
2024-0404,Indian Wells Masters,Hard,128,M,2024-03-04,292,134770,9.0,,Casper Ruud,R,183.0,NOR,25.1,104792,,,Gael Monfils,R,193.0,FRA,37.5,3-6 7-6(3) 6-4,3,R16,147.0,3.0,2.0,99.0,60.0,43.0,24.0,15.0,3.0,4.0,14.0,0.0,91.0,56.0,44.0,22.0,16.0,5.0,6.0,9.0,3405.0,54.0,937.0,2024
2024-0404,Indian Wells Masters,Hard,128,M,2024-03-04,293,126205,17.0,,Tommy Paul,R,185.0,USA,26.7,208134,,LL,Luca Nardi,R,185.0,ITA,20.5,6-4 6-3,3,R16,80.0,5.0,0.0,51.0,32.0,25.0,12.0,9.0,1.0,1.0,2.0,2.0,67.0,40.0,29.0,11.0,10.0,6.0,9.0,17.0,2120.0,123.0,513.0,2024
2024-0404,Indian Wells Masters,Hard,128,M,2024-03-04,294,207989,2.0,,Carlos Alcaraz,R,183.0,ESP,20.8,100644,6.0,,Alexander Zverev,R,198.0,GER,26.8,6-3 6-1,3,QF,89.0,1.0,0.0,39.0,31.0,27.0,6.0,8.0,0.0,0.0,3.0,2.0,63.0,49.0,25.0,7.0,8.0,1.0,5.0,2.0,8805.0,6.0,4950.0,2024
2024-0404,Indian Wells Masters,Hard,128,M,2024-03-04,295,206173,3.0,,Jannik Sinner,R,191.0,ITA,22.5,208103,32.0,,Jiri Lehecka,R,185.0,CZE,22.3,6-3 6-3,3,QF,84.0,3.0,2.0,51.0,27.0,23.0,15.0,9.0,1.0,1.0,5.0,3.0,70.0,47.0,32.0,7.0,9.0,8.0,11.0,3.0,8270.0,32.0,1260.0,2024
2024-0404,Indian Wells Masters,Hard,128,M,2024-03-04,296,106421,4.0,,Daniil Medvedev,R,198.0,RUS,28.0,208029,7.0,,Holger Rune,R,188.0,DEN,20.8,7-5 6-4,3,QF,119.0,4.0,1.0,73.0,44.0,30.0,18.0,11.0,6.0,8.0,0.0,6.0,84.0,47.0,32.0,14.0,11.0,6.0,10.0,4.0,7715.0,7.0,3720.0,2024
2024-0404,Indian Wells Masters,Hard,128,M,2024-03-04,297,126205,17.0,,Tommy Paul,R,185.0,USA,26.7,134770,9.0,,Casper Ruud,R,183.0,NOR,25.1,6-2 1-6 6-3,3,QF,129.0,5.0,2.0,86.0,47.0,34.0,15.0,12.0,7.0,11.0,2.0,0.0,94.0,67.0,40.0,11.0,12.0,10.0,15.0,17.0,2120.0,9.0,3405.0,2024
2024-0404,Indian Wells Masters,Hard,128,M,2024-03-04,298,207989,2.0,,Carlos Alcaraz,R,183.0,ESP,20.8,206173,3.0,,Jannik Sinner,R,191.0,ITA,22.5,1-6 6-3 6-2,3,SF,125.0,0.0,2.0,72.0,47.0,33.0,13.0,12.0,2.0,4.0,1.0,2.0,74.0,46.0,30.0,15.0,12.0,3.0,6.0,2.0,8805.0,3.0,8270.0,2024
2024-0404,Indian Wells Masters,Hard,128,M,2024-03-04,299,106421,4.0,,Daniil Medvedev,R,198.0,RUS,28.0,126205,17.0,,Tommy Paul,R,185.0,USA,26.7,1-6 7-6(3) 6-2,3,SF,143.0,2.0,3.0,103.0,64.0,38.0,16.0,13.0,6.0,11.0,5.0,3.0,100.0,53.0,34.0,21.0,14.0,5.0,10.0,4.0,7715.0,17.0,2120.0,2024
2024-0404,Indian Wells Masters,Hard,128,M,2024-03-04,300,207989,2.0,,Carlos Alcaraz,R,183.0,ESP,20.8,106421,4.0,,Daniil Medvedev,R,198.0,RUS,28.0,7-6(5) 6-1,3,F,102.0,3.0,1.0,62.0,40.0,30.0,15.0,10.0,1.0,2.0,3.0,3.0,79.0,48.0,30.0,14.0,9.0,7.0,10.0,2.0,8805.0,4.0,7715.0,2024
2024-0404,Indian Wells Masters,Hard,128,M,2024-03-04,291,106421,4.0,,Daniil Medvedev,R,198.0,RUS,28.0,105777,13.0,,Grigor Dimitrov,R,191.0,BUL,32.8,6-4 6-4,3,R16,76.0,5.0,2.0,51.0,31.0,26.0,13.0,10.0,1.0,2.0,4.0,5.0,58.0,40.0,29.0,6.0,10.0,3.0,6.0,4.0,7715.0,13.0,2880.0,2024
2024-0404,Indian Wells Masters,Hard,128,M,2024-03-04,279,126203,12.0,,Taylor Fritz,R,196.0,USA,26.3,202104,19.0,,Sebastian Baez,R,170.0,ARG,23.1,6-2 6-2,3,R32,68.0,9.0,1.0,40.0,25.0,22.0,10.0,8.0,0.0,0.0,0.0,1.0,56.0,38.0,18.0,11.0,8.0,5.0,9.0,12.0,3015.0,19.0,1985.0,2024
2024-0404,Indian Wells Masters,Hard,128,M,2024-03-04,283,134770,9.0,,Casper Ruud,R,183.0,NOR,25.1,209950,,,Arthur Fils,R,185.0,FRA,19.7,6-2 6-4,3,R32,76.0,2.0,1.0,43.0,31.0,27.0,9.0,9.0,0.0,0.0,5.0,4.0,62.0,37.0,26.0,9.0,9.0,4.0,7.0,9.0,3405.0,43.0,1078.0,2024
2024-0404,Indian Wells Masters,Hard,128,M,2024-03-04,277,208103,32.0,,Jiri Lehecka,R,185.0,CZE,22.3,126094,5.0,,Andrey Rublev,R,188.0,RUS,26.3,6-4 6-4,3,R32,73.0,9.0,2.0,51.0,27.0,25.0,15.0,10.0,0.0,0.0,1.0,1.0,59.0,33.0,21.0,16.0,10.0,2.0,4.0,32.0,1260.0,5.0,5010.0,2024
2024-0404,Indian Wells Masters,Hard,128,M,2024-03-04,258,105777,13.0,,Grigor Dimitrov,R,191.0,BUL,32.8,124186,,,Alexandre Muller,R,183.0,FRA,27.0,7-5 6-2,3,R64,89.0,5.0,2.0,56.0,31.0,25.0,14.0,10.0,2.0,3.0,4.0,3.0,65.0,36.0,26.0,11.0,10.0,4.0,8.0,13.0,2880.0,88.0,689.0,2024
2024-0404,Indian Wells Masters,Hard,128,M,2024-03-04,259,105173,21.0,,Adrian Mannarino,L,180.0,FRA,35.6,207830,,,Tomas Machac,R,183.0,CZE,23.3,6-1 6-2,3,R64,74.0,5.0,2.0,58.0,35.0,26.0,13.0,8.0,6.0,6.0,3.0,3.0,51.0,29.0,18.0,7.0,7.0,3.0,7.0,21.0,1950.0,63.0,868.0,2024
2024-0404,Indian Wells Masters,Hard,128,M,2024-03-04,260,200624,29.0,,Sebastian Korda,R,196.0,USA,23.6,126128,,,Roman Safiullin,R,185.0,RUS,26.5,6-4 6-2,3,R64,70.0,6.0,0.0,60.0,33.0,21.0,19.0,9.0,3.0,4.0,2.0,3.0,54.0,29.0,17.0,12.0,9.0,4.0,8.0,29.0,1345.0,42.0,1080.0,2024
2024-0404,Indian Wells Masters,Hard,128,M,2024-03-04,261,106421,4.0,,Daniil Medvedev,R,198.0,RUS,28.0,106148,,,Roberto Carballes Baena,R,183.0,ESP,30.9,6-2 6-3,3,R64,87.0,1.0,1.0,48.0,28.0,23.0,12.0,9.0,1.0,2.0,0.0,0.0,46.0,35.0,19.0,5.0,8.0,3.0,7.0,4.0,7715.0,64.0,831.0,2024
2024-0404,Indian Wells Masters,Hard,128,M,2024-03-04,262,104792,,,Gael Monfils,R,193.0,FRA,37.5,128034,8.0,,Hubert Hurkacz,R,196.0,POL,27.0,6-0 6-7(5) 6-2,3,R64,120.0,6.0,6.0,84.0,40.0,27.0,28.0,13.0,1.0,3.0,2.0,3.0,81.0,41.0,25.0,17.0,13.0,6.0,13.0,54.0,937.0,8.0,3405.0,2024
2024-0404,Indian Wells Masters,Hard,128,M,2024-03-04,263,111815,28.0,,Cameron Norrie,L,188.0,GBR,28.5,132283,,,Lorenzo Sonego,R,191.0,ITA,28.8,6-4 6-4,3,R64,90.0,2.0,4.0,62.0,35.0,23.0,16.0,10.0,1.0,3.0,8.0,1.0,55.0,37.0,25.0,6.0,10.0,3.0,7.0,28.0,1380.0,55.0,935.0,2024
2024-0404,Indian Wells Masters,Hard,128,M,2024-03-04,264,209950,,,Arthur Fils,R,185.0,FRA,19.7,200221,23.0,,Alejandro Davidovich Fokina,R,183.0,ESP,24.7,6-3 6-4,3,R64,77.0,9.0,2.0,52.0,27.0,24.0,18.0,10.0,0.0,0.0,6.0,3.0,59.0,32.0,27.0,11.0,9.0,5.0,7.0,43.0,1078.0,23.0,1595.0,2024
2024-0404,Indian Wells Masters,Hard,128,M,2024-03-04,278,208029,7.0,,Holger Rune,R,188.0,DEN,20.8,207518,26.0,,Lorenzo Musetti,R,185.0,ITA,22.0,6-2 7-6(5),3,R32,96.0,3.0,1.0,59.0,38.0,31.0,15.0,10.0,2.0,2.0,1.0,2.0,68.0,46.0,31.0,12.0,10.0,4.0,6.0,7.0,3720.0,26.0,1480.0,2024
2024-0404,Indian Wells Masters,Hard,128,M,2024-03-04,265,134770,9.0,,Casper Ruud,R,183.0,NOR,25.1,127760,,Q,Lukas Klein,R,193.0,SVK,25.9,6-4 7-6(4),3,R64,105.0,4.0,0.0,79.0,51.0,38.0,17.0,11.0,7.0,7.0,4.0,4.0,74.0,39.0,27.0,21.0,11.0,2.0,3.0,9.0,3405.0,141.0,459.0,2024
2024-0404,Indian Wells Masters,Hard,128,M,2024-03-04,266,200005,14.0,,Ugo Humbert,L,188.0,FRA,25.6,200516,,WC,Patrick Kypson,R,188.0,USA,24.3,6-4 6-4,3,R64,89.0,10.0,2.0,61.0,31.0,26.0,18.0,10.0,2.0,2.0,1.0,3.0,55.0,31.0,22.0,15.0,10.0,4.0,6.0,14.0,2415.0,151.0,443.0,2024
2024-0404,Indian Wells Masters,Hard,128,M,2024-03-04,268,208134,,LL,Luca Nardi,R,185.0,ITA,20.5,111190,,,Zhizhen Zhang,R,193.0,CHN,27.3,6-3 3-6 6-3,3,R64,120.0,7.0,2.0,80.0,51.0,43.0,14.0,14.0,5.0,7.0,5.0,3.0,88.0,52.0,37.0,15.0,13.0,2.0,5.0,123.0,513.0,50.0,1006.0,2024
2024-0404,Indian Wells Masters,Hard,128,M,2024-03-04,267,126205,17.0,,Tommy Paul,R,185.0,USA,26.7,210506,,,Alex Michelsen,R,193.0,USA,19.5,6-2 6-2,3,R64,77.0,0.0,1.0,41.0,23.0,19.0,10.0,8.0,0.0,1.0,2.0,6.0,73.0,50.0,28.0,7.0,8.0,3.0,8.0,17.0,2120.0,80.0,754.0,2024
2024-0404,Indian Wells Masters,Hard,128,M,2024-03-04,270,207989,2.0,,Carlos Alcaraz,R,183.0,ESP,20.8,200000,31.0,,Felix Auger Aliassime,R,193.0,CAN,23.5,6-2 6-3,3,R32,77.0,3.0,1.0,44.0,32.0,25.0,8.0,8.0,1.0,1.0,1.0,5.0,52.0,35.0,19.0,8.0,9.0,3.0,7.0,2.0,8805.0,31.0,1295.0,2024
2024-0404,Indian Wells Masters,Hard,128,M,2024-03-04,271,206681,,,Fabian Marozsan,R,193.0,HUN,24.4,205734,,Q,Thiago Seyboth Wild,R,185.0,BRA,23.9,6-2 6-2,3,R32,67.0,5.0,1.0,39.0,21.0,19.0,14.0,8.0,0.0,0.0,2.0,1.0,55.0,30.0,19.0,8.0,8.0,5.0,9.0,58.0,914.0,65.0,820.0,2024
2024-0404,Indian Wells Masters,Hard,128,M,2024-03-04,272,200282,10.0,,Alex De Minaur,R,183.0,AUS,25.0,122330,20.0,,Alexander Bublik,R,196.0,KAZ,26.7,7-5 6-0,3,R32,87.0,3.0,3.0,65.0,36.0,24.0,17.0,9.0,5.0,7.0,6.0,10.0,69.0,36.0,27.0,5.0,9.0,9.0,15.0,10.0,3210.0,20.0,1984.0,2024
2024-0404,Indian Wells Masters,Hard,128,M,2024-03-04,273,100644,6.0,,Alexander Zverev,R,198.0,GER,26.8,134868,27.0,,Tallon Griekspoor,R,188.0,NED,27.6,7-6(7) 6-3,3,R32,103.0,8.0,1.0,67.0,51.0,39.0,7.0,10.0,2.0,3.0,8.0,6.0,74.0,50.0,35.0,11.0,11.0,5.0,8.0,6.0,4950.0,27.0,1445.0,2024
2024-0404,Indian Wells Masters,Hard,128,M,2024-03-04,274,206173,3.0,,Jannik Sinner,R,191.0,ITA,22.5,105526,25.0,,Jan Lennard Struff,R,193.0,GER,33.8,6-3 6-4,3,R32,74.0,7.0,2.0,52.0,35.0,29.0,13.0,10.0,3.0,3.0,3.0,1.0,58.0,40.0,29.0,8.0,9.0,2.0,4.0,3.0,8270.0,25.0,1531.0,2024
2024-0404,Indian Wells Masters,Hard,128,M,2024-03-04,275,210097,16.0,,Ben Shelton,L,193.0,USA,21.4,202103,22.0,,Francisco Cerundolo,R,185.0,ARG,25.5,7-6(5) 3-6 7-6(5),3,R32,163.0,6.0,5.0,103.0,62.0,49.0,25.0,16.0,1.0,3.0,1.0,3.0,119.0,85.0,62.0,20.0,17.0,9.0,10.0,16.0,2145.0,22.0,1840.0,2024
2024-0404,Indian Wells Masters,Hard,128,M,2024-03-04,276,126774,11.0,,Stefanos Tsitsipas,R,193.0,GRE,25.5,126207,18.0,,Frances Tiafoe,R,188.0,USA,26.1,6-3 6-3,3,R32,78.0,11.0,1.0,65.0,40.0,28.0,14.0,9.0,3.0,4.0,2.0,1.0,50.0,28.0,16.0,10.0,9.0,2.0,6.0,11.0,3170.0,18.0,2115.0,2024
2024-0404,Indian Wells Masters,Hard,128,M,2024-03-04,269,104925,1.0,,Novak Djokovic,R,188.0,SRB,36.7,126846,,,Aleksandar Vukic,R,188.0,AUS,27.9,6-2 5-7 6-3,3,R64,130.0,11.0,5.0,76.0,46.0,38.0,16.0,14.0,4.0,6.0,9.0,3.0,100.0,56.0,44.0,12.0,15.0,8.0,13.0,1.0,9675.0,69.0,801.0,2024
2024-M-DC-2024-WG2-PO-IRI-EST-01,Davis Cup WG2 PO: IRI vs EST,Clay,4,D,2024-03-15,4,210312,,,Oliver Ojakaar,R,191.0,EST,19.0,200702,,,Sina Moghimi,U,,IRI,22.6,6-3 6-1,3,RR,84.0,7.0,6.0,51.0,30.0,26.0,9.0,8.0,1.0,1.0,0.0,1.0,54.0,45.0,21.0,6.0,8.0,4.0,8.0,939.0,16.0,1086.0,9.0,2024
2024-M-DC-2024-WG2-PO-IRI-EST-01,Davis Cup WG2 PO: IRI vs EST,Clay,4,D,2024-03-15,2,200702,,,Sina Moghimi,U,,IRI,22.6,144932,,,Kristjan Tamm,R,185.0,EST,25.7,1-6 7-5 6-4,3,RR,169.0,0.0,6.0,84.0,61.0,37.0,11.0,15.0,6.0,10.0,6.0,7.0,117.0,66.0,43.0,24.0,14.0,16.0,20.0,1086.0,9.0,1063.0,10.0,2024
2024-M-DC-2024-WG2-PO-IRI-EST-01,Davis Cup WG2 PO: IRI vs EST,Clay,4,D,2024-03-15,1,210312,,,Oliver Ojakaar,R,191.0,EST,19.0,106085,,,Hamid Reza Nadaf,R,183.0,IRI,31.2,6-3 6-0,3,RR,100.0,2.0,1.0,38.0,26.0,24.0,9.0,8.0,1.0,1.0,3.0,5.0,68.0,44.0,21.0,12.0,7.0,9.0,13.0,939.0,16.0,1588.0,2.0,2024
2024-0403,Miami Masters,Hard,128,M,2024-03-18,288,106421,3.0,,Daniil Medvedev,R,198.0,RUS,28.0,136440,,,Dominik Koepfer,L,180.0,GER,29.8,7-6(5) 6-0,3,R16,89.0,7.0,1.0,56.0,40.0,28.0,9.0,9.0,0.0,1.0,5.0,2.0,69.0,54.0,32.0,4.0,9.0,5.0,9.0,4.0,7765.0,50.0,1002.0,2024
2024-0403,Miami Masters,Hard,128,M,2024-03-18,289,111797,22.0,,Nicolas Jarry,R,201.0,CHI,28.4,134770,7.0,,Casper Ruud,R,183.0,NOR,25.2,7-6(3) 6-3,3,R16,110.0,8.0,1.0,65.0,41.0,36.0,15.0,11.0,1.0,2.0,7.0,1.0,67.0,47.0,33.0,10.0,10.0,4.0,6.0,23.0,1575.0,8.0,3560.0,2024
2024-0403,Miami Masters,Hard,128,M,2024-03-18,287,207830,,,Tomas Machac,R,183.0,CZE,23.4,208286,,,Matteo Arnaldi,R,185.0,ITA,23.0,6-3 6-3,3,R16,80.0,1.0,1.0,60.0,38.0,27.0,14.0,9.0,0.0,0.0,4.0,2.0,48.0,31.0,22.0,7.0,9.0,0.0,3.0,60.0,891.0,38.0,1096.0,2024
2024-0403,Miami Masters,Hard,128,M,2024-03-18,283,105777,11.0,,Grigor Dimitrov,R,191.0,BUL,32.8,105870,,,Yannick Hanfmann,R,193.0,GER,32.3,6-1 6-0,3,R32,46.0,2.0,1.0,32.0,23.0,21.0,7.0,7.0,0.0,0.0,2.0,3.0,34.0,20.0,11.0,2.0,6.0,4.0,9.0,12.0,2935.0,56.0,940.0,2024
2024-0403,Miami Masters,Hard,128,M,2024-03-18,285,207989,1.0,,Carlos Alcaraz,R,183.0,ESP,20.8,104792,,,Gael Monfils,R,193.0,FRA,37.5,6-2 6-4,3,R32,74.0,1.0,0.0,47.0,38.0,29.0,4.0,9.0,1.0,2.0,2.0,6.0,47.0,30.0,20.0,3.0,9.0,2.0,6.0,2.0,8805.0,47.0,1027.0,2024
2024-0403,Miami Masters,Hard,128,M,2024-03-18,284,207518,23.0,,Lorenzo Musetti,R,185.0,ITA,22.0,210097,16.0,,Ben Shelton,L,193.0,USA,21.4,6-4 7-6(5),3,R32,112.0,1.0,0.0,63.0,40.0,33.0,16.0,11.0,0.0,1.0,4.0,5.0,83.0,58.0,39.0,12.0,11.0,6.0,8.0,24.0,1520.0,17.0,2220.0,2024
2024-0403,Miami Masters,Hard,128,M,2024-03-18,290,206681,,,Fabian Marozsan,R,193.0,HUN,24.4,200282,9.0,,Alex De Minaur,R,183.0,AUS,25.0,6-4 0-6 6-1,3,R16,103.0,3.0,2.0,80.0,59.0,37.0,12.0,12.0,2.0,5.0,4.0,2.0,62.0,37.0,24.0,16.0,11.0,4.0,7.0,57.0,929.0,10.0,3300.0,2024
2024-0403,Miami Masters,Hard,128,M,2024-03-18,286,206173,2.0,,Jannik Sinner,R,191.0,ITA,22.5,106331,,,Christopher Oconnell,R,183.0,AUS,29.7,6-4 6-3,3,R16,111.0,2.0,2.0,54.0,33.0,25.0,15.0,10.0,3.0,4.0,5.0,1.0,71.0,40.0,26.0,13.0,9.0,3.0,6.0,3.0,8310.0,66.0,833.0,2024
2024-0403,Miami Masters,Hard,128,M,2024-03-18,291,100644,4.0,,Alexander Zverev,R,198.0,GER,26.9,111575,15.0,,Karen Khachanov,R,198.0,RUS,27.8,6-1 6-4,3,R16,69.0,9.0,0.0,45.0,33.0,26.0,10.0,9.0,0.0,0.0,5.0,0.0,41.0,26.0,17.0,6.0,8.0,1.0,4.0,5.0,5060.0,16.0,2265.0,2024
2024-0403,Miami Masters,Hard,128,M,2024-03-18,279,200282,9.0,,Alex De Minaur,R,183.0,AUS,25.0,105526,24.0,,Jan Lennard Struff,R,193.0,GER,33.8,7-6(3) 6-4,3,R32,109.0,7.0,0.0,77.0,37.0,28.0,26.0,11.0,1.0,1.0,8.0,3.0,80.0,49.0,33.0,17.0,11.0,5.0,6.0,10.0,3300.0,25.0,1484.0,2024
2024-0403,Miami Masters,Hard,128,M,2024-03-18,293,207989,1.0,,Carlos Alcaraz,R,183.0,ESP,20.8,207518,23.0,,Lorenzo Musetti,R,185.0,ITA,22.0,6-3 6-3,3,R16,86.0,3.0,1.0,55.0,35.0,26.0,11.0,9.0,2.0,3.0,1.0,0.0,59.0,40.0,25.0,7.0,9.0,7.0,11.0,2.0,8805.0,24.0,1520.0,2024
2024-0403,Miami Masters,Hard,128,M,2024-03-18,294,206173,2.0,,Jannik Sinner,R,191.0,ITA,22.5,207830,,,Tomas Machac,R,183.0,CZE,23.4,6-4 6-2,3,QF,91.0,3.0,2.0,50.0,30.0,23.0,13.0,9.0,0.0,1.0,2.0,3.0,72.0,38.0,24.0,14.0,9.0,7.0,11.0,3.0,8310.0,60.0,891.0,2024
2024-0403,Miami Masters,Hard,128,M,2024-03-18,295,106421,3.0,,Daniil Medvedev,R,198.0,RUS,28.0,111797,22.0,,Nicolas Jarry,R,201.0,CHI,28.4,6-2 7-6(7),3,QF,101.0,6.0,3.0,64.0,45.0,36.0,11.0,10.0,1.0,1.0,8.0,1.0,63.0,38.0,30.0,10.0,10.0,2.0,4.0,4.0,7765.0,23.0,1575.0,2024
2024-0403,Miami Masters,Hard,128,M,2024-03-18,296,100644,4.0,,Alexander Zverev,R,198.0,GER,26.9,206681,,,Fabian Marozsan,R,193.0,HUN,24.4,6-3 7-5,3,QF,97.0,6.0,0.0,62.0,46.0,37.0,7.0,10.0,2.0,2.0,8.0,1.0,73.0,48.0,33.0,12.0,11.0,4.0,7.0,5.0,5060.0,57.0,929.0,2024
2024-0403,Miami Masters,Hard,128,M,2024-03-18,297,105777,11.0,,Grigor Dimitrov,R,191.0,BUL,32.8,207989,1.0,,Carlos Alcaraz,R,183.0,ESP,20.8,6-2 6-4,3,QF,92.0,4.0,0.0,56.0,35.0,27.0,10.0,9.0,4.0,5.0,4.0,3.0,59.0,34.0,19.0,13.0,9.0,4.0,8.0,12.0,2935.0,2.0,8805.0,2024
2024-0403,Miami Masters,Hard,128,M,2024-03-18,298,206173,2.0,,Jannik Sinner,R,191.0,ITA,22.5,106421,3.0,,Daniil Medvedev,R,198.0,RUS,28.0,6-1 6-2,3,SF,69.0,7.0,1.0,47.0,30.0,24.0,10.0,8.0,3.0,3.0,3.0,2.0,50.0,32.0,17.0,7.0,7.0,5.0,9.0,3.0,8310.0,4.0,7765.0,2024
2024-0403,Miami Masters,Hard,128,M,2024-03-18,299,105777,11.0,,Grigor Dimitrov,R,191.0,BUL,32.8,100644,4.0,,Alexander Zverev,R,198.0,GER,26.9,6-4 6-7(4) 6-4,3,SF,157.0,18.0,2.0,96.0,65.0,51.0,20.0,16.0,2.0,2.0,14.0,1.0,92.0,69.0,54.0,10.0,16.0,0.0,2.0,12.0,2935.0,5.0,5060.0,2024
2024-0403,Miami Masters,Hard,128,M,2024-03-18,300,206173,2.0,,Jannik Sinner,R,191.0,ITA,22.5,105777,11.0,,Grigor Dimitrov,R,191.0,BUL,32.8,6-3 6-1,3,F,73.0,4.0,1.0,43.0,24.0,21.0,12.0,8.0,1.0,1.0,6.0,1.0,50.0,32.0,19.0,9.0,8.0,4.0,8.0,3.0,8310.0,12.0,2935.0,2024
2024-0403,Miami Masters,Hard,128,M,2024-03-18,282,128034,8.0,,Hubert Hurkacz,R,196.0,POL,27.0,200624,28.0,,Sebastian Korda,R,196.0,USA,23.7,7-6(5) 6-7(5) 6-3,3,R32,135.0,15.0,1.0,100.0,69.0,59.0,22.0,17.0,2.0,2.0,11.0,0.0,102.0,70.0,59.0,17.0,16.0,1.0,2.0,9.0,3370.0,29.0,1395.0,2024
2024-0403,Miami Masters,Hard,128,M,2024-03-18,292,105777,11.0,,Grigor Dimitrov,R,191.0,BUL,32.8,128034,8.0,,Hubert Hurkacz,R,196.0,POL,27.0,3-6 6-3 7-6(3),3,R16,162.0,9.0,2.0,104.0,72.0,50.0,21.0,15.0,4.0,5.0,8.0,2.0,110.0,64.0,49.0,23.0,15.0,4.0,5.0,12.0,2935.0,9.0,3370.0,2024
2024-0403,Miami Masters,Hard,128,M,2024-03-18,280,111575,15.0,,Karen Khachanov,R,198.0,RUS,27.8,202103,20.0,,Francisco Cerundolo,R,185.0,ARG,25.5,6-1 5-7 7-6(5),3,R32,168.0,6.0,1.0,95.0,57.0,42.0,21.0,15.0,3.0,5.0,9.0,1.0,107.0,71.0,42.0,24.0,16.0,4.0,8.0,16.0,2265.0,21.0,1845.0,2024
2024-0403,Miami Masters,Hard,128,M,2024-03-18,259,202103,20.0,,Francisco Cerundolo,R,185.0,ARG,25.5,124116,,,Sebastian Ofner,R,191.0,AUT,27.8,7-6(2) 6-7(2) 6-1,3,R64,135.0,9.0,5.0,112.0,70.0,56.0,21.0,16.0,4.0,4.0,13.0,4.0,104.0,71.0,53.0,17.0,15.0,5.0,7.0,21.0,1845.0,40.0,1076.0,2024
2024-0403,Miami Masters,Hard,128,M,2024-03-18,219,105554,,,Daniel Evans,R,175.0,GBR,33.8,132283,,,Lorenzo Sonego,R,191.0,ITA,28.8,1-6 6-3 6-4,3,R128,143.0,1.0,4.0,76.0,43.0,30.0,18.0,13.0,2.0,4.0,12.0,1.0,88.0,60.0,46.0,10.0,13.0,5.0,7.0,43.0,1066.0,53.0,955.0,2024
2024-0403,Miami Masters,Hard,128,M,2024-03-18,212,126952,,PR,Soon Woo Kwon,R,180.0,KOR,26.2,124186,,,Alexandre Muller,R,183.0,FRA,27.1,7-6(3) 6-3,3,R128,89.0,5.0,0.0,65.0,44.0,34.0,15.0,11.0,2.0,3.0,4.0,2.0,63.0,42.0,31.0,9.0,10.0,2.0,4.0,863.0,20.0,85.0,709.0,2024
2024-0403,Miami Masters,Hard,128,M,2024-03-18,215,111513,,,Laslo Djere,R,188.0,SRB,28.7,209409,,Q,Coleman Wong,R,191.0,HKG,19.7,7-5 7-6(3),3,R128,141.0,4.0,2.0,89.0,63.0,41.0,14.0,12.0,8.0,11.0,6.0,5.0,86.0,48.0,35.0,12.0,12.0,5.0,9.0,35.0,1180.0,212.0,285.0,2024
2024-0403,Miami Masters,Hard,128,M,2024-03-18,216,124116,,,Sebastian Ofner,R,191.0,AUT,27.8,105453,,WC,Kei Nishikori,R,178.0,JPN,34.2,6-3 6-4,3,R128,79.0,9.0,0.0,63.0,37.0,30.0,16.0,10.0,3.0,3.0,0.0,0.0,57.0,37.0,22.0,14.0,9.0,2.0,4.0,40.0,1076.0,351.0,143.0,2024
2024-0403,Miami Masters,Hard,128,M,2024-03-18,220,200000,,,Felix Auger Aliassime,R,193.0,CAN,23.6,200443,,Q,Adam Walton,R,183.0,AUS,24.9,7-5 6-4,3,R128,120.0,11.0,4.0,64.0,43.0,35.0,13.0,11.0,5.0,5.0,2.0,1.0,69.0,52.0,33.0,10.0,11.0,2.0,4.0,36.0,1165.0,150.0,445.0,2024
2024-0403,Miami Masters,Hard,128,M,2024-03-18,223,207686,,,Alexander Shevchenko,R,185.0,KAZ,23.2,123755,,,Daniel Elahi Galan,R,191.0,COL,27.7,6-7(4) 7-6(4) 7-5,3,R128,176.0,12.0,10.0,134.0,80.0,58.0,21.0,18.0,7.0,11.0,7.0,2.0,117.0,74.0,56.0,10.0,18.0,8.0,13.0,58.0,924.0,84.0,712.0,2024
2024-0403,Miami Masters,Hard,128,M,2024-03-18,224,105138,,Q,Roberto Bautista Agut,R,183.0,ESP,35.9,207182,,Q,Emilio Nava,R,185.0,USA,22.2,6-3 7-6(4),3,R128,113.0,1.0,1.0,83.0,66.0,45.0,10.0,11.0,6.0,7.0,14.0,2.0,79.0,57.0,40.0,8.0,10.0,6.0,8.0,100.0,614.0,132.0,488.0,2024
2024-0403,Miami Masters,Hard,128,M,2024-03-18,211,127157,,,Daniel Altmaier,R,188.0,GER,25.5,208004,,Q,Harold Mayot,R,180.0,FRA,22.1,6-2 7-5,3,R128,109.0,6.0,2.0,69.0,52.0,35.0,9.0,10.0,6.0,7.0,1.0,2.0,60.0,32.0,21.0,13.0,10.0,5.0,9.0,54.0,951.0,141.0,472.0,2024
2024-0403,Miami Masters,Hard,128,M,2024-03-18,227,105870,,,Yannick Hanfmann,R,193.0,GER,32.3,200325,,,Emil Ruusuvuori,R,188.0,FIN,24.9,6-4 4-6 6-4,3,R128,126.0,11.0,2.0,87.0,56.0,37.0,18.0,15.0,2.0,5.0,3.0,3.0,81.0,48.0,34.0,18.0,15.0,2.0,6.0,56.0,940.0,48.0,1006.0,2024
2024-0403,Miami Masters,Hard,128,M,2024-03-18,231,212021,,WC,Martin Landaluce,R,191.0,ESP,18.1,144719,,,Jaume Munar,R,183.0,ESP,26.8,6-3 1-6 7-5,3,R128,149.0,5.0,3.0,98.0,63.0,41.0,15.0,14.0,4.0,8.0,1.0,2.0,79.0,56.0,38.0,10.0,14.0,4.0,8.0,360.0,137.0,72.0,776.0,2024
2024-0403,Miami Masters,Hard,128,M,2024-03-18,232,126128,,,Roman Safiullin,R,185.0,RUS,26.6,106043,,Q,Diego Schwartzman,R,170.0,ARG,31.5,6-2 6-4,3,R128,86.0,6.0,1.0,65.0,38.0,26.0,14.0,9.0,5.0,7.0,0.0,1.0,62.0,46.0,27.0,3.0,9.0,2.0,7.0,39.0,1085.0,122.0,513.0,2024
2024-0403,Miami Masters,Hard,128,M,2024-03-18,236,106148,,,Roberto Carballes Baena,R,183.0,ESP,30.9,126846,,,Aleksandar Vukic,R,188.0,AUS,27.9,7-6(2) 6-3,3,R128,99.0,3.0,1.0,65.0,47.0,36.0,14.0,11.0,3.0,3.0,6.0,2.0,64.0,38.0,25.0,15.0,10.0,1.0,2.0,64.0,851.0,65.0,834.0,2024
2024-0403,Miami Masters,Hard,128,M,2024-03-18,238,206173,2.0,,Jannik Sinner,R,191.0,ITA,22.5,131934,,Q,Andrea Vavassori,R,193.0,ITA,28.8,6-3 6-4,3,R64,80.0,3.0,3.0,52.0,36.0,33.0,7.0,10.0,0.0,0.0,7.0,1.0,51.0,33.0,22.0,11.0,9.0,2.0,4.0,3.0,8310.0,148.0,450.0,2024
2024-0403,Miami Masters,Hard,128,M,2024-03-18,239,134868,25.0,,Tallon Griekspoor,R,188.0,NED,27.7,210506,,,Alex Michelsen,R,193.0,USA,19.5,7-6(5) 6-7(7) 6-4,3,R64,161.0,25.0,2.0,102.0,65.0,53.0,17.0,17.0,2.0,5.0,6.0,5.0,103.0,71.0,49.0,16.0,17.0,0.0,4.0,26.0,1450.0,73.0,776.0,2024
2024-0403,Miami Masters,Hard,128,M,2024-03-18,240,106331,,,Christopher Oconnell,R,183.0,AUS,29.7,126207,21.0,,Frances Tiafoe,R,188.0,USA,26.1,7-5 7-6(5),3,R64,114.0,17.0,0.0,74.0,58.0,44.0,10.0,12.0,4.0,5.0,11.0,4.0,77.0,44.0,35.0,16.0,12.0,1.0,3.0,66.0,833.0,22.0,1805.0,2024
2024-0403,Miami Masters,Hard,128,M,2024-03-18,228,126214,,,Alejandro Tabilo,L,188.0,CHI,26.7,206909,,Q,Brandon Nakashima,R,188.0,USA,22.6,6-4 3-6 6-3,3,R128,132.0,13.0,2.0,98.0,71.0,51.0,9.0,14.0,6.0,9.0,12.0,1.0,82.0,55.0,38.0,12.0,14.0,4.0,8.0,44.0,1040.0,92.0,650.0,2024
2024-0403,Miami Masters,Hard,128,M,2024-03-18,208,200615,,,Alexei Popyrin,R,196.0,AUS,24.6,207680,,,Facundo Diaz Acosta,L,183.0,ARG,23.2,6-2 6-2,3,R128,76.0,3.0,1.0,58.0,42.0,32.0,8.0,8.0,4.0,4.0,2.0,4.0,53.0,35.0,19.0,8.0,8.0,2.0,6.0,45.0,1032.0,55.0,943.0,2024
2024-0403,Miami Masters,Hard,128,M,2024-03-18,207,206681,,,Fabian Marozsan,R,193.0,HUN,24.4,206499,,Q,Aleksandar Kovacevic,R,183.0,USA,25.5,6-3 6-2,3,R128,66.0,1.0,1.0,58.0,39.0,27.0,13.0,9.0,3.0,3.0,4.0,2.0,47.0,36.0,24.0,2.0,8.0,3.0,6.0,57.0,929.0,98.0,616.0,2024
2024-0403,Miami Masters,Hard,128,M,2024-03-18,204,209414,,,Luca Van Assche,R,178.0,FRA,19.8,200303,,,Pavel Kotov,R,191.0,RUS,25.3,6-3 7-5,3,R128,99.0,0.0,2.0,66.0,34.0,26.0,18.0,11.0,4.0,5.0,5.0,1.0,59.0,42.0,28.0,9.0,10.0,3.0,6.0,80.0,736.0,67.0,823.0,2024
2024-0403,Miami Masters,Hard,128,M,2024-03-18,175,131934,,Q,Andrea Vavassori,R,193.0,ITA,28.8,106398,,,Pedro Cachin,R,185.0,ARG,28.9,6-2 6-2,3,R128,69.0,3.0,2.0,42.0,27.0,22.0,11.0,8.0,2.0,2.0,2.0,0.0,53.0,40.0,20.0,6.0,8.0,1.0,5.0,148.0,450.0,79.0,739.0,2024
2024-0403,Miami Masters,Hard,128,M,2024-03-18,176,210506,,,Alex Michelsen,R,193.0,USA,19.5,127760,,Q,Lukas Klein,R,193.0,SVK,25.9,7-6(5) 6-2,3,R128,92.0,4.0,0.0,67.0,51.0,36.0,8.0,10.0,4.0,7.0,5.0,3.0,62.0,39.0,24.0,12.0,10.0,5.0,10.0,73.0,776.0,128.0,502.0,2024
2024-0403,Miami Masters,Hard,128,M,2024-03-18,179,106331,,,Christopher Oconnell,R,183.0,AUS,29.7,200240,,Q,Vit Kopriva,R,178.0,CZE,26.7,6-2 6-4,3,R128,75.0,10.0,1.0,55.0,36.0,30.0,11.0,9.0,4.0,4.0,3.0,4.0,45.0,30.0,21.0,6.0,9.0,1.0,4.0,66.0,833.0,116.0,531.0,2024
2024-0403,Miami Masters,Hard,128,M,2024-03-18,180,102093,,WC,Martin Damm,L,203.0,USA,20.4,111190,,,Zhizhen Zhang,R,193.0,CHN,27.4,7-6(2) 7-6(3),3,R128,123.0,14.0,3.0,83.0,50.0,38.0,18.0,12.0,4.0,6.0,5.0,4.0,87.0,63.0,43.0,12.0,12.0,3.0,5.0,204.0,296.0,49.0,1005.0,2024
2024-0403,Miami Masters,Hard,128,M,2024-03-18,183,133430,,PR,Denis Shapovalov,L,185.0,CAN,24.9,209260,,,Luciano Darderi,R,183.0,ITA,22.0,6-3 6-7(3) 6-4,3,R128,147.0,16.0,8.0,90.0,61.0,47.0,15.0,15.0,0.0,1.0,5.0,4.0,135.0,78.0,53.0,25.0,16.0,8.0,12.0,126.0,505.0,75.0,771.0,2024
2024-0403,Miami Masters,Hard,128,M,2024-03-18,184,208286,,,Matteo Arnaldi,R,185.0,ITA,23.0,209950,,,Arthur Fils,R,185.0,FRA,19.7,6-3 6-4,3,R128,86.0,5.0,1.0,49.0,29.0,27.0,14.0,10.0,0.0,0.0,1.0,1.0,71.0,42.0,30.0,12.0,9.0,8.0,10.0,38.0,1096.0,37.0,1128.0,2024
2024-0403,Miami Masters,Hard,128,M,2024-03-18,187,104918,,,Andy Murray,R,191.0,GBR,36.8,126610,,PR,Matteo Berrettini,R,196.0,ITA,27.9,4-6 6-3 6-4,3,R128,168.0,9.0,1.0,83.0,56.0,44.0,18.0,15.0,4.0,5.0,8.0,0.0,107.0,68.0,51.0,18.0,14.0,9.0,11.0,62.0,870.0,142.0,470.0,2024
2024-0403,Miami Masters,Hard,128,M,2024-03-18,188,207830,,,Tomas Machac,R,183.0,CZE,23.4,210464,,WC,Darwin Blanch,L,185.0,USA,16.4,6-4 6-2,3,R128,80.0,3.0,2.0,54.0,38.0,28.0,6.0,9.0,3.0,5.0,1.0,1.0,69.0,53.0,26.0,8.0,9.0,6.0,11.0,60.0,891.0,1034.0,11.0,2024
2024-0403,Miami Masters,Hard,128,M,2024-03-18,191,105916,,,Marton Fucsovics,R,188.0,HUN,32.1,126845,,,Max Purcell,R,185.0,AUS,25.9,6-2 6-1,3,R128,61.0,4.0,0.0,38.0,26.0,23.0,6.0,7.0,0.0,0.0,1.0,1.0,49.0,35.0,17.0,5.0,8.0,1.0,6.0,86.0,692.0,68.0,796.0,2024
2024-0403,Miami Masters,Hard,128,M,2024-03-18,192,207925,,,Flavio Cobolli,R,183.0,ITA,21.8,106415,,LL,Yoshihito Nishioka,L,170.0,JPN,28.4,1-6 6-1 6-4,3,R128,112.0,5.0,3.0,75.0,39.0,30.0,19.0,12.0,4.0,6.0,2.0,0.0,70.0,45.0,30.0,13.0,12.0,3.0,6.0,63.0,865.0,71.0,778.0,2024
2024-0403,Miami Masters,Hard,128,M,2024-03-18,195,136440,,,Dominik Koepfer,L,180.0,GER,29.8,106218,,,Marcos Giron,R,180.0,USA,30.6,4-6 6-1 6-4,3,R128,109.0,8.0,1.0,88.0,65.0,44.0,16.0,14.0,4.0,5.0,2.0,1.0,72.0,44.0,28.0,17.0,13.0,1.0,4.0,50.0,1002.0,51.0,1000.0,2024
2024-0403,Miami Masters,Hard,128,M,2024-03-18,196,122298,,,Botic Van De Zandschulp,R,191.0,NED,28.4,208014,,,Rinky Hijikata,R,178.0,AUS,23.0,7-5 7-6(3),3,R128,113.0,8.0,2.0,84.0,61.0,42.0,14.0,12.0,7.0,8.0,3.0,3.0,67.0,36.0,26.0,20.0,12.0,1.0,3.0,77.0,750.0,81.0,724.0,2024
2024-0403,Miami Masters,Hard,128,M,2024-03-18,199,205734,,Q,Thiago Seyboth Wild,R,185.0,BRA,24.0,132686,,,Nuno Borges,R,185.0,POR,27.0,6-4 7-5,3,R128,102.0,8.0,4.0,74.0,47.0,35.0,13.0,11.0,7.0,8.0,3.0,0.0,64.0,42.0,29.0,13.0,11.0,2.0,5.0,76.0,768.0,61.0,887.0,2024
2024-0403,Miami Masters,Hard,128,M,2024-03-18,200,207733,,,Jack Draper,L,193.0,GBR,22.2,106121,,,Taro Daniel,R,191.0,JPN,31.1,6-3 6-2,3,R128,69.0,10.0,1.0,44.0,29.0,28.0,8.0,9.0,0.0,0.0,0.0,1.0,45.0,27.0,16.0,8.0,8.0,1.0,4.0,42.0,1071.0,78.0,742.0,2024
2024-0403,Miami Masters,Hard,128,M,2024-03-18,203,209992,,WC,Juncheng Shang,L,180.0,CHN,19.1,200175,,,Miomir Kecmanovic,R,183.0,SRB,24.5,7-6(5) 4-6 7-6(5),3,R128,166.0,8.0,0.0,108.0,74.0,48.0,18.0,17.0,3.0,7.0,6.0,5.0,124.0,87.0,57.0,17.0,17.0,10.0,13.0,124.0,507.0,46.0,1030.0,2024
2024-0403,Miami Masters,Hard,128,M,2024-03-18,241,102093,,WC,Martin Damm,L,203.0,USA,20.4,126205,13.0,,Tommy Paul,R,185.0,USA,26.8,4-6 2-1 RET,3,R64,68.0,10.0,2.0,42.0,30.0,21.0,7.0,7.0,2.0,3.0,1.0,2.0,44.0,26.0,17.0,12.0,6.0,5.0,5.0,204.0,296.0,14.0,2430.0,2024
2024-0403,Miami Masters,Hard,128,M,2024-03-18,242,133430,,PR,Denis Shapovalov,L,185.0,CAN,24.9,126774,10.0,,Stefanos Tsitsipas,R,193.0,GRE,25.5,6-2 6-4,3,R64,103.0,3.0,3.0,47.0,28.0,25.0,12.0,9.0,0.0,0.0,8.0,2.0,99.0,64.0,39.0,15.0,9.0,15.0,18.0,126.0,505.0,11.0,3255.0,2024
2024-0403,Miami Masters,Hard,128,M,2024-03-18,235,104792,,,Gael Monfils,R,193.0,FRA,37.5,105583,,,Dusan Lajovic,R,183.0,SRB,33.7,7-6(5) 6-4,3,R128,92.0,11.0,0.0,57.0,36.0,31.0,17.0,11.0,0.0,0.0,1.0,0.0,79.0,59.0,41.0,10.0,11.0,4.0,5.0,47.0,1027.0,52.0,957.0,2024
2024-0403,Miami Masters,Hard,128,M,2024-03-18,244,104918,,,Andy Murray,R,191.0,GBR,36.8,144869,29.0,,Tomas Martin Etcheverry,R,196.0,ARG,24.6,7-6(0) 6-3,3,R64,137.0,10.0,1.0,68.0,41.0,34.0,18.0,11.0,7.0,7.0,3.0,0.0,76.0,52.0,33.0,14.0,10.0,3.0,4.0,62.0,870.0,30.0,1325.0,2024
2024-0403,Miami Masters,Hard,128,M,2024-03-18,263,200624,28.0,,Sebastian Korda,R,196.0,USA,23.7,105138,,Q,Roberto Bautista Agut,R,183.0,ESP,35.9,6-7(2) 6-3 6-4,3,R64,136.0,21.0,2.0,92.0,65.0,53.0,13.0,16.0,4.0,5.0,4.0,0.0,95.0,70.0,47.0,14.0,15.0,2.0,5.0,29.0,1395.0,100.0,614.0,2024
2024-0403,Miami Masters,Hard,128,M,2024-03-18,264,105870,,,Yannick Hanfmann,R,193.0,GER,32.3,105173,19.0,,Adrian Mannarino,L,180.0,FRA,35.7,3-6 7-6(1) 6-4,3,R64,164.0,4.0,3.0,118.0,75.0,50.0,23.0,16.0,10.0,13.0,8.0,2.0,88.0,54.0,35.0,22.0,15.0,1.0,3.0,56.0,940.0,20.0,1955.0,2024
2024-0403,Miami Masters,Hard,128,M,2024-03-18,265,105777,11.0,,Grigor Dimitrov,R,191.0,BUL,32.8,126214,,,Alejandro Tabilo,L,188.0,CHI,26.7,6-7(5) 7-6(5) 6-2,3,R64,146.0,23.0,4.0,97.0,67.0,59.0,17.0,16.0,3.0,3.0,18.0,4.0,113.0,87.0,65.0,15.0,16.0,7.0,9.0,12.0,2935.0,44.0,1040.0,2024
2024-0403,Miami Masters,Hard,128,M,2024-03-18,243,208286,,,Matteo Arnaldi,R,185.0,ITA,23.0,122330,17.0,,Alexander Bublik,R,196.0,KAZ,26.7,6-4 6-1,3,R64,79.0,6.0,2.0,62.0,36.0,27.0,13.0,9.0,4.0,5.0,5.0,5.0,59.0,35.0,24.0,7.0,8.0,4.0,8.0,38.0,1096.0,18.0,2002.0,2024
2024-0403,Miami Masters,Hard,128,M,2024-03-18,267,207518,23.0,,Lorenzo Musetti,R,185.0,ITA,22.0,126128,,,Roman Safiullin,R,185.0,RUS,26.6,7-5 6-1,3,R64,93.0,5.0,3.0,67.0,45.0,35.0,7.0,10.0,4.0,6.0,3.0,3.0,57.0,33.0,23.0,7.0,9.0,2.0,7.0,24.0,1520.0,39.0,1085.0,2024
2024-0403,Miami Masters,Hard,128,M,2024-03-18,268,104792,,,Gael Monfils,R,193.0,FRA,37.5,111442,33.0,,Jordan Thompson,R,183.0,AUS,29.9,6-7(3) 6-1 6-2,3,R64,133.0,8.0,3.0,78.0,52.0,42.0,16.0,14.0,1.0,2.0,3.0,1.0,86.0,48.0,32.0,17.0,13.0,4.0,9.0,47.0,1027.0,34.0,1211.0,2024
2024-0403,Miami Masters,Hard,128,M,2024-03-18,269,207989,1.0,,Carlos Alcaraz,R,183.0,ESP,20.8,106148,,,Roberto Carballes Baena,R,183.0,ESP,30.9,6-2 6-1,3,R64,85.0,3.0,1.0,48.0,34.0,27.0,5.0,7.0,3.0,3.0,0.0,3.0,53.0,33.0,19.0,6.0,8.0,4.0,9.0,2.0,8805.0,64.0,851.0,2024
2024-0403,Miami Masters,Hard,128,M,2024-03-18,262,128034,8.0,,Hubert Hurkacz,R,196.0,POL,27.0,207686,,,Alexander Shevchenko,R,185.0,KAZ,23.2,6-4 6-7(2) 6-3,3,R64,119.0,28.0,1.0,87.0,63.0,51.0,16.0,16.0,0.0,0.0,5.0,1.0,92.0,62.0,46.0,17.0,15.0,2.0,4.0,9.0,3370.0,58.0,924.0,2024
2024-0403,Miami Masters,Hard,128,M,2024-03-18,270,206173,2.0,,Jannik Sinner,R,191.0,ITA,22.5,134868,25.0,,Tallon Griekspoor,R,188.0,NED,27.7,5-7 7-5 6-1,3,R32,143.0,15.0,1.0,75.0,51.0,46.0,16.0,16.0,1.0,2.0,11.0,0.0,112.0,80.0,53.0,15.0,15.0,6.0,9.0,3.0,8310.0,26.0,1450.0,2024
2024-0403,Miami Masters,Hard,128,M,2024-03-18,272,208286,,,Matteo Arnaldi,R,185.0,ITA,23.0,133430,,PR,Denis Shapovalov,L,185.0,CAN,24.9,6-3 7-6(7),3,R32,99.0,5.0,2.0,73.0,44.0,32.0,18.0,11.0,3.0,4.0,5.0,0.0,59.0,35.0,28.0,12.0,10.0,0.0,2.0,38.0,1096.0,126.0,505.0,2024
2024-0403,Miami Masters,Hard,128,M,2024-03-18,273,207830,,,Tomas Machac,R,183.0,CZE,23.4,104918,,,Andy Murray,R,191.0,GBR,36.8,5-7 7-5 7-6(5),3,R32,208.0,6.0,3.0,130.0,77.0,58.0,27.0,18.0,13.0,15.0,15.0,3.0,110.0,62.0,51.0,21.0,18.0,3.0,5.0,60.0,891.0,62.0,870.0,2024
2024-0403,Miami Masters,Hard,128,M,2024-03-18,274,106421,3.0,,Daniil Medvedev,R,198.0,RUS,28.0,111815,30.0,,Cameron Norrie,L,188.0,GBR,28.5,7-5 6-1,3,R32,81.0,6.0,4.0,55.0,32.0,23.0,12.0,9.0,1.0,3.0,4.0,2.0,64.0,40.0,22.0,10.0,10.0,5.0,11.0,4.0,7765.0,31.0,1250.0,2024
2024-0403,Miami Masters,Hard,128,M,2024-03-18,275,136440,,,Dominik Koepfer,L,180.0,GER,29.8,200005,14.0,,Ugo Humbert,L,188.0,FRA,25.7,3-6 6-4 6-3,3,R32,134.0,3.0,2.0,88.0,54.0,40.0,17.0,14.0,8.0,10.0,7.0,2.0,94.0,75.0,48.0,9.0,14.0,6.0,9.0,50.0,1002.0,15.0,2420.0,2024
2024-0403,Miami Masters,Hard,128,M,2024-03-18,276,111797,22.0,,Nicolas Jarry,R,201.0,CHI,28.4,205734,,Q,Thiago Seyboth Wild,R,185.0,BRA,24.0,6-7(1) 7-5 6-3,3,R32,179.0,13.0,1.0,93.0,67.0,59.0,13.0,17.0,0.0,0.0,14.0,3.0,104.0,70.0,51.0,19.0,16.0,6.0,8.0,23.0,1575.0,76.0,768.0,2024
2024-0403,Miami Masters,Hard,128,M,2024-03-18,277,134770,7.0,,Casper Ruud,R,183.0,NOR,25.2,200221,27.0,,Alejandro Davidovich Fokina,R,183.0,ESP,24.7,6-3 6-4,3,R32,96.0,5.0,0.0,77.0,55.0,39.0,11.0,10.0,7.0,7.0,3.0,0.0,54.0,37.0,29.0,7.0,9.0,1.0,3.0,8.0,3560.0,28.0,1425.0,2024
2024-0403,Miami Masters,Hard,128,M,2024-03-18,278,206681,,,Fabian Marozsan,R,193.0,HUN,24.4,200615,,,Alexei Popyrin,R,196.0,AUS,24.6,7-5 6-3,3,R32,92.0,3.0,1.0,71.0,58.0,40.0,7.0,11.0,7.0,8.0,5.0,1.0,64.0,40.0,27.0,12.0,10.0,4.0,7.0,57.0,929.0,45.0,1032.0,2024
2024-0403,Miami Masters,Hard,128,M,2024-03-18,271,106331,,,Christopher Oconnell,R,183.0,AUS,29.7,102093,,WC,Martin Damm,L,203.0,USA,20.4,7-6(5) 7-6(5),3,R32,130.0,13.0,1.0,91.0,59.0,48.0,16.0,12.0,9.0,10.0,18.0,1.0,74.0,49.0,40.0,13.0,12.0,0.0,1.0,66.0,833.0,204.0,296.0,2024
2024-0403,Miami Masters,Hard,128,M,2024-03-18,261,100644,4.0,,Alexander Zverev,R,198.0,GER,26.9,200000,,,Felix Auger Aliassime,R,193.0,CAN,23.6,6-2 6-4,3,R64,76.0,2.0,0.0,38.0,28.0,26.0,10.0,9.0,0.0,0.0,7.0,0.0,49.0,35.0,25.0,5.0,9.0,4.0,7.0,5.0,5060.0,36.0,1165.0,2024
2024-0403,Miami Masters,Hard,128,M,2024-03-18,266,210097,16.0,,Ben Shelton,L,193.0,USA,21.4,212021,,WC,Martin Landaluce,R,191.0,ESP,18.1,6-3 6-4,3,R64,75.0,7.0,1.0,49.0,35.0,29.0,11.0,10.0,0.0,0.0,2.0,3.0,54.0,30.0,23.0,12.0,9.0,1.0,3.0,17.0,2220.0,360.0,137.0,2024
2024-0403,Miami Masters,Hard,128,M,2024-03-18,281,100644,4.0,,Alexander Zverev,R,198.0,GER,26.9,111153,31.0,,Christopher Eubanks,R,201.0,USA,27.8,7-6(4) 6-3,3,R32,104.0,8.0,0.0,74.0,58.0,40.0,13.0,11.0,4.0,5.0,7.0,2.0,62.0,46.0,32.0,8.0,10.0,0.0,2.0,5.0,5060.0,32.0,1233.0,2024
2024-0403,Miami Masters,Hard,128,M,2024-03-18,245,207830,,,Tomas Machac,R,183.0,CZE,23.4,126094,5.0,,Andrey Rublev,R,188.0,RUS,26.4,6-4 6-4,3,R64,66.0,1.0,2.0,56.0,37.0,32.0,10.0,10.0,2.0,2.0,7.0,0.0,52.0,33.0,23.0,13.0,10.0,2.0,4.0,60.0,891.0,6.0,4970.0,2024
2024-0403,Miami Masters,Hard,128,M,2024-03-18,246,106421,3.0,,Daniil Medvedev,R,198.0,RUS,28.0,105916,,,Marton Fucsovics,R,188.0,HUN,32.1,6-4 6-2,3,R64,79.0,5.0,3.0,55.0,37.0,30.0,10.0,9.0,2.0,2.0,6.0,0.0,47.0,33.0,24.0,4.0,9.0,0.0,3.0,4.0,7765.0,86.0,692.0,2024
2024-0403,Miami Masters,Hard,128,M,2024-03-18,260,111153,31.0,,Christopher Eubanks,R,201.0,USA,27.8,105554,,,Daniel Evans,R,175.0,GBR,33.8,7-6(3) 3-6 7-6(7),3,R64,160.0,21.0,3.0,110.0,78.0,58.0,17.0,16.0,1.0,2.0,8.0,1.0,95.0,63.0,53.0,22.0,17.0,2.0,2.0,32.0,1233.0,43.0,1066.0,2024
2024-0403,Miami Masters,Hard,128,M,2024-03-18,248,136440,,,Dominik Koepfer,L,180.0,GER,29.8,202104,18.0,,Sebastian Baez,R,170.0,ARG,23.2,6-3 6-2,3,R64,67.0,5.0,3.0,47.0,28.0,21.0,13.0,9.0,0.0,1.0,1.0,3.0,44.0,32.0,20.0,3.0,8.0,2.0,6.0,50.0,1002.0,19.0,1990.0,2024
2024-0403,Miami Masters,Hard,128,M,2024-03-18,249,200005,14.0,,Ugo Humbert,L,188.0,FRA,25.7,122298,,,Botic Van De Zandschulp,R,191.0,NED,28.4,6-4 6-3,3,R64,86.0,3.0,4.0,63.0,44.0,37.0,6.0,10.0,2.0,3.0,7.0,2.0,54.0,35.0,23.0,8.0,9.0,3.0,6.0,15.0,2420.0,77.0,750.0,2024
2024-0403,Miami Masters,Hard,128,M,2024-03-18,250,205734,,Q,Thiago Seyboth Wild,R,185.0,BRA,24.0,126203,12.0,,Taylor Fritz,R,196.0,USA,26.3,6-3 6-4,3,R64,71.0,8.0,3.0,50.0,24.0,23.0,18.0,10.0,1.0,1.0,2.0,0.0,54.0,29.0,22.0,13.0,9.0,3.0,5.0,76.0,768.0,13.0,2935.0,2024
2024-0403,Miami Masters,Hard,128,M,2024-03-18,251,111797,22.0,,Nicolas Jarry,R,201.0,CHI,28.4,207733,,,Jack Draper,L,193.0,GBR,22.2,7-6(5) 4-6 7-6(2),3,R64,215.0,18.0,6.0,115.0,76.0,60.0,15.0,17.0,4.0,8.0,20.0,7.0,128.0,77.0,58.0,22.0,17.0,8.0,11.0,23.0,1575.0,42.0,1071.0,2024
2024-0403,Miami Masters,Hard,128,M,2024-03-18,247,111815,30.0,,Cameron Norrie,L,188.0,GBR,28.5,207925,,,Flavio Cobolli,R,183.0,ITA,21.8,7-5 6-7(4) 6-2,3,R64,154.0,11.0,2.0,94.0,66.0,50.0,17.0,16.0,2.0,4.0,15.0,5.0,124.0,60.0,44.0,30.0,16.0,18.0,23.0,31.0,1250.0,63.0,865.0,2024
2024-0403,Miami Masters,Hard,128,M,2024-03-18,253,134770,7.0,,Casper Ruud,R,183.0,NOR,25.2,209414,,,Luca Van Assche,R,178.0,FRA,19.8,7-6(5) 1-6 6-1,3,R64,119.0,7.0,1.0,76.0,49.0,36.0,15.0,13.0,0.0,2.0,6.0,0.0,74.0,51.0,45.0,9.0,13.0,5.0,7.0,8.0,3560.0,80.0,736.0,2024
2024-0403,Miami Masters,Hard,128,M,2024-03-18,254,206681,,,Fabian Marozsan,R,193.0,HUN,24.4,208029,6.0,,Holger Rune,R,188.0,DEN,20.8,6-1 6-1,3,R64,59.0,4.0,1.0,50.0,41.0,31.0,3.0,7.0,3.0,3.0,1.0,2.0,41.0,25.0,10.0,7.0,7.0,0.0,5.0,57.0,929.0,7.0,3875.0,2024
2024-0403,Miami Masters,Hard,128,M,2024-03-18,255,200615,,,Alexei Popyrin,R,196.0,AUS,24.6,208103,26.0,,Jiri Lehecka,R,185.0,CZE,22.3,6-4 6-4,3,R64,72.0,10.0,1.0,55.0,35.0,27.0,14.0,10.0,2.0,3.0,10.0,2.0,51.0,35.0,26.0,7.0,10.0,3.0,6.0,45.0,1032.0,27.0,1435.0,2024
2024-0403,Miami Masters,Hard,128,M,2024-03-18,256,105526,24.0,,Jan Lennard Struff,R,193.0,GER,33.8,127157,,,Daniel Altmaier,R,188.0,GER,25.5,6-3 6-3,3,R64,80.0,4.0,2.0,52.0,32.0,25.0,12.0,9.0,4.0,5.0,8.0,4.0,66.0,45.0,26.0,9.0,9.0,5.0,9.0,25.0,1484.0,54.0,951.0,2024
2024-0403,Miami Masters,Hard,128,M,2024-03-18,257,200282,9.0,,Alex De Minaur,R,183.0,AUS,25.0,126952,,PR,Soon Woo Kwon,R,180.0,KOR,26.2,6-3 6-2,3,R64,77.0,7.0,1.0,47.0,25.0,21.0,12.0,8.0,3.0,3.0,1.0,2.0,62.0,40.0,21.0,9.0,9.0,5.0,9.0,10.0,3300.0,863.0,20.0,2024
2024-0403,Miami Masters,Hard,128,M,2024-03-18,258,111575,15.0,,Karen Khachanov,R,198.0,RUS,27.8,111513,,,Laslo Djere,R,188.0,SRB,28.7,6-2 6-4,3,R64,87.0,6.0,1.0,47.0,32.0,27.0,8.0,9.0,3.0,4.0,5.0,4.0,70.0,44.0,27.0,10.0,9.0,15.0,19.0,16.0,2265.0,35.0,1180.0,2024
2024-0403,Miami Masters,Hard,128,M,2024-03-18,252,200221,27.0,,Alejandro Davidovich Fokina,R,183.0,ESP,24.7,209992,,WC,Juncheng Shang,L,180.0,CHN,19.1,6-3 7-5,3,R64,104.0,2.0,0.0,67.0,43.0,33.0,16.0,11.0,4.0,4.0,2.0,2.0,69.0,45.0,29.0,12.0,10.0,1.0,3.0,28.0,1425.0,124.0,507.0,2024
2024-7290,Estoril,Clay,32,A,2024-04-01,283,105916,,,Marton Fucsovics,R,188.0,HUN,32.1,106398,,,Pedro Cachin,R,185.0,ARG,28.9,7-5 6-2,3,R32,89.0,4.0,2.0,50.0,28.0,22.0,17.0,10.0,0.0,1.0,3.0,7.0,66.0,32.0,21.0,14.0,10.0,6.0,10.0,85.0,697.0,78.0,733.0,2024
2024-7290,Estoril,Clay,32,A,2024-04-01,282,104792,7.0,,Gael Monfils,R,193.0,FRA,37.5,210012,,WC,Henrique Rocha,R,180.0,POR,19.9,7-5 7-5,3,R32,102.0,3.0,1.0,65.0,36.0,27.0,17.0,12.0,1.0,3.0,3.0,4.0,75.0,34.0,22.0,23.0,12.0,4.0,8.0,45.0,1067.0,197.0,306.0,2024
2024-7290,Estoril,Clay,32,A,2024-04-01,280,106233,,,Dominic Thiem,R,185.0,AUT,30.5,109739,,,Maximilian Marterer,L,188.0,GER,28.7,6-1 6-7(3) 6-4,3,R32,134.0,6.0,3.0,85.0,52.0,38.0,16.0,14.0,4.0,6.0,3.0,7.0,95.0,59.0,35.0,16.0,15.0,6.0,12.0,91.0,655.0,97.0,616.0,2024
2024-7290,Estoril,Clay,32,A,2024-04-01,279,124079,,,Pedro Martinez,R,185.0,ESP,26.9,127157,,,Daniel Altmaier,R,188.0,GER,25.5,6-4 6-2,3,R32,100.0,0.0,2.0,56.0,32.0,25.0,15.0,9.0,7.0,7.0,5.0,3.0,71.0,43.0,29.0,10.0,9.0,5.0,8.0,77.0,741.0,54.0,955.0,2024
2024-7290,Estoril,Clay,32,A,2024-04-01,278,105138,,,Roberto Bautista Agut,R,183.0,ESP,35.9,200175,6.0,,Miomir Kecmanovic,R,183.0,SRB,24.5,6-1 7-5,3,R32,84.0,4.0,0.0,57.0,37.0,30.0,12.0,10.0,2.0,2.0,2.0,1.0,49.0,29.0,19.0,11.0,9.0,0.0,3.0,93.0,654.0,50.0,995.0,2024
2024-7290,Estoril,Clay,32,A,2024-04-01,277,209950,5.0,,Arthur Fils,R,185.0,FRA,19.8,105311,,WC,Joao Sousa,R,185.0,POR,35.0,7-5 6-4,3,R32,110.0,7.0,3.0,75.0,48.0,36.0,13.0,11.0,3.0,4.0,2.0,2.0,80.0,45.0,29.0,18.0,11.0,3.0,6.0,37.0,1130.0,272.0,209.0,2024
2024-7290,Estoril,Clay,32,A,2024-04-01,273,208010,,Q,Pablo Llamas Ruiz,R,188.0,ESP,21.4,136440,8.0,,Dominik Koepfer,L,180.0,GER,29.9,6-4 6-3,3,R32,97.0,1.0,0.0,69.0,41.0,26.0,16.0,10.0,6.0,8.0,1.0,5.0,63.0,32.0,21.0,13.0,9.0,7.0,11.0,152.0,421.0,52.0,972.0,2024
2024-7290,Estoril,Clay,32,A,2024-04-01,275,132686,,,Nuno Borges,R,185.0,POR,27.1,106298,,Q,Lucas Pouille,R,185.0,FRA,30.1,0-6 7-6(6) 6-3,3,R32,141.0,3.0,2.0,76.0,48.0,32.0,14.0,13.0,1.0,6.0,5.0,1.0,108.0,51.0,34.0,28.0,14.0,3.0,7.0,62.0,871.0,241.0,252.0,2024
2024-7290,Estoril,Clay,32,A,2024-04-01,272,122554,,LL,David Jorda Sanchis,R,198.0,ESP,29.7,210262,,Q,Jaime Faria,R,188.0,POR,20.6,7-6(4) 6-1,3,R32,105.0,8.0,3.0,81.0,50.0,35.0,15.0,9.0,5.0,6.0,1.0,1.0,64.0,41.0,27.0,10.0,10.0,3.0,7.0,329.0,159.0,262.0,217.0,2024
2024-7290,Estoril,Clay,32,A,2024-04-01,271,123828,,Q,Jan Choinski,R,196.0,GBR,27.8,211663,,WC,Joao Fonseca,R,185.0,BRA,17.6,6-2 6-7(5) 6-4,3,R32,145.0,3.0,1.0,103.0,77.0,54.0,12.0,15.0,11.0,13.0,3.0,7.0,93.0,60.0,42.0,12.0,15.0,3.0,8.0,188.0,325.0,288.0,193.0,2024
2024-0717,Houston,Clay,32,A,2024-04-01,300,210097,1.0,,Ben Shelton,L,193.0,USA,21.4,126207,3.0,,Frances Tiafoe,R,188.0,USA,26.1,7-5 4-6 6-3,3,F,136.0,11.0,8.0,88.0,54.0,45.0,18.0,16.0,1.0,2.0,3.0,3.0,87.0,55.0,38.0,20.0,15.0,1.0,3.0,16.0,2260.0,21.0,1770.0,2024
2024-7290,Estoril,Clay,32,A,2024-04-01,284,122298,,,Botic Van De Zandschulp,R,191.0,NED,28.4,105948,,,Federico Coria,R,180.0,ARG,32.0,6-4 4-6 6-1,3,R32,141.0,1.0,5.0,102.0,65.0,42.0,17.0,14.0,4.0,8.0,2.0,0.0,81.0,52.0,25.0,16.0,13.0,8.0,14.0,87.0,690.0,88.0,687.0,2024
2024-7290,Estoril,Clay,32,A,2024-04-01,276,106426,,,Cristian Garin,R,185.0,CHI,27.8,200514,,,Jurij Rodionov,L,191.0,AUT,24.8,7-6(3) 7-5,3,R32,140.0,3.0,5.0,95.0,61.0,47.0,11.0,12.0,10.0,12.0,1.0,0.0,79.0,49.0,35.0,12.0,12.0,2.0,5.0,112.0,543.0,119.0,515.0,2024
2024-7290,Estoril,Clay,32,A,2024-04-01,286,128034,2.0,,Hubert Hurkacz,R,196.0,POL,27.1,123828,,Q,Jan Choinski,R,196.0,GBR,27.8,7-6(5) 6-4,3,R16,107.0,12.0,1.0,71.0,49.0,34.0,15.0,11.0,3.0,4.0,1.0,1.0,77.0,46.0,31.0,16.0,11.0,5.0,7.0,10.0,3425.0,188.0,325.0,2024
2024-0717,Houston,Clay,32,A,2024-04-01,280,123755,,,Daniel Elahi Galan,R,191.0,COL,27.7,105332,,,Benoit Paire,R,196.0,FRA,34.8,7-6(13) 6-4,3,R32,113.0,7.0,2.0,90.0,60.0,42.0,13.0,11.0,6.0,8.0,8.0,9.0,90.0,53.0,38.0,15.0,11.0,11.0,14.0,83.0,711.0,142.0,460.0,2024
2024-7290,Estoril,Clay,32,A,2024-04-01,288,132686,,,Nuno Borges,R,185.0,POR,27.1,207518,3.0,,Lorenzo Musetti,R,185.0,ITA,22.0,7-6(4) 6-3,3,R16,96.0,1.0,1.0,71.0,48.0,35.0,15.0,11.0,3.0,4.0,2.0,0.0,59.0,41.0,31.0,9.0,10.0,3.0,5.0,62.0,871.0,24.0,1610.0,2024
2024-7290,Estoril,Clay,32,A,2024-04-01,289,106426,,,Cristian Garin,R,185.0,CHI,27.8,209950,5.0,,Arthur Fils,R,185.0,FRA,19.8,2-6 6-4 6-4,3,R16,132.0,1.0,3.0,88.0,60.0,37.0,14.0,14.0,3.0,7.0,3.0,4.0,85.0,47.0,29.0,23.0,14.0,3.0,7.0,112.0,543.0,37.0,1130.0,2024
2024-7290,Estoril,Clay,32,A,2024-04-01,290,124079,,,Pedro Martinez,R,185.0,ESP,26.9,105138,,,Roberto Bautista Agut,R,183.0,ESP,35.9,7-5 6-4,3,R16,119.0,3.0,1.0,74.0,59.0,31.0,8.0,11.0,4.0,9.0,1.0,1.0,61.0,40.0,19.0,10.0,11.0,5.0,12.0,77.0,741.0,93.0,654.0,2024
2024-7290,Estoril,Clay,32,A,2024-04-01,291,104755,,LL,Richard Gasquet,R,183.0,FRA,37.7,106233,,,Dominic Thiem,R,185.0,AUT,30.5,6-4 7-6(6),3,R16,121.0,3.0,1.0,61.0,32.0,23.0,21.0,11.0,0.0,1.0,4.0,4.0,91.0,52.0,34.0,20.0,11.0,6.0,8.0,122.0,508.0,91.0,655.0,2024
2024-7290,Estoril,Clay,32,A,2024-04-01,292,105916,,,Marton Fucsovics,R,188.0,HUN,32.1,104792,7.0,,Gael Monfils,R,193.0,FRA,37.5,1-6 6-1 7-5,3,R16,123.0,3.0,4.0,86.0,56.0,37.0,16.0,13.0,4.0,7.0,2.0,2.0,76.0,44.0,27.0,17.0,13.0,2.0,6.0,85.0,697.0,45.0,1067.0,2024
2024-7290,Estoril,Clay,32,A,2024-04-01,293,134770,1.0,,Casper Ruud,R,183.0,NOR,25.2,122298,,,Botic Van De Zandschulp,R,191.0,NED,28.4,6-1 6-2,3,R16,76.0,3.0,0.0,55.0,41.0,30.0,7.0,8.0,2.0,2.0,1.0,5.0,54.0,31.0,18.0,8.0,7.0,2.0,6.0,8.0,3615.0,87.0,690.0,2024
2024-7290,Estoril,Clay,32,A,2024-04-01,294,128034,2.0,,Hubert Hurkacz,R,196.0,POL,27.1,208010,,Q,Pablo Llamas Ruiz,R,188.0,ESP,21.4,7-6(4) 6-4,3,QF,105.0,4.0,1.0,74.0,49.0,36.0,16.0,11.0,8.0,8.0,1.0,1.0,74.0,49.0,33.0,15.0,11.0,1.0,2.0,10.0,3425.0,152.0,421.0,2024
2024-7290,Estoril,Clay,32,A,2024-04-01,295,106426,,,Cristian Garin,R,185.0,CHI,27.8,132686,,,Nuno Borges,R,185.0,POR,27.1,6-2 7-6(3),3,QF,130.0,3.0,4.0,98.0,62.0,43.0,18.0,10.0,6.0,6.0,2.0,5.0,73.0,47.0,32.0,12.0,10.0,6.0,8.0,112.0,543.0,62.0,871.0,2024
2024-7290,Estoril,Clay,32,A,2024-04-01,296,124079,,,Pedro Martinez,R,185.0,ESP,26.9,104755,,LL,Richard Gasquet,R,183.0,FRA,37.7,6-4 6-4,3,QF,105.0,0.0,4.0,57.0,39.0,28.0,9.0,10.0,1.0,3.0,2.0,3.0,72.0,41.0,25.0,13.0,10.0,5.0,9.0,77.0,741.0,122.0,508.0,2024
2024-7290,Estoril,Clay,32,A,2024-04-01,297,134770,1.0,,Casper Ruud,R,183.0,NOR,25.2,105916,,,Marton Fucsovics,R,188.0,HUN,32.1,6-3 6-2,3,QF,72.0,1.0,1.0,47.0,34.0,28.0,9.0,9.0,1.0,1.0,1.0,0.0,50.0,35.0,21.0,7.0,8.0,2.0,5.0,8.0,3615.0,85.0,697.0,2024
2024-7290,Estoril,Clay,32,A,2024-04-01,298,128034,2.0,,Hubert Hurkacz,R,196.0,POL,27.1,106426,,,Cristian Garin,R,185.0,CHI,27.8,6-3 3-6 6-3,3,SF,118.0,4.0,1.0,84.0,52.0,39.0,16.0,14.0,5.0,7.0,5.0,1.0,87.0,64.0,43.0,10.0,13.0,6.0,9.0,10.0,3425.0,112.0,543.0,2024
2024-7290,Estoril,Clay,32,A,2024-04-01,299,124079,,,Pedro Martinez,R,185.0,ESP,26.9,134770,1.0,,Casper Ruud,R,183.0,NOR,25.2,6-4 4-6 6-4,3,SF,187.0,2.0,4.0,101.0,74.0,47.0,16.0,15.0,9.0,12.0,8.0,6.0,108.0,59.0,44.0,20.0,15.0,6.0,10.0,77.0,741.0,8.0,3615.0,2024
2024-7290,Estoril,Clay,32,A,2024-04-01,300,128034,2.0,,Hubert Hurkacz,R,196.0,POL,27.1,124079,,,Pedro Martinez,R,185.0,ESP,26.9,6-3 6-4,3,F,86.0,15.0,0.0,51.0,35.0,29.0,11.0,10.0,0.0,0.0,0.0,3.0,68.0,47.0,31.0,8.0,9.0,3.0,5.0,10.0,3425.0,77.0,741.0,2024
2024-0717,Houston,Clay,32,A,2024-04-01,299,210097,1.0,,Ben Shelton,L,193.0,USA,21.4,144869,4.0,,Tomas Martin Etcheverry,R,196.0,ARG,24.7,6-7(4) 6-4 6-4,3,SF,149.0,7.0,2.0,83.0,57.0,48.0,16.0,16.0,2.0,3.0,6.0,0.0,97.0,65.0,44.0,19.0,16.0,1.0,4.0,16.0,2260.0,30.0,1310.0,2024
2024-7290,Estoril,Clay,32,A,2024-04-01,287,208010,,Q,Pablo Llamas Ruiz,R,188.0,ESP,21.4,122554,,LL,David Jorda Sanchis,R,198.0,ESP,29.7,7-6(2) 6-4,3,R16,130.0,1.0,0.0,71.0,56.0,39.0,9.0,11.0,5.0,7.0,9.0,0.0,102.0,64.0,39.0,18.0,11.0,9.0,12.0,152.0,421.0,329.0,159.0,2024
2024-0717,Houston,Clay,32,A,2024-04-01,282,208014,,,Rinky Hijikata,R,178.0,AUS,23.1,111153,5.0,,Christopher Eubanks,R,201.0,USA,27.9,7-6(4) 7-6(2),3,R32,110.0,7.0,2.0,77.0,52.0,41.0,15.0,12.0,1.0,2.0,8.0,2.0,76.0,52.0,39.0,13.0,12.0,2.0,3.0,80.0,723.0,41.0,1087.0,2024
2024-0717,Houston,Clay,32,A,2024-04-01,298,126207,3.0,,Frances Tiafoe,R,188.0,USA,26.1,209260,,,Luciano Darderi,R,183.0,ITA,22.1,6-2 7-6(2),3,SF,94.0,9.0,1.0,64.0,46.0,38.0,9.0,10.0,2.0,2.0,6.0,2.0,70.0,43.0,29.0,12.0,10.0,4.0,6.0,21.0,1770.0,72.0,781.0,2024
2024-0717,Houston,Clay,32,A,2024-04-01,296,144869,4.0,,Tomas Martin Etcheverry,R,196.0,ARG,24.7,111581,,WC,Michael Mmoh,R,188.0,USA,26.2,6-3 0-1 RET,3,QF,52.0,5.0,0.0,25.0,17.0,16.0,5.0,5.0,0.0,0.0,2.0,1.0,30.0,19.0,12.0,8.0,5.0,2.0,3.0,30.0,1310.0,123.0,507.0,2024
2024-0360,Marrakech,Clay,32,A,2024-04-01,294,208363,7.0,,Mariano Navone,R,178.0,ARG,23.0,126846,,,Aleksandar Vukic,R,188.0,AUS,27.9,6-2 6-4,3,QF,81.0,1.0,2.0,47.0,35.0,31.0,6.0,9.0,0.0,0.0,1.0,2.0,63.0,34.0,24.0,12.0,9.0,4.0,7.0,60.0,883.0,67.0,818.0,2024
2024-0360,Marrakech,Clay,32,A,2024-04-01,293,104926,,Q,Fabio Fognini,R,178.0,ITA,36.8,111513,1.0,,Laslo Djere,R,188.0,SRB,28.8,7-6(1) 2-6 6-4,3,R16,147.0,3.0,0.0,90.0,58.0,41.0,17.0,15.0,0.0,3.0,7.0,1.0,97.0,69.0,50.0,15.0,15.0,5.0,7.0,100.0,599.0,34.0,1185.0,2024
2024-0360,Marrakech,Clay,32,A,2024-04-01,291,106148,,,Roberto Carballes Baena,R,183.0,ESP,31.0,105554,3.0,,Daniel Evans,R,175.0,GBR,33.8,6-4 7-6(3),3,R16,139.0,1.0,1.0,83.0,57.0,41.0,14.0,11.0,6.0,7.0,2.0,1.0,78.0,46.0,31.0,17.0,11.0,6.0,8.0,64.0,856.0,42.0,1086.0,2024
2024-0360,Marrakech,Clay,32,A,2024-04-01,290,134457,,Q,Nicolas Moreno De Alboran,R,185.0,USA,26.7,105676,,Q,David Goffin,R,180.0,BEL,33.3,6-3 6-4,3,R16,93.0,5.0,0.0,61.0,41.0,33.0,11.0,10.0,3.0,3.0,2.0,1.0,60.0,34.0,24.0,12.0,9.0,5.0,7.0,157.0,413.0,102.0,594.0,2024
2024-0360,Marrakech,Clay,32,A,2024-04-01,289,126610,,PR,Matteo Berrettini,R,196.0,ITA,27.9,144719,,,Jaume Munar,R,183.0,ESP,26.9,6-4 4-6 6-3,3,R16,140.0,8.0,0.0,85.0,58.0,43.0,12.0,14.0,4.0,6.0,5.0,1.0,86.0,46.0,29.0,26.0,15.0,9.0,13.0,135.0,470.0,73.0,770.0,2024
2024-0360,Marrakech,Clay,32,A,2024-04-01,288,132283,4.0,,Lorenzo Sonego,R,191.0,ITA,28.8,111576,,,Sumit Nagal,R,178.0,IND,26.6,1-6 6-3 6-4,3,R16,139.0,4.0,2.0,74.0,43.0,34.0,18.0,13.0,2.0,4.0,2.0,0.0,85.0,62.0,40.0,17.0,13.0,6.0,8.0,61.0,875.0,95.0,633.0,2024
2024-0360,Marrakech,Clay,32,A,2024-04-01,287,208363,7.0,,Mariano Navone,R,178.0,ARG,23.0,104527,,,Stan Wawrinka,R,183.0,SUI,39.0,3-6 7-5 6-2,3,R16,138.0,1.0,5.0,80.0,55.0,41.0,14.0,14.0,4.0,6.0,3.0,5.0,102.0,62.0,47.0,12.0,15.0,2.0,6.0,60.0,883.0,82.0,717.0,2024
2024-0360,Marrakech,Clay,32,A,2024-04-01,286,126846,,,Aleksandar Vukic,R,188.0,AUS,27.9,124116,2.0,,Sebastian Ofner,R,191.0,AUT,27.8,7-6(11) 2-6 7-6(7),3,R16,168.0,8.0,2.0,115.0,71.0,51.0,26.0,16.0,5.0,9.0,12.0,3.0,128.0,71.0,56.0,30.0,16.0,10.0,12.0,67.0,818.0,47.0,1056.0,2024
2024-0360,Marrakech,Clay,32,A,2024-04-01,284,104926,,Q,Fabio Fognini,R,178.0,ITA,36.8,200384,,,Hugo Gaston,L,173.0,FRA,23.5,6-7(4) 6-1 6-4,3,R32,154.0,4.0,8.0,105.0,62.0,39.0,20.0,14.0,11.0,16.0,3.0,3.0,113.0,59.0,34.0,23.0,15.0,6.0,15.0,100.0,599.0,89.0,662.0,2024
2024-0360,Marrakech,Clay,32,A,2024-04-01,283,200303,,,Pavel Kotov,R,191.0,RUS,25.3,200611,,WC,Elliot Benchetrit,R,193.0,MAR,25.4,7-5 6-3,3,R32,110.0,1.0,3.0,61.0,41.0,27.0,13.0,10.0,3.0,5.0,5.0,1.0,78.0,45.0,31.0,8.0,11.0,6.0,11.0,68.0,807.0,661.0,48.0,2024
2024-0360,Marrakech,Clay,32,A,2024-04-01,282,207925,8.0,,Flavio Cobolli,R,183.0,ITA,21.9,209406,,WC,Abedallah Shelbayh,L,180.0,JOR,20.3,6-1 6-4,3,R32,71.0,3.0,2.0,43.0,28.0,27.0,9.0,9.0,0.0,0.0,1.0,1.0,54.0,32.0,20.0,9.0,8.0,5.0,8.0,63.0,865.0,230.0,265.0,2024
2024-0360,Marrakech,Clay,32,A,2024-04-01,280,106148,,,Roberto Carballes Baena,R,183.0,ESP,31.0,209263,,,Matteo Gigante,L,180.0,ITA,22.2,6-2 2-0 RET,3,R32,49.0,2.0,0.0,25.0,14.0,12.0,8.0,5.0,0.0,0.0,0.0,5.0,38.0,18.0,12.0,5.0,5.0,6.0,9.0,64.0,856.0,145.0,450.0,2024
2024-0360,Marrakech,Clay,32,A,2024-04-01,279,105676,,Q,David Goffin,R,180.0,BEL,33.3,126239,,,Arthur Rinderknech,R,196.0,FRA,28.6,6-4 6-4,3,R32,98.0,5.0,1.0,63.0,33.0,22.0,18.0,10.0,0.0,2.0,4.0,2.0,61.0,28.0,17.0,15.0,10.0,4.0,8.0,102.0,594.0,81.0,723.0,2024
2024-0360,Marrakech,Clay,32,A,2024-04-01,278,134457,,Q,Nicolas Moreno De Alboran,R,185.0,USA,26.7,207680,5.0,,Facundo Diaz Acosta,L,183.0,ARG,23.2,6-4 3-6 6-3,3,R32,138.0,4.0,2.0,88.0,56.0,44.0,16.0,14.0,2.0,3.0,4.0,3.0,80.0,50.0,34.0,20.0,14.0,5.0,7.0,157.0,413.0,55.0,943.0,2024
2024-0360,Marrakech,Clay,32,A,2024-04-01,277,126610,,PR,Matteo Berrettini,R,196.0,ITA,27.9,207686,6.0,,Alexander Shevchenko,R,185.0,KAZ,23.3,6-2 6-1,3,R32,74.0,3.0,2.0,45.0,25.0,21.0,10.0,7.0,2.0,2.0,2.0,3.0,60.0,31.0,16.0,12.0,8.0,4.0,9.0,135.0,470.0,56.0,934.0,2024
2024-0360,Marrakech,Clay,32,A,2024-04-01,276,144719,,,Jaume Munar,R,183.0,ESP,26.9,209414,,,Luca Van Assche,R,178.0,FRA,19.8,7-6(3) 6-2,3,R32,109.0,8.0,0.0,68.0,42.0,26.0,17.0,10.0,2.0,4.0,1.0,1.0,75.0,54.0,30.0,9.0,10.0,3.0,7.0,73.0,770.0,94.0,641.0,2024
2024-0360,Marrakech,Clay,32,A,2024-04-01,275,111576,,,Sumit Nagal,R,178.0,IND,26.6,144895,,,Corentin Moutet,L,180.0,FRA,24.9,4-6 6-3 6-2,3,R32,130.0,6.0,0.0,89.0,66.0,44.0,16.0,14.0,6.0,7.0,3.0,2.0,66.0,53.0,37.0,8.0,13.0,2.0,5.0,95.0,633.0,99.0,612.0,2024
2024-0360,Marrakech,Clay,32,A,2024-04-01,273,208363,7.0,,Mariano Navone,R,178.0,ARG,23.0,144826,,WC,Aziz Dougaz,L,188.0,TUN,27.0,6-3 6-2,3,R32,76.0,0.0,1.0,50.0,37.0,28.0,10.0,9.0,0.0,0.0,2.0,2.0,47.0,27.0,16.0,11.0,8.0,0.0,3.0,60.0,883.0,235.0,261.0,2024
2024-0360,Marrakech,Clay,32,A,2024-04-01,272,104527,,,Stan Wawrinka,R,183.0,SUI,39.0,105077,,,Albert Ramos,L,188.0,ESP,36.2,6-1 6-4,3,R32,75.0,8.0,1.0,57.0,33.0,29.0,8.0,9.0,4.0,5.0,1.0,1.0,46.0,33.0,21.0,3.0,8.0,3.0,7.0,82.0,717.0,103.0,590.0,2024
2024-0360,Marrakech,Clay,32,A,2024-04-01,271,126846,,,Aleksandar Vukic,R,188.0,AUS,27.9,124186,,,Alexandre Muller,R,183.0,FRA,27.1,6-3 7-6(5),3,R32,101.0,9.0,2.0,83.0,55.0,43.0,14.0,11.0,9.0,10.0,3.0,3.0,66.0,40.0,28.0,14.0,10.0,2.0,4.0,67.0,818.0,86.0,694.0,2024
2024-0717,Houston,Clay,32,A,2024-04-01,297,210097,1.0,,Ben Shelton,L,193.0,USA,21.4,206909,,,Brandon Nakashima,R,188.0,USA,22.6,7-5 7-6(9),3,QF,133.0,6.0,2.0,94.0,70.0,52.0,15.0,12.0,7.0,7.0,8.0,3.0,89.0,69.0,51.0,10.0,12.0,5.0,6.0,16.0,2260.0,92.0,655.0,2024
2024-0360,Marrakech,Clay,32,A,2024-04-01,295,126610,,PR,Matteo Berrettini,R,196.0,ITA,27.9,132283,4.0,,Lorenzo Sonego,R,191.0,ITA,28.8,6-3 7-6(5),3,QF,100.0,5.0,4.0,68.0,55.0,46.0,6.0,11.0,1.0,1.0,4.0,2.0,64.0,45.0,34.0,10.0,10.0,3.0,4.0,135.0,470.0,61.0,875.0,2024
2024-0360,Marrakech,Clay,32,A,2024-04-01,296,106148,,,Roberto Carballes Baena,R,183.0,ESP,31.0,134457,,Q,Nicolas Moreno De Alboran,R,185.0,USA,26.7,6-4 4-6 6-4,3,QF,151.0,1.0,2.0,81.0,59.0,45.0,14.0,15.0,0.0,1.0,8.0,3.0,101.0,71.0,48.0,15.0,15.0,7.0,9.0,64.0,856.0,157.0,413.0,2024
2024-0360,Marrakech,Clay,32,A,2024-04-01,292,200303,,,Pavel Kotov,R,191.0,RUS,25.3,207925,8.0,,Flavio Cobolli,R,183.0,ITA,21.9,6-1 7-6(5),3,R16,118.0,1.0,1.0,87.0,57.0,40.0,16.0,10.0,7.0,7.0,4.0,4.0,58.0,25.0,19.0,18.0,9.0,3.0,5.0,68.0,807.0,63.0,865.0,2024
2024-0360,Marrakech,Clay,32,A,2024-04-01,298,126610,,PR,Matteo Berrettini,R,196.0,ITA,27.9,208363,7.0,,Mariano Navone,R,178.0,ARG,23.0,6-7(4) 6-3 6-2,3,SF,162.0,6.0,2.0,86.0,65.0,50.0,11.0,14.0,1.0,2.0,0.0,1.0,107.0,86.0,53.0,8.0,15.0,7.0,12.0,135.0,470.0,60.0,883.0,2024
2024-0717,Houston,Clay,32,A,2024-04-01,295,126207,3.0,,Frances Tiafoe,R,188.0,USA,26.1,111442,6.0,,Jordan Thompson,R,183.0,AUS,29.9,7-6(8) 6-4,3,QF,119.0,3.0,1.0,77.0,46.0,31.0,21.0,11.0,4.0,5.0,4.0,0.0,72.0,50.0,32.0,16.0,11.0,5.0,7.0,21.0,1770.0,33.0,1195.0,2024
2024-0717,Houston,Clay,32,A,2024-04-01,294,209260,,,Luciano Darderi,R,183.0,ITA,22.1,106218,7.0,,Marcos Giron,R,180.0,USA,30.6,6-0 6-4,3,QF,86.0,5.0,1.0,48.0,26.0,21.0,15.0,8.0,1.0,1.0,3.0,1.0,75.0,41.0,27.0,11.0,8.0,9.0,13.0,72.0,781.0,51.0,990.0,2024
2024-0717,Houston,Clay,32,A,2024-04-01,293,210097,1.0,,Ben Shelton,L,193.0,USA,21.4,200267,,,Zizou Bergs,R,185.0,BEL,24.8,3-6 6-4 6-3,3,R16,145.0,3.0,4.0,84.0,57.0,43.0,13.0,14.0,7.0,9.0,5.0,6.0,100.0,63.0,43.0,17.0,14.0,13.0,16.0,16.0,2260.0,111.0,545.0,2024
2024-0717,Houston,Clay,32,A,2024-04-01,292,206909,,,Brandon Nakashima,R,188.0,USA,22.6,208014,,,Rinky Hijikata,R,178.0,AUS,23.1,6-1 6-4,3,R16,68.0,7.0,2.0,44.0,31.0,29.0,9.0,9.0,0.0,0.0,2.0,5.0,49.0,23.0,17.0,11.0,8.0,4.0,7.0,92.0,655.0,80.0,723.0,2024
2024-0717,Houston,Clay,32,A,2024-04-01,291,144869,4.0,,Tomas Martin Etcheverry,R,196.0,ARG,24.7,123755,,,Daniel Elahi Galan,R,191.0,COL,27.7,6-4 6-4,3,R16,112.0,2.0,3.0,63.0,41.0,30.0,9.0,10.0,4.0,6.0,3.0,1.0,59.0,39.0,21.0,12.0,10.0,2.0,6.0,30.0,1310.0,83.0,711.0,2024
2024-0717,Houston,Clay,32,A,2024-04-01,290,111581,,WC,Michael Mmoh,R,188.0,USA,26.2,126845,8.0,,Max Purcell,R,185.0,AUS,25.9,6-2 7-5,3,R16,94.0,7.0,0.0,55.0,39.0,32.0,10.0,10.0,1.0,1.0,5.0,4.0,65.0,31.0,22.0,16.0,10.0,3.0,6.0,123.0,507.0,79.0,726.0,2024
2024-0717,Houston,Clay,32,A,2024-04-01,289,111442,6.0,,Jordan Thompson,R,183.0,AUS,29.9,206499,,,Aleksandar Kovacevic,R,183.0,USA,25.5,4-6 7-6(1) 7-6(7),3,R16,214.0,3.0,3.0,133.0,84.0,60.0,25.0,17.0,10.0,13.0,9.0,1.0,108.0,67.0,53.0,19.0,17.0,4.0,6.0,33.0,1195.0,98.0,613.0,2024
2024-0360,Marrakech,Clay,32,A,2024-04-01,297,200303,,,Pavel Kotov,R,191.0,RUS,25.3,104926,,Q,Fabio Fognini,R,178.0,ITA,36.8,6-1 6-2,3,QF,77.0,4.0,1.0,50.0,37.0,32.0,4.0,8.0,3.0,3.0,1.0,3.0,50.0,33.0,19.0,5.0,7.0,1.0,5.0,68.0,807.0,100.0,599.0,2024
2024-0717,Houston,Clay,32,A,2024-04-01,287,106218,7.0,,Marcos Giron,R,180.0,USA,30.6,200670,,,J J Wolf,R,183.0,USA,25.2,6-4 6-3,3,R16,103.0,9.0,0.0,70.0,41.0,27.0,18.0,10.0,6.0,7.0,3.0,4.0,72.0,40.0,25.0,15.0,9.0,8.0,11.0,51.0,990.0,96.0,625.0,2024
2024-0717,Houston,Clay,32,A,2024-04-01,286,209260,,,Luciano Darderi,R,183.0,ITA,22.1,202103,2.0,,Francisco Cerundolo,R,185.0,ARG,25.6,6-4 2-6 7-6(4),3,R16,150.0,3.0,0.0,95.0,58.0,39.0,22.0,15.0,5.0,9.0,4.0,4.0,110.0,68.0,45.0,21.0,15.0,5.0,8.0,72.0,781.0,23.0,1715.0,2024
2024-0717,Houston,Clay,32,A,2024-04-01,284,200267,,,Zizou Bergs,R,185.0,BEL,24.8,200516,,Q,Patrick Kypson,R,188.0,USA,24.4,7-6(5) 6-3,3,R32,113.0,12.0,2.0,71.0,47.0,37.0,16.0,11.0,4.0,4.0,5.0,3.0,64.0,32.0,25.0,16.0,10.0,0.0,1.0,111.0,545.0,133.0,472.0,2024
2024-0717,Houston,Clay,32,A,2024-04-01,288,126207,3.0,,Frances Tiafoe,R,188.0,USA,26.1,105902,,,James Duckworth,R,183.0,AUS,32.1,6-2 6-7(4) 7-5,3,R16,134.0,15.0,1.0,88.0,50.0,42.0,25.0,16.0,0.0,0.0,11.0,4.0,101.0,63.0,47.0,21.0,16.0,2.0,5.0,21.0,1770.0,105.0,565.0,2024
2024-0717,Houston,Clay,32,A,2024-04-01,278,126845,8.0,,Max Purcell,R,185.0,AUS,25.9,210506,,,Alex Michelsen,R,193.0,USA,19.6,7-5 6-7(4) 6-4,3,R32,168.0,8.0,3.0,105.0,44.0,34.0,37.0,17.0,5.0,7.0,13.0,5.0,119.0,82.0,54.0,20.0,17.0,10.0,14.0,79.0,726.0,70.0,790.0,2024
2024-0360,Marrakech,Clay,32,A,2024-04-01,299,106148,,,Roberto Carballes Baena,R,183.0,ESP,31.0,200303,,,Pavel Kotov,R,191.0,RUS,25.3,6-4 6-2,3,SF,99.0,2.0,0.0,59.0,43.0,28.0,11.0,9.0,6.0,7.0,1.0,6.0,54.0,33.0,21.0,7.0,9.0,2.0,6.0,64.0,856.0,68.0,807.0,2024
2024-0717,Houston,Clay,32,A,2024-04-01,279,111581,,WC,Michael Mmoh,R,188.0,USA,26.2,122669,,,Juan Pablo Varillas,R,185.0,PER,28.4,6-2 7-6(4),3,R32,120.0,10.0,2.0,73.0,52.0,38.0,9.0,10.0,2.0,3.0,1.0,1.0,72.0,42.0,26.0,13.0,10.0,7.0,10.0,123.0,507.0,101.0,596.0,2024
2024-0360,Marrakech,Clay,32,A,2024-04-01,300,126610,,PR,Matteo Berrettini,R,196.0,ITA,27.9,106148,,,Roberto Carballes Baena,R,183.0,ESP,31.0,7-5 6-2,3,F,106.0,5.0,1.0,66.0,47.0,35.0,9.0,10.0,7.0,8.0,0.0,1.0,61.0,44.0,24.0,11.0,10.0,3.0,7.0,135.0,470.0,64.0,856.0,2024
2024-0717,Houston,Clay,32,A,2024-04-01,271,209260,,,Luciano Darderi,R,183.0,ITA,22.1,106045,,WC,Denis Kudla,R,180.0,USA,31.6,3-6 7-6(3) 6-2,3,R32,137.0,8.0,3.0,89.0,55.0,42.0,18.0,15.0,9.0,12.0,7.0,5.0,89.0,50.0,35.0,19.0,14.0,5.0,8.0,72.0,781.0,160.0,409.0,2024
2024-0717,Houston,Clay,32,A,2024-04-01,283,206909,,,Brandon Nakashima,R,188.0,USA,22.6,207213,,,Duje Ajdukovic,R,188.0,CRO,23.1,6-1 6-4,3,R32,79.0,4.0,1.0,50.0,29.0,23.0,14.0,9.0,2.0,2.0,1.0,1.0,47.0,25.0,15.0,13.0,8.0,2.0,5.0,92.0,655.0,115.0,528.0,2024
2024-0717,Houston,Clay,32,A,2024-04-01,273,106218,7.0,,Marcos Giron,R,180.0,USA,30.6,133430,,WC,Denis Shapovalov,L,185.0,CAN,24.9,6-2 7-5,3,R32,68.0,3.0,2.0,56.0,36.0,28.0,13.0,10.0,1.0,1.0,3.0,8.0,56.0,28.0,21.0,12.0,10.0,3.0,6.0,51.0,990.0,121.0,510.0,2024
2024-0717,Houston,Clay,32,A,2024-04-01,275,105902,,,James Duckworth,R,183.0,AUS,32.1,133835,,Q,Gijs Brouwer,L,191.0,NED,28.0,6-3 6-3,3,R32,87.0,8.0,1.0,76.0,43.0,32.0,14.0,9.0,11.0,12.0,5.0,4.0,64.0,44.0,29.0,6.0,9.0,7.0,11.0,105.0,565.0,199.0,300.0,2024
2024-0717,Houston,Clay,32,A,2024-04-01,276,206499,,,Aleksandar Kovacevic,R,183.0,USA,25.5,106423,,,Thanasi Kokkinakis,R,193.0,AUS,27.9,7-6(3) 6-7(2) 6-4,3,R32,195.0,14.0,3.0,106.0,70.0,56.0,19.0,17.0,5.0,6.0,10.0,3.0,121.0,74.0,55.0,23.0,17.0,6.0,8.0,98.0,613.0,104.0,584.0,2024
2024-0717,Houston,Clay,32,A,2024-04-01,277,111442,6.0,,Jordan Thompson,R,183.0,AUS,29.9,200059,,Q,Yibing Wu,R,183.0,CHN,24.4,6-4 6-4,3,R32,109.0,6.0,2.0,76.0,49.0,37.0,13.0,10.0,6.0,6.0,3.0,3.0,59.0,35.0,23.0,14.0,10.0,6.0,8.0,33.0,1195.0,298.0,185.0,2024
2024-0717,Houston,Clay,32,A,2024-04-01,272,200670,,,J J Wolf,R,183.0,USA,25.2,106310,,Q,Alexander Ritschard,R,193.0,SUI,30.0,6-3 2-6 6-4,3,R32,118.0,7.0,0.0,72.0,48.0,35.0,15.0,14.0,2.0,5.0,4.0,7.0,78.0,53.0,40.0,10.0,13.0,6.0,9.0,96.0,625.0,194.0,309.0,2024
2024-0410,Monte Carlo Masters,Clay,64,M,2024-04-08,293,104925,1.0,,Novak Djokovic,R,188.0,SRB,36.8,207518,,,Lorenzo Musetti,R,185.0,ITA,22.0,7-5 6-3,3,R16,118.0,3.0,2.0,67.0,46.0,31.0,11.0,11.0,3.0,6.0,1.0,1.0,62.0,33.0,20.0,12.0,10.0,1.0,6.0,1.0,9725.0,24.0,1590.0,2024
2024-0410,Monte Carlo Masters,Clay,64,M,2024-04-08,299,134770,8.0,,Casper Ruud,R,183.0,NOR,25.2,104925,1.0,,Novak Djokovic,R,188.0,SRB,36.8,6-4 1-6 6-4,3,SF,137.0,4.0,4.0,78.0,44.0,28.0,16.0,13.0,1.0,5.0,3.0,2.0,79.0,46.0,31.0,19.0,14.0,3.0,7.0,10.0,3465.0,1.0,9725.0,2024
2024-0410,Monte Carlo Masters,Clay,64,M,2024-04-08,298,126774,12.0,,Stefanos Tsitsipas,R,193.0,GRE,25.6,206173,2.0,,Jannik Sinner,R,191.0,ITA,22.6,6-4 3-6 6-4,3,SF,160.0,7.0,3.0,84.0,50.0,35.0,21.0,14.0,3.0,5.0,1.0,2.0,102.0,59.0,44.0,20.0,15.0,12.0,15.0,12.0,3175.0,2.0,8710.0,2024
2024-0410,Monte Carlo Masters,Clay,64,M,2024-04-08,297,104925,1.0,,Novak Djokovic,R,188.0,SRB,36.8,200282,11.0,,Alex De Minaur,R,183.0,AUS,25.1,7-5 6-4,3,QF,124.0,2.0,1.0,64.0,42.0,27.0,13.0,11.0,4.0,7.0,3.0,4.0,71.0,30.0,18.0,20.0,11.0,6.0,11.0,1.0,9725.0,11.0,3355.0,2024
2024-0410,Monte Carlo Masters,Clay,64,M,2024-04-08,296,134770,8.0,,Casper Ruud,R,183.0,NOR,25.2,200005,14.0,,Ugo Humbert,L,188.0,FRA,25.7,6-3 4-6 6-1,3,QF,125.0,4.0,4.0,78.0,45.0,33.0,18.0,13.0,5.0,7.0,1.0,2.0,79.0,55.0,31.0,13.0,13.0,3.0,8.0,10.0,3465.0,15.0,2425.0,2024
2024-0410,Monte Carlo Masters,Clay,64,M,2024-04-08,295,126774,12.0,,Stefanos Tsitsipas,R,193.0,GRE,25.6,111575,15.0,,Karen Khachanov,R,198.0,RUS,27.8,6-4 6-2,3,QF,82.0,7.0,3.0,52.0,32.0,27.0,9.0,9.0,2.0,3.0,1.0,1.0,49.0,33.0,16.0,11.0,9.0,4.0,8.0,12.0,3175.0,17.0,2005.0,2024
2024-0410,Monte Carlo Masters,Clay,64,M,2024-04-08,294,206173,2.0,,Jannik Sinner,R,191.0,ITA,22.6,208029,7.0,,Holger Rune,R,188.0,DEN,20.9,6-4 6-7(6) 6-3,3,QF,160.0,5.0,2.0,90.0,53.0,46.0,25.0,16.0,2.0,2.0,6.0,5.0,95.0,50.0,41.0,22.0,15.0,6.0,8.0,2.0,8710.0,7.0,3795.0,2024
2024-0410,Monte Carlo Masters,Clay,64,M,2024-04-08,300,126774,12.0,,Stefanos Tsitsipas,R,193.0,GRE,25.6,134770,8.0,,Casper Ruud,R,183.0,NOR,25.2,6-1 6-4,3,F,96.0,3.0,1.0,73.0,35.0,21.0,26.0,8.0,8.0,8.0,2.0,1.0,55.0,36.0,24.0,7.0,9.0,4.0,8.0,12.0,3175.0,10.0,3465.0,2024
2024-0410,Monte Carlo Masters,Clay,64,M,2024-04-08,285,104925,1.0,,Novak Djokovic,R,188.0,SRB,36.8,126128,,,Roman Safiullin,R,185.0,RUS,26.6,6-1 6-2,3,R32,70.0,1.0,0.0,34.0,22.0,17.0,11.0,7.0,0.0,0.0,1.0,2.0,61.0,26.0,16.0,11.0,8.0,14.0,19.0,1.0,9725.0,41.0,1089.0,2024
2024-0410,Monte Carlo Masters,Clay,64,M,2024-04-08,290,134770,8.0,,Casper Ruud,R,183.0,NOR,25.2,128034,10.0,,Hubert Hurkacz,R,196.0,POL,27.1,6-4 6-2,3,R16,73.0,2.0,0.0,49.0,30.0,23.0,15.0,9.0,0.0,0.0,6.0,1.0,63.0,37.0,24.0,12.0,9.0,7.0,10.0,10.0,3465.0,8.0,3665.0,2024
2024-0410,Monte Carlo Masters,Clay,64,M,2024-04-08,263,200615,,,Alexei Popyrin,R,196.0,AUS,24.6,144895,,Q,Corentin Moutet,L,180.0,FRA,24.9,3-6 7-5 6-2,3,R64,162.0,6.0,4.0,101.0,72.0,47.0,19.0,15.0,7.0,9.0,1.0,0.0,97.0,67.0,43.0,15.0,14.0,8.0,11.0,46.0,1047.0,101.0,612.0,2024
2024-0410,Monte Carlo Masters,Clay,64,M,2024-04-08,260,200000,,,Felix Auger Aliassime,R,193.0,CAN,23.6,208134,,Q,Luca Nardi,R,185.0,ITA,20.6,6-2 6-3,3,R64,82.0,6.0,2.0,47.0,26.0,23.0,13.0,9.0,0.0,0.0,1.0,4.0,54.0,34.0,20.0,11.0,8.0,4.0,7.0,35.0,1150.0,76.0,748.0,2024
2024-0410,Monte Carlo Masters,Clay,64,M,2024-04-08,259,111190,,,Zhizhen Zhang,R,193.0,CHN,27.4,106218,,,Marcos Giron,R,180.0,USA,30.7,6-4 3-6 6-3,3,R64,124.0,5.0,2.0,104.0,72.0,49.0,16.0,14.0,7.0,9.0,5.0,0.0,78.0,40.0,27.0,24.0,14.0,2.0,5.0,49.0,1005.0,48.0,1030.0,2024
2024-0410,Monte Carlo Masters,Clay,64,M,2024-04-08,258,200005,14.0,,Ugo Humbert,L,188.0,FRA,25.7,105948,,Q,Federico Coria,R,180.0,ARG,32.0,4-6 6-1 6-2,3,R64,135.0,3.0,0.0,86.0,58.0,37.0,16.0,13.0,6.0,8.0,1.0,4.0,80.0,52.0,30.0,11.0,12.0,2.0,7.0,15.0,2425.0,89.0,687.0,2024
2024-0410,Monte Carlo Masters,Clay,64,M,2024-04-08,257,128034,10.0,,Hubert Hurkacz,R,196.0,POL,27.1,207733,,,Jack Draper,L,193.0,GBR,22.2,6-4 3-6 7-6(2),3,R64,144.0,7.0,1.0,93.0,62.0,45.0,14.0,16.0,2.0,6.0,6.0,1.0,98.0,59.0,40.0,23.0,15.0,3.0,6.0,8.0,3665.0,39.0,1101.0,2024
2024-0410,Monte Carlo Masters,Clay,64,M,2024-04-08,256,105138,,Q,Roberto Bautista Agut,R,183.0,ESP,35.9,207680,,LL,Facundo Diaz Acosta,L,183.0,ARG,23.3,6-2 6-4,3,R64,94.0,2.0,1.0,50.0,36.0,25.0,10.0,9.0,3.0,4.0,2.0,3.0,63.0,36.0,20.0,13.0,9.0,3.0,7.0,90.0,668.0,53.0,943.0,2024
2024-0410,Monte Carlo Masters,Clay,64,M,2024-04-08,255,126214,,,Alejandro Tabilo,L,188.0,CHI,26.8,106331,,Q,Christopher Oconnell,R,183.0,AUS,29.8,6-3 6-4,3,R64,97.0,1.0,1.0,73.0,37.0,26.0,21.0,10.0,4.0,5.0,5.0,6.0,59.0,30.0,20.0,12.0,9.0,4.0,7.0,45.0,1051.0,62.0,886.0,2024
2024-0410,Monte Carlo Masters,Clay,64,M,2024-04-08,252,124116,,,Sebastian Ofner,R,191.0,AUT,27.9,105554,,,Daniel Evans,R,175.0,GBR,33.8,6-1 6-4,3,R64,69.0,7.0,2.0,58.0,35.0,27.0,15.0,9.0,3.0,3.0,2.0,1.0,43.0,29.0,19.0,7.0,8.0,1.0,4.0,44.0,1056.0,50.0,996.0,2024
2024-0410,Monte Carlo Masters,Clay,64,M,2024-04-08,251,144869,,,Tomas Martin Etcheverry,R,196.0,ARG,24.7,111797,,,Nicolas Jarry,R,201.0,CHI,28.4,6-4 7-5,3,R64,125.0,3.0,0.0,81.0,62.0,40.0,13.0,11.0,8.0,9.0,3.0,1.0,68.0,37.0,23.0,18.0,11.0,4.0,7.0,31.0,1260.0,21.0,1755.0,2024
2024-0410,Monte Carlo Masters,Clay,64,M,2024-04-08,250,126774,12.0,,Stefanos Tsitsipas,R,193.0,GRE,25.6,111513,,,Laslo Djere,R,188.0,SRB,28.8,6-3 3-2 RET,3,R64,62.0,3.0,2.0,50.0,26.0,19.0,14.0,7.0,2.0,3.0,2.0,1.0,41.0,23.0,14.0,10.0,7.0,1.0,4.0,12.0,3175.0,34.0,1185.0,2024
2024-0410,Monte Carlo Masters,Clay,64,M,2024-04-08,249,111575,15.0,,Karen Khachanov,R,198.0,RUS,27.8,111815,,,Cameron Norrie,L,188.0,GBR,28.6,7-5 7-6(3),3,R64,144.0,13.0,2.0,88.0,51.0,33.0,19.0,12.0,5.0,9.0,2.0,2.0,92.0,42.0,26.0,22.0,12.0,10.0,15.0,17.0,2005.0,30.0,1290.0,2024
2024-0410,Monte Carlo Masters,Clay,64,M,2024-04-08,248,202103,,,Francisco Cerundolo,R,185.0,ARG,25.6,127157,,LL,Daniel Altmaier,R,188.0,GER,25.5,6-2 7-6(3),3,R64,109.0,2.0,1.0,71.0,45.0,34.0,13.0,10.0,4.0,5.0,1.0,1.0,69.0,42.0,27.0,12.0,10.0,4.0,7.0,22.0,1715.0,52.0,955.0,2024
2024-0410,Monte Carlo Masters,Clay,64,M,2024-04-08,247,104792,,WC,Gael Monfils,R,193.0,FRA,37.6,126846,,LL,Aleksandar Vukic,R,188.0,AUS,28.0,6-7(7) 6-3 7-5,3,R64,132.0,15.0,4.0,107.0,75.0,52.0,15.0,16.0,5.0,8.0,4.0,0.0,95.0,60.0,41.0,16.0,17.0,3.0,9.0,40.0,1092.0,65.0,856.0,2024
2024-0410,Monte Carlo Masters,Clay,64,M,2024-04-08,244,111576,,Q,Sumit Nagal,R,178.0,IND,26.6,208286,,,Matteo Arnaldi,R,185.0,ITA,23.1,5-7 6-2 6-4,3,R64,157.0,1.0,1.0,100.0,64.0,35.0,26.0,15.0,5.0,9.0,6.0,6.0,97.0,53.0,36.0,19.0,15.0,3.0,9.0,93.0,656.0,38.0,1121.0,2024
2024-0410,Monte Carlo Masters,Clay,64,M,2024-04-08,243,200175,,,Miomir Kecmanovic,R,183.0,SRB,24.6,126610,,WC,Matteo Berrettini,R,196.0,ITA,27.9,6-3 6-1,3,R64,73.0,4.0,0.0,51.0,30.0,24.0,10.0,8.0,2.0,3.0,1.0,1.0,47.0,33.0,16.0,5.0,8.0,4.0,9.0,66.0,855.0,84.0,720.0,2024
2024-0410,Monte Carlo Masters,Clay,64,M,2024-04-08,242,105777,9.0,,Grigor Dimitrov,R,191.0,BUL,32.8,200473,,WC,Valentin Vacherot,R,193.0,MON,25.3,7-5 6-2,3,R64,89.0,3.0,3.0,55.0,27.0,20.0,19.0,10.0,0.0,1.0,0.0,4.0,59.0,40.0,24.0,10.0,10.0,2.0,6.0,9.0,3540.0,138.0,464.0,2024
2024-0410,Monte Carlo Masters,Clay,64,M,2024-04-08,241,106432,,,Borna Coric,R,188.0,CRO,27.3,122330,16.0,,Alexander Bublik,R,196.0,KAZ,26.8,6-1 6-1,3,R64,64.0,2.0,5.0,43.0,21.0,15.0,13.0,7.0,0.0,1.0,2.0,8.0,52.0,25.0,15.0,6.0,7.0,7.0,13.0,33.0,1204.0,18.0,1992.0,2024
2024-0410,Monte Carlo Masters,Clay,64,M,2024-04-08,240,105526,,,Jan Lennard Struff,R,193.0,GER,33.9,202104,,,Sebastian Baez,R,170.0,ARG,23.2,1-6 7-6(3) 6-2,3,R64,143.0,9.0,5.0,96.0,49.0,38.0,17.0,14.0,8.0,13.0,2.0,5.0,117.0,72.0,44.0,20.0,13.0,20.0,24.0,25.0,1493.0,19.0,1955.0,2024
2024-0410,Monte Carlo Masters,Clay,64,M,2024-04-08,239,200624,,,Sebastian Korda,R,196.0,USA,23.7,200221,,,Alejandro Davidovich Fokina,R,183.0,ESP,24.8,6-1 6-2,3,R64,63.0,8.0,1.0,54.0,36.0,26.0,8.0,8.0,4.0,5.0,0.0,1.0,50.0,37.0,16.0,6.0,7.0,5.0,10.0,27.0,1445.0,29.0,1395.0,2024
2024-0410,Monte Carlo Masters,Clay,64,M,2024-04-08,264,134868,,,Tallon Griekspoor,R,188.0,NED,27.7,136440,,,Dominik Koepfer,L,180.0,GER,29.9,7-6(2) 4-6 6-2,3,R64,142.0,7.0,4.0,98.0,63.0,44.0,18.0,15.0,8.0,12.0,4.0,2.0,96.0,50.0,26.0,26.0,15.0,2.0,7.0,26.0,1475.0,54.0,938.0,2024
2024-0410,Monte Carlo Masters,Clay,64,M,2024-04-08,265,200282,11.0,,Alex De Minaur,R,183.0,AUS,25.1,104527,,WC,Stan Wawrinka,R,183.0,SUI,39.0,6-3 6-0,3,R64,62.0,3.0,4.0,44.0,19.0,12.0,16.0,7.0,2.0,3.0,0.0,3.0,54.0,34.0,16.0,7.0,8.0,6.0,12.0,11.0,3355.0,79.0,742.0,2024
2024-0410,Monte Carlo Masters,Clay,64,M,2024-04-08,266,207518,,,Lorenzo Musetti,R,185.0,ITA,22.0,126203,13.0,,Taylor Fritz,R,196.0,USA,26.4,6-4 6-4,3,R64,84.0,3.0,2.0,55.0,31.0,25.0,10.0,10.0,2.0,4.0,1.0,1.0,55.0,24.0,17.0,14.0,10.0,1.0,5.0,24.0,1590.0,13.0,2765.0,2024
2024-0410,Monte Carlo Masters,Clay,64,M,2024-04-08,267,209950,,,Arthur Fils,R,185.0,FRA,19.8,105870,,LL,Yannick Hanfmann,R,193.0,GER,32.4,6-0 6-2,3,R64,62.0,0.0,3.0,42.0,25.0,21.0,8.0,7.0,3.0,4.0,0.0,2.0,43.0,28.0,12.0,3.0,7.0,3.0,9.0,36.0,1145.0,61.0,888.0,2024
2024-0410,Monte Carlo Masters,Clay,64,M,2024-04-08,289,126774,12.0,,Stefanos Tsitsipas,R,193.0,GRE,25.6,100644,5.0,,Alexander Zverev,R,198.0,GER,26.9,7-5 7-6(3),3,R16,126.0,2.0,7.0,83.0,48.0,39.0,15.0,12.0,8.0,10.0,10.0,3.0,79.0,60.0,38.0,11.0,12.0,5.0,8.0,12.0,3175.0,5.0,5415.0,2024
2024-0410,Monte Carlo Masters,Clay,64,M,2024-04-08,288,111575,15.0,,Karen Khachanov,R,198.0,RUS,27.8,106421,4.0,,Daniil Medvedev,R,198.0,RUS,28.1,6-3 7-5,3,R16,113.0,1.0,0.0,64.0,45.0,36.0,6.0,11.0,2.0,4.0,5.0,8.0,86.0,52.0,32.0,13.0,10.0,5.0,9.0,17.0,2005.0,4.0,7165.0,2024
2024-0410,Monte Carlo Masters,Clay,64,M,2024-04-08,287,208029,7.0,,Holger Rune,R,188.0,DEN,20.9,105777,9.0,,Grigor Dimitrov,R,191.0,BUL,32.8,7-6(9) 3-6 7-6(2),3,R16,210.0,3.0,3.0,135.0,94.0,60.0,22.0,17.0,7.0,10.0,3.0,4.0,117.0,74.0,54.0,20.0,16.0,3.0,4.0,7.0,3795.0,9.0,3540.0,2024
2024-0410,Monte Carlo Masters,Clay,64,M,2024-04-08,286,206173,2.0,,Jannik Sinner,R,191.0,ITA,22.6,105526,,,Jan Lennard Struff,R,193.0,GER,33.9,6-4 6-2,3,R16,76.0,3.0,0.0,46.0,26.0,22.0,13.0,9.0,0.0,1.0,4.0,4.0,63.0,28.0,17.0,16.0,9.0,4.0,8.0,2.0,8710.0,25.0,1493.0,2024
2024-0410,Monte Carlo Masters,Clay,64,M,2024-04-08,284,207518,,,Lorenzo Musetti,R,185.0,ITA,22.0,209950,,,Arthur Fils,R,185.0,FRA,19.8,6-3 7-5,3,R32,100.0,2.0,2.0,62.0,31.0,21.0,18.0,11.0,1.0,3.0,1.0,1.0,62.0,39.0,21.0,13.0,10.0,4.0,8.0,24.0,1590.0,36.0,1145.0,2024
2024-0410,Monte Carlo Masters,Clay,64,M,2024-04-08,283,200282,11.0,,Alex De Minaur,R,183.0,AUS,25.1,134868,,,Tallon Griekspoor,R,188.0,NED,27.7,2-6 6-2 6-3,3,R32,123.0,2.0,3.0,70.0,36.0,28.0,16.0,12.0,2.0,4.0,6.0,4.0,103.0,68.0,44.0,15.0,13.0,9.0,13.0,11.0,3355.0,26.0,1475.0,2024
2024-0410,Monte Carlo Masters,Clay,64,M,2024-04-08,282,200615,,,Alexei Popyrin,R,196.0,AUS,24.6,126094,6.0,,Andrey Rublev,R,188.0,RUS,26.4,6-4 6-4,3,R32,100.0,4.0,3.0,68.0,34.0,26.0,18.0,10.0,5.0,6.0,5.0,2.0,72.0,42.0,27.0,14.0,10.0,5.0,8.0,46.0,1047.0,6.0,4890.0,2024
2024-0410,Monte Carlo Masters,Clay,64,M,2024-04-08,281,132283,,LL,Lorenzo Sonego,R,191.0,ITA,28.9,200000,,,Felix Auger Aliassime,R,193.0,CAN,23.6,6-4 7-5,3,R32,121.0,3.0,3.0,76.0,49.0,34.0,15.0,11.0,2.0,3.0,3.0,2.0,60.0,40.0,28.0,12.0,11.0,4.0,7.0,57.0,915.0,35.0,1150.0,2024
2024-0410,Monte Carlo Masters,Clay,64,M,2024-04-08,280,200005,14.0,,Ugo Humbert,L,188.0,FRA,25.7,111190,,,Zhizhen Zhang,R,193.0,CHN,27.4,6-1 6-4,3,R32,73.0,4.0,2.0,53.0,24.0,22.0,16.0,9.0,3.0,3.0,4.0,5.0,50.0,32.0,20.0,7.0,8.0,3.0,6.0,15.0,2425.0,49.0,1005.0,2024
2024-0410,Monte Carlo Masters,Clay,64,M,2024-04-08,291,200005,14.0,,Ugo Humbert,L,188.0,FRA,25.7,132283,,LL,Lorenzo Sonego,R,191.0,ITA,28.9,5-7 6-3 6-1,3,R16,172.0,5.0,1.0,98.0,63.0,45.0,19.0,14.0,9.0,10.0,0.0,2.0,100.0,62.0,40.0,18.0,14.0,9.0,13.0,15.0,2425.0,57.0,915.0,2024
2024-0410,Monte Carlo Masters,Clay,64,M,2024-04-08,279,128034,10.0,,Hubert Hurkacz,R,196.0,POL,27.1,105138,,Q,Roberto Bautista Agut,R,183.0,ESP,35.9,7-5 7-6(4),3,R32,124.0,15.0,0.0,79.0,53.0,42.0,12.0,12.0,1.0,2.0,3.0,2.0,89.0,61.0,40.0,15.0,12.0,3.0,5.0,8.0,3665.0,90.0,668.0,2024
2024-0410,Monte Carlo Masters,Clay,64,M,2024-04-08,277,100644,5.0,,Alexander Zverev,R,198.0,GER,26.9,124116,,,Sebastian Ofner,R,191.0,AUT,27.9,6-3 6-4,3,R32,78.0,1.0,0.0,49.0,34.0,27.0,11.0,10.0,1.0,2.0,5.0,0.0,59.0,30.0,20.0,13.0,9.0,6.0,9.0,5.0,5415.0,44.0,1056.0,2024
2024-0410,Monte Carlo Masters,Clay,64,M,2024-04-08,276,126774,12.0,,Stefanos Tsitsipas,R,193.0,GRE,25.6,144869,,,Tomas Martin Etcheverry,R,196.0,ARG,24.7,6-1 6-0,3,R32,63.0,2.0,1.0,46.0,27.0,14.0,15.0,7.0,2.0,3.0,5.0,0.0,40.0,26.0,11.0,2.0,6.0,4.0,10.0,12.0,3175.0,31.0,1260.0,2024
2024-0410,Monte Carlo Masters,Clay,64,M,2024-04-08,275,111575,15.0,,Karen Khachanov,R,198.0,RUS,27.8,202103,,,Francisco Cerundolo,R,185.0,ARG,25.6,4-6 6-4 6-3,3,R32,136.0,3.0,1.0,88.0,57.0,41.0,14.0,15.0,4.0,8.0,6.0,4.0,93.0,64.0,38.0,16.0,14.0,3.0,8.0,17.0,2005.0,22.0,1715.0,2024
2024-0410,Monte Carlo Masters,Clay,64,M,2024-04-08,274,106421,4.0,,Daniil Medvedev,R,198.0,RUS,28.1,104792,,WC,Gael Monfils,R,193.0,FRA,37.6,6-2 6-4,3,R32,88.0,0.0,4.0,50.0,24.0,20.0,16.0,9.0,1.0,2.0,2.0,0.0,64.0,48.0,25.0,7.0,9.0,6.0,10.0,4.0,7165.0,40.0,1092.0,2024
2024-0410,Monte Carlo Masters,Clay,64,M,2024-04-08,273,208029,7.0,,Holger Rune,R,188.0,DEN,20.9,111576,,Q,Sumit Nagal,R,178.0,IND,26.6,6-3 3-6 6-2,3,R32,131.0,3.0,3.0,70.0,38.0,31.0,18.0,13.0,4.0,7.0,0.0,5.0,88.0,55.0,34.0,15.0,13.0,6.0,11.0,7.0,3795.0,93.0,656.0,2024
2024-0410,Monte Carlo Masters,Clay,64,M,2024-04-08,272,105777,9.0,,Grigor Dimitrov,R,191.0,BUL,32.8,200175,,,Miomir Kecmanovic,R,183.0,SRB,24.6,6-4 6-3,3,R32,91.0,4.0,3.0,54.0,33.0,25.0,12.0,10.0,0.0,1.0,6.0,1.0,62.0,44.0,28.0,7.0,9.0,7.0,10.0,9.0,3540.0,66.0,855.0,2024
2024-0410,Monte Carlo Masters,Clay,64,M,2024-04-08,271,105526,,,Jan Lennard Struff,R,193.0,GER,33.9,106432,,,Borna Coric,R,188.0,CRO,27.3,7-6(2) 6-1,3,R32,91.0,2.0,5.0,65.0,27.0,21.0,20.0,10.0,2.0,4.0,1.0,3.0,57.0,31.0,20.0,8.0,9.0,2.0,6.0,25.0,1493.0,33.0,1204.0,2024
2024-0410,Monte Carlo Masters,Clay,64,M,2024-04-08,270,206173,2.0,,Jannik Sinner,R,191.0,ITA,22.6,200624,,,Sebastian Korda,R,196.0,USA,23.7,6-1 6-2,3,R32,75.0,2.0,1.0,43.0,21.0,20.0,12.0,7.0,3.0,3.0,2.0,2.0,62.0,32.0,16.0,13.0,8.0,7.0,12.0,2.0,8710.0,27.0,1445.0,2024
2024-0410,Monte Carlo Masters,Clay,64,M,2024-04-08,268,126128,,,Roman Safiullin,R,185.0,RUS,26.6,144719,,Q,Jaume Munar,R,183.0,ESP,26.9,7-5 6-1,3,R64,96.0,2.0,4.0,65.0,41.0,31.0,12.0,10.0,5.0,6.0,1.0,3.0,61.0,43.0,26.0,6.0,9.0,6.0,10.0,41.0,1089.0,72.0,775.0,2024
2024-0410,Monte Carlo Masters,Clay,64,M,2024-04-08,278,134770,8.0,,Casper Ruud,R,183.0,NOR,25.2,126214,,,Alejandro Tabilo,L,188.0,CHI,26.8,6-2 6-4,3,R32,81.0,7.0,2.0,53.0,36.0,29.0,10.0,9.0,2.0,3.0,2.0,2.0,63.0,46.0,24.0,7.0,9.0,6.0,10.0,10.0,3465.0,45.0,1051.0,2024
2024-0410,Monte Carlo Masters,Clay,64,M,2024-04-08,292,200282,11.0,,Alex De Minaur,R,183.0,AUS,25.1,200615,,,Alexei Popyrin,R,196.0,AUS,24.6,6-3 6-4,3,R16,75.0,2.0,0.0,43.0,27.0,19.0,15.0,9.0,0.0,1.0,1.0,1.0,57.0,38.0,25.0,7.0,10.0,1.0,5.0,11.0,3355.0,46.0,1047.0,2024
2024-4462,Bucharest,Clay,32,A,2024-04-15,299,208363,5.0,,Mariano Navone,R,178.0,ARG,23.1,106296,,Q,Gregoire Barrere,R,183.0,FRA,30.1,6-3 6-4,3,SF,96.0,1.0,0.0,57.0,41.0,30.0,6.0,9.0,3.0,5.0,1.0,1.0,75.0,47.0,24.0,13.0,10.0,9.0,14.0,52.0,976.0,128.0,482.0,2024
2024-0308,Munich,Clay,32,A,2024-04-15,283,210506,,,Alex Michelsen,R,193.0,USA,19.6,208819,,WC,Max Hans Rehberg,R,183.0,GER,20.5,7-6(2) 6-3,3,R32,102.0,2.0,1.0,76.0,56.0,34.0,14.0,11.0,4.0,7.0,0.0,5.0,55.0,36.0,20.0,9.0,10.0,0.0,4.0,70.0,790.0,473.0,87.0,2024
2024-4462,Bucharest,Clay,32,A,2024-04-15,300,105916,,,Marton Fucsovics,R,188.0,HUN,32.1,208363,5.0,,Mariano Navone,R,178.0,ARG,23.1,6-4 7-5,3,F,126.0,1.0,6.0,67.0,40.0,25.0,16.0,11.0,4.0,7.0,2.0,1.0,77.0,53.0,30.0,10.0,11.0,3.0,8.0,82.0,712.0,52.0,976.0,2024
2024-0308,Munich,Clay,32,A,2024-04-15,271,123755,,,Daniel Elahi Galan,R,191.0,COL,27.8,200116,,,Camilo Ugo Carabelli,R,185.0,ARG,24.8,7-6(2) 6-4,3,R32,134.0,5.0,2.0,70.0,45.0,35.0,15.0,11.0,2.0,3.0,3.0,4.0,103.0,56.0,37.0,21.0,11.0,15.0,17.0,93.0,651.0,109.0,579.0,2024
2024-0308,Munich,Clay,32,A,2024-04-15,272,144817,,Q,Marc Andrea Huesler,L,196.0,SUI,27.8,209916,,WC,Marko Topo,R,185.0,GER,20.5,3-6 6-1 6-3,3,R32,114.0,4.0,3.0,70.0,42.0,27.0,19.0,12.0,2.0,4.0,1.0,3.0,86.0,50.0,30.0,16.0,13.0,6.0,11.0,223.0,266.0,320.0,165.0,2024
2024-0308,Munich,Clay,32,A,2024-04-15,273,105870,,,Yannick Hanfmann,R,193.0,GER,32.4,207686,8.0,,Alexander Shevchenko,R,185.0,KAZ,23.3,6-7(6) 6-3 7-5,3,R32,149.0,0.0,2.0,109.0,76.0,56.0,17.0,17.0,2.0,3.0,7.0,1.0,107.0,73.0,50.0,17.0,16.0,2.0,5.0,61.0,894.0,63.0,879.0,2024
2024-0308,Munich,Clay,32,A,2024-04-15,275,122298,,,Botic Van De Zandschulp,R,191.0,NED,28.5,123809,,Q,Ivan Gakhov,L,191.0,RUS,27.4,6-4 2-6 6-3,3,R32,162.0,2.0,5.0,93.0,48.0,29.0,21.0,14.0,9.0,15.0,2.0,4.0,110.0,57.0,33.0,22.0,13.0,15.0,21.0,89.0,670.0,280.0,202.0,2024
2024-0308,Munich,Clay,32,A,2024-04-15,276,106121,,,Taro Daniel,R,191.0,JPN,31.2,106331,,,Christopher Oconnell,R,183.0,AUS,29.8,6-3 6-4,3,R32,87.0,3.0,0.0,53.0,45.0,32.0,7.0,10.0,1.0,2.0,3.0,1.0,62.0,46.0,26.0,7.0,9.0,1.0,4.0,85.0,702.0,58.0,896.0,2024
2024-0308,Munich,Clay,32,A,2024-04-15,277,200000,5.0,,Felix Auger Aliassime,R,193.0,CAN,23.6,109739,,,Maximilian Marterer,L,188.0,GER,28.8,6-7(5) 7-6(6) 7-6(3),3,R32,204.0,11.0,5.0,120.0,72.0,56.0,26.0,18.0,3.0,5.0,4.0,2.0,116.0,79.0,55.0,23.0,18.0,6.0,8.0,34.0,1200.0,101.0,616.0,2024
2024-0308,Munich,Clay,32,A,2024-04-15,278,207733,6.0,,Jack Draper,L,193.0,GBR,22.3,200240,,,Vit Kopriva,R,178.0,CZE,26.8,6-1 5-7 6-4,3,R32,132.0,4.0,1.0,82.0,56.0,42.0,10.0,15.0,2.0,6.0,4.0,3.0,82.0,53.0,35.0,10.0,14.0,4.0,10.0,46.0,1066.0,119.0,520.0,2024
2024-0308,Munich,Clay,32,A,2024-04-15,279,200484,,WC,Rudolf Molleker,R,188.0,GER,23.4,208859,,Q,Francesco Passaro,R,180.0,ITA,23.2,6-4 6-2,3,R32,68.0,9.0,1.0,55.0,28.0,21.0,18.0,9.0,1.0,1.0,4.0,3.0,45.0,28.0,20.0,9.0,9.0,0.0,3.0,179.0,341.0,235.0,252.0,2024
2024-0308,Munich,Clay,32,A,2024-04-15,280,208279,,Q,Alejandro Moro Canas,R,183.0,ESP,23.3,106233,,,Dominic Thiem,R,185.0,AUT,30.6,6-4 6-4,3,R32,109.0,3.0,1.0,77.0,58.0,38.0,7.0,10.0,5.0,8.0,2.0,2.0,57.0,29.0,16.0,14.0,10.0,1.0,6.0,240.0,243.0,105.0,601.0,2024
2024-0308,Munich,Clay,32,A,2024-04-15,282,106426,,,Cristian Garin,R,185.0,CHI,27.8,136440,7.0,,Dominik Koepfer,L,180.0,GER,29.9,7-6(3) 6-3,3,R32,97.0,5.0,2.0,64.0,44.0,35.0,13.0,11.0,4.0,5.0,0.0,1.0,69.0,45.0,32.0,10.0,10.0,7.0,9.0,106.0,598.0,54.0,938.0,2024
2024-0425,Barcelona,Clay,64,A,2024-04-15,300,134770,3.0,,Casper Ruud,R,183.0,NOR,25.3,126774,5.0,,Stefanos Tsitsipas,R,193.0,GRE,25.6,7-5 6-3,3,F,89.0,2.0,2.0,56.0,45.0,35.0,7.0,11.0,1.0,2.0,3.0,4.0,61.0,35.0,22.0,13.0,10.0,3.0,6.0,6.0,4025.0,7.0,3995.0,2024
2024-0425,Barcelona,Clay,64,A,2024-04-15,299,126774,5.0,,Stefanos Tsitsipas,R,193.0,GRE,25.6,105583,,,Dusan Lajovic,R,183.0,SRB,33.7,5-7 6-4 6-2,3,SF,130.0,5.0,6.0,87.0,50.0,41.0,22.0,15.0,2.0,3.0,0.0,2.0,90.0,65.0,43.0,13.0,15.0,1.0,4.0,7.0,3995.0,59.0,896.0,2024
2024-0425,Barcelona,Clay,64,A,2024-04-15,298,134770,3.0,,Casper Ruud,R,183.0,NOR,25.3,144869,13.0,,Tomas Martin Etcheverry,R,196.0,ARG,24.7,7-6(6) 6-4,3,SF,117.0,1.0,1.0,71.0,42.0,33.0,15.0,11.0,2.0,4.0,4.0,2.0,64.0,41.0,30.0,12.0,11.0,3.0,6.0,6.0,4025.0,30.0,1295.0,2024
2024-0425,Barcelona,Clay,64,A,2024-04-15,297,126774,5.0,,Stefanos Tsitsipas,R,193.0,GRE,25.6,207680,,,Facundo Diaz Acosta,L,183.0,ARG,23.3,4-6 6-3 7-6(8),3,QF,152.0,3.0,7.0,104.0,67.0,49.0,17.0,16.0,4.0,8.0,1.0,3.0,85.0,52.0,41.0,17.0,15.0,3.0,7.0,7.0,3995.0,53.0,958.0,2024
2024-0425,Barcelona,Clay,64,A,2024-04-15,295,134770,3.0,,Casper Ruud,R,183.0,NOR,25.3,208286,,,Matteo Arnaldi,R,185.0,ITA,23.1,6-4 6-3,3,QF,92.0,2.0,0.0,67.0,50.0,30.0,12.0,10.0,6.0,8.0,1.0,1.0,51.0,27.0,15.0,11.0,9.0,2.0,6.0,6.0,4025.0,40.0,1121.0,2024
2024-0425,Barcelona,Clay,64,A,2024-04-15,294,144869,13.0,,Tomas Martin Etcheverry,R,196.0,ARG,24.7,111815,12.0,,Cameron Norrie,L,188.0,GBR,28.6,7-6(4) 7-6(1),3,QF,149.0,7.0,2.0,92.0,57.0,44.0,17.0,12.0,4.0,5.0,3.0,2.0,88.0,59.0,43.0,13.0,12.0,3.0,4.0,30.0,1295.0,31.0,1290.0,2024
2024-0425,Barcelona,Clay,64,A,2024-04-15,293,207680,,,Facundo Diaz Acosta,L,183.0,ARG,23.3,206681,17.0,,Fabian Marozsan,R,193.0,HUN,24.5,3-6 6-3 6-1,3,R16,106.0,3.0,2.0,67.0,47.0,34.0,10.0,13.0,0.0,2.0,0.0,0.0,82.0,57.0,33.0,13.0,12.0,4.0,8.0,53.0,958.0,39.0,1122.0,2024
2024-0425,Barcelona,Clay,64,A,2024-04-15,292,126774,5.0,,Stefanos Tsitsipas,R,193.0,GRE,25.6,106148,,,Roberto Carballes Baena,R,183.0,ESP,31.0,7-5 6-3,3,R16,106.0,7.0,2.0,80.0,48.0,34.0,18.0,11.0,5.0,6.0,1.0,2.0,67.0,49.0,30.0,11.0,10.0,8.0,11.0,7.0,3995.0,72.0,771.0,2024
2024-0425,Barcelona,Clay,64,A,2024-04-15,291,209950,16.0,,Arthur Fils,R,185.0,FRA,19.8,200282,4.0,,Alex De Minaur,R,183.0,AUS,25.1,7-5 6-2,3,R16,94.0,4.0,1.0,56.0,34.0,24.0,12.0,10.0,1.0,3.0,2.0,4.0,69.0,41.0,25.0,11.0,10.0,5.0,10.0,36.0,1185.0,11.0,3510.0,2024
2024-0425,Barcelona,Clay,64,A,2024-04-15,290,105583,,,Dusan Lajovic,R,183.0,SRB,33.7,200221,11.0,,Alejandro Davidovich Fokina,R,183.0,ESP,24.8,7-6(10) 3-6 6-1,3,R16,150.0,2.0,3.0,117.0,86.0,56.0,10.0,14.0,10.0,15.0,0.0,3.0,92.0,62.0,35.0,16.0,14.0,4.0,10.0,59.0,896.0,27.0,1395.0,2024
2024-4462,Bucharest,Clay,32,A,2024-04-15,298,105916,,,Marton Fucsovics,R,188.0,HUN,32.1,126214,4.0,,Alejandro Tabilo,L,188.0,CHI,26.8,6-4 6-4,3,SF,84.0,12.0,0.0,54.0,35.0,27.0,11.0,10.0,0.0,1.0,3.0,3.0,63.0,45.0,30.0,6.0,10.0,3.0,6.0,82.0,712.0,41.0,1101.0,2024
2024-0425,Barcelona,Clay,64,A,2024-04-15,289,208286,,,Matteo Arnaldi,R,185.0,ITA,23.1,105477,,Q,Marco Trungelliti,R,178.0,ARG,34.2,6-3 6-0,3,R16,84.0,2.0,0.0,47.0,26.0,22.0,14.0,8.0,1.0,1.0,2.0,2.0,62.0,38.0,21.0,9.0,7.0,10.0,14.0,40.0,1121.0,197.0,310.0,2024
2024-4462,Bucharest,Clay,32,A,2024-04-15,297,208363,5.0,,Mariano Navone,R,178.0,ARG,23.1,202103,1.0,,Francisco Cerundolo,R,185.0,ARG,25.6,5-7 6-4 7-5,3,QF,178.0,1.0,0.0,128.0,91.0,46.0,21.0,17.0,14.0,21.0,0.0,3.0,105.0,81.0,43.0,12.0,17.0,10.0,18.0,52.0,976.0,21.0,1720.0,2024
2024-4462,Bucharest,Clay,32,A,2024-04-15,295,126214,4.0,,Alejandro Tabilo,L,188.0,CHI,26.8,211663,,WC,Joao Fonseca,R,185.0,BRA,17.6,4-6 7-6(5) 6-4,3,QF,138.0,8.0,1.0,96.0,67.0,47.0,12.0,16.0,3.0,7.0,4.0,4.0,100.0,66.0,44.0,20.0,16.0,7.0,11.0,41.0,1101.0,276.0,207.0,2024
2024-4462,Bucharest,Clay,32,A,2024-04-15,271,105916,,,Marton Fucsovics,R,188.0,HUN,32.1,200473,,Q,Valentin Vacherot,R,193.0,MON,25.4,7-6(8) 6-2,3,R32,129.0,6.0,1.0,86.0,62.0,42.0,14.0,10.0,9.0,10.0,2.0,2.0,68.0,44.0,30.0,10.0,10.0,5.0,8.0,82.0,712.0,136.0,464.0,2024
2024-4462,Bucharest,Clay,32,A,2024-04-15,272,144895,,,Corentin Moutet,L,180.0,FRA,24.9,133430,,WC,Denis Shapovalov,L,185.0,CAN,25.0,6-4 6-2,3,R32,83.0,0.0,0.0,45.0,30.0,24.0,9.0,9.0,1.0,2.0,5.0,6.0,63.0,31.0,21.0,10.0,9.0,7.0,11.0,92.0,652.0,121.0,510.0,2024
2024-4462,Bucharest,Clay,32,A,2024-04-15,273,132686,7.0,,Nuno Borges,R,185.0,POR,27.1,104527,,,Stan Wawrinka,R,183.0,SUI,39.0,3-6 7-5 6-2,3,R32,129.0,6.0,1.0,87.0,49.0,40.0,22.0,14.0,6.0,7.0,2.0,1.0,85.0,42.0,30.0,26.0,15.0,2.0,5.0,55.0,911.0,86.0,697.0,2024
2024-4462,Bucharest,Clay,32,A,2024-04-15,275,126239,,,Arthur Rinderknech,R,196.0,FRA,28.7,200384,,,Hugo Gaston,L,173.0,FRA,23.5,6-7(6) 6-4 7-5,3,R32,165.0,11.0,2.0,104.0,65.0,49.0,27.0,17.0,3.0,4.0,3.0,3.0,104.0,59.0,48.0,24.0,17.0,7.0,10.0,79.0,729.0,96.0,642.0,2024
2024-4462,Bucharest,Clay,32,A,2024-04-15,276,105430,,Q,Radu Albot,R,175.0,MDA,34.4,206499,,,Aleksandar Kovacevic,R,183.0,USA,25.6,7-6(4) 4-6 6-1,3,R32,155.0,3.0,4.0,85.0,54.0,42.0,18.0,15.0,1.0,3.0,11.0,3.0,109.0,61.0,45.0,22.0,14.0,8.0,11.0,139.0,459.0,97.0,638.0,2024
2024-4462,Bucharest,Clay,32,A,2024-04-15,277,211663,,WC,Joao Fonseca,R,185.0,BRA,17.6,132283,6.0,,Lorenzo Sonego,R,191.0,ITA,28.9,7-6(5) 7-5,3,R32,124.0,4.0,2.0,77.0,54.0,38.0,13.0,12.0,1.0,3.0,2.0,1.0,72.0,51.0,34.0,12.0,12.0,5.0,8.0,276.0,207.0,51.0,986.0,2024
2024-4462,Bucharest,Clay,32,A,2024-04-15,278,124079,8.0,,Pedro Martinez,R,185.0,ESP,26.9,126535,,Q,Carlos Taberner,R,183.0,ESP,26.6,6-1 3-6 6-3,3,R32,160.0,1.0,5.0,76.0,57.0,34.0,10.0,13.0,4.0,9.0,1.0,4.0,87.0,60.0,34.0,8.0,12.0,10.0,17.0,57.0,897.0,352.0,144.0,2024
2024-4462,Bucharest,Clay,32,A,2024-04-15,279,200175,,,Miomir Kecmanovic,R,183.0,SRB,24.6,105676,,,David Goffin,R,180.0,BEL,33.3,6-4 3-6 6-3,3,R32,124.0,2.0,1.0,88.0,57.0,40.0,15.0,14.0,5.0,7.0,3.0,2.0,85.0,50.0,38.0,17.0,14.0,4.0,7.0,60.0,895.0,100.0,621.0,2024
2024-4462,Bucharest,Clay,32,A,2024-04-15,280,106296,,Q,Gregoire Barrere,R,183.0,FRA,30.1,106423,,,Thanasi Kokkinakis,R,193.0,AUS,28.0,7-5 6-3,3,R32,106.0,2.0,2.0,76.0,49.0,36.0,16.0,11.0,4.0,4.0,3.0,1.0,63.0,42.0,28.0,12.0,10.0,4.0,6.0,128.0,482.0,94.0,650.0,2024
2024-4462,Bucharest,Clay,32,A,2024-04-15,282,208363,5.0,,Mariano Navone,R,178.0,ARG,23.1,209260,,,Luciano Darderi,R,183.0,ITA,22.1,6-2 6-3,3,R32,93.0,0.0,0.0,60.0,42.0,25.0,8.0,8.0,4.0,7.0,0.0,3.0,61.0,30.0,16.0,8.0,9.0,6.0,13.0,52.0,976.0,64.0,875.0,2024
2024-4462,Bucharest,Clay,32,A,2024-04-15,283,205734,,,Thiago Seyboth Wild,R,185.0,BRA,24.0,208134,,,Luca Nardi,R,185.0,ITA,20.6,6-3 6-7(5) 7-6(2),3,R32,196.0,5.0,7.0,127.0,85.0,64.0,22.0,17.0,8.0,9.0,3.0,1.0,101.0,72.0,49.0,20.0,16.0,2.0,4.0,67.0,831.0,81.0,718.0,2024
2024-4462,Bucharest,Clay,32,A,2024-04-15,284,105948,,,Federico Coria,R,180.0,ARG,32.1,126127,,LL,Benjamin Bonzi,R,183.0,FRA,27.8,6-4 6-2,3,R32,87.0,1.0,1.0,58.0,39.0,29.0,12.0,9.0,5.0,6.0,0.0,0.0,52.0,32.0,21.0,6.0,9.0,2.0,6.0,83.0,711.0,182.0,336.0,2024
2024-4462,Bucharest,Clay,32,A,2024-04-15,286,105916,,,Marton Fucsovics,R,188.0,HUN,32.1,134868,2.0,,Tallon Griekspoor,R,188.0,NED,27.7,7-5 6-1,3,R16,91.0,5.0,2.0,60.0,44.0,33.0,9.0,9.0,4.0,4.0,1.0,2.0,65.0,40.0,22.0,13.0,10.0,2.0,6.0,82.0,712.0,25.0,1505.0,2024
2024-4462,Bucharest,Clay,32,A,2024-04-15,287,144895,,,Corentin Moutet,L,180.0,FRA,24.9,132686,7.0,,Nuno Borges,R,185.0,POR,27.1,6-2 6-7(3) 6-2,3,R16,157.0,1.0,0.0,85.0,61.0,37.0,15.0,14.0,3.0,7.0,3.0,4.0,111.0,83.0,47.0,10.0,14.0,7.0,15.0,92.0,652.0,55.0,911.0,2024
2024-4462,Bucharest,Clay,32,A,2024-04-15,288,126214,4.0,,Alejandro Tabilo,L,188.0,CHI,26.8,126239,,,Arthur Rinderknech,R,196.0,FRA,28.7,6-3 6-4,3,R16,77.0,3.0,0.0,53.0,34.0,29.0,12.0,10.0,1.0,1.0,6.0,1.0,51.0,37.0,29.0,5.0,9.0,2.0,4.0,41.0,1101.0,79.0,729.0,2024
2024-4462,Bucharest,Clay,32,A,2024-04-15,289,211663,,WC,Joao Fonseca,R,185.0,BRA,17.6,105430,,Q,Radu Albot,R,175.0,MDA,34.4,7-6(2) 6-2,3,R16,97.0,1.0,1.0,68.0,45.0,30.0,16.0,10.0,1.0,2.0,3.0,2.0,63.0,42.0,28.0,9.0,10.0,1.0,4.0,276.0,207.0,139.0,459.0,2024
2024-4462,Bucharest,Clay,32,A,2024-04-15,290,124079,8.0,,Pedro Martinez,R,185.0,ESP,26.9,200175,,,Miomir Kecmanovic,R,183.0,SRB,24.6,7-6(4) 3-6 6-3,3,R16,161.0,2.0,4.0,101.0,68.0,48.0,16.0,15.0,9.0,12.0,5.0,1.0,102.0,70.0,47.0,17.0,15.0,7.0,10.0,57.0,897.0,60.0,895.0,2024
2024-4462,Bucharest,Clay,32,A,2024-04-15,291,106296,,Q,Gregoire Barrere,R,183.0,FRA,30.1,200624,3.0,,Sebastian Korda,R,196.0,USA,23.7,6-4 6-4,3,R16,76.0,1.0,0.0,60.0,42.0,24.0,8.0,10.0,4.0,8.0,1.0,0.0,52.0,28.0,16.0,10.0,10.0,2.0,8.0,128.0,482.0,26.0,1485.0,2024
2024-4462,Bucharest,Clay,32,A,2024-04-15,292,208363,5.0,,Mariano Navone,R,178.0,ARG,23.1,205734,,,Thiago Seyboth Wild,R,185.0,BRA,24.0,6-3 2-6 7-5,3,R16,171.0,4.0,5.0,95.0,61.0,43.0,14.0,15.0,8.0,13.0,3.0,3.0,102.0,65.0,40.0,16.0,14.0,7.0,12.0,52.0,976.0,67.0,831.0,2024
2024-4462,Bucharest,Clay,32,A,2024-04-15,293,202103,1.0,,Francisco Cerundolo,R,185.0,ARG,25.6,105948,,,Federico Coria,R,180.0,ARG,32.1,7-5 6-1,3,R16,93.0,1.0,3.0,63.0,45.0,25.0,7.0,10.0,3.0,7.0,0.0,0.0,60.0,40.0,20.0,3.0,9.0,4.0,11.0,21.0,1720.0,83.0,711.0,2024
2024-4462,Bucharest,Clay,32,A,2024-04-15,294,105916,,,Marton Fucsovics,R,188.0,HUN,32.1,144895,,,Corentin Moutet,L,180.0,FRA,24.9,4-6 6-4 6-1,3,QF,176.0,0.0,2.0,96.0,58.0,35.0,21.0,13.0,6.0,10.0,0.0,3.0,108.0,71.0,37.0,18.0,14.0,7.0,14.0,82.0,712.0,92.0,652.0,2024
2024-4462,Bucharest,Clay,32,A,2024-04-15,296,106296,,Q,Gregoire Barrere,R,183.0,FRA,30.1,124079,8.0,,Pedro Martinez,R,185.0,ESP,26.9,6-7(2) 6-3 6-4,3,QF,173.0,7.0,3.0,98.0,63.0,44.0,19.0,16.0,2.0,5.0,2.0,2.0,109.0,74.0,45.0,17.0,15.0,8.0,13.0,128.0,482.0,57.0,897.0,2024
2024-0425,Barcelona,Clay,64,A,2024-04-15,288,134770,3.0,,Casper Ruud,R,183.0,NOR,25.3,111442,14.0,,Jordan Thompson,R,183.0,AUS,29.9,6-1 6-4,3,R16,72.0,1.0,0.0,45.0,32.0,26.0,11.0,9.0,2.0,2.0,4.0,1.0,50.0,27.0,18.0,10.0,8.0,3.0,6.0,6.0,4025.0,33.0,1235.0,2024
2024-0425,Barcelona,Clay,64,A,2024-04-15,296,105583,,,Dusan Lajovic,R,183.0,SRB,33.7,209950,16.0,,Arthur Fils,R,185.0,FRA,19.8,6-4 3-6 6-2,3,QF,126.0,1.0,0.0,83.0,65.0,37.0,12.0,13.0,3.0,6.0,6.0,5.0,92.0,54.0,37.0,15.0,14.0,3.0,8.0,59.0,896.0,36.0,1185.0,2024
2024-0425,Barcelona,Clay,64,A,2024-04-15,286,144869,13.0,,Tomas Martin Etcheverry,R,196.0,ARG,24.7,206909,,,Brandon Nakashima,R,188.0,USA,22.6,3-6 7-6(5) 6-4,3,R16,190.0,6.0,3.0,93.0,62.0,48.0,14.0,15.0,2.0,4.0,14.0,0.0,125.0,77.0,53.0,26.0,16.0,10.0,12.0,30.0,1295.0,87.0,695.0,2024
2024-0425,Barcelona,Clay,64,A,2024-04-15,251,105477,,Q,Marco Trungelliti,R,178.0,ARG,34.2,207213,,Q,Duje Ajdukovic,R,188.0,CRO,23.1,6-2 7-6(3),3,R64,92.0,3.0,0.0,65.0,45.0,31.0,13.0,10.0,3.0,4.0,4.0,0.0,63.0,34.0,21.0,17.0,10.0,3.0,6.0,197.0,310.0,123.0,507.0,2024
2024-0425,Barcelona,Clay,64,A,2024-04-15,248,144719,,,Jaume Munar,R,183.0,ESP,26.9,106415,,,Yoshihito Nishioka,L,170.0,JPN,28.5,6-3 6-1,3,R64,80.0,1.0,4.0,54.0,35.0,25.0,10.0,8.0,5.0,7.0,0.0,4.0,57.0,35.0,15.0,8.0,8.0,9.0,15.0,73.0,770.0,71.0,788.0,2024
2024-0425,Barcelona,Clay,64,A,2024-04-15,247,124186,,,Alexandre Muller,R,183.0,FRA,27.2,105077,,WC,Albert Ramos,L,188.0,ESP,36.2,7-6(4) 6-0,3,R64,103.0,0.0,1.0,60.0,33.0,25.0,16.0,9.0,1.0,2.0,2.0,1.0,74.0,48.0,26.0,12.0,9.0,5.0,9.0,110.0,560.0,108.0,590.0,2024
2024-0425,Barcelona,Clay,64,A,2024-04-15,244,105138,,WC,Roberto Bautista Agut,R,183.0,ESP,36.0,126128,,,Roman Safiullin,R,185.0,RUS,26.6,6-3 7-6(8),3,R64,118.0,2.0,0.0,67.0,48.0,33.0,15.0,10.0,0.0,0.0,5.0,1.0,84.0,50.0,33.0,18.0,11.0,6.0,8.0,84.0,703.0,38.0,1139.0,2024
2024-0425,Barcelona,Clay,64,A,2024-04-15,243,208004,,Q,Harold Mayot,R,180.0,FRA,22.1,106398,,,Pedro Cachin,R,185.0,ARG,29.0,7-6(5) 2-6 6-3,3,R64,144.0,4.0,1.0,90.0,60.0,44.0,14.0,15.0,3.0,7.0,8.0,4.0,107.0,68.0,47.0,16.0,14.0,3.0,6.0,116.0,525.0,88.0,673.0,2024
2024-0425,Barcelona,Clay,64,A,2024-04-15,240,200572,,Q,Nick Hardt,R,185.0,DOM,23.5,212021,,WC,Martin Landaluce,R,191.0,ESP,18.2,2-6 6-4 6-3,3,R64,140.0,4.0,6.0,81.0,54.0,34.0,17.0,13.0,2.0,5.0,3.0,5.0,88.0,45.0,33.0,19.0,14.0,5.0,9.0,229.0,260.0,328.0,160.0,2024
2024-0425,Barcelona,Clay,64,A,2024-04-15,287,111815,12.0,,Cameron Norrie,L,188.0,GBR,28.6,105138,,WC,Roberto Bautista Agut,R,183.0,ESP,36.0,6-4 6-3,3,R16,84.0,4.0,3.0,46.0,26.0,19.0,9.0,9.0,0.0,2.0,1.0,1.0,54.0,36.0,22.0,7.0,10.0,2.0,7.0,31.0,1290.0,84.0,703.0,2024
2024-0308,Munich,Clay,32,A,2024-04-15,300,105526,4.0,,Jan Lennard Struff,R,193.0,GER,33.9,126203,3.0,,Taylor Fritz,R,196.0,USA,26.4,7-5 6-3,3,F,79.0,2.0,0.0,58.0,33.0,26.0,12.0,10.0,4.0,6.0,8.0,2.0,64.0,37.0,25.0,9.0,11.0,6.0,11.0,28.0,1388.0,15.0,2450.0,2024
2024-0308,Munich,Clay,32,A,2024-04-15,299,126203,3.0,,Taylor Fritz,R,196.0,USA,26.4,106426,,,Cristian Garin,R,185.0,CHI,27.8,6-3 6-4,3,SF,79.0,4.0,1.0,52.0,35.0,31.0,10.0,10.0,0.0,0.0,2.0,1.0,56.0,33.0,27.0,11.0,9.0,9.0,11.0,15.0,2450.0,106.0,598.0,2024
2024-0308,Munich,Clay,32,A,2024-04-15,298,105526,4.0,,Jan Lennard Struff,R,193.0,GER,33.9,208029,2.0,,Holger Rune,R,188.0,DEN,20.9,6-2 6-0,3,SF,45.0,8.0,1.0,36.0,20.0,19.0,10.0,7.0,1.0,1.0,0.0,2.0,41.0,26.0,13.0,4.0,7.0,2.0,7.0,28.0,1388.0,12.0,3395.0,2024
2024-0425,Barcelona,Clay,64,A,2024-04-15,252,208286,,,Matteo Arnaldi,R,185.0,ITA,23.1,209070,,,Arthur Cazaux,R,183.0,FRA,21.6,5-5 RET,3,R64,60.0,3.0,1.0,40.0,24.0,17.0,5.0,5.0,6.0,8.0,2.0,0.0,35.0,24.0,13.0,5.0,5.0,0.0,2.0,40.0,1121.0,75.0,748.0,2024
2024-0308,Munich,Clay,32,A,2024-04-15,297,106426,,,Cristian Garin,R,185.0,CHI,27.8,100644,1.0,,Alexander Zverev,R,198.0,GER,26.9,6-4 6-4,3,QF,120.0,2.0,0.0,65.0,36.0,23.0,22.0,10.0,2.0,2.0,3.0,1.0,76.0,57.0,36.0,10.0,10.0,4.0,6.0,106.0,598.0,5.0,5425.0,2024
2024-0308,Munich,Clay,32,A,2024-04-15,295,105526,4.0,,Jan Lennard Struff,R,193.0,GER,33.9,200000,5.0,,Felix Auger Aliassime,R,193.0,CAN,23.6,7-5 6-4,3,QF,103.0,6.0,0.0,65.0,50.0,33.0,12.0,11.0,1.0,2.0,3.0,3.0,65.0,42.0,24.0,14.0,11.0,4.0,7.0,28.0,1388.0,34.0,1200.0,2024
2024-0308,Munich,Clay,32,A,2024-04-15,294,208029,2.0,,Holger Rune,R,188.0,DEN,20.9,144817,,Q,Marc Andrea Huesler,L,196.0,SUI,27.8,6-4 7-6(3),3,QF,101.0,3.0,0.0,76.0,52.0,41.0,15.0,11.0,4.0,4.0,7.0,1.0,72.0,49.0,33.0,14.0,11.0,5.0,6.0,12.0,3395.0,223.0,266.0,2024
2024-0308,Munich,Clay,32,A,2024-04-15,293,100644,1.0,,Alexander Zverev,R,198.0,GER,26.9,200514,,,Jurij Rodionov,L,191.0,AUT,24.9,7-6(3) 6-2,3,R16,100.0,1.0,0.0,68.0,51.0,39.0,10.0,10.0,4.0,4.0,2.0,2.0,69.0,40.0,31.0,12.0,10.0,2.0,4.0,5.0,5425.0,118.0,520.0,2024
2024-0308,Munich,Clay,32,A,2024-04-15,292,106426,,,Cristian Garin,R,185.0,CHI,27.8,210506,,,Alex Michelsen,R,193.0,USA,19.6,6-7(7) 6-2 6-1,3,R16,146.0,3.0,2.0,81.0,49.0,33.0,18.0,13.0,5.0,8.0,0.0,5.0,114.0,83.0,45.0,12.0,14.0,11.0,19.0,106.0,598.0,70.0,790.0,2024
2024-0308,Munich,Clay,32,A,2024-04-15,291,126203,3.0,,Taylor Fritz,R,196.0,USA,26.4,208279,,Q,Alejandro Moro Canas,R,183.0,ESP,23.3,6-3 6-1,3,R16,73.0,9.0,0.0,40.0,25.0,22.0,10.0,8.0,0.0,0.0,4.0,2.0,66.0,50.0,25.0,8.0,8.0,6.0,10.0,15.0,2450.0,240.0,243.0,2024
2024-0308,Munich,Clay,32,A,2024-04-15,290,207733,6.0,,Jack Draper,L,193.0,GBR,22.3,200484,,WC,Rudolf Molleker,R,188.0,GER,23.4,4-6 6-1 6-1,3,R16,95.0,9.0,2.0,69.0,49.0,39.0,9.0,12.0,1.0,2.0,1.0,1.0,70.0,41.0,27.0,13.0,12.0,4.0,9.0,46.0,1066.0,179.0,341.0,2024
2024-0308,Munich,Clay,32,A,2024-04-15,289,200000,5.0,,Felix Auger Aliassime,R,193.0,CAN,23.6,106121,,,Taro Daniel,R,191.0,JPN,31.2,6-3 6-2,3,R16,84.0,9.0,2.0,63.0,40.0,32.0,9.0,9.0,3.0,4.0,0.0,1.0,44.0,35.0,17.0,5.0,8.0,0.0,4.0,34.0,1200.0,85.0,702.0,2024
2024-0308,Munich,Clay,32,A,2024-04-15,288,105526,4.0,,Jan Lennard Struff,R,193.0,GER,33.9,122298,,,Botic Van De Zandschulp,R,191.0,NED,28.5,7-6(0) 6-4,3,R16,127.0,7.0,2.0,75.0,42.0,30.0,20.0,11.0,4.0,5.0,3.0,4.0,105.0,74.0,46.0,13.0,11.0,11.0,13.0,28.0,1388.0,89.0,670.0,2024
2024-0308,Munich,Clay,32,A,2024-04-15,287,144817,,Q,Marc Andrea Huesler,L,196.0,SUI,27.8,105870,,,Yannick Hanfmann,R,193.0,GER,32.4,6-2 6-4,3,R16,91.0,5.0,2.0,59.0,37.0,27.0,13.0,9.0,4.0,5.0,2.0,1.0,61.0,38.0,21.0,12.0,9.0,0.0,4.0,223.0,266.0,61.0,894.0,2024
2024-0308,Munich,Clay,32,A,2024-04-15,286,208029,2.0,,Holger Rune,R,188.0,DEN,20.9,123755,,,Daniel Elahi Galan,R,191.0,COL,27.8,6-4 6-2,3,R16,99.0,7.0,2.0,54.0,28.0,26.0,13.0,9.0,1.0,1.0,2.0,1.0,65.0,43.0,25.0,11.0,9.0,1.0,4.0,12.0,3395.0,93.0,651.0,2024
2024-0308,Munich,Clay,32,A,2024-04-15,296,126203,3.0,,Taylor Fritz,R,196.0,USA,26.4,207733,6.0,,Jack Draper,L,193.0,GBR,22.3,4-6 6-3 7-6(1),3,QF,135.0,18.0,0.0,96.0,75.0,60.0,13.0,16.0,6.0,7.0,10.0,2.0,92.0,60.0,46.0,18.0,15.0,0.0,1.0,15.0,2450.0,46.0,1066.0,2024
2024-0425,Barcelona,Clay,64,A,2024-04-15,255,105583,,,Dusan Lajovic,R,183.0,SRB,33.7,106043,,Q,Diego Schwartzman,R,170.0,ARG,31.6,6-1 6-2,3,R64,66.0,1.0,1.0,49.0,31.0,23.0,12.0,8.0,4.0,4.0,2.0,2.0,50.0,26.0,17.0,7.0,7.0,4.0,8.0,59.0,896.0,142.0,453.0,2024
2024-0425,Barcelona,Clay,64,A,2024-04-15,239,206909,,,Brandon Nakashima,R,188.0,USA,22.6,105554,,,Daniel Evans,R,175.0,GBR,33.8,7-6(5) 6-2,3,R64,129.0,3.0,2.0,68.0,33.0,21.0,22.0,10.0,2.0,4.0,1.0,5.0,92.0,55.0,27.0,22.0,10.0,8.0,12.0,87.0,695.0,49.0,996.0,2024
2024-0425,Barcelona,Clay,64,A,2024-04-15,259,127157,,,Daniel Altmaier,R,188.0,GER,25.5,200615,,,Alexei Popyrin,R,196.0,AUS,24.6,6-3 7-6(4),3,R64,103.0,2.0,2.0,70.0,50.0,39.0,12.0,11.0,2.0,2.0,5.0,0.0,69.0,36.0,23.0,19.0,10.0,2.0,3.0,66.0,856.0,44.0,1077.0,2024
2024-0425,Barcelona,Clay,64,A,2024-04-15,285,206681,17.0,,Fabian Marozsan,R,193.0,HUN,24.5,209414,,,Luca Van Assche,R,178.0,FRA,19.9,6-0 3-2 RET,3,R32,42.0,6.0,0.0,33.0,24.0,18.0,6.0,6.0,0.0,0.0,1.0,3.0,32.0,19.0,10.0,4.0,5.0,2.0,5.0,39.0,1122.0,99.0,625.0,2024
2024-0425,Barcelona,Clay,64,A,2024-04-15,284,207680,,,Facundo Diaz Acosta,L,183.0,ARG,23.3,106432,15.0,,Borna Coric,R,188.0,CRO,27.4,6-2 7-5,3,R32,97.0,3.0,0.0,53.0,37.0,26.0,13.0,10.0,2.0,3.0,4.0,4.0,60.0,31.0,25.0,8.0,10.0,3.0,7.0,53.0,958.0,32.0,1244.0,2024
2024-0425,Barcelona,Clay,64,A,2024-04-15,283,106148,,,Roberto Carballes Baena,R,183.0,ESP,31.0,207518,10.0,,Lorenzo Musetti,R,185.0,ITA,22.1,7-6(4) 6-4,3,R32,134.0,2.0,0.0,80.0,60.0,44.0,10.0,11.0,4.0,5.0,5.0,2.0,87.0,57.0,38.0,16.0,11.0,11.0,13.0,72.0,771.0,24.0,1510.0,2024
2024-0425,Barcelona,Clay,64,A,2024-04-15,256,207830,,,Tomas Machac,R,183.0,CZE,23.5,209992,,Q,Juncheng Shang,L,180.0,CHN,19.1,6-4 6-4,3,R64,88.0,4.0,2.0,61.0,41.0,28.0,12.0,10.0,4.0,5.0,0.0,1.0,57.0,33.0,21.0,15.0,10.0,2.0,5.0,50.0,988.0,114.0,544.0,2024
2024-0425,Barcelona,Clay,64,A,2024-04-15,281,200282,4.0,,Alex De Minaur,R,183.0,AUS,25.1,104745,,PR,Rafael Nadal,L,185.0,ESP,37.8,7-5 6-1,3,R32,112.0,2.0,3.0,54.0,28.0,21.0,17.0,9.0,2.0,3.0,0.0,1.0,73.0,50.0,29.0,8.0,10.0,4.0,9.0,11.0,3510.0,644.0,50.0,2024
2024-0425,Barcelona,Clay,64,A,2024-04-15,280,209950,16.0,,Arthur Fils,R,185.0,FRA,19.8,127157,,,Daniel Altmaier,R,188.0,GER,25.5,6-4 1-6 6-1,3,R32,105.0,1.0,0.0,65.0,41.0,32.0,12.0,12.0,1.0,3.0,0.0,0.0,73.0,49.0,31.0,13.0,12.0,2.0,5.0,36.0,1185.0,66.0,856.0,2024
2024-0425,Barcelona,Clay,64,A,2024-04-15,279,200221,11.0,,Alejandro Davidovich Fokina,R,183.0,ESP,24.8,207830,,,Tomas Machac,R,183.0,CZE,23.5,W/O,3,R32,0.0,,,,,,,,,,,,,,,,,,,27.0,1395.0,50.0,988.0,2024
2024-0425,Barcelona,Clay,64,A,2024-04-15,278,105583,,,Dusan Lajovic,R,183.0,SRB,33.7,200005,6.0,,Ugo Humbert,L,188.0,FRA,25.8,6-4 6-4,3,R32,76.0,3.0,2.0,53.0,37.0,28.0,7.0,10.0,3.0,5.0,1.0,1.0,54.0,40.0,22.0,9.0,10.0,1.0,5.0,59.0,896.0,13.0,2535.0,2024
2024-0425,Barcelona,Clay,64,A,2024-04-15,277,208286,,,Matteo Arnaldi,R,185.0,ITA,23.1,202104,8.0,,Sebastian Baez,R,170.0,ARG,23.2,5-7 7-6(8) 6-2,3,R32,170.0,11.0,9.0,95.0,52.0,37.0,19.0,16.0,1.0,6.0,0.0,5.0,125.0,83.0,46.0,21.0,16.0,10.0,16.0,40.0,1121.0,19.0,1955.0,2024
2024-0425,Barcelona,Clay,64,A,2024-04-15,276,105477,,Q,Marco Trungelliti,R,178.0,ARG,34.2,111797,9.0,,Nicolas Jarry,R,201.0,CHI,28.5,7-6(5) 6-3,3,R32,119.0,1.0,2.0,86.0,53.0,41.0,17.0,11.0,4.0,4.0,8.0,1.0,66.0,42.0,28.0,16.0,10.0,2.0,3.0,197.0,310.0,22.0,1685.0,2024
2024-0425,Barcelona,Clay,64,A,2024-04-15,282,126774,5.0,,Stefanos Tsitsipas,R,193.0,GRE,25.6,124116,,,Sebastian Ofner,R,191.0,AUT,27.9,6-4 7-5,3,R32,96.0,3.0,2.0,72.0,52.0,36.0,7.0,11.0,5.0,8.0,5.0,2.0,65.0,35.0,21.0,16.0,11.0,3.0,8.0,7.0,3995.0,43.0,1081.0,2024
2024-0425,Barcelona,Clay,64,A,2024-04-15,274,134770,3.0,,Casper Ruud,R,183.0,NOR,25.3,124186,,,Alexandre Muller,R,183.0,FRA,27.2,6-3 6-4,3,R32,87.0,3.0,2.0,56.0,30.0,22.0,12.0,9.0,5.0,8.0,1.0,3.0,70.0,40.0,19.0,14.0,10.0,10.0,16.0,6.0,4025.0,110.0,560.0,2024
2024-0425,Barcelona,Clay,64,A,2024-04-15,275,111442,14.0,,Jordan Thompson,R,183.0,AUS,29.9,144719,,,Jaume Munar,R,183.0,ESP,26.9,6-4 2-6 6-4,3,R32,190.0,0.0,1.0,107.0,60.0,37.0,26.0,14.0,13.0,16.0,1.0,4.0,105.0,86.0,57.0,8.0,14.0,7.0,10.0,33.0,1235.0,73.0,770.0,2024
2024-0425,Barcelona,Clay,64,A,2024-04-15,260,104745,,PR,Rafael Nadal,L,185.0,ESP,37.8,207925,,,Flavio Cobolli,R,183.0,ITA,21.9,6-2 6-3,3,R64,85.0,0.0,3.0,49.0,32.0,25.0,9.0,9.0,1.0,2.0,3.0,3.0,55.0,27.0,19.0,10.0,8.0,6.0,10.0,644.0,50.0,62.0,880.0,2024
2024-0425,Barcelona,Clay,64,A,2024-04-15,263,124116,,,Sebastian Ofner,R,191.0,AUT,27.9,200303,,,Pavel Kotov,R,191.0,RUS,25.4,5-7 6-3 6-2,3,R64,135.0,3.0,2.0,84.0,46.0,38.0,20.0,14.0,3.0,5.0,5.0,3.0,86.0,54.0,34.0,14.0,15.0,7.0,12.0,43.0,1081.0,69.0,817.0,2024
2024-0425,Barcelona,Clay,64,A,2024-04-15,264,106148,,,Roberto Carballes Baena,R,183.0,ESP,31.0,126409,,LL,Hugo Grenier,R,196.0,FRA,28.0,6-2 6-4,3,R64,82.0,0.0,0.0,44.0,29.0,24.0,7.0,9.0,4.0,6.0,1.0,8.0,53.0,29.0,17.0,7.0,9.0,3.0,8.0,72.0,771.0,159.0,407.0,2024
2024-0425,Barcelona,Clay,64,A,2024-04-15,267,207680,,,Facundo Diaz Acosta,L,183.0,ARG,23.3,209405,,WC,Daniel Rincon,L,185.0,ESP,21.2,6-1 6-4,3,R64,89.0,0.0,1.0,50.0,24.0,20.0,18.0,9.0,1.0,1.0,3.0,3.0,51.0,26.0,15.0,14.0,8.0,2.0,5.0,53.0,958.0,216.0,283.0,2024
2024-0308,Munich,Clay,32,A,2024-04-15,284,200514,,,Jurij Rodionov,L,191.0,AUT,24.9,126846,,,Aleksandar Vukic,R,188.0,AUS,28.0,6-2 6-3,3,R32,84.0,4.0,4.0,68.0,40.0,32.0,10.0,9.0,0.0,1.0,7.0,2.0,57.0,36.0,22.0,5.0,8.0,6.0,10.0,118.0,520.0,65.0,857.0,2024
2024-0425,Barcelona,Clay,64,A,2024-04-15,270,206909,,,Brandon Nakashima,R,188.0,USA,22.6,126094,2.0,,Andrey Rublev,R,188.0,RUS,26.4,6-4 7-6(6),3,R32,113.0,6.0,0.0,75.0,41.0,33.0,19.0,11.0,1.0,1.0,7.0,5.0,79.0,38.0,30.0,23.0,11.0,8.0,9.0,87.0,695.0,8.0,3935.0,2024
2024-0425,Barcelona,Clay,64,A,2024-04-15,271,144869,13.0,,Tomas Martin Etcheverry,R,196.0,ARG,24.7,200572,,Q,Nick Hardt,R,185.0,DOM,23.5,7-5 6-2,3,R32,104.0,5.0,1.0,68.0,54.0,38.0,5.0,10.0,3.0,4.0,0.0,2.0,60.0,49.0,27.0,5.0,10.0,3.0,7.0,30.0,1295.0,229.0,260.0,2024
2024-0425,Barcelona,Clay,64,A,2024-04-15,272,111815,12.0,,Cameron Norrie,L,188.0,GBR,28.6,208004,,Q,Harold Mayot,R,180.0,FRA,22.1,7-6(3) 6-7(6) 0-0 RET,3,R32,129.0,3.0,2.0,75.0,53.0,40.0,12.0,12.0,1.0,3.0,4.0,0.0,96.0,62.0,40.0,18.0,12.0,7.0,9.0,31.0,1290.0,116.0,525.0,2024
2024-0425,Barcelona,Clay,64,A,2024-04-15,273,105138,,WC,Roberto Bautista Agut,R,183.0,ESP,36.0,131934,,LL,Andrea Vavassori,R,193.0,ITA,28.9,4-6 6-3 6-1,3,R32,125.0,2.0,3.0,84.0,55.0,41.0,15.0,13.0,5.0,7.0,2.0,3.0,87.0,46.0,29.0,20.0,13.0,6.0,11.0,84.0,703.0,156.0,413.0,2024
2024-0425,Barcelona,Clay,64,A,2024-04-15,268,209414,,,Luca Van Assche,R,178.0,FRA,19.9,111190,,,Zhizhen Zhang,R,193.0,CHN,27.4,7-5 6-2,3,R64,94.0,0.0,2.0,67.0,41.0,28.0,10.0,10.0,5.0,8.0,2.0,0.0,63.0,38.0,20.0,10.0,10.0,1.0,7.0,99.0,625.0,47.0,1044.0,2024
2024-1536,Madrid Masters,Clay,128,M,2024-04-22,283,200000,,,Felix Auger Aliassime,R,193.0,CAN,23.7,210150,,,Jakub Mensik,R,193.0,CZE,18.6,6-1 1-0 RET,3,R32,36.0,3.0,0.0,21.0,12.0,11.0,5.0,4.0,0.0,0.0,0.0,1.0,18.0,10.0,3.0,3.0,4.0,0.0,3.0,35.0,1240.0,74.0,766.0,2024
2024-1536,Madrid Masters,Clay,128,M,2024-04-22,285,206173,1.0,,Jannik Sinner,R,191.0,ITA,22.6,200303,,,Pavel Kotov,R,191.0,RUS,25.4,6-2 7-5,3,R32,98.0,3.0,0.0,57.0,38.0,27.0,9.0,10.0,3.0,6.0,0.0,3.0,61.0,34.0,18.0,13.0,10.0,7.0,13.0,2.0,8660.0,72.0,787.0,2024
2024-1536,Madrid Masters,Clay,128,M,2024-04-22,286,207989,2.0,,Carlos Alcaraz,R,183.0,ESP,20.9,105526,23.0,,Jan Lennard Struff,R,193.0,GER,33.9,6-3 6-7(5) 7-6(4),3,R16,172.0,3.0,4.0,131.0,83.0,49.0,33.0,17.0,8.0,10.0,10.0,4.0,103.0,63.0,49.0,17.0,16.0,3.0,6.0,3.0,8145.0,24.0,1628.0,2024
2024-1536,Madrid Masters,Clay,128,M,2024-04-22,287,126094,7.0,,Andrey Rublev,R,188.0,RUS,26.5,134868,24.0,,Tallon Griekspoor,R,188.0,NED,27.8,6-2 6-4,3,R16,64.0,8.0,1.0,43.0,33.0,32.0,4.0,9.0,0.0,0.0,6.0,1.0,57.0,41.0,26.0,7.0,9.0,4.0,7.0,8.0,3830.0,25.0,1505.0,2024
2024-1536,Madrid Masters,Clay,128,M,2024-04-22,288,202103,21.0,,Francisco Cerundolo,R,185.0,ARG,25.6,100644,4.0,,Alexander Zverev,R,198.0,GER,27.0,6-3 6-4,3,R16,89.0,1.0,1.0,64.0,42.0,33.0,12.0,10.0,2.0,2.0,1.0,0.0,51.0,40.0,28.0,5.0,9.0,1.0,3.0,22.0,1680.0,5.0,5425.0,2024
2024-1536,Madrid Masters,Clay,128,M,2024-04-22,289,126203,12.0,,Taylor Fritz,R,196.0,USA,26.4,128034,8.0,,Hubert Hurkacz,R,196.0,POL,27.1,7-6(2) 6-4,3,R16,85.0,10.0,1.0,61.0,40.0,35.0,16.0,11.0,0.0,0.0,11.0,1.0,72.0,49.0,34.0,15.0,11.0,4.0,5.0,13.0,2560.0,9.0,3675.0,2024
2024-1536,Madrid Masters,Clay,128,M,2024-04-22,290,208103,30.0,,Jiri Lehecka,R,185.0,CZE,22.4,104745,,PR,Rafael Nadal,L,185.0,ESP,37.8,7-5 6-4,3,R16,121.0,7.0,1.0,65.0,46.0,41.0,7.0,11.0,1.0,1.0,2.0,2.0,72.0,44.0,30.0,14.0,11.0,3.0,5.0,31.0,1305.0,512.0,75.0,2024
2024-1536,Madrid Masters,Clay,128,M,2024-04-22,291,106421,3.0,,Daniil Medvedev,R,198.0,RUS,28.1,122330,17.0,,Alexander Bublik,R,196.0,KAZ,26.8,7-6(3) 6-4,3,R16,104.0,0.0,2.0,65.0,37.0,25.0,17.0,11.0,2.0,4.0,2.0,4.0,81.0,46.0,33.0,12.0,11.0,1.0,4.0,4.0,7085.0,18.0,1992.0,2024
2024-1536,Madrid Masters,Clay,128,M,2024-04-22,294,126094,7.0,,Andrey Rublev,R,188.0,RUS,26.5,207989,2.0,,Carlos Alcaraz,R,183.0,ESP,20.9,4-6 6-3 6-2,3,QF,119.0,5.0,2.0,86.0,64.0,51.0,10.0,14.0,7.0,8.0,1.0,2.0,81.0,57.0,34.0,17.0,13.0,10.0,13.0,8.0,3830.0,3.0,8145.0,2024
2024-1536,Madrid Masters,Clay,128,M,2024-04-22,293,206173,1.0,,Jannik Sinner,R,191.0,ITA,22.6,111575,16.0,,Karen Khachanov,R,198.0,RUS,27.9,5-7 6-3 6-3,3,R16,130.0,5.0,3.0,85.0,59.0,47.0,14.0,15.0,5.0,6.0,8.0,0.0,84.0,58.0,39.0,17.0,15.0,0.0,3.0,2.0,8660.0,17.0,2080.0,2024
2024-1536,Madrid Masters,Clay,128,M,2024-04-22,295,126203,12.0,,Taylor Fritz,R,196.0,USA,26.4,202103,21.0,,Francisco Cerundolo,R,185.0,ARG,25.6,6-1 3-6 6-3,3,QF,107.0,5.0,1.0,75.0,46.0,38.0,14.0,13.0,1.0,2.0,1.0,4.0,75.0,53.0,36.0,10.0,12.0,3.0,6.0,13.0,2560.0,22.0,1680.0,2024
2024-1536,Madrid Masters,Clay,128,M,2024-04-22,296,208103,30.0,,Jiri Lehecka,R,185.0,CZE,22.4,106421,3.0,,Daniil Medvedev,R,198.0,RUS,28.1,6-4 0-0 RET,3,QF,41.0,2.0,0.0,24.0,16.0,15.0,5.0,5.0,0.0,0.0,1.0,1.0,33.0,23.0,15.0,6.0,5.0,2.0,3.0,31.0,1305.0,4.0,7085.0,2024
2024-1536,Madrid Masters,Clay,128,M,2024-04-22,297,200000,,,Felix Auger Aliassime,R,193.0,CAN,23.7,206173,1.0,,Jannik Sinner,R,191.0,ITA,22.6,W/O,3,QF,,,,,,,,,,,,,,,,,,,,35.0,1240.0,2.0,8660.0,2024
2024-1536,Madrid Masters,Clay,128,M,2024-04-22,299,200000,,,Felix Auger Aliassime,R,193.0,CAN,23.7,208103,30.0,,Jiri Lehecka,R,185.0,CZE,22.4,3-3 RET,3,SF,33.0,5.0,0.0,15.0,9.0,9.0,3.0,3.0,0.0,0.0,0.0,0.0,19.0,15.0,13.0,2.0,3.0,1.0,1.0,35.0,1240.0,31.0,1305.0,2024
2024-1536,Madrid Masters,Clay,128,M,2024-04-22,300,126094,7.0,,Andrey Rublev,R,188.0,RUS,26.5,200000,,,Felix Auger Aliassime,R,193.0,CAN,23.7,4-6 7-5 7-5,3,F,168.0,7.0,5.0,91.0,61.0,47.0,18.0,17.0,2.0,4.0,14.0,5.0,123.0,84.0,60.0,14.0,17.0,8.0,11.0,8.0,3830.0,35.0,1240.0,2024
2024-1536,Madrid Masters,Clay,128,M,2024-04-22,284,111575,16.0,,Karen Khachanov,R,198.0,RUS,27.9,207925,,,Flavio Cobolli,R,183.0,ITA,21.9,7-5 6-4,3,R32,93.0,3.0,1.0,58.0,38.0,34.0,11.0,11.0,0.0,0.0,5.0,5.0,72.0,41.0,29.0,14.0,11.0,1.0,3.0,17.0,2080.0,64.0,848.0,2024
2024-1536,Madrid Masters,Clay,128,M,2024-04-22,292,200000,,,Felix Auger Aliassime,R,193.0,CAN,23.7,134770,5.0,,Casper Ruud,R,183.0,NOR,25.3,6-4 7-5,3,R16,119.0,3.0,4.0,69.0,41.0,32.0,14.0,11.0,2.0,3.0,6.0,0.0,72.0,59.0,35.0,9.0,11.0,5.0,8.0,35.0,1240.0,6.0,4480.0,2024
2024-1536,Madrid Masters,Clay,128,M,2024-04-22,298,126094,7.0,,Andrey Rublev,R,188.0,RUS,26.5,126203,12.0,,Taylor Fritz,R,196.0,USA,26.4,6-4 6-3,3,SF,72.0,5.0,3.0,61.0,46.0,38.0,6.0,10.0,2.0,3.0,7.0,0.0,47.0,26.0,18.0,12.0,9.0,3.0,6.0,8.0,3830.0,13.0,2560.0,2024
2024-1536,Madrid Masters,Clay,128,M,2024-04-22,282,134770,5.0,,Casper Ruud,R,183.0,NOR,25.3,111815,29.0,,Cameron Norrie,L,188.0,GBR,28.6,6-2 6-4,3,R32,79.0,3.0,0.0,49.0,33.0,23.0,10.0,9.0,1.0,3.0,3.0,1.0,53.0,37.0,20.0,4.0,9.0,6.0,11.0,6.0,4480.0,30.0,1345.0,2024
2024-1536,Madrid Masters,Clay,128,M,2024-04-22,240,105526,23.0,,Jan Lennard Struff,R,193.0,GER,33.9,144719,,,Jaume Munar,R,183.0,ESP,26.9,6-1 7-5,3,R64,85.0,4.0,1.0,56.0,35.0,30.0,11.0,10.0,2.0,3.0,1.0,3.0,69.0,43.0,23.0,12.0,9.0,6.0,10.0,24.0,1628.0,73.0,785.0,2024
2024-1536,Madrid Masters,Clay,128,M,2024-04-22,215,207830,,,Tomas Machac,R,183.0,CZE,23.5,200325,,,Emil Ruusuvuori,R,188.0,FIN,25.0,6-4 1-6 6-2,3,R128,118.0,3.0,3.0,74.0,44.0,27.0,14.0,12.0,3.0,8.0,5.0,1.0,95.0,62.0,35.0,15.0,13.0,5.0,11.0,50.0,1013.0,71.0,795.0,2024
2024-1536,Madrid Masters,Clay,128,M,2024-04-22,216,106148,,,Roberto Carballes Baena,R,183.0,ESP,31.0,136440,,,Dominik Koepfer,L,180.0,GER,29.9,6-1 3-6 7-6(5),3,R128,137.0,2.0,2.0,85.0,58.0,47.0,12.0,14.0,3.0,5.0,3.0,2.0,86.0,54.0,38.0,15.0,14.0,2.0,5.0,68.0,821.0,54.0,938.0,2024
2024-1536,Madrid Masters,Clay,128,M,2024-04-22,219,126845,,,Max Purcell,R,185.0,AUS,26.0,106218,,,Marcos Giron,R,180.0,USA,30.7,4-6 6-4 7-6(2),3,R128,136.0,6.0,2.0,100.0,52.0,40.0,27.0,16.0,2.0,4.0,9.0,1.0,97.0,59.0,45.0,20.0,16.0,2.0,4.0,80.0,731.0,51.0,995.0,2024
2024-1536,Madrid Masters,Clay,128,M,2024-04-22,220,208286,,,Matteo Arnaldi,R,185.0,ITA,23.1,106331,,,Christopher Oconnell,R,183.0,AUS,29.8,6-4 6-1,3,R128,76.0,8.0,3.0,53.0,33.0,24.0,14.0,9.0,1.0,1.0,0.0,1.0,52.0,37.0,22.0,8.0,8.0,2.0,5.0,36.0,1191.0,67.0,822.0,2024
2024-1536,Madrid Masters,Clay,128,M,2024-04-22,223,200175,,,Miomir Kecmanovic,R,183.0,SRB,24.6,111190,,,Zhizhen Zhang,R,193.0,CHN,27.5,6-3 6-2,3,R128,68.0,4.0,1.0,55.0,37.0,30.0,9.0,9.0,2.0,2.0,1.0,2.0,48.0,34.0,20.0,7.0,8.0,3.0,6.0,66.0,830.0,49.0,1038.0,2024
2024-1536,Madrid Masters,Clay,128,M,2024-04-22,224,211663,,WC,Joao Fonseca,R,185.0,BRA,17.6,210506,,,Alex Michelsen,R,193.0,USA,19.6,4-6 6-0 6-2,3,R128,121.0,3.0,0.0,82.0,56.0,35.0,17.0,12.0,7.0,9.0,2.0,0.0,83.0,55.0,31.0,11.0,12.0,5.0,11.0,242.0,241.0,70.0,799.0,2024
2024-1536,Madrid Masters,Clay,128,M,2024-04-22,227,200000,,,Felix Auger Aliassime,R,193.0,CAN,23.7,106415,,,Yoshihito Nishioka,L,170.0,JPN,28.5,4-6 6-1 6-4,3,R128,139.0,11.0,0.0,69.0,54.0,44.0,8.0,14.0,0.0,1.0,2.0,0.0,101.0,70.0,40.0,18.0,13.0,7.0,10.0,35.0,1240.0,78.0,743.0,2024
2024-1536,Madrid Masters,Clay,128,M,2024-04-22,228,210150,,,Jakub Mensik,R,193.0,CZE,18.6,105870,,,Yannick Hanfmann,R,193.0,GER,32.4,6-4 7-6(3),3,R128,121.0,3.0,3.0,86.0,43.0,30.0,23.0,11.0,7.0,9.0,3.0,1.0,74.0,49.0,30.0,10.0,11.0,4.0,7.0,74.0,766.0,58.0,899.0,2024
2024-1536,Madrid Masters,Clay,128,M,2024-04-22,231,105138,,LL,Roberto Bautista Agut,R,183.0,ESP,36.0,123755,,,Daniel Elahi Galan,R,191.0,COL,27.8,7-6(4) 4-6 6-1,3,R128,162.0,3.0,3.0,97.0,69.0,47.0,15.0,15.0,4.0,7.0,13.0,1.0,110.0,68.0,45.0,19.0,14.0,4.0,8.0,86.0,708.0,89.0,666.0,2024
2024-1536,Madrid Masters,Clay,128,M,2024-04-22,232,207925,,,Flavio Cobolli,R,183.0,ITA,21.9,126214,,,Alejandro Tabilo,L,188.0,CHI,26.8,5-7 6-4 6-4,3,R128,124.0,12.0,1.0,89.0,61.0,39.0,19.0,16.0,3.0,6.0,3.0,5.0,96.0,59.0,46.0,13.0,16.0,6.0,10.0,64.0,848.0,38.0,1151.0,2024
2024-1536,Madrid Masters,Clay,128,M,2024-04-22,235,200303,,,Pavel Kotov,R,191.0,RUS,25.4,105077,,Q,Albert Ramos,L,188.0,ESP,36.2,6-3 6-4,3,R128,87.0,8.0,1.0,55.0,42.0,33.0,6.0,10.0,2.0,3.0,0.0,0.0,48.0,37.0,21.0,6.0,9.0,2.0,5.0,72.0,787.0,105.0,590.0,2024
2024-1536,Madrid Masters,Clay,128,M,2024-04-22,236,132283,,,Lorenzo Sonego,R,191.0,ITA,28.9,104755,,Q,Richard Gasquet,R,183.0,FRA,37.8,6-2 7-5,3,R128,83.0,9.0,0.0,55.0,40.0,33.0,9.0,10.0,3.0,3.0,0.0,0.0,53.0,33.0,20.0,13.0,10.0,1.0,4.0,52.0,976.0,116.0,545.0,2024
2024-1536,Madrid Masters,Clay,128,M,2024-04-22,238,207989,2.0,,Carlos Alcaraz,R,183.0,ESP,20.9,207686,,,Alexander Shevchenko,R,185.0,KAZ,23.3,6-2 6-1,3,R64,68.0,1.0,0.0,38.0,26.0,17.0,7.0,7.0,1.0,3.0,0.0,0.0,55.0,32.0,15.0,5.0,8.0,4.0,11.0,3.0,8145.0,59.0,879.0,2024
2024-1536,Madrid Masters,Clay,128,M,2024-04-22,239,205734,,,Thiago Seyboth Wild,R,185.0,BRA,24.1,207518,28.0,,Lorenzo Musetti,R,185.0,ITA,22.1,6-4 6-4,3,R64,88.0,4.0,2.0,65.0,37.0,31.0,16.0,10.0,4.0,4.0,2.0,1.0,57.0,37.0,29.0,10.0,10.0,3.0,5.0,63.0,849.0,29.0,1355.0,2024
2024-1536,Madrid Masters,Clay,128,M,2024-04-22,241,200005,13.0,,Ugo Humbert,L,188.0,FRA,25.8,122298,,,Botic Van De Zandschulp,R,191.0,NED,28.5,6-3 6-3,3,R64,79.0,1.0,2.0,59.0,41.0,30.0,7.0,9.0,0.0,1.0,5.0,4.0,52.0,33.0,20.0,8.0,9.0,3.0,7.0,14.0,2535.0,115.0,545.0,2024
2024-1536,Madrid Masters,Clay,128,M,2024-04-22,212,104745,,PR,Rafael Nadal,L,185.0,ESP,37.8,210464,,WC,Darwin Blanch,L,185.0,USA,16.5,6-1 6-0,3,R128,64.0,2.0,0.0,39.0,24.0,19.0,11.0,7.0,0.0,0.0,2.0,2.0,39.0,27.0,14.0,2.0,6.0,4.0,9.0,512.0,75.0,1028.0,12.0,2024
2024-1536,Madrid Masters,Clay,128,M,2024-04-22,211,106398,,,Pedro Cachin,R,185.0,ARG,29.0,124116,,,Sebastian Ofner,R,191.0,AUT,27.9,6-3 6-3,3,R128,81.0,2.0,1.0,59.0,42.0,31.0,9.0,9.0,4.0,4.0,4.0,0.0,61.0,37.0,24.0,11.0,9.0,4.0,7.0,91.0,653.0,45.0,1076.0,2024
2024-1536,Madrid Masters,Clay,128,M,2024-04-22,208,209098,,Q,Hamad Medjedovic,R,188.0,SRB,20.7,206499,,Q,Aleksandar Kovacevic,R,183.0,USA,25.6,4-6 7-5 6-4,3,R128,141.0,20.0,5.0,101.0,68.0,52.0,20.0,16.0,6.0,7.0,6.0,2.0,103.0,57.0,44.0,25.0,16.0,7.0,9.0,130.0,475.0,97.0,638.0,2024
2024-1536,Madrid Masters,Clay,128,M,2024-04-22,207,106329,,Q,Thiago Monteiro,L,183.0,BRA,29.8,105583,,,Dusan Lajovic,R,183.0,SRB,33.8,6-4 6-3,3,R128,72.0,3.0,1.0,50.0,35.0,31.0,10.0,10.0,0.0,0.0,2.0,1.0,50.0,31.0,19.0,13.0,9.0,0.0,2.0,118.0,545.0,65.0,846.0,2024
2024-1536,Madrid Masters,Clay,128,M,2024-04-22,175,207686,,,Alexander Shevchenko,R,185.0,KAZ,23.3,126239,,,Arthur Rinderknech,R,196.0,FRA,28.7,6-4 5-7 6-3,3,R128,137.0,3.0,1.0,96.0,57.0,42.0,24.0,16.0,6.0,7.0,5.0,0.0,86.0,47.0,37.0,21.0,15.0,1.0,3.0,59.0,879.0,77.0,744.0,2024
2024-1536,Madrid Masters,Clay,128,M,2024-04-22,176,205734,,,Thiago Seyboth Wild,R,185.0,BRA,24.1,126128,,,Roman Safiullin,R,185.0,RUS,26.7,6-4 6-4,3,R128,84.0,11.0,0.0,51.0,36.0,29.0,8.0,10.0,1.0,2.0,6.0,8.0,81.0,49.0,33.0,11.0,10.0,5.0,8.0,63.0,849.0,42.0,1139.0,2024
2024-1536,Madrid Masters,Clay,128,M,2024-04-22,179,144719,,,Jaume Munar,R,183.0,ESP,26.9,132686,,,Nuno Borges,R,185.0,POR,27.1,7-5 6-4,3,R128,117.0,6.0,1.0,68.0,47.0,34.0,10.0,11.0,1.0,3.0,2.0,3.0,87.0,57.0,33.0,14.0,11.0,9.0,13.0,73.0,785.0,56.0,916.0,2024
2024-1536,Madrid Masters,Clay,128,M,2024-04-22,180,122298,,,Botic Van De Zandschulp,R,191.0,NED,28.5,111153,,,Christopher Eubanks,R,201.0,USA,27.9,6-3 6-3,3,R128,65.0,5.0,1.0,48.0,32.0,28.0,6.0,9.0,2.0,3.0,0.0,4.0,48.0,32.0,17.0,7.0,9.0,1.0,5.0,115.0,545.0,44.0,1087.0,2024
2024-1536,Madrid Masters,Clay,128,M,2024-04-22,183,208363,,,Mariano Navone,R,178.0,ARG,23.1,200615,,,Alexei Popyrin,R,196.0,AUS,24.7,7-5 6-2,3,R128,87.0,4.0,3.0,52.0,30.0,25.0,13.0,10.0,0.0,1.0,2.0,2.0,54.0,35.0,24.0,8.0,10.0,1.0,5.0,41.0,1141.0,46.0,1057.0,2024
2024-1536,Madrid Masters,Clay,128,M,2024-04-22,184,106121,,,Taro Daniel,R,191.0,JPN,31.2,126846,,,Aleksandar Vukic,R,188.0,AUS,28.0,6-2 6-7(1) 6-1,3,R128,141.0,2.0,0.0,96.0,73.0,48.0,12.0,14.0,9.0,10.0,10.0,7.0,93.0,60.0,40.0,10.0,13.0,4.0,9.0,85.0,717.0,62.0,857.0,2024
2024-1536,Madrid Masters,Clay,128,M,2024-04-22,187,209992,,WC,Juncheng Shang,L,180.0,CHN,19.2,144895,,Q,Corentin Moutet,L,180.0,FRA,25.0,6-7(9) 6-2 7-6(10),3,R128,239.0,2.0,4.0,136.0,97.0,68.0,20.0,16.0,11.0,13.0,1.0,0.0,154.0,98.0,62.0,30.0,16.0,13.0,17.0,111.0,560.0,88.0,695.0,2024
2024-1536,Madrid Masters,Clay,128,M,2024-04-22,242,208029,11.0,,Holger Rune,R,188.0,DEN,20.9,208363,,,Mariano Navone,R,178.0,ARG,23.1,5-7 7-6(2) 6-4,3,R64,178.0,6.0,3.0,131.0,86.0,56.0,21.0,17.0,7.0,12.0,0.0,3.0,106.0,73.0,43.0,21.0,17.0,6.0,11.0,12.0,3245.0,41.0,1141.0,2024
2024-1536,Madrid Masters,Clay,128,M,2024-04-22,188,105487,,Q,Facundo Bagnis,L,183.0,ARG,34.1,206909,,Q,Brandon Nakashima,R,188.0,USA,22.7,6-3 7-6(5),3,R128,112.0,5.0,2.0,67.0,39.0,30.0,20.0,11.0,3.0,3.0,7.0,0.0,80.0,58.0,40.0,12.0,10.0,9.0,10.0,136.0,460.0,81.0,725.0,2024
2024-1536,Madrid Masters,Clay,128,M,2024-04-22,192,133430,,PR,Denis Shapovalov,L,185.0,CAN,25.0,207680,,,Facundo Diaz Acosta,L,183.0,ARG,23.3,6-4 3-6 6-3,3,R128,114.0,7.0,6.0,80.0,45.0,36.0,18.0,14.0,5.0,7.0,1.0,0.0,75.0,52.0,36.0,13.0,14.0,3.0,6.0,132.0,465.0,47.0,1048.0,2024
2024-1536,Madrid Masters,Clay,128,M,2024-04-22,195,206681,,,Fabian Marozsan,R,193.0,HUN,24.5,106234,,,Aslan Karatsev,R,185.0,RUS,30.6,7-6(6) 7-6(2),3,R128,122.0,2.0,4.0,71.0,48.0,36.0,12.0,12.0,0.0,2.0,1.0,7.0,93.0,48.0,31.0,22.0,12.0,4.0,6.0,37.0,1164.0,48.0,1041.0,2024
2024-1536,Madrid Masters,Clay,128,M,2024-04-22,196,127760,,Q,Lukas Klein,R,193.0,SVK,26.0,208010,,Q,Pablo Llamas Ruiz,R,188.0,ESP,21.5,6-1 4-6 7-6(4),3,R128,131.0,5.0,5.0,89.0,64.0,48.0,14.0,15.0,1.0,3.0,4.0,0.0,95.0,61.0,41.0,17.0,14.0,4.0,7.0,120.0,524.0,146.0,434.0,2024
2024-1536,Madrid Masters,Clay,128,M,2024-04-22,199,209260,,,Luciano Darderi,R,183.0,ITA,22.1,104792,,,Gael Monfils,R,193.0,FRA,37.6,6-4 6-2,3,R128,77.0,2.0,1.0,48.0,26.0,21.0,14.0,9.0,1.0,2.0,2.0,4.0,62.0,30.0,18.0,14.0,9.0,1.0,5.0,60.0,875.0,40.0,1142.0,2024
2024-1536,Madrid Masters,Clay,128,M,2024-04-22,200,209414,,,Luca Van Assche,R,178.0,FRA,19.9,200267,,WC,Zizou Bergs,R,185.0,BEL,24.8,6-4 6-7(0) 6-1,3,R128,173.0,1.0,4.0,109.0,75.0,52.0,16.0,14.0,10.0,11.0,10.0,3.0,105.0,67.0,47.0,14.0,15.0,8.0,13.0,99.0,630.0,103.0,597.0,2024
2024-1536,Madrid Masters,Clay,128,M,2024-04-22,203,127157,,,Daniel Altmaier,R,188.0,GER,25.6,212021,,WC,Martin Landaluce,R,191.0,ESP,18.2,6-1 7-5,3,R128,94.0,7.0,3.0,58.0,36.0,29.0,8.0,10.0,4.0,6.0,1.0,5.0,58.0,31.0,17.0,11.0,9.0,7.0,12.0,61.0,871.0,322.0,160.0,2024
2024-1536,Madrid Masters,Clay,128,M,2024-04-22,204,207733,,,Jack Draper,L,193.0,GBR,22.3,106423,,Q,Thanasi Kokkinakis,R,193.0,AUS,28.0,6-3 3-6 7-5,3,R128,124.0,6.0,1.0,79.0,53.0,43.0,15.0,15.0,2.0,3.0,9.0,2.0,77.0,52.0,43.0,14.0,15.0,2.0,4.0,43.0,1106.0,93.0,650.0,2024
2024-1536,Madrid Masters,Clay,128,M,2024-04-22,191,106432,,,Borna Coric,R,188.0,CRO,27.4,133975,,Q,Benjamin Hassan,R,183.0,LBN,29.2,6-7(5) 7-5 6-3,3,R128,154.0,6.0,1.0,101.0,69.0,56.0,19.0,17.0,2.0,2.0,4.0,4.0,118.0,76.0,58.0,19.0,16.0,7.0,9.0,34.0,1244.0,159.0,395.0,2024
2024-1536,Madrid Masters,Clay,128,M,2024-04-22,244,200221,27.0,,Alejandro Davidovich Fokina,R,183.0,ESP,24.8,209992,,WC,Juncheng Shang,L,180.0,CHN,19.2,7-5 6-3,3,R64,105.0,7.0,2.0,57.0,37.0,28.0,9.0,11.0,5.0,8.0,0.0,1.0,71.0,44.0,22.0,14.0,10.0,4.0,9.0,28.0,1355.0,111.0,560.0,2024
2024-1536,Madrid Masters,Clay,128,M,2024-04-22,243,134868,24.0,,Tallon Griekspoor,R,188.0,NED,27.8,106121,,,Taro Daniel,R,191.0,JPN,31.2,4-6 6-3 6-4,3,R64,126.0,11.0,0.0,83.0,54.0,44.0,19.0,15.0,3.0,4.0,3.0,2.0,93.0,68.0,44.0,14.0,14.0,3.0,5.0,25.0,1505.0,85.0,717.0,2024
2024-1536,Madrid Masters,Clay,128,M,2024-04-22,263,111815,29.0,,Cameron Norrie,L,188.0,GBR,28.6,211663,,WC,Joao Fonseca,R,185.0,BRA,17.6,6-1 6-4,3,R64,67.0,1.0,2.0,54.0,38.0,32.0,9.0,9.0,4.0,4.0,3.0,1.0,49.0,35.0,23.0,6.0,8.0,2.0,5.0,30.0,1345.0,242.0,241.0,2024
2024-1536,Madrid Masters,Clay,128,M,2024-04-22,264,200000,,,Felix Auger Aliassime,R,193.0,CAN,23.7,105173,19.0,,Adrian Mannarino,L,180.0,FRA,35.8,6-0 6-4,3,R64,71.0,3.0,3.0,43.0,24.0,20.0,13.0,8.0,0.0,0.0,1.0,0.0,44.0,25.0,13.0,9.0,8.0,3.0,7.0,35.0,1240.0,20.0,1875.0,2024
2024-1536,Madrid Masters,Clay,128,M,2024-04-22,265,210150,,,Jakub Mensik,R,193.0,CZE,18.6,105777,9.0,,Grigor Dimitrov,R,191.0,BUL,32.9,6-2 6-7(4) 6-3,3,R64,154.0,16.0,5.0,126.0,74.0,51.0,28.0,15.0,7.0,8.0,7.0,5.0,87.0,59.0,44.0,12.0,14.0,3.0,7.0,74.0,766.0,10.0,3640.0,2024
2024-1536,Madrid Masters,Clay,128,M,2024-04-22,266,111575,16.0,,Karen Khachanov,R,198.0,RUS,27.9,105138,,LL,Roberto Bautista Agut,R,183.0,ESP,36.0,3-6 6-3 7-5,3,R64,146.0,8.0,1.0,85.0,55.0,41.0,19.0,15.0,3.0,4.0,1.0,2.0,90.0,64.0,47.0,13.0,15.0,0.0,2.0,17.0,2080.0,86.0,708.0,2024
2024-1536,Madrid Masters,Clay,128,M,2024-04-22,267,207925,,,Flavio Cobolli,R,183.0,ITA,21.9,111797,22.0,,Nicolas Jarry,R,201.0,CHI,28.5,6-3 3-6 6-3,3,R64,141.0,3.0,3.0,91.0,53.0,41.0,19.0,14.0,7.0,9.0,7.0,3.0,94.0,58.0,39.0,15.0,13.0,8.0,11.0,64.0,848.0,23.0,1675.0,2024
2024-1536,Madrid Masters,Clay,128,M,2024-04-22,268,200303,,,Pavel Kotov,R,191.0,RUS,25.4,111442,32.0,,Jordan Thompson,R,183.0,AUS,30.0,5-7 6-4 7-5,3,R64,196.0,0.0,3.0,112.0,79.0,54.0,14.0,17.0,7.0,11.0,6.0,1.0,113.0,72.0,47.0,21.0,17.0,8.0,13.0,72.0,787.0,33.0,1256.0,2024
2024-1536,Madrid Masters,Clay,128,M,2024-04-22,269,206173,1.0,,Jannik Sinner,R,191.0,ITA,22.6,132283,,,Lorenzo Sonego,R,191.0,ITA,28.9,6-0 6-3,3,R64,69.0,2.0,0.0,42.0,29.0,25.0,8.0,8.0,0.0,0.0,1.0,1.0,44.0,26.0,14.0,7.0,7.0,3.0,7.0,2.0,8660.0,52.0,976.0,2024
2024-1536,Madrid Masters,Clay,128,M,2024-04-22,270,207989,2.0,,Carlos Alcaraz,R,183.0,ESP,20.9,205734,,,Thiago Seyboth Wild,R,185.0,BRA,24.1,6-3 6-3,3,R32,75.0,2.0,1.0,46.0,31.0,27.0,7.0,9.0,1.0,2.0,3.0,5.0,61.0,33.0,22.0,9.0,9.0,2.0,6.0,3.0,8145.0,63.0,849.0,2024
2024-1536,Madrid Masters,Clay,128,M,2024-04-22,271,105526,23.0,,Jan Lennard Struff,R,193.0,GER,33.9,200005,13.0,,Ugo Humbert,L,188.0,FRA,25.8,7-5 6-4,3,R32,97.0,6.0,5.0,63.0,34.0,26.0,21.0,11.0,0.0,0.0,5.0,0.0,68.0,48.0,36.0,10.0,11.0,2.0,4.0,24.0,1628.0,14.0,2535.0,2024
2024-1536,Madrid Masters,Clay,128,M,2024-04-22,272,134868,24.0,,Tallon Griekspoor,R,188.0,NED,27.8,208029,11.0,,Holger Rune,R,188.0,DEN,20.9,6-4 4-6 6-3,3,R32,133.0,5.0,2.0,84.0,52.0,42.0,20.0,15.0,2.0,3.0,5.0,2.0,105.0,67.0,42.0,22.0,14.0,10.0,12.0,25.0,1505.0,12.0,3245.0,2024
2024-1536,Madrid Masters,Clay,128,M,2024-04-22,273,126094,7.0,,Andrey Rublev,R,188.0,RUS,26.5,200221,27.0,,Alejandro Davidovich Fokina,R,183.0,ESP,24.8,7-6(10) 6-4,3,R32,124.0,5.0,1.0,75.0,55.0,38.0,15.0,11.0,5.0,6.0,3.0,3.0,86.0,66.0,43.0,10.0,11.0,5.0,7.0,8.0,3830.0,28.0,1355.0,2024
2024-1536,Madrid Masters,Clay,128,M,2024-04-22,274,100644,4.0,,Alexander Zverev,R,198.0,GER,27.0,133430,,PR,Denis Shapovalov,L,185.0,CAN,25.0,6-4 7-5,3,R32,104.0,10.0,1.0,60.0,47.0,37.0,7.0,11.0,1.0,2.0,5.0,5.0,86.0,55.0,37.0,10.0,11.0,11.0,14.0,5.0,5425.0,132.0,465.0,2024
2024-1536,Madrid Masters,Clay,128,M,2024-04-22,275,202103,21.0,,Francisco Cerundolo,R,185.0,ARG,25.6,126205,15.0,,Tommy Paul,R,185.0,USA,26.9,6-7(7) 6-4 6-2,3,R32,147.0,3.0,5.0,103.0,68.0,50.0,16.0,15.0,5.0,7.0,2.0,1.0,95.0,63.0,41.0,14.0,15.0,6.0,11.0,22.0,1680.0,16.0,2350.0,2024
2024-1536,Madrid Masters,Clay,128,M,2024-04-22,276,126203,12.0,,Taylor Fritz,R,196.0,USA,26.4,202104,18.0,,Sebastian Baez,R,170.0,ARG,23.3,6-2 6-3,3,R32,64.0,11.0,1.0,44.0,34.0,29.0,7.0,9.0,0.0,0.0,0.0,1.0,53.0,42.0,23.0,7.0,8.0,4.0,7.0,13.0,2560.0,19.0,1955.0,2024
2024-1536,Madrid Masters,Clay,128,M,2024-04-22,277,128034,8.0,,Hubert Hurkacz,R,196.0,POL,27.1,127157,,,Daniel Altmaier,R,188.0,GER,25.6,6-4 7-6(2),3,R32,104.0,7.0,0.0,73.0,44.0,30.0,17.0,11.0,3.0,6.0,1.0,1.0,76.0,54.0,29.0,12.0,11.0,1.0,5.0,9.0,3675.0,61.0,871.0,2024
2024-1536,Madrid Masters,Clay,128,M,2024-04-22,278,208103,30.0,,Jiri Lehecka,R,185.0,CZE,22.4,106329,,Q,Thiago Monteiro,L,183.0,BRA,29.8,6-4 7-6(7),3,R32,121.0,10.0,3.0,68.0,44.0,34.0,15.0,11.0,1.0,2.0,3.0,2.0,77.0,52.0,36.0,14.0,11.0,2.0,4.0,31.0,1305.0,118.0,545.0,2024
2024-1536,Madrid Masters,Clay,128,M,2024-04-22,245,126094,7.0,,Andrey Rublev,R,188.0,RUS,26.5,105487,,Q,Facundo Bagnis,L,183.0,ARG,34.1,6-1 6-4,3,R64,89.0,5.0,2.0,60.0,40.0,28.0,11.0,9.0,3.0,4.0,5.0,3.0,74.0,52.0,27.0,10.0,8.0,6.0,10.0,8.0,3830.0,136.0,460.0,2024
2024-1536,Madrid Masters,Clay,128,M,2024-04-22,279,104745,,PR,Rafael Nadal,L,185.0,ESP,37.8,106398,,,Pedro Cachin,R,185.0,ARG,29.0,6-1 6-7(5) 6-3,3,R32,184.0,0.0,0.0,76.0,59.0,38.0,6.0,13.0,2.0,6.0,3.0,3.0,122.0,74.0,39.0,18.0,15.0,9.0,18.0,512.0,75.0,91.0,653.0,2024
2024-1536,Madrid Masters,Clay,128,M,2024-04-22,262,134770,5.0,,Casper Ruud,R,183.0,NOR,25.3,200175,,,Miomir Kecmanovic,R,183.0,SRB,24.6,6-4 6-1,3,R64,73.0,4.0,2.0,53.0,31.0,21.0,10.0,9.0,4.0,7.0,0.0,0.0,41.0,27.0,13.0,4.0,8.0,3.0,9.0,6.0,4480.0,66.0,830.0,2024
2024-1536,Madrid Masters,Clay,128,M,2024-04-22,260,200624,25.0,,Sebastian Korda,R,196.0,USA,23.7,126845,,,Max Purcell,R,185.0,AUS,26.0,6-3 6-3,3,R64,66.0,5.0,1.0,42.0,28.0,26.0,10.0,9.0,0.0,0.0,3.0,0.0,66.0,41.0,24.0,14.0,9.0,5.0,8.0,26.0,1485.0,80.0,731.0,2024
2024-1536,Madrid Masters,Clay,128,M,2024-04-22,246,100644,4.0,,Alexander Zverev,R,198.0,GER,27.0,106432,,,Borna Coric,R,188.0,CRO,27.4,6-3 6-2,3,R64,86.0,5.0,1.0,43.0,32.0,26.0,6.0,8.0,0.0,0.0,1.0,0.0,65.0,39.0,24.0,10.0,9.0,7.0,11.0,5.0,5425.0,34.0,1244.0,2024
2024-1536,Madrid Masters,Clay,128,M,2024-04-22,247,133430,,PR,Denis Shapovalov,L,185.0,CAN,25.0,144869,26.0,,Tomas Martin Etcheverry,R,196.0,ARG,24.7,7-6(3) 6-3,3,R64,123.0,8.0,12.0,90.0,52.0,40.0,16.0,11.0,3.0,5.0,1.0,3.0,71.0,51.0,32.0,10.0,10.0,4.0,7.0,132.0,465.0,27.0,1475.0,2024
2024-1536,Madrid Masters,Clay,128,M,2024-04-22,281,106421,3.0,,Daniil Medvedev,R,198.0,RUS,28.1,200624,25.0,,Sebastian Korda,R,196.0,USA,23.7,5-7 7-6(4) 6-3,3,R32,145.0,7.0,1.0,116.0,77.0,59.0,20.0,17.0,9.0,11.0,13.0,0.0,101.0,59.0,41.0,25.0,16.0,3.0,5.0,4.0,7085.0,26.0,1485.0,2024
2024-1536,Madrid Masters,Clay,128,M,2024-04-22,248,202103,21.0,,Francisco Cerundolo,R,185.0,ARG,25.6,206681,,,Fabian Marozsan,R,193.0,HUN,24.5,6-2 7-6(5),3,R64,88.0,4.0,3.0,72.0,55.0,39.0,7.0,10.0,5.0,7.0,1.0,0.0,70.0,53.0,33.0,7.0,10.0,1.0,5.0,22.0,1680.0,37.0,1164.0,2024
2024-1536,Madrid Masters,Clay,128,M,2024-04-22,249,126205,15.0,,Tommy Paul,R,185.0,USA,26.9,127760,,Q,Lukas Klein,R,193.0,SVK,26.0,6-7(5) 6-1 6-4,3,R64,140.0,1.0,1.0,104.0,58.0,45.0,27.0,15.0,8.0,8.0,4.0,4.0,88.0,58.0,42.0,13.0,14.0,4.0,7.0,16.0,2350.0,120.0,524.0,2024
2024-1536,Madrid Masters,Clay,128,M,2024-04-22,250,126203,12.0,,Taylor Fritz,R,196.0,USA,26.4,209260,,,Luciano Darderi,R,183.0,ITA,22.1,7-6(1) 6-4,3,R64,85.0,9.0,0.0,57.0,38.0,33.0,12.0,11.0,1.0,2.0,1.0,0.0,69.0,43.0,31.0,14.0,11.0,4.0,6.0,13.0,2560.0,60.0,875.0,2024
2024-1536,Madrid Masters,Clay,128,M,2024-04-22,251,202104,18.0,,Sebastian Baez,R,170.0,ARG,23.3,209414,,,Luca Van Assche,R,178.0,FRA,19.9,6-4 6-7(2) 6-3,3,R64,178.0,3.0,0.0,108.0,72.0,48.0,20.0,16.0,7.0,10.0,2.0,4.0,121.0,87.0,56.0,15.0,15.0,10.0,15.0,19.0,1955.0,99.0,630.0,2024
2024-1536,Madrid Masters,Clay,128,M,2024-04-22,252,127157,,,Daniel Altmaier,R,188.0,GER,25.6,209950,31.0,,Arthur Fils,R,185.0,FRA,19.8,6-2 6-3,3,R64,78.0,5.0,0.0,50.0,42.0,29.0,5.0,9.0,1.0,2.0,3.0,7.0,63.0,36.0,23.0,9.0,8.0,5.0,9.0,61.0,871.0,32.0,1273.0,2024
2024-1536,Madrid Masters,Clay,128,M,2024-04-22,253,128034,8.0,,Hubert Hurkacz,R,196.0,POL,27.1,207733,,,Jack Draper,L,193.0,GBR,22.3,6-1 7-5,3,R64,77.0,9.0,0.0,53.0,31.0,26.0,15.0,10.0,0.0,0.0,3.0,4.0,61.0,26.0,20.0,16.0,9.0,6.0,9.0,9.0,3675.0,43.0,1106.0,2024
2024-1536,Madrid Masters,Clay,128,M,2024-04-22,254,106329,,Q,Thiago Monteiro,L,183.0,BRA,29.8,126774,6.0,,Stefanos Tsitsipas,R,193.0,GRE,25.6,6-4 6-4,3,R64,96.0,4.0,0.0,62.0,55.0,42.0,4.0,10.0,1.0,1.0,4.0,1.0,68.0,42.0,28.0,14.0,10.0,4.0,6.0,118.0,545.0,7.0,4030.0,2024
2024-1536,Madrid Masters,Clay,128,M,2024-04-22,255,208103,30.0,,Jiri Lehecka,R,185.0,CZE,22.4,209098,,Q,Hamad Medjedovic,R,188.0,SRB,20.7,7-5 6-4,3,R64,89.0,6.0,1.0,58.0,39.0,35.0,11.0,11.0,2.0,2.0,7.0,1.0,73.0,50.0,35.0,11.0,11.0,7.0,9.0,31.0,1305.0,130.0,475.0,2024
2024-1536,Madrid Masters,Clay,128,M,2024-04-22,256,106398,,,Pedro Cachin,R,185.0,ARG,29.0,126207,20.0,,Frances Tiafoe,R,188.0,USA,26.2,7-6(1) 3-6 6-4,3,R64,161.0,9.0,1.0,110.0,70.0,48.0,20.0,15.0,4.0,7.0,3.0,4.0,103.0,54.0,37.0,26.0,16.0,6.0,9.0,91.0,653.0,21.0,1685.0,2024
2024-1536,Madrid Masters,Clay,128,M,2024-04-22,257,104745,,PR,Rafael Nadal,L,185.0,ESP,37.8,200282,10.0,,Alex De Minaur,R,183.0,AUS,25.1,7-6(6) 6-3,3,R64,122.0,0.0,2.0,62.0,45.0,32.0,9.0,10.0,2.0,4.0,2.0,3.0,67.0,44.0,29.0,12.0,11.0,1.0,5.0,512.0,75.0,11.0,3470.0,2024
2024-1536,Madrid Masters,Clay,128,M,2024-04-22,258,210097,14.0,,Ben Shelton,L,193.0,USA,21.5,207830,,,Tomas Machac,R,183.0,CZE,23.5,6-0 6-2,3,R64,58.0,4.0,2.0,44.0,28.0,22.0,8.0,7.0,1.0,1.0,1.0,4.0,51.0,34.0,17.0,5.0,7.0,8.0,13.0,15.0,2480.0,50.0,1013.0,2024
2024-1536,Madrid Masters,Clay,128,M,2024-04-22,259,122330,17.0,,Alexander Bublik,R,196.0,KAZ,26.8,106148,,,Roberto Carballes Baena,R,183.0,ESP,31.0,1-6 6-2 6-2,3,R64,89.0,6.0,7.0,73.0,46.0,34.0,12.0,12.0,2.0,5.0,0.0,3.0,64.0,44.0,27.0,10.0,11.0,3.0,7.0,18.0,1992.0,68.0,821.0,2024
2024-1536,Madrid Masters,Clay,128,M,2024-04-22,261,106421,3.0,,Daniil Medvedev,R,198.0,RUS,28.1,208286,,,Matteo Arnaldi,R,185.0,ITA,23.1,2-6 6-4 6-4,3,R64,123.0,3.0,5.0,81.0,52.0,43.0,15.0,14.0,3.0,5.0,7.0,4.0,89.0,51.0,37.0,19.0,14.0,5.0,7.0,4.0,7085.0,36.0,1191.0,2024
2024-1536,Madrid Masters,Clay,128,M,2024-04-22,280,122330,17.0,,Alexander Bublik,R,196.0,KAZ,26.8,210097,14.0,,Ben Shelton,L,193.0,USA,21.5,3-6 7-6(2) 6-4,3,R32,129.0,8.0,8.0,92.0,59.0,47.0,19.0,15.0,7.0,8.0,9.0,1.0,103.0,62.0,45.0,27.0,16.0,4.0,5.0,18.0,1992.0,15.0,2480.0,2024
2024-0416,Rome Masters,Clay,128,M,2024-05-06,296,100644,3.0,,Alexander Zverev,R,198.0,GER,27.0,126203,11.0,,Taylor Fritz,R,196.0,USA,26.5,6-4 6-3,3,QF,90.0,6.0,1.0,48.0,37.0,29.0,7.0,9.0,0.0,0.0,1.0,0.0,55.0,34.0,25.0,9.0,10.0,2.0,5.0,5.0,5435.0,13.0,2870.0,2024
2024-0416,Rome Masters,Clay,128,M,2024-05-06,295,111797,21.0,,Nicolas Jarry,R,201.0,CHI,28.5,126774,6.0,,Stefanos Tsitsipas,R,193.0,GRE,25.7,3-6 7-5 6-4,3,QF,158.0,8.0,2.0,103.0,68.0,47.0,21.0,15.0,11.0,13.0,5.0,7.0,103.0,71.0,51.0,15.0,16.0,6.0,9.0,24.0,1675.0,8.0,3860.0,2024
2024-0416,Rome Masters,Clay,128,M,2024-05-06,297,126214,29.0,,Alejandro Tabilo,L,188.0,CHI,26.9,111190,,,Zhizhen Zhang,R,193.0,CHN,27.5,6-3 6-4,3,QF,86.0,7.0,3.0,64.0,40.0,33.0,11.0,10.0,2.0,2.0,4.0,2.0,60.0,30.0,24.0,13.0,9.0,3.0,5.0,32.0,1320.0,56.0,868.0,2024
2024-0416,Rome Masters,Clay,128,M,2024-05-06,258,132686,,,Nuno Borges,R,185.0,POR,27.2,122330,15.0,,Alexander Bublik,R,196.0,KAZ,26.8,6-4 6-4,3,R64,80.0,1.0,1.0,54.0,37.0,24.0,9.0,10.0,2.0,5.0,7.0,6.0,76.0,48.0,29.0,11.0,10.0,7.0,12.0,53.0,931.0,17.0,2055.0,2024
2024-0416,Rome Masters,Clay,128,M,2024-05-06,299,100644,3.0,,Alexander Zverev,R,198.0,GER,27.0,126214,29.0,,Alejandro Tabilo,L,188.0,CHI,26.9,1-6 7-6(4) 6-2,3,SF,137.0,10.0,5.0,81.0,56.0,45.0,9.0,13.0,2.0,4.0,7.0,3.0,86.0,50.0,41.0,17.0,14.0,4.0,6.0,5.0,5435.0,32.0,1320.0,2024
2024-0416,Rome Masters,Clay,128,M,2024-05-06,300,100644,3.0,,Alexander Zverev,R,198.0,GER,27.0,111797,21.0,,Nicolas Jarry,R,201.0,CHI,28.5,6-4 7-5,3,F,101.0,6.0,1.0,49.0,39.0,37.0,7.0,11.0,0.0,0.0,4.0,2.0,72.0,49.0,38.0,8.0,11.0,7.0,9.0,5.0,5435.0,24.0,1675.0,2024
2024-0416,Rome Masters,Clay,128,M,2024-05-06,294,126205,14.0,,Tommy Paul,R,185.0,USA,26.9,128034,7.0,,Hubert Hurkacz,R,196.0,POL,27.2,7-5 3-6 6-3,3,QF,163.0,3.0,5.0,117.0,81.0,44.0,20.0,15.0,12.0,18.0,8.0,1.0,97.0,52.0,32.0,18.0,15.0,6.0,13.0,16.0,2300.0,9.0,3730.0,2024
2024-0416,Rome Masters,Clay,128,M,2024-05-06,298,111797,21.0,,Nicolas Jarry,R,201.0,CHI,28.5,126205,14.0,,Tommy Paul,R,185.0,USA,26.9,6-3 6-7(3) 6-3,3,SF,164.0,13.0,2.0,118.0,78.0,52.0,21.0,16.0,5.0,6.0,7.0,2.0,88.0,55.0,37.0,21.0,14.0,3.0,6.0,24.0,1675.0,16.0,2300.0,2024
2024-0416,Rome Masters,Clay,128,M,2024-05-06,259,208859,,Q,Francesco Passaro,R,180.0,ITA,23.3,134868,23.0,,Tallon Griekspoor,R,188.0,NED,27.8,4-6 6-3 7-6(5),3,R64,142.0,7.0,6.0,95.0,56.0,45.0,24.0,16.0,2.0,3.0,9.0,4.0,94.0,57.0,50.0,15.0,15.0,6.0,7.0,240.0,248.0,26.0,1595.0,2024
2024-0416,Rome Masters,Clay,128,M,2024-05-06,293,126214,29.0,,Alejandro Tabilo,L,188.0,CHI,26.9,111575,16.0,,Karen Khachanov,R,198.0,RUS,27.9,7-6(5) 7-6(10),3,R16,152.0,8.0,1.0,81.0,47.0,36.0,17.0,12.0,0.0,2.0,7.0,2.0,97.0,58.0,40.0,18.0,12.0,6.0,8.0,32.0,1320.0,18.0,2000.0,2024
2024-0416,Rome Masters,Clay,128,M,2024-05-06,291,100644,3.0,,Alexander Zverev,R,198.0,GER,27.0,132686,,,Nuno Borges,R,185.0,POR,27.2,6-2 7-5,3,R16,86.0,9.0,3.0,54.0,38.0,31.0,8.0,10.0,1.0,2.0,2.0,1.0,58.0,37.0,24.0,8.0,10.0,1.0,5.0,5.0,5435.0,53.0,931.0,2024
2024-0416,Rome Masters,Clay,128,M,2024-05-06,232,209263,,,Matteo Gigante,L,180.0,ITA,22.3,206748,,WC,Giulio Zeppieri,L,183.0,ITA,22.4,7-6(2) 6-4,3,R128,133.0,4.0,4.0,78.0,50.0,35.0,15.0,11.0,7.0,10.0,2.0,0.0,93.0,49.0,28.0,21.0,11.0,5.0,9.0,139.0,456.0,144.0,427.0,2024
2024-0416,Rome Masters,Clay,128,M,2024-05-06,231,207686,,,Alexander Shevchenko,R,185.0,KAZ,23.4,206681,,,Fabian Marozsan,R,193.0,HUN,24.5,6-3 6-2,3,R128,71.0,2.0,0.0,45.0,28.0,20.0,12.0,8.0,0.0,0.0,0.0,2.0,58.0,35.0,19.0,10.0,9.0,2.0,6.0,60.0,848.0,36.0,1179.0,2024
2024-0416,Rome Masters,Clay,128,M,2024-05-06,260,209260,,,Luciano Darderi,R,183.0,ITA,22.2,208363,28.0,,Mariano Navone,R,178.0,ARG,23.1,6-3 6-2,3,R64,93.0,2.0,1.0,57.0,31.0,20.0,15.0,8.0,6.0,7.0,1.0,2.0,58.0,42.0,20.0,6.0,9.0,3.0,8.0,54.0,918.0,31.0,1329.0,2024
2024-0416,Rome Masters,Clay,128,M,2024-05-06,227,111190,,,Zhizhen Zhang,R,193.0,CHN,27.5,123755,,,Daniel Elahi Galan,R,191.0,COL,27.8,6-2 7-5,3,R128,103.0,3.0,2.0,73.0,43.0,28.0,17.0,10.0,10.0,12.0,3.0,0.0,57.0,27.0,18.0,12.0,10.0,3.0,8.0,56.0,868.0,90.0,656.0,2024
2024-0416,Rome Masters,Clay,128,M,2024-05-06,224,106329,,Q,Thiago Monteiro,L,183.0,BRA,29.9,104792,,,Gael Monfils,R,193.0,FRA,37.6,6-2 7-5,3,R128,87.0,7.0,0.0,55.0,39.0,31.0,12.0,10.0,2.0,2.0,3.0,3.0,53.0,25.0,17.0,16.0,10.0,2.0,5.0,106.0,590.0,38.0,1145.0,2024
2024-0416,Rome Masters,Clay,128,M,2024-05-06,223,200175,,,Miomir Kecmanovic,R,183.0,SRB,24.6,206909,,Q,Brandon Nakashima,R,188.0,USA,22.7,6-4 6-4,3,R128,99.0,4.0,3.0,61.0,35.0,26.0,19.0,10.0,5.0,5.0,3.0,1.0,61.0,40.0,28.0,12.0,10.0,4.0,6.0,58.0,850.0,72.0,760.0,2024
2024-0416,Rome Masters,Clay,128,M,2024-05-06,220,126846,,,Aleksandar Vukic,R,188.0,AUS,28.0,106043,,Q,Diego Schwartzman,R,170.0,ARG,31.7,6-2 6-2,3,R128,92.0,5.0,1.0,73.0,39.0,27.0,18.0,8.0,8.0,8.0,1.0,0.0,52.0,29.0,17.0,9.0,8.0,1.0,5.0,70.0,792.0,142.0,439.0,2024
2024-0416,Rome Masters,Clay,128,M,2024-05-06,219,209260,,,Luciano Darderi,R,183.0,ITA,22.2,133430,,PR,Denis Shapovalov,L,185.0,CAN,25.0,6-7(4) 6-3 7-6(4),3,R128,190.0,3.0,5.0,123.0,67.0,43.0,28.0,16.0,8.0,12.0,2.0,14.0,119.0,66.0,46.0,19.0,17.0,5.0,11.0,54.0,918.0,126.0,505.0,2024
2024-0416,Rome Masters,Clay,128,M,2024-05-06,216,208859,,Q,Francesco Passaro,R,180.0,ITA,23.3,126239,,,Arthur Rinderknech,R,196.0,FRA,28.7,6-7(3) 7-5 7-6(7),3,R128,194.0,6.0,2.0,117.0,71.0,53.0,32.0,18.0,3.0,4.0,5.0,6.0,117.0,69.0,58.0,24.0,18.0,3.0,5.0,240.0,248.0,73.0,754.0,2024
2024-0416,Rome Masters,Clay,128,M,2024-05-06,215,132686,,,Nuno Borges,R,185.0,POR,27.2,124079,,,Pedro Martinez,R,185.0,ESP,27.0,6-7(3) 6-4 7-6(8),3,R128,218.0,7.0,6.0,129.0,70.0,49.0,34.0,17.0,10.0,12.0,1.0,6.0,132.0,95.0,59.0,21.0,17.0,7.0,10.0,53.0,931.0,51.0,937.0,2024
2024-0416,Rome Masters,Clay,128,M,2024-05-06,212,104926,,WC,Fabio Fognini,R,178.0,ITA,36.9,105554,,,Daniel Evans,R,175.0,GBR,33.9,6-4 3-6 6-2,3,R128,152.0,3.0,7.0,88.0,49.0,36.0,16.0,13.0,8.0,12.0,4.0,5.0,97.0,54.0,30.0,23.0,14.0,6.0,12.0,92.0,650.0,67.0,806.0,2024
2024-0416,Rome Masters,Clay,128,M,2024-05-06,211,207925,,,Flavio Cobolli,R,183.0,ITA,22.0,109739,,Q,Maximilian Marterer,L,188.0,GER,28.8,6-4 6-2,3,R128,76.0,4.0,1.0,53.0,35.0,29.0,9.0,9.0,0.0,1.0,3.0,1.0,57.0,40.0,24.0,7.0,9.0,3.0,7.0,57.0,868.0,98.0,616.0,2024
2024-0416,Rome Masters,Clay,128,M,2024-05-06,208,209279,,Q,Terence Atmane,L,193.0,FRA,22.3,111153,,,Christopher Eubanks,R,201.0,USA,28.0,6-4 6-4,3,R128,81.0,2.0,3.0,61.0,43.0,33.0,11.0,10.0,6.0,6.0,4.0,1.0,65.0,47.0,33.0,9.0,10.0,5.0,7.0,137.0,463.0,43.0,1053.0,2024
2024-0416,Rome Masters,Clay,128,M,2024-05-06,207,106415,,,Yoshihito Nishioka,L,170.0,JPN,28.6,124116,,,Sebastian Ofner,R,191.0,AUT,27.9,6-3 2-6 7-6(4),3,R128,138.0,1.0,1.0,98.0,61.0,40.0,24.0,14.0,4.0,6.0,9.0,2.0,84.0,48.0,37.0,22.0,15.0,3.0,5.0,80.0,721.0,46.0,1036.0,2024
2024-0416,Rome Masters,Clay,128,M,2024-05-06,204,105526,,,Jan Lennard Struff,R,193.0,GER,34.0,106398,,,Pedro Cachin,R,185.0,ARG,29.0,6-4 6-4,3,R128,77.0,3.0,2.0,54.0,29.0,20.0,15.0,10.0,0.0,2.0,3.0,3.0,62.0,45.0,24.0,9.0,10.0,4.0,8.0,41.0,1120.0,99.0,613.0,2024
2024-0416,Rome Masters,Clay,128,M,2024-05-06,203,144719,,,Jaume Munar,R,183.0,ESP,27.0,208014,,,Rinky Hijikata,R,178.0,AUS,23.1,6-4 7-5,3,R128,124.0,1.0,3.0,65.0,42.0,29.0,12.0,11.0,4.0,7.0,1.0,4.0,93.0,57.0,30.0,18.0,11.0,9.0,14.0,68.0,805.0,79.0,724.0,2024
2024-0416,Rome Masters,Clay,128,M,2024-05-06,200,122298,,Q,Botic Van De Zandschulp,R,191.0,NED,28.5,134457,,Q,Nicolas Moreno De Alboran,R,185.0,USA,26.8,7-5 6-7(5) 7-6(4),3,R128,198.0,4.0,3.0,132.0,87.0,62.0,26.0,18.0,7.0,8.0,5.0,1.0,121.0,71.0,50.0,30.0,18.0,5.0,7.0,112.0,565.0,136.0,466.0,2024
2024-0416,Rome Masters,Clay,128,M,2024-05-06,235,105870,,,Yannick Hanfmann,R,193.0,GER,32.4,210150,,,Jakub Mensik,R,193.0,CZE,18.6,6-3 6-2,3,R128,87.0,1.0,0.0,49.0,35.0,28.0,8.0,8.0,1.0,1.0,7.0,6.0,75.0,41.0,26.0,13.0,9.0,10.0,14.0,59.0,848.0,65.0,809.0,2024
2024-0416,Rome Masters,Clay,128,M,2024-05-06,236,144895,,LL,Corentin Moutet,L,180.0,FRA,25.0,126128,,,Roman Safiullin,R,185.0,RUS,26.7,3-6 7-6(1) 6-2,3,R128,153.0,2.0,4.0,89.0,52.0,41.0,17.0,14.0,5.0,8.0,3.0,4.0,99.0,64.0,42.0,18.0,15.0,5.0,9.0,83.0,715.0,39.0,1138.0,2024
2024-0416,Rome Masters,Clay,128,M,2024-05-06,238,106421,2.0,,Daniil Medvedev,R,198.0,RUS,28.2,207733,,,Jack Draper,L,193.0,GBR,22.3,7-5 6-4,3,R64,107.0,3.0,2.0,70.0,35.0,29.0,14.0,11.0,7.0,10.0,2.0,3.0,66.0,32.0,21.0,14.0,11.0,4.0,9.0,4.0,7195.0,40.0,1136.0,2024
2024-0416,Rome Masters,Clay,128,M,2024-05-06,239,209098,,Q,Hamad Medjedovic,R,188.0,SRB,20.8,200221,30.0,,Alejandro Davidovich Fokina,R,183.0,ESP,24.9,7-6(4) 6-4,3,R64,107.0,10.0,4.0,68.0,39.0,29.0,17.0,11.0,3.0,5.0,1.0,1.0,77.0,52.0,31.0,15.0,11.0,4.0,7.0,121.0,522.0,33.0,1315.0,2024
2024-0416,Rome Masters,Clay,128,M,2024-05-06,257,126203,11.0,,Taylor Fritz,R,196.0,USA,26.5,104926,,WC,Fabio Fognini,R,178.0,ITA,36.9,6-3 6-4,3,R64,79.0,6.0,1.0,62.0,35.0,29.0,16.0,10.0,2.0,2.0,3.0,4.0,51.0,30.0,23.0,10.0,9.0,1.0,3.0,13.0,2870.0,92.0,650.0,2024
2024-0416,Rome Masters,Clay,128,M,2024-05-06,256,200624,24.0,,Sebastian Korda,R,196.0,USA,23.8,207925,,,Flavio Cobolli,R,183.0,ITA,22.0,7-6(6) 4-6 6-4,3,R64,163.0,4.0,0.0,101.0,50.0,39.0,30.0,16.0,3.0,5.0,7.0,4.0,120.0,65.0,48.0,29.0,16.0,7.0,9.0,27.0,1525.0,57.0,868.0,2024
2024-0416,Rome Masters,Clay,128,M,2024-05-06,255,209279,,Q,Terence Atmane,L,193.0,FRA,22.3,207518,26.0,,Lorenzo Musetti,R,185.0,ITA,22.1,7-5 1-0 RET,3,R64,67.0,2.0,2.0,42.0,23.0,21.0,9.0,7.0,2.0,2.0,1.0,0.0,40.0,29.0,20.0,4.0,6.0,0.0,1.0,137.0,463.0,29.0,1405.0,2024
2024-0416,Rome Masters,Clay,128,M,2024-05-06,254,105777,8.0,,Grigor Dimitrov,R,191.0,BUL,32.9,106415,,,Yoshihito Nishioka,L,170.0,JPN,28.6,7-5 6-4,3,R64,97.0,11.0,1.0,53.0,25.0,23.0,21.0,11.0,0.0,0.0,3.0,2.0,67.0,36.0,25.0,18.0,11.0,1.0,3.0,10.0,3605.0,80.0,721.0,2024
2024-0416,Rome Masters,Clay,128,M,2024-05-06,253,126774,6.0,,Stefanos Tsitsipas,R,193.0,GRE,25.7,105526,,,Jan Lennard Struff,R,193.0,GER,34.0,6-7(1) 6-4 6-4,3,R64,152.0,5.0,4.0,103.0,64.0,46.0,20.0,16.0,5.0,8.0,9.0,4.0,122.0,77.0,57.0,15.0,16.0,11.0,16.0,8.0,3860.0,41.0,1120.0,2024
2024-0416,Rome Masters,Clay,128,M,2024-05-06,252,111815,27.0,,Cameron Norrie,L,188.0,GBR,28.7,144719,,,Jaume Munar,R,183.0,ESP,27.0,6-3 1-6 6-3,3,R64,143.0,4.0,5.0,101.0,59.0,38.0,18.0,13.0,11.0,15.0,5.0,3.0,67.0,42.0,26.0,15.0,12.0,3.0,7.0,30.0,1350.0,68.0,805.0,2024
2024-0416,Rome Masters,Clay,128,M,2024-05-06,251,200000,18.0,,Felix Auger Aliassime,R,193.0,CAN,23.7,122298,,Q,Botic Van De Zandschulp,R,191.0,NED,28.5,6-1 7-6(6),3,R64,124.0,3.0,6.0,88.0,54.0,39.0,14.0,10.0,5.0,7.0,3.0,5.0,59.0,28.0,17.0,16.0,9.0,4.0,8.0,20.0,1880.0,112.0,565.0,2024
2024-0416,Rome Masters,Clay,128,M,2024-05-06,250,200282,9.0,,Alex De Minaur,R,183.0,AUS,25.2,106148,,,Roberto Carballes Baena,R,183.0,ESP,31.1,6-3 6-2,3,R64,89.0,4.0,3.0,47.0,27.0,20.0,11.0,8.0,2.0,4.0,1.0,5.0,56.0,35.0,14.0,9.0,9.0,7.0,13.0,11.0,3435.0,62.0,826.0,2024
2024-0416,Rome Masters,Clay,128,M,2024-05-06,199,106148,,,Roberto Carballes Baena,R,183.0,ESP,31.1,106331,,,Christopher Oconnell,R,183.0,AUS,29.9,6-7(7) 5-0 RET,3,R128,115.0,2.0,1.0,75.0,56.0,35.0,12.0,9.0,6.0,7.0,3.0,2.0,62.0,37.0,26.0,10.0,8.0,2.0,5.0,62.0,826.0,66.0,807.0,2024
2024-0416,Rome Masters,Clay,128,M,2024-05-06,249,109303,,WC,Stefano Napolitano,R,196.0,ITA,29.0,209992,,LL,Juncheng Shang,L,180.0,CHN,19.2,6-7(3) 6-1 6-0,3,R64,139.0,3.0,3.0,85.0,45.0,35.0,22.0,13.0,2.0,3.0,1.0,2.0,72.0,45.0,28.0,11.0,12.0,3.0,9.0,125.0,506.0,105.0,590.0,2024
2024-0416,Rome Masters,Clay,128,M,2024-05-06,247,124186,,Q,Alexandre Muller,R,183.0,FRA,27.2,209950,31.0,,Arthur Fils,R,185.0,FRA,19.8,7-5 6-3,3,R64,92.0,1.0,2.0,61.0,34.0,24.0,18.0,10.0,2.0,3.0,11.0,6.0,72.0,35.0,27.0,15.0,11.0,3.0,7.0,109.0,577.0,34.0,1251.0,2024
2024-0416,Rome Masters,Clay,128,M,2024-05-06,246,126094,4.0,,Andrey Rublev,R,188.0,RUS,26.5,106218,,,Marcos Giron,R,180.0,USA,30.7,5-7 6-4 7-5,3,R64,143.0,5.0,7.0,108.0,57.0,41.0,27.0,17.0,7.0,12.0,3.0,3.0,102.0,57.0,36.0,21.0,17.0,3.0,9.0,6.0,4740.0,49.0,980.0,2024
2024-0416,Rome Masters,Clay,128,M,2024-05-06,245,128034,7.0,,Hubert Hurkacz,R,196.0,POL,27.2,104745,,PR,Rafael Nadal,L,185.0,ESP,37.9,6-1 6-3,3,R64,93.0,9.0,1.0,56.0,30.0,25.0,16.0,8.0,7.0,7.0,1.0,1.0,53.0,38.0,20.0,8.0,8.0,3.0,7.0,9.0,3730.0,305.0,175.0,2024
2024-0416,Rome Masters,Clay,128,M,2024-05-06,244,144869,25.0,,Tomas Martin Etcheverry,R,196.0,ARG,24.8,205734,,,Thiago Seyboth Wild,R,185.0,BRA,24.1,6-3 7-5,3,R64,120.0,5.0,0.0,54.0,32.0,19.0,18.0,10.0,2.0,4.0,1.0,2.0,71.0,38.0,21.0,17.0,11.0,10.0,15.0,28.0,1460.0,61.0,839.0,2024
2024-0416,Rome Masters,Clay,128,M,2024-05-06,243,202104,17.0,,Sebastian Baez,R,170.0,ARG,23.3,105583,,,Dusan Lajovic,R,183.0,SRB,33.8,7-6(3) 7-6(6),3,R64,131.0,1.0,2.0,88.0,69.0,39.0,9.0,12.0,7.0,13.0,2.0,3.0,83.0,51.0,28.0,12.0,12.0,9.0,15.0,19.0,1960.0,64.0,811.0,2024
2024-0416,Rome Masters,Clay,128,M,2024-05-06,242,208029,10.0,,Holger Rune,R,188.0,DEN,21.0,208134,,,Luca Nardi,R,185.0,ITA,20.7,6-4 6-4,3,R64,102.0,1.0,1.0,67.0,39.0,31.0,17.0,10.0,6.0,6.0,1.0,3.0,59.0,28.0,20.0,17.0,10.0,2.0,4.0,12.0,3250.0,81.0,718.0,2024
2024-0416,Rome Masters,Clay,128,M,2024-05-06,241,126205,14.0,,Tommy Paul,R,185.0,USA,26.9,106234,,,Aslan Karatsev,R,185.0,RUS,30.6,6-4 6-2,3,R64,94.0,3.0,2.0,67.0,43.0,29.0,16.0,9.0,9.0,9.0,1.0,1.0,55.0,33.0,20.0,13.0,9.0,1.0,4.0,16.0,2300.0,86.0,675.0,2024
2024-0416,Rome Masters,Clay,128,M,2024-05-06,240,136440,,,Dominik Koepfer,L,180.0,GER,30.0,126207,22.0,,Frances Tiafoe,R,188.0,USA,26.2,6-4 6-2,3,R64,94.0,5.0,5.0,69.0,39.0,27.0,20.0,9.0,5.0,5.0,5.0,2.0,61.0,32.0,21.0,14.0,9.0,3.0,6.0,52.0,932.0,25.0,1650.0,2024
2024-0416,Rome Masters,Clay,128,M,2024-05-06,248,111797,21.0,,Nicolas Jarry,R,201.0,CHI,28.5,208286,,,Matteo Arnaldi,R,185.0,ITA,23.2,6-2 7-6(6),3,R64,126.0,5.0,2.0,72.0,43.0,34.0,16.0,10.0,4.0,5.0,3.0,5.0,75.0,39.0,28.0,15.0,10.0,7.0,10.0,24.0,1675.0,37.0,1160.0,2024
2024-0416,Rome Masters,Clay,128,M,2024-05-06,292,111190,,,Zhizhen Zhang,R,193.0,CHN,27.5,106329,,Q,Thiago Monteiro,L,183.0,BRA,29.9,7-6(4) 6-3,3,R16,116.0,10.0,2.0,77.0,34.0,28.0,26.0,11.0,4.0,4.0,6.0,3.0,66.0,38.0,27.0,18.0,10.0,4.0,5.0,56.0,868.0,106.0,590.0,2024
2024-0416,Rome Masters,Clay,128,M,2024-05-06,196,109303,,WC,Stefano Napolitano,R,196.0,ITA,29.0,200670,,LL,J J Wolf,R,183.0,USA,25.3,6-2 7-6(3),3,R128,102.0,11.0,1.0,65.0,35.0,27.0,18.0,10.0,4.0,5.0,4.0,4.0,63.0,27.0,22.0,15.0,10.0,3.0,6.0,125.0,506.0,101.0,605.0,2024
2024-0416,Rome Masters,Clay,128,M,2024-05-06,192,124186,,Q,Alexandre Muller,R,183.0,FRA,27.2,105916,,,Marton Fucsovics,R,188.0,HUN,32.2,4-6 7-6(5) 6-2,3,R128,141.0,3.0,1.0,90.0,62.0,46.0,16.0,15.0,0.0,2.0,4.0,1.0,87.0,50.0,40.0,18.0,15.0,4.0,7.0,109.0,577.0,50.0,957.0,2024
2024-0416,Rome Masters,Clay,128,M,2024-05-06,274,124186,,Q,Alexandre Muller,R,183.0,FRA,27.2,126094,4.0,,Andrey Rublev,R,188.0,RUS,26.5,3-6 6-3 6-2,3,R32,109.0,6.0,0.0,80.0,58.0,42.0,12.0,13.0,4.0,5.0,5.0,4.0,84.0,49.0,35.0,17.0,13.0,8.0,11.0,109.0,577.0,6.0,4740.0,2024
2024-0416,Rome Masters,Clay,128,M,2024-05-06,275,111797,21.0,,Nicolas Jarry,R,201.0,CHI,28.5,109303,,WC,Stefano Napolitano,R,196.0,ITA,29.0,6-2 4-6 6-4,3,R32,141.0,8.0,3.0,84.0,51.0,39.0,16.0,14.0,5.0,7.0,2.0,3.0,81.0,42.0,26.0,24.0,14.0,4.0,8.0,24.0,1675.0,125.0,506.0,2024
2024-0416,Rome Masters,Clay,128,M,2024-05-06,276,200282,9.0,,Alex De Minaur,R,183.0,AUS,25.2,200000,18.0,,Felix Auger Aliassime,R,193.0,CAN,23.7,6-7(2) 6-4 6-4,3,R32,180.0,1.0,1.0,88.0,44.0,31.0,27.0,16.0,2.0,4.0,5.0,13.0,105.0,54.0,42.0,22.0,16.0,8.0,12.0,11.0,3435.0,20.0,1880.0,2024
2024-0416,Rome Masters,Clay,128,M,2024-05-06,277,126774,6.0,,Stefanos Tsitsipas,R,193.0,GRE,25.7,111815,27.0,,Cameron Norrie,L,188.0,GBR,28.7,6-2 7-6(1),3,R32,91.0,5.0,2.0,56.0,37.0,30.0,11.0,10.0,0.0,1.0,2.0,0.0,63.0,41.0,28.0,10.0,10.0,6.0,9.0,8.0,3860.0,30.0,1350.0,2024
2024-0416,Rome Masters,Clay,128,M,2024-05-06,278,105777,8.0,,Grigor Dimitrov,R,191.0,BUL,32.9,209279,,Q,Terence Atmane,L,193.0,FRA,22.3,7-6(3) 6-3,3,R32,103.0,5.0,5.0,66.0,38.0,30.0,17.0,11.0,0.0,1.0,6.0,5.0,71.0,40.0,29.0,14.0,10.0,2.0,4.0,10.0,3605.0,137.0,463.0,2024
2024-0416,Rome Masters,Clay,128,M,2024-05-06,279,126203,11.0,,Taylor Fritz,R,196.0,USA,26.5,200624,24.0,,Sebastian Korda,R,196.0,USA,23.8,6-3 6-4,3,R32,71.0,8.0,1.0,50.0,30.0,27.0,13.0,10.0,0.0,0.0,5.0,1.0,53.0,32.0,20.0,12.0,9.0,3.0,5.0,13.0,2870.0,27.0,1525.0,2024
2024-0416,Rome Masters,Clay,128,M,2024-05-06,280,132686,,,Nuno Borges,R,185.0,POR,27.2,208859,,Q,Francesco Passaro,R,180.0,ITA,23.3,4-6 7-6(8) 7-6(4),3,R32,187.0,9.0,3.0,111.0,64.0,52.0,28.0,17.0,4.0,6.0,12.0,5.0,131.0,75.0,57.0,28.0,17.0,6.0,7.0,53.0,931.0,240.0,248.0,2024
2024-0416,Rome Masters,Clay,128,M,2024-05-06,281,100644,3.0,,Alexander Zverev,R,198.0,GER,27.0,209260,,,Luciano Darderi,R,183.0,ITA,22.2,7-6(3) 6-2,3,R32,108.0,12.0,1.0,67.0,49.0,41.0,8.0,10.0,1.0,1.0,4.0,1.0,60.0,34.0,25.0,14.0,10.0,2.0,4.0,5.0,5435.0,54.0,918.0,2024
2024-0416,Rome Masters,Clay,128,M,2024-05-06,282,106329,,Q,Thiago Monteiro,L,183.0,BRA,29.9,200175,,,Miomir Kecmanovic,R,183.0,SRB,24.6,6-2 4-6 7-6(6),3,R32,157.0,5.0,2.0,94.0,63.0,51.0,14.0,15.0,6.0,8.0,4.0,4.0,92.0,63.0,45.0,12.0,15.0,1.0,4.0,106.0,590.0,58.0,850.0,2024
2024-0416,Rome Masters,Clay,128,M,2024-05-06,283,111190,,,Zhizhen Zhang,R,193.0,CHN,27.5,210097,12.0,,Ben Shelton,L,193.0,USA,21.5,6-2 6-4,3,R32,71.0,2.0,1.0,51.0,27.0,20.0,18.0,9.0,2.0,2.0,4.0,6.0,52.0,33.0,23.0,8.0,9.0,5.0,8.0,56.0,868.0,14.0,2460.0,2024
2024-0416,Rome Masters,Clay,128,M,2024-05-06,284,111575,16.0,,Karen Khachanov,R,198.0,RUS,27.9,202103,20.0,,Francisco Cerundolo,R,185.0,ARG,25.7,6-2 6-4,3,R32,93.0,2.0,0.0,58.0,43.0,30.0,7.0,9.0,2.0,3.0,0.0,2.0,62.0,44.0,22.0,10.0,9.0,2.0,6.0,18.0,2000.0,22.0,1870.0,2024
2024-0416,Rome Masters,Clay,128,M,2024-05-06,285,126214,29.0,,Alejandro Tabilo,L,188.0,CHI,26.9,104925,1.0,,Novak Djokovic,R,188.0,SRB,36.9,6-2 6-3,3,R32,67.0,4.0,0.0,42.0,30.0,23.0,9.0,8.0,0.0,0.0,8.0,5.0,52.0,27.0,19.0,11.0,9.0,3.0,7.0,32.0,1320.0,1.0,9990.0,2024
2024-0416,Rome Masters,Clay,128,M,2024-05-06,286,126205,14.0,,Tommy Paul,R,185.0,USA,26.9,106421,2.0,,Daniil Medvedev,R,198.0,RUS,28.2,6-1 6-4,3,R16,73.0,2.0,0.0,58.0,39.0,23.0,14.0,9.0,3.0,5.0,1.0,2.0,42.0,19.0,11.0,10.0,8.0,1.0,6.0,16.0,2300.0,4.0,7195.0,2024
2024-0416,Rome Masters,Clay,128,M,2024-05-06,287,128034,7.0,,Hubert Hurkacz,R,196.0,POL,27.2,202104,17.0,,Sebastian Baez,R,170.0,ARG,23.3,5-7 7-6(4) 6-4,3,R16,159.0,17.0,2.0,102.0,58.0,49.0,18.0,17.0,3.0,6.0,1.0,3.0,109.0,78.0,49.0,19.0,17.0,1.0,4.0,9.0,3730.0,19.0,1960.0,2024
2024-0416,Rome Masters,Clay,128,M,2024-05-06,288,111797,21.0,,Nicolas Jarry,R,201.0,CHI,28.5,124186,,Q,Alexandre Muller,R,183.0,FRA,27.2,7-5 6-3,3,R16,94.0,15.0,1.0,60.0,41.0,33.0,10.0,11.0,2.0,3.0,3.0,2.0,74.0,46.0,27.0,15.0,10.0,6.0,9.0,24.0,1675.0,109.0,577.0,2024
2024-0416,Rome Masters,Clay,128,M,2024-05-06,289,126774,6.0,,Stefanos Tsitsipas,R,193.0,GRE,25.7,200282,9.0,,Alex De Minaur,R,183.0,AUS,25.2,6-1 6-2,3,R16,60.0,0.0,0.0,39.0,27.0,20.0,10.0,8.0,1.0,2.0,0.0,1.0,41.0,27.0,13.0,5.0,7.0,3.0,8.0,8.0,3860.0,11.0,3435.0,2024
2024-0416,Rome Masters,Clay,128,M,2024-05-06,290,126203,11.0,,Taylor Fritz,R,196.0,USA,26.5,105777,8.0,,Grigor Dimitrov,R,191.0,BUL,32.9,6-2 6-7(11) 6-1,3,R16,162.0,13.0,1.0,104.0,66.0,50.0,25.0,14.0,11.0,11.0,1.0,11.0,96.0,46.0,33.0,25.0,13.0,12.0,16.0,13.0,2870.0,10.0,3605.0,2024
2024-0416,Rome Masters,Clay,128,M,2024-05-06,273,128034,7.0,,Hubert Hurkacz,R,196.0,POL,27.2,144869,25.0,,Tomas Martin Etcheverry,R,196.0,ARG,24.8,7-6(7) 6-2,3,R32,120.0,11.0,0.0,77.0,46.0,36.0,17.0,10.0,3.0,3.0,2.0,1.0,66.0,37.0,26.0,16.0,10.0,0.0,2.0,9.0,3730.0,28.0,1460.0,2024
2024-0416,Rome Masters,Clay,128,M,2024-05-06,272,202104,17.0,,Sebastian Baez,R,170.0,ARG,23.3,208029,10.0,,Holger Rune,R,188.0,DEN,21.0,2-6 6-2 6-3,3,R32,108.0,0.0,3.0,72.0,55.0,38.0,9.0,12.0,3.0,6.0,1.0,4.0,75.0,43.0,25.0,15.0,13.0,1.0,6.0,19.0,1960.0,12.0,3250.0,2024
2024-0416,Rome Masters,Clay,128,M,2024-05-06,271,126205,14.0,,Tommy Paul,R,185.0,USA,26.9,136440,,,Dominik Koepfer,L,180.0,GER,30.0,6-4 6-3,3,R32,97.0,2.0,3.0,53.0,33.0,26.0,11.0,10.0,5.0,7.0,0.0,4.0,79.0,44.0,28.0,11.0,9.0,12.0,16.0,16.0,2300.0,52.0,932.0,2024
2024-0416,Rome Masters,Clay,128,M,2024-05-06,270,106421,2.0,,Daniil Medvedev,R,198.0,RUS,28.2,209098,,Q,Hamad Medjedovic,R,188.0,SRB,20.8,7-6(5) 2-6 7-5,3,R32,170.0,7.0,10.0,117.0,67.0,46.0,21.0,16.0,8.0,13.0,2.0,3.0,108.0,70.0,47.0,19.0,16.0,4.0,8.0,4.0,7195.0,121.0,522.0,2024
2024-0416,Rome Masters,Clay,128,M,2024-05-06,191,106218,,,Marcos Giron,R,180.0,USA,30.7,200325,,,Emil Ruusuvuori,R,188.0,FIN,25.0,3-6 6-3 6-3,3,R128,147.0,2.0,0.0,93.0,54.0,35.0,18.0,13.0,4.0,8.0,2.0,3.0,86.0,55.0,31.0,15.0,14.0,9.0,15.0,49.0,980.0,71.0,780.0,2024
2024-0416,Rome Masters,Clay,128,M,2024-05-06,188,104745,,PR,Rafael Nadal,L,185.0,ESP,37.9,200267,,Q,Zizou Bergs,R,185.0,BEL,24.9,4-6 6-3 6-4,3,R128,173.0,3.0,4.0,93.0,58.0,39.0,22.0,15.0,7.0,9.0,7.0,4.0,78.0,44.0,30.0,21.0,14.0,4.0,7.0,305.0,175.0,108.0,581.0,2024
2024-0416,Rome Masters,Clay,128,M,2024-05-06,187,205734,,,Thiago Seyboth Wild,R,185.0,BRA,24.1,106296,,Q,Gregoire Barrere,R,183.0,FRA,30.2,6-4 6-2,3,R128,88.0,8.0,2.0,57.0,36.0,27.0,8.0,9.0,6.0,9.0,1.0,0.0,65.0,40.0,22.0,5.0,9.0,11.0,17.0,61.0,839.0,115.0,560.0,2024
2024-0416,Rome Masters,Clay,128,M,2024-05-06,184,105583,,,Dusan Lajovic,R,183.0,SRB,33.8,132283,,,Lorenzo Sonego,R,191.0,ITA,28.9,6-3 6-7(5) 6-3,3,R128,151.0,3.0,1.0,100.0,75.0,56.0,15.0,16.0,4.0,5.0,7.0,4.0,94.0,57.0,44.0,17.0,14.0,5.0,8.0,64.0,811.0,47.0,996.0,2024
2024-0416,Rome Masters,Clay,128,M,2024-05-06,183,208134,,,Luca Nardi,R,185.0,ITA,20.7,127157,,,Daniel Altmaier,R,188.0,GER,25.6,6-4 6-4,3,R128,88.0,1.0,1.0,61.0,40.0,30.0,8.0,10.0,4.0,6.0,2.0,1.0,53.0,42.0,25.0,3.0,10.0,0.0,4.0,81.0,718.0,78.0,733.0,2024
2024-0416,Rome Masters,Clay,128,M,2024-05-06,180,106234,,,Aslan Karatsev,R,185.0,RUS,30.6,111456,,,Mackenzie Mcdonald,R,178.0,USA,29.0,4-6 6-3 6-4,3,R128,149.0,2.0,4.0,99.0,63.0,42.0,19.0,15.0,4.0,7.0,0.0,3.0,83.0,58.0,41.0,9.0,14.0,2.0,6.0,86.0,675.0,76.0,735.0,2024
2024-0416,Rome Masters,Clay,128,M,2024-05-06,179,136440,,,Dominik Koepfer,L,180.0,GER,30.0,131934,,WC,Andrea Vavassori,R,193.0,ITA,29.0,6-4 6-3,3,R128,87.0,5.0,3.0,62.0,39.0,33.0,10.0,10.0,3.0,4.0,3.0,1.0,64.0,43.0,28.0,8.0,9.0,5.0,8.0,52.0,932.0,168.0,355.0,2024
2024-0416,Rome Masters,Clay,128,M,2024-05-06,176,209098,,Q,Hamad Medjedovic,R,188.0,SRB,20.8,200615,,,Alexei Popyrin,R,196.0,AUS,24.7,6-3 6-2,3,R128,75.0,9.0,2.0,47.0,24.0,21.0,16.0,9.0,1.0,1.0,9.0,2.0,49.0,26.0,16.0,13.0,8.0,0.0,3.0,121.0,522.0,42.0,1057.0,2024
2024-0416,Rome Masters,Clay,128,M,2024-05-06,195,208286,,,Matteo Arnaldi,R,185.0,ITA,23.2,208004,,LL,Harold Mayot,R,180.0,FRA,22.2,3-6 7-5 6-4,3,R128,152.0,7.0,6.0,107.0,57.0,40.0,28.0,16.0,7.0,10.0,3.0,2.0,89.0,59.0,40.0,17.0,15.0,4.0,7.0,37.0,1160.0,130.0,499.0,2024
2024-0416,Rome Masters,Clay,128,M,2024-05-06,175,207733,,,Jack Draper,L,193.0,GBR,22.3,106432,,,Borna Coric,R,188.0,CRO,27.4,7-5 6-1,3,R128,96.0,8.0,1.0,49.0,38.0,35.0,6.0,10.0,0.0,0.0,2.0,0.0,72.0,43.0,29.0,13.0,9.0,10.0,13.0,40.0,1136.0,55.0,914.0,2024
2024-0416,Rome Masters,Clay,128,M,2024-05-06,262,200175,,,Miomir Kecmanovic,R,183.0,SRB,24.6,134770,5.0,,Casper Ruud,R,183.0,NOR,25.3,0-6 6-4 6-4,3,R64,139.0,7.0,1.0,78.0,46.0,29.0,14.0,13.0,4.0,9.0,6.0,5.0,90.0,49.0,31.0,21.0,13.0,10.0,14.0,58.0,850.0,7.0,4535.0,2024
2024-0416,Rome Masters,Clay,128,M,2024-05-06,263,106329,,Q,Thiago Monteiro,L,183.0,BRA,29.9,111442,32.0,,Jordan Thompson,R,183.0,AUS,30.0,6-1 6-3,3,R64,88.0,2.0,1.0,47.0,28.0,23.0,11.0,8.0,4.0,4.0,3.0,0.0,58.0,32.0,18.0,10.0,8.0,9.0,13.0,106.0,590.0,35.0,1191.0,2024
2024-0416,Rome Masters,Clay,128,M,2024-05-06,264,111190,,,Zhizhen Zhang,R,193.0,CHN,27.5,105173,19.0,,Adrian Mannarino,L,180.0,FRA,35.8,6-1 6-3,3,R64,71.0,4.0,2.0,49.0,30.0,24.0,11.0,8.0,1.0,1.0,2.0,1.0,45.0,20.0,11.0,10.0,8.0,0.0,4.0,56.0,868.0,21.0,1875.0,2024
2024-0416,Rome Masters,Clay,128,M,2024-05-06,265,210097,12.0,,Ben Shelton,L,193.0,USA,21.5,200303,,,Pavel Kotov,R,191.0,RUS,25.4,4-6 6-3 6-4,3,R64,158.0,2.0,4.0,79.0,46.0,36.0,25.0,15.0,1.0,2.0,0.0,2.0,94.0,57.0,41.0,19.0,14.0,5.0,7.0,14.0,2460.0,63.0,819.0,2024
2024-0416,Rome Masters,Clay,128,M,2024-05-06,266,111575,16.0,,Karen Khachanov,R,198.0,RUS,27.9,207686,,,Alexander Shevchenko,R,185.0,KAZ,23.4,6-4 6-4,3,R64,101.0,6.0,2.0,69.0,37.0,31.0,17.0,10.0,3.0,3.0,3.0,2.0,68.0,36.0,25.0,17.0,10.0,1.0,3.0,18.0,2000.0,60.0,848.0,2024
2024-0416,Rome Masters,Clay,128,M,2024-05-06,267,202103,20.0,,Francisco Cerundolo,R,185.0,ARG,25.7,209263,,,Matteo Gigante,L,180.0,ITA,22.3,6-1 6-3,3,R64,77.0,2.0,1.0,43.0,32.0,24.0,7.0,8.0,3.0,4.0,0.0,1.0,60.0,28.0,14.0,13.0,8.0,9.0,14.0,22.0,1870.0,139.0,456.0,2024
2024-0416,Rome Masters,Clay,128,M,2024-05-06,268,126214,29.0,,Alejandro Tabilo,L,188.0,CHI,26.9,105870,,,Yannick Hanfmann,R,193.0,GER,32.4,6-3 7-6(4),3,R64,120.0,7.0,2.0,89.0,56.0,45.0,12.0,11.0,7.0,8.0,5.0,2.0,73.0,46.0,30.0,14.0,10.0,3.0,5.0,32.0,1320.0,59.0,848.0,2024
2024-0416,Rome Masters,Clay,128,M,2024-05-06,269,104925,1.0,,Novak Djokovic,R,188.0,SRB,36.9,144895,,LL,Corentin Moutet,L,180.0,FRA,25.0,6-3 6-1,3,R64,84.0,1.0,0.0,42.0,26.0,17.0,11.0,8.0,5.0,7.0,0.0,0.0,59.0,45.0,21.0,5.0,8.0,3.0,9.0,1.0,9990.0,83.0,715.0,2024
2024-0416,Rome Masters,Clay,128,M,2024-05-06,261,100644,3.0,,Alexander Zverev,R,198.0,GER,27.0,126846,,,Aleksandar Vukic,R,188.0,AUS,28.0,6-0 6-4,3,R64,79.0,8.0,2.0,46.0,30.0,24.0,10.0,8.0,2.0,2.0,2.0,1.0,60.0,34.0,20.0,11.0,8.0,6.0,10.0,5.0,5435.0,70.0,792.0,2024
2024-0416,Rome Masters,Clay,128,M,2024-05-06,228,200303,,,Pavel Kotov,R,191.0,RUS,25.4,210506,,,Alex Michelsen,R,193.0,USA,19.6,6-1 6-1,3,R128,81.0,4.0,0.0,43.0,32.0,22.0,8.0,7.0,0.0,0.0,0.0,3.0,50.0,34.0,16.0,5.0,7.0,3.0,8.0,63.0,819.0,69.0,798.0,2024
2024-0322,Geneva,Clay,32,A,2024-05-20,299,207830,,,Tomas Machac,R,183.0,CZE,23.6,104925,1.0,,Novak Djokovic,R,188.0,SRB,36.9,6-4 0-6 6-1,3,SF,126.0,4.0,2.0,75.0,46.0,27.0,14.0,11.0,7.0,11.0,4.0,2.0,92.0,60.0,38.0,11.0,12.0,7.0,12.0,44.0,1029.0,1.0,9860.0,2024
2024-7694,Lyon,Clay,32,A,2024-05-20,272,124186,,WC,Alexandre Muller,R,183.0,FRA,27.2,104755,,WC,Richard Gasquet,R,183.0,FRA,37.9,6-4 6-4,3,R32,101.0,3.0,1.0,65.0,39.0,27.0,14.0,10.0,4.0,5.0,7.0,4.0,71.0,40.0,27.0,13.0,10.0,6.0,9.0,90.0,656.0,124.0,515.0,2024
2024-0322,Geneva,Clay,32,A,2024-05-20,275,207925,,,Flavio Cobolli,R,183.0,ITA,22.0,106234,,,Aslan Karatsev,R,185.0,RUS,30.7,7-5 6-1,3,R32,86.0,5.0,1.0,55.0,32.0,23.0,13.0,10.0,2.0,4.0,0.0,5.0,73.0,48.0,28.0,7.0,9.0,10.0,15.0,56.0,860.0,82.0,705.0,2024
2024-0322,Geneva,Clay,32,A,2024-05-20,276,200325,,,Emil Ruusuvuori,R,188.0,FIN,25.1,106218,,,Marcos Giron,R,180.0,USA,30.8,6-3 6-3,3,R32,95.0,3.0,1.0,55.0,34.0,22.0,17.0,9.0,3.0,4.0,5.0,3.0,72.0,41.0,26.0,12.0,9.0,7.0,11.0,66.0,768.0,48.0,1000.0,2024
2024-0322,Geneva,Clay,32,A,2024-05-20,277,207686,,,Alexander Shevchenko,R,185.0,KAZ,23.4,206681,7.0,,Fabian Marozsan,R,193.0,HUN,24.6,6-4 7-6(4),3,R32,91.0,6.0,1.0,74.0,46.0,35.0,15.0,11.0,2.0,3.0,2.0,2.0,71.0,40.0,24.0,20.0,11.0,2.0,4.0,61.0,825.0,41.0,1083.0,2024
2024-0322,Geneva,Clay,32,A,2024-05-20,278,207830,,,Tomas Machac,R,183.0,CZE,23.6,207733,8.0,,Jack Draper,L,193.0,GBR,22.4,7-6(6) 6-1,3,R32,107.0,6.0,3.0,93.0,60.0,44.0,19.0,10.0,4.0,4.0,6.0,5.0,57.0,28.0,23.0,15.0,9.0,1.0,3.0,44.0,1029.0,35.0,1166.0,2024
2024-0322,Geneva,Clay,32,A,2024-05-20,279,134457,,Q,Nicolas Moreno De Alboran,R,185.0,USA,26.8,105676,,Q,David Goffin,R,180.0,BEL,33.4,6-2 6-1,3,R32,68.0,5.0,1.0,52.0,32.0,24.0,13.0,8.0,1.0,1.0,3.0,4.0,45.0,17.0,12.0,9.0,7.0,1.0,5.0,140.0,462.0,115.0,550.0,2024
2024-0322,Geneva,Clay,32,A,2024-05-20,280,210506,,,Alex Michelsen,R,193.0,USA,19.7,206499,,Q,Aleksandar Kovacevic,R,183.0,USA,25.7,3-6 6-3 6-4,3,R32,116.0,5.0,3.0,78.0,55.0,40.0,17.0,14.0,2.0,3.0,5.0,4.0,80.0,47.0,36.0,18.0,14.0,0.0,2.0,65.0,795.0,88.0,668.0,2024
2024-0322,Geneva,Clay,32,A,2024-05-20,282,134868,6.0,,Tallon Griekspoor,R,188.0,NED,27.8,111153,,,Christopher Eubanks,R,201.0,USA,28.0,6-4 1-6 6-3,3,R32,104.0,4.0,3.0,70.0,32.0,23.0,24.0,13.0,1.0,3.0,10.0,4.0,83.0,57.0,44.0,11.0,13.0,5.0,7.0,27.0,1605.0,43.0,1038.0,2024
2024-0322,Geneva,Clay,32,A,2024-05-20,283,133430,,WC,Denis Shapovalov,L,185.0,CAN,25.0,105948,,,Federico Coria,R,180.0,ARG,32.1,7-5 6-0,3,R32,83.0,1.0,2.0,57.0,31.0,22.0,15.0,9.0,3.0,4.0,0.0,0.0,63.0,50.0,25.0,6.0,9.0,2.0,7.0,123.0,515.0,69.0,761.0,2024
2024-0322,Geneva,Clay,32,A,2024-05-20,284,105870,,,Yannick Hanfmann,R,193.0,GER,32.5,104918,,WC,Andy Murray,R,191.0,GBR,37.0,7-5 6-2,3,R32,102.0,4.0,1.0,60.0,43.0,32.0,11.0,10.0,0.0,0.0,2.0,3.0,57.0,23.0,14.0,19.0,10.0,2.0,5.0,85.0,682.0,75.0,728.0,2024
2024-0322,Geneva,Clay,32,A,2024-05-20,286,134770,2.0,,Casper Ruud,R,183.0,NOR,25.4,124116,,Q,Sebastian Ofner,R,191.0,AUT,28.0,4-6 6-2 6-2,3,R16,107.0,4.0,1.0,70.0,42.0,29.0,19.0,13.0,0.0,2.0,1.0,0.0,81.0,39.0,28.0,19.0,13.0,7.0,12.0,7.0,4185.0,45.0,1010.0,2024
2024-0322,Geneva,Clay,32,A,2024-05-20,287,202104,5.0,,Sebastian Baez,R,170.0,ARG,23.3,106148,,,Roberto Carballes Baena,R,183.0,ESP,31.1,6-3 6-0,3,R16,71.0,1.0,1.0,52.0,42.0,29.0,6.0,7.0,6.0,6.0,0.0,1.0,49.0,38.0,19.0,4.0,8.0,4.0,9.0,20.0,1985.0,62.0,811.0,2024
2024-0322,Geneva,Clay,32,A,2024-05-20,288,207925,,,Flavio Cobolli,R,183.0,ITA,22.0,210097,4.0,,Ben Shelton,L,193.0,USA,21.6,4-6 7-6(1) 6-2,3,R16,121.0,6.0,4.0,86.0,60.0,47.0,13.0,15.0,3.0,5.0,8.0,9.0,101.0,61.0,46.0,14.0,15.0,4.0,7.0,56.0,860.0,15.0,2500.0,2024
2024-0322,Geneva,Clay,32,A,2024-05-20,289,207686,,,Alexander Shevchenko,R,185.0,KAZ,23.4,200325,,,Emil Ruusuvuori,R,188.0,FIN,25.1,W/O,3,R16,0.0,,,,,,,,,,,,,,,,,,,61.0,825.0,66.0,768.0,2024
2024-0322,Geneva,Clay,32,A,2024-05-20,290,207830,,,Tomas Machac,R,183.0,CZE,23.6,134457,,Q,Nicolas Moreno De Alboran,R,185.0,USA,26.8,4-6 7-5 6-0,3,R16,116.0,10.0,2.0,86.0,61.0,47.0,13.0,14.0,3.0,4.0,12.0,2.0,81.0,48.0,34.0,14.0,14.0,1.0,5.0,44.0,1029.0,140.0,462.0,2024
2024-0322,Geneva,Clay,32,A,2024-05-20,291,210506,,,Alex Michelsen,R,193.0,USA,19.7,126203,3.0,,Taylor Fritz,R,196.0,USA,26.5,6-4 4-6 7-5,3,R16,159.0,2.0,2.0,95.0,70.0,44.0,15.0,16.0,4.0,8.0,10.0,3.0,118.0,67.0,42.0,22.0,16.0,8.0,13.0,65.0,795.0,12.0,3025.0,2024
2024-0322,Geneva,Clay,32,A,2024-05-20,292,134868,6.0,,Tallon Griekspoor,R,188.0,NED,27.8,133430,,WC,Denis Shapovalov,L,185.0,CAN,25.0,6-7(7) 7-6(4) 6-3,3,R16,142.0,5.0,6.0,104.0,59.0,50.0,28.0,17.0,0.0,1.0,10.0,4.0,97.0,62.0,51.0,20.0,16.0,0.0,2.0,27.0,1605.0,123.0,515.0,2024
2024-0322,Geneva,Clay,32,A,2024-05-20,293,104925,1.0,,Novak Djokovic,R,188.0,SRB,36.9,105870,,,Yannick Hanfmann,R,193.0,GER,32.5,6-3 6-3,3,R16,89.0,3.0,2.0,68.0,45.0,32.0,12.0,9.0,10.0,11.0,3.0,0.0,50.0,42.0,24.0,3.0,9.0,5.0,9.0,1.0,9860.0,85.0,682.0,2024
2024-0322,Geneva,Clay,32,A,2024-05-20,294,134770,2.0,,Casper Ruud,R,183.0,NOR,25.4,202104,5.0,,Sebastian Baez,R,170.0,ARG,23.3,6-3 3-6 6-4,3,QF,123.0,3.0,0.0,79.0,50.0,34.0,16.0,14.0,0.0,3.0,2.0,2.0,84.0,67.0,46.0,6.0,14.0,1.0,5.0,7.0,4185.0,20.0,1985.0,2024
2024-0322,Geneva,Clay,32,A,2024-05-20,295,207925,,,Flavio Cobolli,R,183.0,ITA,22.0,207686,,,Alexander Shevchenko,R,185.0,KAZ,23.4,6-4 6-4,3,QF,82.0,1.0,1.0,69.0,38.0,31.0,14.0,10.0,5.0,6.0,2.0,1.0,56.0,40.0,25.0,11.0,10.0,2.0,5.0,56.0,860.0,61.0,825.0,2024
2024-0322,Geneva,Clay,32,A,2024-05-20,296,207830,,,Tomas Machac,R,183.0,CZE,23.6,210506,,,Alex Michelsen,R,193.0,USA,19.7,6-3 7-6(2),3,QF,89.0,5.0,2.0,62.0,41.0,33.0,12.0,11.0,1.0,2.0,1.0,1.0,57.0,43.0,31.0,6.0,10.0,1.0,3.0,44.0,1029.0,65.0,795.0,2024
2024-0322,Geneva,Clay,32,A,2024-05-20,297,104925,1.0,,Novak Djokovic,R,188.0,SRB,36.9,134868,6.0,,Tallon Griekspoor,R,188.0,NED,27.8,7-5 6-1,3,QF,77.0,4.0,1.0,53.0,38.0,33.0,7.0,9.0,7.0,7.0,4.0,5.0,55.0,32.0,23.0,9.0,10.0,5.0,9.0,1.0,9860.0,27.0,1605.0,2024
2024-0322,Geneva,Clay,32,A,2024-05-20,298,134770,2.0,,Casper Ruud,R,183.0,NOR,25.4,207925,,,Flavio Cobolli,R,183.0,ITA,22.0,1-6 6-1 7-6(4),3,SF,110.0,2.0,2.0,77.0,49.0,32.0,18.0,13.0,3.0,6.0,8.0,1.0,83.0,51.0,34.0,16.0,13.0,6.0,9.0,7.0,4185.0,56.0,860.0,2024
2024-0322,Geneva,Clay,32,A,2024-05-20,300,134770,2.0,,Casper Ruud,R,183.0,NOR,25.4,207830,,,Tomas Machac,R,183.0,CZE,23.6,7-5 6-3,3,F,107.0,2.0,0.0,74.0,48.0,33.0,14.0,11.0,0.0,1.0,3.0,3.0,71.0,38.0,23.0,18.0,10.0,1.0,4.0,7.0,4185.0,44.0,1029.0,2024
2024-7694,Lyon,Clay,32,A,2024-05-20,271,126846,,,Aleksandar Vukic,R,188.0,AUS,28.1,111456,,,Mackenzie Mcdonald,R,178.0,USA,29.0,6-2 6-2,3,R32,75.0,8.0,0.0,46.0,25.0,21.0,11.0,8.0,2.0,3.0,1.0,2.0,56.0,36.0,19.0,6.0,8.0,3.0,8.0,93.0,647.0,74.0,735.0,2024
2024-0322,Geneva,Clay,32,A,2024-05-20,272,106148,,,Roberto Carballes Baena,R,183.0,ESP,31.1,127157,,,Daniel Altmaier,R,188.0,GER,25.6,7-6(2) 6-4,3,R32,129.0,0.0,1.0,78.0,50.0,36.0,18.0,11.0,5.0,6.0,5.0,0.0,78.0,34.0,24.0,24.0,11.0,6.0,8.0,62.0,811.0,83.0,702.0,2024
2024-0322,Geneva,Clay,32,A,2024-05-20,273,202104,5.0,,Sebastian Baez,R,170.0,ARG,23.3,111576,,,Sumit Nagal,R,178.0,IND,26.7,7-6(7) 6-3,3,R32,99.0,2.0,1.0,71.0,55.0,40.0,10.0,11.0,0.0,1.0,0.0,0.0,59.0,43.0,30.0,10.0,10.0,1.0,3.0,20.0,1985.0,94.0,646.0,2024
2024-7694,Lyon,Clay,32,A,2024-05-20,300,208659,,WC,Giovanni Mpetshi Perricard,R,203.0,FRA,20.8,144869,6.0,,Tomas Martin Etcheverry,R,196.0,ARG,24.8,6-4 1-6 7-6(7),3,F,148.0,11.0,2.0,105.0,75.0,51.0,13.0,15.0,9.0,14.0,5.0,2.0,97.0,66.0,43.0,19.0,14.0,3.0,6.0,117.0,541.0,29.0,1410.0,2024
2024-7694,Lyon,Clay,32,A,2024-05-20,273,200303,,,Pavel Kotov,R,191.0,RUS,25.5,106398,,LL,Pedro Cachin,R,185.0,ARG,29.1,6-1 6-4,3,R32,69.0,6.0,1.0,38.0,24.0,22.0,10.0,8.0,0.0,0.0,0.0,2.0,53.0,32.0,18.0,10.0,9.0,2.0,6.0,57.0,849.0,106.0,597.0,2024
2024-7694,Lyon,Clay,32,A,2024-05-20,275,200384,,Q,Hugo Gaston,L,173.0,FRA,23.6,123755,,Q,Daniel Elahi Galan,R,191.0,COL,27.9,7-6(2) 7-6(4),3,R32,155.0,3.0,2.0,96.0,48.0,34.0,24.0,12.0,8.0,11.0,4.0,2.0,108.0,68.0,42.0,17.0,12.0,9.0,12.0,104.0,610.0,105.0,606.0,2024
2024-7694,Lyon,Clay,32,A,2024-05-20,276,208659,,WC,Giovanni Mpetshi Perricard,R,203.0,FRA,20.8,132283,,,Lorenzo Sonego,R,191.0,ITA,29.0,6-3 6-4,3,R32,79.0,8.0,0.0,50.0,34.0,28.0,12.0,10.0,0.0,0.0,2.0,3.0,53.0,37.0,28.0,7.0,9.0,2.0,4.0,117.0,541.0,50.0,991.0,2024
2024-7694,Lyon,Clay,32,A,2024-05-20,277,106415,,,Yoshihito Nishioka,L,170.0,JPN,28.6,110751,,LL,Sebastian Fanselow,R,,GER,32.3,6-0 6-1,3,R32,62.0,0.0,0.0,37.0,25.0,19.0,11.0,7.0,1.0,1.0,1.0,3.0,49.0,27.0,15.0,6.0,6.0,6.0,11.0,72.0,741.0,316.0,166.0,2024
2024-7694,Lyon,Clay,32,A,2024-05-20,278,126207,5.0,,Frances Tiafoe,R,188.0,USA,26.3,144719,,,Jaume Munar,R,183.0,ESP,27.0,7-6(5) 6-4,3,R32,116.0,3.0,0.0,68.0,39.0,30.0,17.0,11.0,4.0,6.0,6.0,6.0,83.0,59.0,42.0,7.0,11.0,3.0,6.0,26.0,1615.0,63.0,810.0,2024
2024-7694,Lyon,Clay,32,A,2024-05-20,279,126239,,,Arthur Rinderknech,R,196.0,FRA,28.8,105554,,,Daniel Evans,R,175.0,GBR,33.9,6-3 4-6 7-6(6),3,R32,179.0,20.0,2.0,93.0,61.0,48.0,16.0,15.0,6.0,8.0,4.0,4.0,114.0,60.0,42.0,29.0,16.0,7.0,10.0,73.0,739.0,60.0,831.0,2024
2024-7694,Lyon,Clay,32,A,2024-05-20,280,209260,,,Luciano Darderi,R,183.0,ITA,22.2,106121,,Q,Taro Daniel,R,191.0,JPN,31.3,7-5 7-6(3),3,R32,117.0,6.0,2.0,87.0,45.0,34.0,21.0,12.0,4.0,7.0,9.0,3.0,75.0,41.0,29.0,15.0,12.0,5.0,9.0,47.0,1002.0,81.0,713.0,2024
2024-7694,Lyon,Clay,32,A,2024-05-20,282,144869,6.0,,Tomas Martin Etcheverry,R,196.0,ARG,24.8,207663,,Q,Nikolas Sanchez Izquierdo,R,185.0,ESP,25.1,1-6 6-2 6-2,3,R32,159.0,4.0,2.0,78.0,46.0,31.0,13.0,11.0,7.0,11.0,2.0,4.0,81.0,52.0,32.0,8.0,12.0,4.0,10.0,29.0,1410.0,260.0,221.0,2024
2024-7694,Lyon,Clay,32,A,2024-05-20,283,205734,,,Thiago Seyboth Wild,R,185.0,BRA,24.1,124079,,,Pedro Martinez,R,185.0,ESP,27.0,6-4 6-1,3,R32,78.0,6.0,2.0,50.0,26.0,19.0,13.0,9.0,1.0,3.0,0.0,4.0,58.0,45.0,24.0,4.0,8.0,2.0,7.0,58.0,837.0,49.0,995.0,2024
2024-7694,Lyon,Clay,32,A,2024-05-20,284,136440,,,Dominik Koepfer,L,180.0,GER,30.0,200266,,LL,Javier Barranco Cosano,L,180.0,ESP,25.5,6-4 6-7(4) 6-4,3,R32,154.0,3.0,3.0,94.0,57.0,43.0,25.0,16.0,3.0,4.0,2.0,4.0,111.0,71.0,49.0,23.0,16.0,7.0,10.0,67.0,767.0,254.0,233.0,2024
2024-0322,Geneva,Clay,32,A,2024-05-20,271,124116,,Q,Sebastian Ofner,R,191.0,AUT,28.0,208014,,,Rinky Hijikata,R,178.0,AUS,23.2,4-6 6-4 6-3,3,R32,119.0,6.0,2.0,79.0,40.0,33.0,18.0,15.0,2.0,6.0,0.0,2.0,85.0,52.0,33.0,14.0,14.0,4.0,9.0,45.0,1010.0,78.0,723.0,2024
2024-7694,Lyon,Clay,32,A,2024-05-20,287,200303,,,Pavel Kotov,R,191.0,RUS,25.5,124186,,WC,Alexandre Muller,R,183.0,FRA,27.2,7-6(8) 6-1,3,R16,94.0,2.0,4.0,69.0,44.0,34.0,12.0,10.0,1.0,2.0,1.0,1.0,56.0,40.0,25.0,8.0,9.0,0.0,3.0,57.0,849.0,90.0,656.0,2024
2024-7694,Lyon,Clay,32,A,2024-05-20,286,122330,2.0,,Alexander Bublik,R,196.0,KAZ,26.9,126846,,,Aleksandar Vukic,R,188.0,AUS,28.1,6-4 6-2,3,R16,69.0,10.0,4.0,53.0,29.0,24.0,15.0,9.0,2.0,2.0,3.0,0.0,52.0,27.0,21.0,12.0,9.0,0.0,3.0,19.0,2020.0,93.0,647.0,2024
2024-7694,Lyon,Clay,32,A,2024-05-20,289,208659,,WC,Giovanni Mpetshi Perricard,R,203.0,FRA,20.8,106415,,,Yoshihito Nishioka,L,170.0,JPN,28.6,W/O,3,R16,0.0,,,,,,,,,,,,,,,,,,,117.0,541.0,72.0,741.0,2024
2024-7694,Lyon,Clay,32,A,2024-05-20,290,126239,,,Arthur Rinderknech,R,196.0,FRA,28.8,126207,5.0,,Frances Tiafoe,R,188.0,USA,26.3,7-6(7) 6-4,3,R16,132.0,8.0,5.0,82.0,43.0,37.0,19.0,11.0,8.0,9.0,13.0,2.0,88.0,49.0,37.0,17.0,11.0,7.0,9.0,73.0,739.0,26.0,1615.0,2024
2024-7694,Lyon,Clay,32,A,2024-05-20,291,209260,,,Luciano Darderi,R,183.0,ITA,22.2,105173,3.0,,Adrian Mannarino,L,180.0,FRA,35.8,7-6(4) 6-3,3,R16,120.0,3.0,0.0,69.0,53.0,40.0,8.0,11.0,2.0,4.0,6.0,0.0,81.0,47.0,33.0,13.0,10.0,9.0,12.0,47.0,1002.0,22.0,1865.0,2024
2024-7694,Lyon,Clay,32,A,2024-05-20,292,144869,6.0,,Tomas Martin Etcheverry,R,196.0,ARG,24.8,205734,,,Thiago Seyboth Wild,R,185.0,BRA,24.1,7-5 3-0 RET,3,R16,100.0,3.0,1.0,55.0,39.0,29.0,6.0,8.0,6.0,7.0,0.0,2.0,52.0,33.0,18.0,8.0,7.0,5.0,8.0,29.0,1410.0,58.0,837.0,2024
2024-7694,Lyon,Clay,32,A,2024-05-20,293,136440,,,Dominik Koepfer,L,180.0,GER,30.0,200005,1.0,,Ugo Humbert,L,188.0,FRA,25.9,2-6 6-4 6-4,3,R16,124.0,6.0,2.0,76.0,54.0,34.0,11.0,14.0,5.0,9.0,2.0,2.0,93.0,62.0,41.0,13.0,14.0,1.0,5.0,67.0,767.0,17.0,2285.0,2024
2024-7694,Lyon,Clay,32,A,2024-05-20,294,122330,2.0,,Alexander Bublik,R,196.0,KAZ,26.9,200303,,,Pavel Kotov,R,191.0,RUS,25.5,6-7(4) 7-6(4) 6-3,3,QF,191.0,11.0,8.0,136.0,87.0,60.0,23.0,17.0,13.0,17.0,3.0,2.0,115.0,79.0,46.0,21.0,16.0,3.0,8.0,19.0,2020.0,57.0,849.0,2024
2024-7694,Lyon,Clay,32,A,2024-05-20,295,208659,,WC,Giovanni Mpetshi Perricard,R,203.0,FRA,20.8,200384,,Q,Hugo Gaston,L,173.0,FRA,23.6,6-4 4-6 6-3,3,QF,118.0,13.0,6.0,93.0,59.0,43.0,17.0,15.0,7.0,10.0,1.0,3.0,99.0,66.0,44.0,14.0,14.0,7.0,11.0,117.0,541.0,104.0,610.0,2024
2024-7694,Lyon,Clay,32,A,2024-05-20,296,209260,,,Luciano Darderi,R,183.0,ITA,22.2,126239,,,Arthur Rinderknech,R,196.0,FRA,28.8,W/O,3,QF,0.0,,,,,,,,,,,,,,,,,,,47.0,1002.0,73.0,739.0,2024
2024-7694,Lyon,Clay,32,A,2024-05-20,297,144869,6.0,,Tomas Martin Etcheverry,R,196.0,ARG,24.8,136440,,,Dominik Koepfer,L,180.0,GER,30.0,6-4 6-1,3,QF,100.0,2.0,0.0,76.0,55.0,37.0,9.0,9.0,14.0,15.0,1.0,2.0,41.0,23.0,12.0,7.0,8.0,1.0,5.0,29.0,1410.0,67.0,767.0,2024
2024-7694,Lyon,Clay,32,A,2024-05-20,298,208659,,WC,Giovanni Mpetshi Perricard,R,203.0,FRA,20.8,122330,2.0,,Alexander Bublik,R,196.0,KAZ,26.9,6-4 7-5,3,SF,77.0,3.0,2.0,55.0,40.0,34.0,8.0,11.0,1.0,2.0,8.0,8.0,82.0,49.0,31.0,15.0,11.0,7.0,10.0,117.0,541.0,19.0,2020.0,2024
2024-7694,Lyon,Clay,32,A,2024-05-20,299,144869,6.0,,Tomas Martin Etcheverry,R,196.0,ARG,24.8,209260,,,Luciano Darderi,R,183.0,ITA,22.2,6-2 6-4,3,SF,90.0,8.0,1.0,52.0,30.0,25.0,14.0,9.0,3.0,3.0,1.0,2.0,53.0,28.0,17.0,14.0,9.0,3.0,6.0,29.0,1410.0,47.0,1002.0,2024
2024-7694,Lyon,Clay,32,A,2024-05-20,288,200384,,Q,Hugo Gaston,L,173.0,FRA,23.6,202103,4.0,,Francisco Cerundolo,R,185.0,ARG,25.7,6-2 2-6 6-3,3,R16,97.0,2.0,1.0,75.0,48.0,30.0,14.0,12.0,2.0,5.0,4.0,0.0,75.0,52.0,30.0,13.0,13.0,3.0,8.0,104.0,610.0,23.0,1740.0,2024
2024-520,Roland Garros,Clay,128,G,2024-05-27,277,105526,,,Jan Lennard Struff,R,193.0,GER,34.0,208882,,Q,Roman Andres Burruchaga,R,183.0,ARG,22.3,6-3 6-2 6-1,5,R128,,9.0,2.0,70.0,38.0,31.0,20.0,12.0,1.0,1.0,0.0,4.0,83.0,57.0,31.0,9.0,12.0,10.0,16.0,41.0,1090.0,144.0,431.0,2024
2024-520,Roland Garros,Clay,128,G,2024-05-27,275,111190,,,Zhizhen Zhang,R,193.0,CHN,27.6,126846,,,Aleksandar Vukic,R,188.0,AUS,28.1,6-4 4-6 6-3 7-5,5,R128,,18.0,2.0,112.0,69.0,57.0,25.0,21.0,1.0,3.0,17.0,1.0,134.0,72.0,53.0,30.0,20.0,8.0,12.0,44.0,1056.0,89.0,672.0,2024
2024-520,Roland Garros,Clay,128,G,2024-05-27,276,104527,,,Stan Wawrinka,R,183.0,SUI,39.1,104918,,,Andy Murray,R,191.0,GBR,37.0,6-4 6-4 6-2,5,R128,,3.0,2.0,89.0,48.0,38.0,23.0,14.0,2.0,2.0,5.0,1.0,81.0,45.0,32.0,18.0,14.0,6.0,10.0,98.0,628.0,75.0,728.0,2024
2024-520,Roland Garros,Clay,128,G,2024-05-27,278,202260,,Q,Henri Squire,R,196.0,GER,23.6,126845,,,Max Purcell,R,185.0,AUS,26.1,6-2 6-2 3-6 4-6 7-6(10),5,R128,,10.0,6.0,149.0,96.0,68.0,30.0,23.0,8.0,13.0,7.0,3.0,157.0,85.0,53.0,42.0,24.0,5.0,12.0,221.0,280.0,94.0,647.0,2024
2024-520,Roland Garros,Clay,128,G,2024-05-27,305,106148,,,Roberto Carballes Baena,R,183.0,ESP,31.1,106005,,,Constant Lestienne,R,180.0,FRA,32.0,6-3 7-5 4-6 6-2,5,R128,,2.0,2.0,117.0,78.0,50.0,22.0,19.0,5.0,10.0,2.0,2.0,128.0,87.0,50.0,18.0,20.0,13.0,22.0,63.0,816.0,91.0,669.0,2024
2024-520,Roland Garros,Clay,128,G,2024-05-27,280,133430,,,Denis Shapovalov,L,185.0,CAN,25.1,209414,,,Luca Van Assche,R,178.0,FRA,20.0,6-3 6-4 6-4,5,R128,,8.0,5.0,92.0,52.0,41.0,24.0,15.0,3.0,3.0,1.0,1.0,76.0,44.0,32.0,20.0,14.0,3.0,6.0,118.0,540.0,103.0,613.0,2024
2024-520,Roland Garros,Clay,128,G,2024-05-27,371,144895,,,Corentin Moutet,L,180.0,FRA,25.1,124116,,,Sebastian Ofner,R,191.0,AUT,28.0,3-6 6-4 6-4 6-1,5,R32,,5.0,0.0,102.0,79.0,53.0,16.0,18.0,8.0,13.0,1.0,1.0,106.0,81.0,46.0,13.0,18.0,4.0,12.0,79.0,720.0,45.0,1038.0,2024
2024-520,Roland Garros,Clay,128,G,2024-05-27,370,104925,1.0,,Novak Djokovic,R,188.0,SRB,37.0,106148,,,Roberto Carballes Baena,R,183.0,ESP,31.1,6-4 6-1 6-2,5,R64,,5.0,1.0,73.0,46.0,33.0,16.0,13.0,1.0,3.0,2.0,3.0,78.0,48.0,23.0,12.0,12.0,5.0,12.0,1.0,9960.0,63.0,816.0,2024
2024-520,Roland Garros,Clay,128,G,2024-05-27,369,206173,2.0,,Jannik Sinner,R,191.0,ITA,22.7,104755,,WC,Richard Gasquet,R,183.0,FRA,37.9,6-4 6-2 6-4,5,R64,,8.0,3.0,76.0,58.0,46.0,9.0,14.0,1.0,2.0,0.0,4.0,92.0,45.0,28.0,21.0,14.0,2.0,7.0,2.0,8770.0,124.0,515.0,2024
2024-520,Roland Garros,Clay,128,G,2024-05-27,368,207989,3.0,,Carlos Alcaraz,R,183.0,ESP,21.0,207411,,Q,Jesper De Jong,R,180.0,NED,23.9,6-3 6-4 2-6 6-2,5,R64,,2.0,2.0,112.0,78.0,50.0,17.0,17.0,7.0,12.0,2.0,7.0,124.0,72.0,40.0,23.0,18.0,10.0,18.0,3.0,7300.0,176.0,344.0,2024
2024-520,Roland Garros,Clay,128,G,2024-05-27,367,100644,4.0,,Alexander Zverev,R,198.0,GER,27.1,105676,,,David Goffin,R,180.0,BEL,33.4,7-6(4) 6-2 6-2,5,R64,,8.0,3.0,82.0,59.0,46.0,15.0,14.0,2.0,2.0,3.0,5.0,102.0,58.0,41.0,19.0,14.0,6.0,10.0,4.0,6305.0,115.0,543.0,2024
2024-520,Roland Garros,Clay,128,G,2024-05-27,366,106421,5.0,,Daniil Medvedev,R,198.0,RUS,28.2,200175,,,Miomir Kecmanovic,R,183.0,SRB,24.7,6-1 5-0 RET,5,R64,,6.0,1.0,31.0,27.0,23.0,1.0,6.0,0.0,0.0,1.0,1.0,44.0,26.0,13.0,5.0,6.0,4.0,9.0,5.0,6295.0,57.0,880.0,2024
2024-520,Roland Garros,Clay,128,G,2024-05-27,365,126094,6.0,,Andrey Rublev,R,188.0,RUS,26.6,124079,,,Pedro Martinez,R,185.0,ESP,27.0,6-3 6-4 6-3,5,R64,,10.0,2.0,85.0,54.0,43.0,19.0,14.0,1.0,2.0,2.0,4.0,96.0,63.0,38.0,15.0,14.0,9.0,14.0,6.0,4700.0,48.0,995.0,2024
2024-520,Roland Garros,Clay,128,G,2024-05-27,364,134770,7.0,,Casper Ruud,R,183.0,NOR,25.4,200221,,,Alejandro Davidovich Fokina,R,183.0,ESP,24.9,7-6(5) 1-6 6-3 4-6 6-3,5,R64,,11.0,3.0,146.0,97.0,67.0,23.0,23.0,9.0,14.0,4.0,4.0,161.0,115.0,75.0,21.0,24.0,9.0,14.0,7.0,4425.0,32.0,1280.0,2024
2024-520,Roland Garros,Clay,128,G,2024-05-27,363,128034,8.0,,Hubert Hurkacz,R,196.0,POL,27.2,206909,,,Brandon Nakashima,R,188.0,USA,22.8,6-7(2) 6-1 6-3 7-6(5),5,R64,,16.0,2.0,130.0,81.0,67.0,26.0,20.0,8.0,8.0,16.0,2.0,137.0,88.0,63.0,24.0,20.0,7.0,11.0,8.0,3885.0,84.0,700.0,2024
2024-520,Roland Garros,Clay,128,G,2024-05-27,362,126774,9.0,,Stefanos Tsitsipas,R,193.0,GRE,25.7,127157,,,Daniel Altmaier,R,188.0,GER,25.7,6-3 6-2 6-7(2) 6-4,5,R64,,7.0,3.0,127.0,85.0,54.0,29.0,20.0,2.0,3.0,10.0,2.0,117.0,78.0,51.0,19.0,19.0,2.0,7.0,9.0,3700.0,83.0,702.0,2024
2024-520,Roland Garros,Clay,128,G,2024-05-27,361,105777,10.0,,Grigor Dimitrov,R,191.0,BUL,33.0,206681,,,Fabian Marozsan,R,193.0,HUN,24.6,6-0 6-3 6-4,5,R64,,7.0,2.0,71.0,38.0,34.0,17.0,13.0,1.0,2.0,0.0,3.0,68.0,43.0,26.0,9.0,12.0,5.0,11.0,10.0,3555.0,43.0,1083.0,2024
2024-520,Roland Garros,Clay,128,G,2024-05-27,360,200282,11.0,,Alex De Minaur,R,183.0,AUS,25.2,144719,,,Jaume Munar,R,183.0,ESP,27.0,7-5 6-1 6-4,5,R64,,1.0,3.0,81.0,54.0,30.0,25.0,14.0,2.0,4.0,1.0,12.0,99.0,60.0,34.0,18.0,15.0,6.0,13.0,11.0,3490.0,64.0,810.0,2024
2024-520,Roland Garros,Clay,128,G,2024-05-27,359,126203,12.0,,Taylor Fritz,R,196.0,USA,26.5,105583,,,Dusan Lajovic,R,183.0,SRB,33.9,6-3 3-6 6-3 6-4,5,R64,,15.0,2.0,109.0,73.0,57.0,20.0,19.0,4.0,6.0,1.0,1.0,102.0,73.0,51.0,14.0,18.0,4.0,8.0,12.0,2980.0,61.0,831.0,2024
2024-520,Roland Garros,Clay,128,G,2024-05-27,358,208029,13.0,,Holger Rune,R,188.0,DEN,21.0,207925,,,Flavio Cobolli,R,183.0,ITA,22.0,6-4 6-3 3-6 3-6 7-6(7),5,R64,,3.0,7.0,152.0,79.0,58.0,42.0,24.0,6.0,10.0,14.0,6.0,173.0,94.0,70.0,40.0,25.0,15.0,19.0,13.0,2700.0,53.0,940.0,2024
2024-520,Roland Garros,Clay,128,G,2024-05-27,357,126205,14.0,,Tommy Paul,R,185.0,USA,27.0,104926,,,Fabio Fognini,R,178.0,ITA,37.0,6-1 6-0 6-2,5,R64,,7.0,0.0,62.0,31.0,24.0,22.0,11.0,0.0,0.0,0.0,2.0,65.0,38.0,15.0,13.0,10.0,4.0,11.0,14.0,2655.0,93.0,648.0,2024
2024-520,Roland Garros,Clay,128,G,2024-05-27,356,210097,15.0,,Ben Shelton,L,193.0,USA,21.6,105453,,,Kei Nishikori,R,178.0,JPN,34.4,7-6(7) 6-4 RET,5,R64,,9.0,5.0,74.0,50.0,39.0,12.0,11.0,2.0,3.0,0.0,3.0,87.0,62.0,41.0,12.0,11.0,4.0,6.0,15.0,2500.0,350.0,143.0,2024
2024-520,Roland Garros,Clay,128,G,2024-05-27,355,106075,,LL,Jozef Kovalik,R,183.0,SVK,31.5,111575,18.0,,Karen Khachanov,R,198.0,RUS,28.0,4-6 4-6 6-4 6-3 6-4,5,R64,,9.0,3.0,159.0,98.0,60.0,42.0,25.0,13.0,18.0,11.0,7.0,146.0,92.0,67.0,25.0,24.0,7.0,13.0,145.0,427.0,18.0,2090.0,2024
2024-520,Roland Garros,Clay,128,G,2024-05-27,354,105526,,,Jan Lennard Struff,R,193.0,GER,34.0,122330,19.0,,Alexander Bublik,R,196.0,KAZ,26.9,6-2 6-2 6-3,5,R64,,8.0,3.0,69.0,43.0,38.0,14.0,13.0,1.0,2.0,11.0,7.0,83.0,45.0,27.0,15.0,12.0,7.0,13.0,41.0,1090.0,17.0,2110.0,2024
2024-520,Roland Garros,Clay,128,G,2024-05-27,353,124116,,,Sebastian Ofner,R,191.0,AUT,28.0,202104,20.0,,Sebastian Baez,R,170.0,ARG,23.4,3-6 3-6 6-4 7-5 7-6(5),5,R64,,6.0,2.0,190.0,115.0,71.0,43.0,26.0,12.0,19.0,7.0,2.0,166.0,130.0,79.0,23.0,26.0,8.0,14.0,45.0,1038.0,20.0,1990.0,2024
2024-520,Roland Garros,Clay,128,G,2024-05-27,352,200000,21.0,,Felix Auger Aliassime,R,193.0,CAN,23.8,202260,,Q,Henri Squire,R,196.0,GER,23.6,6-4 4-6 6-3 6-2,5,R64,,12.0,4.0,108.0,62.0,49.0,24.0,18.0,5.0,9.0,5.0,5.0,111.0,65.0,47.0,15.0,18.0,4.0,11.0,21.0,1885.0,221.0,280.0,2024
2024-520,Roland Garros,Clay,128,G,2024-05-27,351,202103,23.0,,Francisco Cerundolo,R,185.0,ARG,25.7,209209,,Q,Filip Misolic,R,180.0,AUT,22.8,6-2 7-6(2) 6-0,5,R64,,4.0,2.0,76.0,41.0,33.0,20.0,13.0,3.0,5.0,2.0,2.0,103.0,55.0,31.0,19.0,13.0,3.0,10.0,27.0,1590.0,243.0,255.0,2024
2024-520,Roland Garros,Clay,128,G,2024-05-27,350,133430,,,Denis Shapovalov,L,185.0,CAN,25.1,126207,25.0,,Frances Tiafoe,R,188.0,USA,26.3,6-7(4) 6-4 6-2 6-4,5,R64,,21.0,10.0,138.0,97.0,62.0,32.0,19.0,19.0,20.0,1.0,4.0,147.0,110.0,52.0,37.0,20.0,9.0,14.0,118.0,540.0,26.0,1630.0,2024
2024-520,Roland Garros,Clay,128,G,2024-05-27,349,134868,26.0,,Tallon Griekspoor,R,188.0,NED,27.9,209260,,,Luciano Darderi,R,183.0,ITA,22.2,7-6(2) 6-3 6-3,5,R64,,15.0,5.0,94.0,59.0,42.0,25.0,14.0,4.0,5.0,4.0,4.0,100.0,61.0,40.0,18.0,15.0,4.0,8.0,25.0,1635.0,40.0,1092.0,2024
2024-520,Roland Garros,Clay,128,G,2024-05-27,284,206909,,,Brandon Nakashima,R,188.0,USA,22.8,134457,,WC,Nicolas Moreno De Alboran,R,185.0,USA,26.8,6-1 6-7(6) 6-3 6-2,5,R128,,13.0,1.0,106.0,71.0,61.0,24.0,19.0,2.0,2.0,9.0,4.0,127.0,78.0,49.0,26.0,17.0,10.0,15.0,84.0,700.0,130.0,497.0,2024
2024-520,Roland Garros,Clay,128,G,2024-05-27,285,144719,,,Jaume Munar,R,183.0,ESP,27.0,105138,,,Roberto Bautista Agut,R,183.0,ESP,36.1,6-1 4-6 6-4 6-1,5,R128,,4.0,3.0,107.0,65.0,48.0,20.0,17.0,8.0,11.0,0.0,1.0,128.0,81.0,38.0,25.0,17.0,11.0,19.0,64.0,810.0,81.0,715.0,2024
2024-520,Roland Garros,Clay,128,G,2024-05-27,372,200000,21.0,,Felix Auger Aliassime,R,193.0,CAN,23.8,210097,15.0,,Ben Shelton,L,193.0,USA,21.6,6-4 6-2 6-1,5,R32,,2.0,4.0,63.0,37.0,32.0,17.0,12.0,0.0,0.0,3.0,6.0,98.0,68.0,37.0,11.0,13.0,5.0,11.0,21.0,1885.0,15.0,2500.0,2024
2024-520,Roland Garros,Clay,128,G,2024-05-27,373,202103,23.0,,Francisco Cerundolo,R,185.0,ARG,25.7,126205,14.0,,Tommy Paul,R,185.0,USA,27.0,3-6 6-3 6-3 6-2,5,R32,,1.0,5.0,106.0,78.0,50.0,12.0,17.0,5.0,10.0,3.0,0.0,115.0,64.0,35.0,23.0,18.0,10.0,19.0,27.0,1590.0,14.0,2655.0,2024
2024-520,Roland Garros,Clay,128,G,2024-05-27,374,208029,13.0,,Holger Rune,R,188.0,DEN,21.0,106075,,LL,Jozef Kovalik,R,183.0,SVK,31.5,7-5 6-1 7-6(2),5,R32,,5.0,8.0,100.0,53.0,38.0,29.0,16.0,4.0,6.0,1.0,6.0,103.0,64.0,35.0,21.0,15.0,6.0,11.0,13.0,2700.0,145.0,427.0,2024
2024-520,Roland Garros,Clay,128,G,2024-05-27,279,207686,,,Alexander Shevchenko,R,185.0,KAZ,23.4,106234,,,Aslan Karatsev,R,185.0,RUS,30.7,6-4 4-6 1-6 6-1 6-4,5,R128,,13.0,4.0,161.0,89.0,54.0,34.0,21.0,14.0,22.0,1.0,3.0,130.0,89.0,59.0,13.0,22.0,6.0,15.0,59.0,855.0,82.0,705.0,2024
2024-520,Roland Garros,Clay,128,G,2024-05-27,400,207989,3.0,,Carlos Alcaraz,R,183.0,ESP,21.0,206173,2.0,,Jannik Sinner,R,191.0,ITA,22.7,2-6 6-3 3-6 6-4 6-3,5,SF,,8.0,7.0,157.0,103.0,68.0,25.0,23.0,4.0,10.0,7.0,8.0,135.0,76.0,56.0,27.0,22.0,8.0,14.0,3.0,7300.0,2.0,8770.0,2024
2024-520,Roland Garros,Clay,128,G,2024-05-27,399,100644,4.0,,Alexander Zverev,R,198.0,GER,27.1,134770,7.0,,Casper Ruud,R,183.0,NOR,25.4,2-6 6-2 6-4 6-2,5,SF,,19.0,4.0,82.0,56.0,48.0,14.0,17.0,1.0,3.0,4.0,0.0,106.0,71.0,49.0,14.0,17.0,7.0,12.0,4.0,6305.0,7.0,4425.0,2024
2024-520,Roland Garros,Clay,128,G,2024-05-27,398,134770,7.0,,Casper Ruud,R,183.0,NOR,25.4,104925,1.0,,Novak Djokovic,R,188.0,SRB,37.0,W/O,5,QF,,,,,,,,,,,,,,,,,,,,7.0,4425.0,1.0,9960.0,2024
2024-520,Roland Garros,Clay,128,G,2024-05-27,397,206173,2.0,,Jannik Sinner,R,191.0,ITA,22.7,105777,10.0,,Grigor Dimitrov,R,191.0,BUL,33.0,6-2 6-4 7-6(3),5,QF,,8.0,0.0,89.0,53.0,43.0,23.0,15.0,1.0,2.0,5.0,5.0,106.0,67.0,45.0,17.0,15.0,6.0,10.0,2.0,8770.0,10.0,3555.0,2024
2024-520,Roland Garros,Clay,128,G,2024-05-27,396,207989,3.0,,Carlos Alcaraz,R,183.0,ESP,21.0,126774,9.0,,Stefanos Tsitsipas,R,193.0,GRE,25.7,6-3 7-6(3) 6-4,5,QF,,3.0,1.0,84.0,61.0,45.0,17.0,15.0,1.0,2.0,2.0,4.0,98.0,60.0,39.0,20.0,16.0,2.0,6.0,3.0,7300.0,9.0,3700.0,2024
2024-520,Roland Garros,Clay,128,G,2024-05-27,395,100644,4.0,,Alexander Zverev,R,198.0,GER,27.1,200282,11.0,,Alex De Minaur,R,183.0,AUS,25.2,6-4 7-6(5) 6-4,5,QF,,2.0,5.0,110.0,76.0,53.0,15.0,16.0,5.0,8.0,3.0,4.0,91.0,45.0,28.0,27.0,16.0,1.0,6.0,4.0,6305.0,11.0,3490.0,2024
2024-520,Roland Garros,Clay,128,G,2024-05-27,394,104925,1.0,,Novak Djokovic,R,188.0,SRB,37.0,202103,23.0,,Francisco Cerundolo,R,185.0,ARG,25.7,6-1 5-7 3-6 7-5 6-3,5,R16,,6.0,2.0,183.0,123.0,85.0,30.0,25.0,15.0,19.0,3.0,2.0,146.0,95.0,58.0,32.0,24.0,5.0,11.0,1.0,9960.0,27.0,1590.0,2024
2024-520,Roland Garros,Clay,128,G,2024-05-27,393,206173,2.0,,Jannik Sinner,R,191.0,ITA,22.7,144895,,,Corentin Moutet,L,180.0,FRA,25.1,2-6 6-3 6-2 6-1,5,R16,,5.0,5.0,95.0,62.0,45.0,14.0,16.0,2.0,6.0,1.0,2.0,99.0,71.0,39.0,8.0,16.0,6.0,14.0,2.0,8770.0,79.0,720.0,2024
2024-520,Roland Garros,Clay,128,G,2024-05-27,392,207989,3.0,,Carlos Alcaraz,R,183.0,ESP,21.0,200000,21.0,,Felix Auger Aliassime,R,193.0,CAN,23.8,6-3 6-3 6-1,5,R16,,1.0,2.0,79.0,53.0,40.0,14.0,13.0,4.0,5.0,0.0,5.0,84.0,48.0,29.0,14.0,12.0,10.0,16.0,3.0,7300.0,21.0,1885.0,2024
2024-520,Roland Garros,Clay,128,G,2024-05-27,391,100644,4.0,,Alexander Zverev,R,198.0,GER,27.1,208029,13.0,,Holger Rune,R,188.0,DEN,21.0,4-6 6-1 5-7 7-6(2) 6-2,5,R16,,16.0,3.0,137.0,96.0,74.0,17.0,25.0,4.0,10.0,10.0,3.0,168.0,96.0,63.0,33.0,24.0,15.0,23.0,4.0,6305.0,13.0,2700.0,2024
2024-520,Roland Garros,Clay,128,G,2024-05-27,390,200282,11.0,,Alex De Minaur,R,183.0,AUS,25.2,106421,5.0,,Daniil Medvedev,R,198.0,RUS,28.2,4-6 6-2 6-1 6-3,5,R16,,7.0,3.0,101.0,55.0,42.0,26.0,17.0,8.0,10.0,7.0,2.0,114.0,65.0,40.0,22.0,17.0,7.0,14.0,11.0,3490.0,5.0,6295.0,2024
2024-520,Roland Garros,Clay,128,G,2024-05-27,389,134770,7.0,,Casper Ruud,R,183.0,NOR,25.4,126203,12.0,,Taylor Fritz,R,196.0,USA,26.5,7-6(6) 3-6 6-4 6-2,5,R16,,11.0,7.0,128.0,75.0,52.0,32.0,19.0,8.0,12.0,19.0,4.0,163.0,91.0,65.0,27.0,20.0,21.0,27.0,7.0,4425.0,12.0,2980.0,2024
2024-520,Roland Garros,Clay,128,G,2024-05-27,286,124186,,WC,Alexandre Muller,R,183.0,FRA,27.3,208134,,,Luca Nardi,R,185.0,ITA,20.8,6-4 6-1 6-3,5,R128,,2.0,3.0,78.0,51.0,37.0,12.0,13.0,3.0,6.0,1.0,7.0,70.0,37.0,21.0,8.0,13.0,2.0,10.0,90.0,670.0,72.0,748.0,2024
2024-520,Roland Garros,Clay,128,G,2024-05-27,388,105777,10.0,,Grigor Dimitrov,R,191.0,BUL,33.0,128034,8.0,,Hubert Hurkacz,R,196.0,POL,27.2,7-6(5) 6-4 7-6(3),5,R16,,4.0,4.0,114.0,71.0,55.0,26.0,17.0,6.0,7.0,20.0,1.0,120.0,77.0,56.0,21.0,17.0,6.0,8.0,10.0,3555.0,8.0,3885.0,2024
2024-520,Roland Garros,Clay,128,G,2024-05-27,386,104925,1.0,,Novak Djokovic,R,188.0,SRB,37.0,207518,30.0,,Lorenzo Musetti,R,185.0,ITA,22.2,7-5 6-7(6) 2-6 6-3 6-0,5,R32,,5.0,2.0,139.0,91.0,63.0,23.0,23.0,0.0,5.0,1.0,2.0,145.0,87.0,52.0,29.0,24.0,6.0,15.0,1.0,9960.0,30.0,1370.0,2024
2024-520,Roland Garros,Clay,128,G,2024-05-27,385,206173,2.0,,Jannik Sinner,R,191.0,ITA,22.7,200303,,,Pavel Kotov,R,191.0,RUS,25.5,6-4 6-4 6-4,5,R32,,4.0,1.0,83.0,52.0,41.0,21.0,15.0,1.0,1.0,1.0,1.0,101.0,66.0,47.0,16.0,15.0,10.0,13.0,2.0,8770.0,56.0,892.0,2024
2024-520,Roland Garros,Clay,128,G,2024-05-27,384,207989,3.0,,Carlos Alcaraz,R,183.0,ESP,21.0,200624,27.0,,Sebastian Korda,R,196.0,USA,23.8,6-4 7-6(5) 6-3,5,R32,,3.0,0.0,90.0,70.0,51.0,13.0,16.0,1.0,3.0,1.0,2.0,124.0,73.0,44.0,25.0,15.0,8.0,12.0,3.0,7300.0,28.0,1565.0,2024
2024-520,Roland Garros,Clay,128,G,2024-05-27,383,100644,4.0,,Alexander Zverev,R,198.0,GER,27.1,134868,26.0,,Tallon Griekspoor,R,188.0,NED,27.9,3-6 6-4 6-2 4-6 7-6(3),5,R32,,11.0,5.0,153.0,115.0,80.0,21.0,24.0,6.0,10.0,5.0,6.0,161.0,111.0,74.0,24.0,25.0,13.0,18.0,4.0,6305.0,25.0,1635.0,2024
2024-520,Roland Garros,Clay,128,G,2024-05-27,382,106421,5.0,,Daniil Medvedev,R,198.0,RUS,28.2,207830,,,Tomas Machac,R,183.0,CZE,23.6,7-6(4) 7-5 1-6 6-4,5,R32,,14.0,9.0,149.0,93.0,61.0,28.0,20.0,10.0,15.0,3.0,2.0,136.0,86.0,52.0,29.0,21.0,5.0,10.0,5.0,6295.0,34.0,1185.0,2024
2024-520,Roland Garros,Clay,128,G,2024-05-27,381,208286,,,Matteo Arnaldi,R,185.0,ITA,23.2,126094,6.0,,Andrey Rublev,R,188.0,RUS,26.6,7-6(6) 6-2 6-4,5,R32,,13.0,1.0,87.0,59.0,44.0,20.0,15.0,1.0,3.0,9.0,4.0,123.0,64.0,46.0,25.0,15.0,8.0,13.0,35.0,1165.0,6.0,4700.0,2024
2024-520,Roland Garros,Clay,128,G,2024-05-27,380,134770,7.0,,Casper Ruud,R,183.0,NOR,25.4,144869,28.0,,Tomas Martin Etcheverry,R,196.0,ARG,24.8,6-4 1-6 6-2 6-2,5,R32,,6.0,5.0,119.0,89.0,57.0,12.0,17.0,12.0,18.0,6.0,6.0,91.0,63.0,34.0,13.0,16.0,3.0,11.0,7.0,4425.0,29.0,1550.0,2024
2024-520,Roland Garros,Clay,128,G,2024-05-27,379,128034,8.0,,Hubert Hurkacz,R,196.0,POL,27.2,133430,,,Denis Shapovalov,L,185.0,CAN,25.1,6-3 7-6(0) 4-6 6-1,5,R32,,9.0,2.0,111.0,80.0,63.0,19.0,20.0,3.0,5.0,5.0,6.0,125.0,70.0,47.0,27.0,18.0,5.0,9.0,8.0,3885.0,118.0,540.0,2024
2024-520,Roland Garros,Clay,128,G,2024-05-27,378,126774,9.0,,Stefanos Tsitsipas,R,193.0,GRE,25.7,111190,,,Zhizhen Zhang,R,193.0,CHN,27.6,6-3 6-3 6-1,5,R32,,4.0,0.0,64.0,46.0,38.0,14.0,13.0,0.0,0.0,2.0,1.0,73.0,46.0,28.0,12.0,12.0,1.0,6.0,9.0,3700.0,44.0,1056.0,2024
2024-520,Roland Garros,Clay,128,G,2024-05-27,377,105777,10.0,,Grigor Dimitrov,R,191.0,BUL,33.0,200267,,Q,Zizou Bergs,R,185.0,BEL,24.9,6-3 7-6(4) 4-6 6-4,5,R32,,4.0,6.0,136.0,85.0,64.0,23.0,21.0,11.0,16.0,7.0,3.0,128.0,83.0,56.0,23.0,20.0,8.0,14.0,10.0,3555.0,104.0,611.0,2024
2024-520,Roland Garros,Clay,128,G,2024-05-27,376,200282,11.0,,Alex De Minaur,R,183.0,AUS,25.2,105526,,,Jan Lennard Struff,R,193.0,GER,34.0,4-6 6-4 6-3 6-3,5,R32,,5.0,3.0,141.0,84.0,55.0,29.0,19.0,11.0,15.0,7.0,6.0,105.0,54.0,31.0,30.0,18.0,3.0,10.0,11.0,3490.0,41.0,1090.0,2024
2024-520,Roland Garros,Clay,128,G,2024-05-27,375,126203,12.0,,Taylor Fritz,R,196.0,USA,26.5,106423,,,Thanasi Kokkinakis,R,193.0,AUS,28.1,6-3 6-2 6-7(4) 5-7 6-3,5,R32,,12.0,6.0,168.0,104.0,83.0,33.0,26.0,4.0,6.0,9.0,2.0,140.0,100.0,65.0,24.0,24.0,4.0,9.0,12.0,2980.0,100.0,623.0,2024
2024-520,Roland Garros,Clay,128,G,2024-05-27,387,126774,9.0,,Stefanos Tsitsipas,R,193.0,GRE,25.7,208286,,,Matteo Arnaldi,R,185.0,ITA,23.2,3-6 7-6(4) 6-2 6-2,5,R16,,7.0,5.0,116.0,77.0,57.0,21.0,18.0,4.0,6.0,7.0,2.0,151.0,88.0,57.0,30.0,19.0,16.0,21.0,9.0,3700.0,35.0,1165.0,2024
2024-520,Roland Garros,Clay,128,G,2024-05-27,287,104792,,,Gael Monfils,R,193.0,FRA,37.7,205734,,,Thiago Seyboth Wild,R,185.0,BRA,24.2,6-2 3-6 6-3 6-4,5,R128,,9.0,5.0,99.0,61.0,48.0,17.0,18.0,3.0,6.0,3.0,3.0,112.0,72.0,44.0,22.0,18.0,9.0,15.0,37.0,1155.0,58.0,855.0,2024
2024-520,Roland Garros,Clay,128,G,2024-05-27,288,209209,,Q,Filip Misolic,R,180.0,AUT,22.8,202261,,LL,Otto Virtanen,R,193.0,FIN,22.9,4-6 4-6 6-3 6-4 6-2,5,R128,,1.0,3.0,156.0,99.0,65.0,26.0,24.0,5.0,12.0,17.0,7.0,145.0,86.0,58.0,22.0,23.0,7.0,16.0,243.0,255.0,156.0,387.0,2024
2024-520,Roland Garros,Clay,128,G,2024-05-27,289,124079,,,Pedro Martinez,R,185.0,ESP,27.0,202058,,,Thiago Agustin Tirante,R,185.0,ARG,23.1,5-7 6-4 3-6 6-4 6-3,5,R128,,7.0,5.0,138.0,106.0,83.0,13.0,25.0,5.0,8.0,9.0,2.0,146.0,108.0,75.0,21.0,25.0,2.0,6.0,48.0,995.0,109.0,580.0,2024
2024-520,Roland Garros,Clay,128,G,2024-05-27,321,111575,18.0,,Karen Khachanov,R,198.0,RUS,28.0,111576,,,Sumit Nagal,R,178.0,IND,26.7,6-2 6-0 7-6(5),5,R128,,8.0,2.0,99.0,63.0,48.0,18.0,13.0,8.0,9.0,0.0,4.0,88.0,64.0,38.0,9.0,13.0,7.0,13.0,18.0,2090.0,95.0,635.0,2024
2024-520,Roland Garros,Clay,128,G,2024-05-27,322,132283,,,Lorenzo Sonego,R,191.0,ITA,29.0,200005,17.0,,Ugo Humbert,L,188.0,FRA,25.9,6-4 2-6 6-4 6-3,5,R128,,8.0,4.0,104.0,74.0,56.0,17.0,18.0,4.0,6.0,3.0,6.0,115.0,63.0,47.0,25.0,19.0,8.0,12.0,49.0,991.0,16.0,2285.0,2024
2024-520,Roland Garros,Clay,128,G,2024-05-27,323,144895,,,Corentin Moutet,L,180.0,FRA,25.1,111797,16.0,,Nicolas Jarry,R,201.0,CHI,28.6,6-2 6-1 3-6 6-0,5,R128,,4.0,1.0,96.0,64.0,49.0,16.0,15.0,4.0,5.0,5.0,2.0,110.0,75.0,45.0,13.0,15.0,12.0,19.0,79.0,720.0,19.0,2075.0,2024
2024-520,Roland Garros,Clay,128,G,2024-05-27,324,210097,15.0,,Ben Shelton,L,193.0,USA,21.6,200384,,,Hugo Gaston,L,173.0,FRA,23.6,3-6 6-3 6-4 6-4,5,R128,,8.0,4.0,111.0,79.0,55.0,17.0,19.0,5.0,9.0,2.0,2.0,119.0,72.0,46.0,25.0,18.0,8.0,14.0,15.0,2500.0,88.0,673.0,2024
2024-520,Roland Garros,Clay,128,G,2024-05-27,325,126205,14.0,,Tommy Paul,R,185.0,USA,27.0,106398,,,Pedro Cachin,R,185.0,ARG,29.1,6-2 6-3 6-1,5,R128,,4.0,2.0,67.0,37.0,29.0,17.0,12.0,1.0,3.0,2.0,1.0,91.0,54.0,25.0,15.0,12.0,8.0,16.0,14.0,2655.0,108.0,584.0,2024
2024-520,Roland Garros,Clay,128,G,2024-05-27,326,208029,13.0,,Holger Rune,R,188.0,DEN,21.0,105554,,,Daniel Evans,R,175.0,GBR,34.0,6-4 6-4 6-4,5,R128,,8.0,2.0,96.0,57.0,43.0,22.0,15.0,3.0,4.0,2.0,5.0,101.0,49.0,34.0,27.0,15.0,7.0,11.0,13.0,2700.0,62.0,831.0,2024
2024-520,Roland Garros,Clay,128,G,2024-05-27,348,200624,27.0,,Sebastian Korda,R,196.0,USA,23.8,126952,,,Soon Woo Kwon,R,180.0,KOR,26.4,6-4 6-4 1-6 6-3,5,R64,,13.0,5.0,114.0,79.0,51.0,17.0,18.0,6.0,11.0,4.0,4.0,121.0,79.0,45.0,24.0,18.0,9.0,15.0,28.0,1565.0,494.0,85.0,2024
2024-520,Roland Garros,Clay,128,G,2024-05-27,327,126203,12.0,,Taylor Fritz,R,196.0,USA,26.5,105948,,,Federico Coria,R,180.0,ARG,32.2,2-6 6-1 6-2 6-1,5,R128,,9.0,3.0,95.0,56.0,42.0,16.0,15.0,1.0,4.0,1.0,3.0,87.0,53.0,32.0,13.0,15.0,3.0,11.0,12.0,2980.0,71.0,761.0,2024
2024-520,Roland Garros,Clay,128,G,2024-05-27,328,200282,11.0,,Alex De Minaur,R,183.0,AUS,25.2,210506,,,Alex Michelsen,R,193.0,USA,19.7,6-1 6-0 6-2,5,R128,,2.0,4.0,62.0,32.0,24.0,20.0,11.0,2.0,3.0,0.0,2.0,81.0,61.0,28.0,6.0,10.0,5.0,13.0,11.0,3490.0,60.0,835.0,2024
2024-520,Roland Garros,Clay,128,G,2024-05-27,329,105777,10.0,,Grigor Dimitrov,R,191.0,BUL,33.0,206499,,,Aleksandar Kovacevic,R,183.0,USA,25.7,6-4 6-3 6-4,5,R128,,8.0,2.0,77.0,46.0,38.0,17.0,15.0,1.0,3.0,8.0,3.0,83.0,45.0,33.0,16.0,14.0,2.0,7.0,10.0,3555.0,87.0,681.0,2024
2024-520,Roland Garros,Clay,128,G,2024-05-27,330,126774,9.0,,Stefanos Tsitsipas,R,193.0,GRE,25.7,105916,,,Marton Fucsovics,R,188.0,HUN,32.2,7-6(7) 6-4 6-1,5,R128,,3.0,2.0,85.0,56.0,47.0,15.0,14.0,4.0,5.0,2.0,3.0,111.0,72.0,52.0,13.0,15.0,6.0,11.0,9.0,3700.0,54.0,922.0,2024
2024-520,Roland Garros,Clay,128,G,2024-05-27,331,128034,8.0,,Hubert Hurkacz,R,196.0,POL,27.2,208278,,Q,Shintaro Mochizuki,R,175.0,JPN,20.9,4-6 6-3 3-6 6-0 6-3,5,R128,,21.0,4.0,138.0,93.0,69.0,24.0,22.0,6.0,9.0,4.0,11.0,148.0,78.0,51.0,33.0,21.0,13.0,19.0,8.0,3885.0,162.0,366.0,2024
2024-520,Roland Garros,Clay,128,G,2024-05-27,320,122330,19.0,,Alexander Bublik,R,196.0,KAZ,26.9,106296,,Q,Gregoire Barrere,R,183.0,FRA,30.2,6-4 7-5 6-3,5,R128,,11.0,12.0,116.0,63.0,43.0,25.0,16.0,9.0,13.0,2.0,3.0,98.0,62.0,35.0,17.0,15.0,9.0,16.0,17.0,2110.0,112.0,575.0,2024
2024-520,Roland Garros,Clay,128,G,2024-05-27,332,134770,7.0,,Casper Ruud,R,183.0,NOR,25.4,200335,,Q,Felipe Meligeni Alves,R,185.0,BRA,26.2,6-3 6-4 6-3,5,R128,,1.0,0.0,72.0,64.0,51.0,7.0,14.0,1.0,1.0,4.0,0.0,90.0,62.0,40.0,14.0,14.0,7.0,11.0,7.0,4425.0,137.0,490.0,2024
2024-520,Roland Garros,Clay,128,G,2024-05-27,334,106421,5.0,,Daniil Medvedev,R,198.0,RUS,28.2,136440,,,Dominik Koepfer,L,180.0,GER,30.0,6-3 6-4 5-7 6-3,5,R128,,1.0,3.0,108.0,73.0,56.0,15.0,20.0,0.0,4.0,2.0,5.0,135.0,88.0,50.0,22.0,20.0,4.0,11.0,5.0,6295.0,65.0,807.0,2024
2024-520,Roland Garros,Clay,128,G,2024-05-27,335,100644,4.0,,Alexander Zverev,R,198.0,GER,27.1,104745,,,Rafael Nadal,L,185.0,ESP,37.9,6-3 7-6(5) 6-3,5,R128,,8.0,3.0,93.0,72.0,52.0,10.0,14.0,9.0,11.0,2.0,3.0,111.0,78.0,45.0,16.0,16.0,12.0,18.0,4.0,6305.0,275.0,205.0,2024
2024-520,Roland Garros,Clay,128,G,2024-05-27,336,207989,3.0,,Carlos Alcaraz,R,183.0,ESP,21.0,200670,,LL,J J Wolf,R,183.0,USA,25.4,6-1 6-2 6-1,5,R128,,5.0,1.0,68.0,48.0,33.0,13.0,11.0,5.0,7.0,0.0,1.0,67.0,38.0,17.0,8.0,11.0,6.0,15.0,3.0,7300.0,107.0,585.0,2024
2024-520,Roland Garros,Clay,128,G,2024-05-27,337,206173,2.0,,Jannik Sinner,R,191.0,ITA,22.7,111153,,,Christopher Eubanks,R,201.0,USA,28.0,6-3 6-3 6-4,5,R128,,6.0,4.0,89.0,54.0,42.0,18.0,14.0,9.0,10.0,4.0,9.0,93.0,56.0,35.0,14.0,14.0,5.0,10.0,2.0,8770.0,46.0,1028.0,2024
2024-520,Roland Garros,Clay,128,G,2024-05-27,338,104925,1.0,,Novak Djokovic,R,188.0,SRB,37.0,105732,,WC,Pierre Hugues Herbert,R,188.0,FRA,33.1,6-4 7-6(3) 6-4,5,R128,,4.0,2.0,82.0,57.0,48.0,18.0,16.0,0.0,1.0,7.0,6.0,102.0,68.0,48.0,17.0,16.0,4.0,7.0,1.0,9960.0,142.0,450.0,2024
2024-520,Roland Garros,Clay,128,G,2024-05-27,339,111190,,,Zhizhen Zhang,R,193.0,CHN,27.6,132283,,,Lorenzo Sonego,R,191.0,ITA,29.0,7-5 3-6 6-1 6-4,5,R64,,17.0,2.0,127.0,75.0,60.0,24.0,19.0,5.0,8.0,7.0,5.0,132.0,83.0,54.0,23.0,19.0,5.0,11.0,44.0,1056.0,49.0,991.0,2024
2024-520,Roland Garros,Clay,128,G,2024-05-27,340,144895,,,Corentin Moutet,L,180.0,FRA,25.1,207686,,,Alexander Shevchenko,R,185.0,KAZ,23.4,6-4 6-2 0-6 6-3,5,R64,,0.0,0.0,110.0,66.0,42.0,21.0,17.0,6.0,11.0,3.0,2.0,98.0,54.0,32.0,22.0,16.0,4.0,10.0,79.0,720.0,59.0,855.0,2024
2024-520,Roland Garros,Clay,128,G,2024-05-27,341,200303,,,Pavel Kotov,R,191.0,RUS,25.5,104527,,,Stan Wawrinka,R,183.0,SUI,39.1,7-6(5) 6-4 1-6 7-6(5),5,R64,,6.0,2.0,131.0,89.0,59.0,26.0,21.0,9.0,15.0,3.0,0.0,127.0,69.0,47.0,34.0,20.0,3.0,7.0,56.0,892.0,98.0,628.0,2024
2024-520,Roland Garros,Clay,128,G,2024-05-27,342,106423,,,Thanasi Kokkinakis,R,193.0,AUS,28.1,206748,,Q,Giulio Zeppieri,L,183.0,ITA,22.4,1-6 4-6 6-3 7-6(5) 6-2,5,R64,,9.0,4.0,141.0,80.0,59.0,30.0,23.0,5.0,9.0,10.0,6.0,154.0,90.0,62.0,34.0,22.0,8.0,12.0,100.0,623.0,148.0,420.0,2024
2024-520,Roland Garros,Clay,128,G,2024-05-27,343,200267,,Q,Zizou Bergs,R,185.0,BEL,24.9,109739,,,Maximilian Marterer,L,188.0,GER,28.9,3-6 6-3 6-1 6-3,5,R64,,8.0,3.0,83.0,57.0,48.0,17.0,16.0,3.0,5.0,4.0,1.0,111.0,67.0,42.0,20.0,17.0,4.0,10.0,104.0,611.0,101.0,622.0,2024
2024-520,Roland Garros,Clay,128,G,2024-05-27,344,208286,,,Matteo Arnaldi,R,185.0,ITA,23.2,124186,,WC,Alexandre Muller,R,183.0,FRA,27.3,6-4 6-1 6-3,5,R64,,11.0,3.0,119.0,65.0,45.0,23.0,13.0,18.0,21.0,3.0,2.0,87.0,52.0,23.0,16.0,13.0,10.0,18.0,35.0,1165.0,90.0,670.0,2024
2024-520,Roland Garros,Clay,128,G,2024-05-27,345,207830,,,Tomas Machac,R,183.0,CZE,23.6,208363,31.0,,Mariano Navone,R,178.0,ARG,23.2,6-2 6-1 3-6 1-6 6-1,5,R64,,2.0,5.0,135.0,122.0,52.0,21.0,19.0,7.0,14.0,3.0,7.0,122.0,109.0,48.0,10.0,19.0,4.0,14.0,34.0,1185.0,31.0,1339.0,2024
2024-520,Roland Garros,Clay,128,G,2024-05-27,333,126094,6.0,,Andrey Rublev,R,188.0,RUS,26.6,106121,,,Taro Daniel,R,191.0,JPN,31.3,6-2 6-7(3) 6-3 7-5,5,R128,,17.0,9.0,140.0,76.0,58.0,36.0,20.0,9.0,9.0,10.0,6.0,172.0,87.0,55.0,38.0,21.0,10.0,15.0,6.0,4700.0,80.0,715.0,2024
2024-520,Roland Garros,Clay,128,G,2024-05-27,401,207989,3.0,,Carlos Alcaraz,R,183.0,ESP,21.0,100644,4.0,,Alexander Zverev,R,198.0,GER,27.1,6-3 2-6 5-7 6-1 6-2,5,F,,3.0,6.0,159.0,96.0,62.0,31.0,22.0,17.0,23.0,8.0,6.0,133.0,97.0,61.0,12.0,22.0,7.0,16.0,3.0,7300.0,4.0,6305.0,2024
2024-520,Roland Garros,Clay,128,G,2024-05-27,319,202104,20.0,,Sebastian Baez,R,170.0,ARG,23.4,208361,,Q,Gustavo Heide,R,191.0,BRA,22.2,4-6 6-3 6-1 4-6 6-3,5,R128,,5.0,1.0,165.0,124.0,78.0,20.0,22.0,10.0,16.0,2.0,3.0,138.0,68.0,40.0,32.0,22.0,5.0,14.0,20.0,1990.0,174.0,346.0,2024
2024-520,Roland Garros,Clay,128,G,2024-05-27,317,206748,,Q,Giulio Zeppieri,L,183.0,ITA,22.4,105173,22.0,,Adrian Mannarino,L,180.0,FRA,35.9,4-6 6-2 6-1 6-2,5,R128,,6.0,3.0,105.0,61.0,41.0,29.0,17.0,6.0,9.0,2.0,3.0,94.0,45.0,25.0,27.0,16.0,5.0,13.0,148.0,420.0,22.0,1865.0,2024
2024-520,Roland Garros,Clay,128,G,2024-05-27,290,109739,,,Maximilian Marterer,L,188.0,GER,28.9,111442,,,Jordan Thompson,R,183.0,AUS,30.1,6-3 6-2 6-0,5,R128,,4.0,3.0,67.0,40.0,28.0,19.0,12.0,2.0,3.0,5.0,4.0,91.0,54.0,26.0,16.0,11.0,13.0,20.0,101.0,622.0,36.0,1156.0,2024
2024-520,Roland Garros,Clay,128,G,2024-05-27,291,206681,,,Fabian Marozsan,R,193.0,HUN,24.6,105062,,Q,Mikhail Kukushkin,R,183.0,KAZ,36.4,6-2 6-2 6-3,5,R128,,9.0,2.0,69.0,49.0,38.0,11.0,13.0,3.0,5.0,1.0,0.0,76.0,52.0,26.0,8.0,12.0,8.0,15.0,43.0,1083.0,136.0,492.0,2024
2024-520,Roland Garros,Clay,128,G,2024-05-27,292,207830,,,Tomas Machac,R,183.0,CZE,23.6,132686,,,Nuno Borges,R,185.0,POR,27.2,7-6(3) 6-4 6-3,5,R128,,1.0,6.0,95.0,60.0,47.0,15.0,15.0,1.0,4.0,5.0,5.0,121.0,74.0,49.0,16.0,16.0,6.0,12.0,34.0,1185.0,47.0,1006.0,2024
2024-520,Roland Garros,Clay,128,G,2024-05-27,293,105583,,,Dusan Lajovic,R,183.0,SRB,33.9,126128,,,Roman Safiullin,R,185.0,RUS,26.8,4-6 7-5 6-4 6-7(6) 6-4,5,R128,,3.0,2.0,179.0,117.0,72.0,35.0,27.0,14.0,22.0,3.0,4.0,172.0,109.0,68.0,30.0,27.0,6.0,16.0,61.0,831.0,42.0,1087.0,2024
2024-520,Roland Garros,Clay,128,G,2024-05-27,294,126952,,,Soon Woo Kwon,R,180.0,KOR,26.4,200325,,,Emil Ruusuvuori,R,188.0,FIN,25.1,6-3 6-4 6-3,5,R128,,2.0,3.0,89.0,52.0,36.0,21.0,13.0,2.0,4.0,8.0,1.0,126.0,85.0,43.0,23.0,14.0,19.0,25.0,494.0,85.0,67.0,783.0,2024
2024-520,Roland Garros,Clay,128,G,2024-05-27,295,106075,,LL,Jozef Kovalik,R,183.0,SVK,31.5,106218,,,Marcos Giron,R,180.0,USA,30.8,7-6(3) 6-4 3-6 7-6(5),5,R128,,4.0,6.0,149.0,87.0,62.0,29.0,21.0,10.0,15.0,9.0,2.0,152.0,95.0,66.0,27.0,22.0,12.0,17.0,145.0,427.0,50.0,990.0,2024
2024-520,Roland Garros,Clay,128,G,2024-05-27,296,106423,,,Thanasi Kokkinakis,R,193.0,AUS,28.1,200615,,,Alexei Popyrin,R,196.0,AUS,24.8,4-6 7-6(8) 6-3 5-7 6-3,5,R128,,13.0,5.0,154.0,95.0,75.0,32.0,26.0,7.0,12.0,11.0,7.0,167.0,104.0,70.0,31.0,26.0,8.0,14.0,100.0,623.0,51.0,961.0,2024
2024-520,Roland Garros,Clay,128,G,2024-05-27,297,200175,,,Miomir Kecmanovic,R,183.0,SRB,24.7,106329,,Q,Thiago Monteiro,L,183.0,BRA,29.9,6-2 6-1 4-6 7-5,5,R128,,11.0,3.0,99.0,64.0,54.0,21.0,19.0,3.0,5.0,9.0,4.0,111.0,78.0,47.0,15.0,18.0,4.0,10.0,57.0,880.0,86.0,685.0,2024
2024-520,Roland Garros,Clay,128,G,2024-05-27,298,105676,,,David Goffin,R,180.0,BEL,33.4,208659,,WC,Giovanni Mpetshi Perricard,R,203.0,FRA,20.8,4-6 6-4 6-3 6-7(4) 6-3,5,R128,,10.0,6.0,138.0,75.0,62.0,37.0,24.0,0.0,3.0,22.0,5.0,162.0,105.0,70.0,28.0,26.0,10.0,17.0,115.0,543.0,66.0,786.0,2024
2024-520,Roland Garros,Clay,128,G,2024-05-27,299,104755,,WC,Richard Gasquet,R,183.0,FRA,37.9,106432,,,Borna Coric,R,188.0,CRO,27.5,7-6(5) 7-6(2) 6-4,5,R128,,9.0,4.0,125.0,70.0,51.0,31.0,17.0,1.0,3.0,12.0,4.0,127.0,83.0,54.0,23.0,17.0,12.0,15.0,124.0,515.0,73.0,744.0,2024
2024-520,Roland Garros,Clay,128,G,2024-05-27,300,104926,,,Fabio Fognini,R,178.0,ITA,37.0,122298,,,Botic Van De Zandschulp,R,191.0,NED,28.6,6-1 6-1 7-5,5,R128,,1.0,5.0,85.0,50.0,37.0,18.0,13.0,5.0,7.0,4.0,3.0,76.0,41.0,24.0,10.0,13.0,6.0,14.0,93.0,648.0,102.0,618.0,2024
2024-520,Roland Garros,Clay,128,G,2024-05-27,301,207411,,Q,Jesper De Jong,R,180.0,NED,23.9,207733,,,Jack Draper,L,193.0,GBR,22.4,7-5 6-4 6-7(3) 3-6 6-3,5,R128,,11.0,6.0,154.0,77.0,57.0,40.0,25.0,4.0,11.0,7.0,9.0,149.0,75.0,51.0,38.0,26.0,1.0,10.0,176.0,344.0,39.0,1131.0,2024
2024-520,Roland Garros,Clay,128,G,2024-05-27,318,200000,21.0,,Felix Auger Aliassime,R,193.0,CAN,23.8,106415,,,Yoshihito Nishioka,L,170.0,JPN,28.6,6-2 6-4 6-4,5,R128,,7.0,2.0,75.0,45.0,38.0,20.0,13.0,0.0,0.0,2.0,4.0,110.0,68.0,43.0,18.0,14.0,9.0,13.0,21.0,1885.0,70.0,766.0,2024
2024-520,Roland Garros,Clay,128,G,2024-05-27,302,200221,,,Alejandro Davidovich Fokina,R,183.0,ESP,24.9,200473,,Q,Valentin Vacherot,R,193.0,MON,25.5,4-6 6-2 6-2 7-6(2),5,R128,,7.0,2.0,125.0,88.0,59.0,26.0,19.0,3.0,5.0,6.0,4.0,105.0,71.0,46.0,20.0,19.0,4.0,9.0,32.0,1280.0,116.0,543.0,2024
2024-520,Roland Garros,Clay,128,G,2024-05-27,304,207925,,,Flavio Cobolli,R,183.0,ITA,22.0,209098,,Q,Hamad Medjedovic,R,188.0,SRB,20.8,6-2 6-3 6-7(2) 6-3,5,R128,,13.0,5.0,124.0,70.0,51.0,27.0,18.0,7.0,10.0,4.0,5.0,132.0,81.0,50.0,19.0,20.0,12.0,21.0,53.0,940.0,135.0,492.0,2024
2024-520,Roland Garros,Clay,128,G,2024-05-27,306,127157,,,Daniel Altmaier,R,188.0,GER,25.7,111513,,,Laslo Djere,R,188.0,SRB,28.9,7-5 6-4 6-7(6) 5-7 7-6(6),5,R128,,11.0,7.0,183.0,122.0,89.0,32.0,29.0,10.0,15.0,2.0,6.0,217.0,137.0,95.0,38.0,29.0,9.0,15.0,83.0,702.0,52.0,960.0,2024
2024-520,Roland Garros,Clay,128,G,2024-05-27,307,200303,,,Pavel Kotov,R,191.0,RUS,25.5,111815,32.0,,Cameron Norrie,L,188.0,GBR,28.7,4-6 6-3 3-6 7-6(5) 6-2,5,R128,,5.0,3.0,152.0,97.0,68.0,25.0,24.0,6.0,11.0,1.0,3.0,153.0,93.0,69.0,25.0,24.0,12.0,18.0,56.0,892.0,33.0,1230.0,2024
2024-520,Roland Garros,Clay,128,G,2024-05-27,308,208363,31.0,,Mariano Navone,R,178.0,ARG,23.2,105807,,,Pablo Carreno Busta,R,188.0,ESP,32.8,5-7 6-1 6-3 6-0,5,R128,,6.0,1.0,111.0,77.0,50.0,17.0,17.0,9.0,14.0,0.0,5.0,128.0,79.0,42.0,16.0,17.0,11.0,22.0,31.0,1339.0,1049.0,11.0,2024
2024-520,Roland Garros,Clay,128,G,2024-05-27,309,207518,30.0,,Lorenzo Musetti,R,185.0,ITA,22.2,123755,,,Daniel Elahi Galan,R,191.0,COL,27.9,6-3 6-3 7-5,5,R128,,4.0,2.0,82.0,53.0,46.0,16.0,15.0,2.0,3.0,5.0,0.0,103.0,60.0,37.0,23.0,15.0,7.0,12.0,30.0,1370.0,106.0,609.0,2024
2024-520,Roland Garros,Clay,128,G,2024-05-27,310,208286,,,Matteo Arnaldi,R,185.0,ITA,23.2,209950,29.0,,Arthur Fils,R,185.0,FRA,19.9,6-3 4-6 6-4 6-2,5,R128,,5.0,0.0,112.0,71.0,44.0,22.0,19.0,9.0,15.0,7.0,1.0,100.0,64.0,36.0,15.0,18.0,6.0,15.0,35.0,1165.0,38.0,1145.0,2024
2024-520,Roland Garros,Clay,128,G,2024-05-27,311,144869,28.0,,Tomas Martin Etcheverry,R,196.0,ARG,24.8,209070,,,Arthur Cazaux,R,183.0,FRA,21.7,3-6 6-2 6-1 6-4,5,R128,,5.0,2.0,108.0,59.0,46.0,25.0,17.0,8.0,11.0,10.0,4.0,128.0,79.0,49.0,19.0,17.0,14.0,21.0,29.0,1550.0,77.0,725.0,2024
2024-520,Roland Garros,Clay,128,G,2024-05-27,312,200624,27.0,,Sebastian Korda,R,196.0,USA,23.8,208004,,WC,Harold Mayot,R,180.0,FRA,22.3,6-2 7-6(4) 6-4,5,R128,,6.0,1.0,93.0,51.0,39.0,24.0,15.0,2.0,3.0,4.0,1.0,101.0,64.0,36.0,22.0,15.0,4.0,8.0,28.0,1565.0,122.0,522.0,2024
2024-520,Roland Garros,Clay,128,G,2024-05-27,313,134868,26.0,,Tallon Griekspoor,R,188.0,NED,27.9,111456,,,Mackenzie Mcdonald,R,178.0,USA,29.1,6-3 6-4 1-6 6-2,5,R128,,9.0,7.0,107.0,61.0,35.0,26.0,17.0,8.0,14.0,0.0,5.0,103.0,66.0,37.0,17.0,17.0,5.0,13.0,25.0,1635.0,74.0,735.0,2024
2024-520,Roland Garros,Clay,128,G,2024-05-27,314,126207,25.0,,Frances Tiafoe,R,188.0,USA,26.3,208233,,Q,Mattia Bellucci,L,175.0,ITA,22.9,6-3 3-6 6-7(6) 6-4 6-4,5,R128,,14.0,2.0,151.0,82.0,63.0,41.0,25.0,1.0,3.0,17.0,11.0,153.0,90.0,76.0,25.0,25.0,9.0,13.0,26.0,1630.0,173.0,349.0,2024
2024-520,Roland Garros,Clay,128,G,2024-05-27,315,200267,,Q,Zizou Bergs,R,185.0,BEL,24.9,126214,24.0,,Alejandro Tabilo,L,188.0,CHI,26.9,3-6 7-6(5) 6-2 6-2,5,R128,,15.0,7.0,141.0,100.0,60.0,19.0,18.0,9.0,15.0,8.0,3.0,125.0,87.0,53.0,11.0,19.0,2.0,11.0,104.0,611.0,24.0,1645.0,2024
2024-520,Roland Garros,Clay,128,G,2024-05-27,316,202103,23.0,,Francisco Cerundolo,R,185.0,ARG,25.7,105870,,,Yannick Hanfmann,R,193.0,GER,32.5,6-3 6-3 6-4,5,R128,,7.0,2.0,76.0,56.0,41.0,13.0,14.0,0.0,1.0,2.0,1.0,83.0,53.0,29.0,20.0,14.0,6.0,11.0,27.0,1590.0,85.0,697.0,2024
2024-520,Roland Garros,Clay,128,G,2024-05-27,303,209260,,,Luciano Darderi,R,183.0,ITA,22.2,208014,,,Rinky Hijikata,R,178.0,AUS,23.2,6-3 7-6(6) 6-1,5,R128,,10.0,3.0,93.0,57.0,44.0,23.0,15.0,2.0,3.0,0.0,3.0,108.0,68.0,45.0,16.0,13.0,14.0,18.0,40.0,1092.0,78.0,723.0,2024
2024-520,Roland Garros,Clay,128,G,2024-05-27,346,207518,30.0,,Lorenzo Musetti,R,185.0,ITA,22.2,104792,,,Gael Monfils,R,193.0,FRA,37.7,7-5 6-1 6-4,5,R64,,2.0,1.0,97.0,62.0,46.0,18.0,15.0,3.0,5.0,4.0,4.0,74.0,51.0,34.0,8.0,14.0,5.0,11.0,30.0,1370.0,37.0,1155.0,2024
2024-520,Roland Garros,Clay,128,G,2024-05-27,347,144869,28.0,,Tomas Martin Etcheverry,R,196.0,ARG,24.8,126239,,,Arthur Rinderknech,R,196.0,FRA,28.8,3-6 6-7(8) 6-1 5-0 RET,5,R64,,7.0,2.0,110.0,68.0,53.0,23.0,16.0,5.0,6.0,5.0,1.0,110.0,72.0,46.0,20.0,17.0,4.0,9.0,29.0,1550.0,69.0,772.0,2024
2024-520,Roland Garros,Clay,128,G,2024-05-27,281,126239,,,Arthur Rinderknech,R,196.0,FRA,28.8,200443,,WC,Adam Walton,R,183.0,AUS,25.1,6-2 6-4 7-5,5,R128,,10.0,3.0,94.0,61.0,49.0,15.0,15.0,3.0,4.0,1.0,1.0,108.0,65.0,41.0,20.0,15.0,13.0,18.0,69.0,772.0,96.0,635.0,2024
2024-520,Roland Garros,Clay,128,G,2024-05-27,282,124116,,,Sebastian Ofner,R,191.0,AUT,28.0,209279,,WC,Terence Atmane,L,193.0,FRA,22.3,3-6 4-6 7-6(2) 6-2 7-5,5,R128,,11.0,6.0,156.0,87.0,63.0,35.0,25.0,8.0,14.0,7.0,8.0,156.0,85.0,63.0,29.0,26.0,5.0,12.0,45.0,1038.0,121.0,525.0,2024
2024-520,Roland Garros,Clay,128,G,2024-05-27,283,105453,,,Kei Nishikori,R,178.0,JPN,34.4,209113,,Q,Gabriel Diallo,R,203.0,CAN,22.6,7-5 7-6(3) 3-6 1-6 7-5,5,R128,,1.0,3.0,214.0,152.0,68.0,33.0,26.0,6.0,14.0,15.0,5.0,191.0,138.0,80.0,22.0,26.0,12.0,18.0,350.0,143.0,166.0,360.0,2024
2024-0440,s Hertogenbosch,Grass,32,A,2024-06-10,272,208134,,,Luca Nardi,R,185.0,ITA,20.8,105676,,WC,David Goffin,R,180.0,BEL,33.5,7-5 7-5,3,R32,124.0,1.0,7.0,85.0,53.0,33.0,17.0,12.0,7.0,10.0,7.0,2.0,79.0,50.0,31.0,12.0,12.0,3.0,8.0,73.0,742.0,109.0,583.0,2024
2024-0321,Stuttgart,Grass,32,A,2024-06-10,299,207733,6.0,,Jack Draper,L,193.0,GBR,22.4,206909,,,Brandon Nakashima,R,188.0,USA,22.8,6-3 6-3,3,SF,72.0,13.0,4.0,47.0,33.0,31.0,5.0,9.0,0.0,0.0,8.0,3.0,67.0,44.0,30.0,7.0,9.0,9.0,12.0,40.0,1131.0,70.0,750.0,2024
2024-0321,Stuttgart,Grass,32,A,2024-06-10,298,126610,,PR,Matteo Berrettini,R,196.0,ITA,28.1,207518,5.0,,Lorenzo Musetti,R,185.0,ITA,22.2,6-4 6-0,3,SF,66.0,6.0,1.0,47.0,32.0,25.0,9.0,8.0,4.0,4.0,1.0,0.0,52.0,40.0,20.0,8.0,8.0,3.0,7.0,95.0,630.0,30.0,1290.0,2024
2024-0321,Stuttgart,Grass,32,A,2024-06-10,297,206909,,,Brandon Nakashima,R,188.0,USA,22.8,105526,7.0,,Jan Lennard Struff,R,193.0,GER,34.1,W/O,3,QF,0.0,,,,,,,,,,,,,,,,,,,70.0,750.0,35.0,1180.0,2024
2024-0321,Stuttgart,Grass,32,A,2024-06-10,296,207733,6.0,,Jack Draper,L,193.0,GBR,22.4,126207,4.0,,Frances Tiafoe,R,188.0,USA,26.3,5-7 6-4 7-6(1),3,QF,126.0,31.0,3.0,95.0,62.0,53.0,20.0,17.0,1.0,2.0,12.0,3.0,118.0,82.0,60.0,17.0,17.0,5.0,6.0,40.0,1131.0,28.0,1590.0,2024
2024-0321,Stuttgart,Grass,32,A,2024-06-10,295,207518,5.0,,Lorenzo Musetti,R,185.0,ITA,22.2,122330,3.0,,Alexander Bublik,R,196.0,KAZ,26.9,4-6 6-1 1-0 RET,3,QF,78.0,4.0,2.0,61.0,35.0,27.0,14.0,9.0,3.0,4.0,13.0,6.0,58.0,31.0,24.0,10.0,9.0,0.0,3.0,30.0,1290.0,17.0,2150.0,2024
2024-0321,Stuttgart,Grass,32,A,2024-06-10,294,126610,,PR,Matteo Berrettini,R,196.0,ITA,28.1,105902,,Q,James Duckworth,R,183.0,AUS,32.3,6-4 7-5,3,QF,87.0,13.0,3.0,56.0,37.0,33.0,12.0,11.0,0.0,0.0,3.0,1.0,79.0,45.0,29.0,19.0,11.0,6.0,8.0,95.0,630.0,101.0,611.0,2024
2024-0321,Stuttgart,Grass,32,A,2024-06-10,293,206909,,,Brandon Nakashima,R,188.0,USA,22.8,104755,,LL,Richard Gasquet,R,183.0,FRA,37.9,6-3 6-4,3,R16,71.0,10.0,1.0,55.0,41.0,32.0,7.0,10.0,2.0,3.0,7.0,5.0,56.0,29.0,21.0,12.0,9.0,4.0,7.0,70.0,750.0,116.0,555.0,2024
2024-0321,Stuttgart,Grass,32,A,2024-06-10,292,105526,7.0,,Jan Lennard Struff,R,193.0,GER,34.1,126239,,,Arthur Rinderknech,R,196.0,FRA,28.8,6-4 7-6(0),3,R16,79.0,13.0,3.0,58.0,34.0,29.0,18.0,11.0,0.0,0.0,11.0,3.0,70.0,44.0,33.0,14.0,11.0,7.0,8.0,35.0,1180.0,67.0,777.0,2024
2024-0321,Stuttgart,Grass,32,A,2024-06-10,291,126207,4.0,,Frances Tiafoe,R,188.0,USA,26.3,105870,,,Yannick Hanfmann,R,193.0,GER,32.5,7-5 7-6(5),3,R16,113.0,13.0,3.0,100.0,61.0,48.0,18.0,12.0,11.0,11.0,10.0,3.0,85.0,67.0,49.0,8.0,12.0,4.0,5.0,28.0,1590.0,91.0,646.0,2024
2024-0321,Stuttgart,Grass,32,A,2024-06-10,290,207733,6.0,,Jack Draper,L,193.0,GBR,22.4,106218,,,Marcos Giron,R,180.0,USA,30.8,6-4 3-6 6-3,3,R16,113.0,9.0,4.0,86.0,55.0,46.0,15.0,14.0,4.0,5.0,7.0,0.0,91.0,49.0,33.0,26.0,14.0,7.0,9.0,40.0,1131.0,54.0,910.0,2024
2024-0321,Stuttgart,Grass,32,A,2024-06-10,289,207518,5.0,,Lorenzo Musetti,R,185.0,ITA,22.2,136440,,,Dominik Koepfer,L,180.0,GER,30.1,6-7(9) 7-6(5) 6-3,3,R16,167.0,5.0,2.0,117.0,79.0,60.0,20.0,17.0,4.0,5.0,3.0,5.0,116.0,71.0,51.0,26.0,16.0,4.0,6.0,30.0,1290.0,65.0,801.0,2024
2024-0321,Stuttgart,Grass,32,A,2024-06-10,287,126610,,PR,Matteo Berrettini,R,196.0,ITA,28.1,133430,,WC,Denis Shapovalov,L,185.0,CAN,25.1,6-4 6-4,3,R16,74.0,3.0,1.0,57.0,39.0,33.0,10.0,10.0,1.0,1.0,4.0,4.0,53.0,28.0,24.0,14.0,10.0,1.0,3.0,95.0,630.0,117.0,550.0,2024
2024-0321,Stuttgart,Grass,32,A,2024-06-10,300,207733,6.0,,Jack Draper,L,193.0,GBR,22.4,126610,,PR,Matteo Berrettini,R,196.0,ITA,28.1,3-6 7-6(5) 6-4,3,F,124.0,12.0,2.0,85.0,54.0,47.0,18.0,15.0,3.0,4.0,14.0,3.0,97.0,66.0,55.0,16.0,16.0,2.0,3.0,40.0,1131.0,95.0,630.0,2024
2024-0321,Stuttgart,Grass,32,A,2024-06-10,286,105902,,Q,James Duckworth,R,183.0,AUS,32.3,210097,2.0,,Ben Shelton,L,193.0,USA,21.6,7-6(5) 4-6 6-3,3,R16,124.0,9.0,4.0,103.0,66.0,50.0,20.0,16.0,0.0,1.0,21.0,8.0,97.0,67.0,56.0,12.0,15.0,3.0,4.0,101.0,611.0,14.0,2590.0,2024
2024-0321,Stuttgart,Grass,32,A,2024-06-10,284,206909,,,Brandon Nakashima,R,188.0,USA,22.8,111153,,,Christopher Eubanks,R,201.0,USA,28.0,7-6(4) 6-4,3,R32,81.0,7.0,0.0,59.0,44.0,37.0,11.0,11.0,0.0,0.0,11.0,2.0,64.0,44.0,33.0,13.0,11.0,1.0,2.0,70.0,750.0,45.0,1017.0,2024
2024-0321,Stuttgart,Grass,32,A,2024-06-10,283,126239,,,Arthur Rinderknech,R,196.0,FRA,28.8,210506,,,Alex Michelsen,R,193.0,USA,19.7,6-4 7-5,3,R32,82.0,18.0,2.0,71.0,54.0,45.0,4.0,11.0,2.0,3.0,3.0,0.0,57.0,42.0,29.0,9.0,11.0,1.0,4.0,67.0,777.0,61.0,832.0,2024
2024-0321,Stuttgart,Grass,32,A,2024-06-10,282,105526,7.0,,Jan Lennard Struff,R,193.0,GER,34.1,207925,,,Flavio Cobolli,R,183.0,ITA,22.0,7-6(7) 6-3,3,R32,67.0,13.0,3.0,58.0,36.0,33.0,17.0,11.0,0.0,0.0,10.0,2.0,64.0,36.0,31.0,11.0,10.0,0.0,1.0,35.0,1180.0,50.0,955.0,2024
2024-0321,Stuttgart,Grass,32,A,2024-06-10,280,105870,,,Yannick Hanfmann,R,193.0,GER,32.5,202260,,WC,Henri Squire,R,196.0,GER,23.7,6-3 6-3,3,R32,62.0,7.0,1.0,50.0,41.0,33.0,5.0,9.0,0.0,0.0,6.0,2.0,49.0,28.0,20.0,9.0,9.0,2.0,5.0,91.0,646.0,178.0,344.0,2024
2024-0321,Stuttgart,Grass,32,A,2024-06-10,279,106218,,,Marcos Giron,R,180.0,USA,30.8,104918,,,Andy Murray,R,191.0,GBR,37.0,6-3 6-4,3,R32,75.0,7.0,0.0,63.0,41.0,33.0,12.0,10.0,3.0,3.0,3.0,1.0,49.0,34.0,23.0,9.0,9.0,3.0,5.0,54.0,910.0,97.0,623.0,2024
2024-0321,Stuttgart,Grass,32,A,2024-06-10,278,207733,6.0,,Jack Draper,L,193.0,GBR,22.4,124116,,,Sebastian Ofner,R,191.0,AUT,28.0,7-6(4) 7-6(5),3,R32,98.0,8.0,3.0,77.0,46.0,41.0,16.0,12.0,3.0,4.0,12.0,5.0,85.0,48.0,36.0,22.0,12.0,4.0,5.0,40.0,1131.0,52.0,933.0,2024
2024-0321,Stuttgart,Grass,32,A,2024-06-10,277,207518,5.0,,Lorenzo Musetti,R,185.0,ITA,22.2,208659,,Q,Giovanni Mpetshi Perricard,R,203.0,FRA,20.9,7-6(9) 7-6(9),3,R32,122.0,4.0,3.0,93.0,68.0,53.0,15.0,12.0,0.0,0.0,21.0,5.0,107.0,77.0,59.0,15.0,12.0,8.0,8.0,30.0,1290.0,66.0,786.0,2024
2024-0321,Stuttgart,Grass,32,A,2024-06-10,276,136440,,,Dominik Koepfer,L,180.0,GER,30.1,111190,,,Zhizhen Zhang,R,193.0,CHN,27.6,4-6 7-6(5) 7-6(6),3,R32,156.0,12.0,8.0,119.0,68.0,46.0,30.0,17.0,6.0,9.0,13.0,3.0,112.0,68.0,51.0,25.0,17.0,5.0,7.0,65.0,801.0,44.0,1066.0,2024
2024-0321,Stuttgart,Grass,32,A,2024-06-10,275,209098,,WC,Hamad Medjedovic,R,188.0,SRB,20.8,206681,,,Fabian Marozsan,R,193.0,HUN,24.6,6-7(3) 6-1 6-4,3,R32,107.0,25.0,7.0,98.0,71.0,59.0,12.0,15.0,7.0,7.0,9.0,4.0,87.0,56.0,40.0,16.0,14.0,3.0,6.0,131.0,497.0,42.0,1122.0,2024
2024-0321,Stuttgart,Grass,32,A,2024-06-10,288,122330,3.0,,Alexander Bublik,R,196.0,KAZ,26.9,209098,,WC,Hamad Medjedovic,R,188.0,SRB,20.8,6-1 7-6(4),3,R16,79.0,18.0,5.0,69.0,42.0,38.0,13.0,10.0,1.0,1.0,14.0,4.0,63.0,44.0,32.0,8.0,9.0,4.0,6.0,17.0,2150.0,131.0,497.0,2024
2024-0440,s Hertogenbosch,Grass,32,A,2024-06-10,271,200615,,,Alexei Popyrin,R,196.0,AUS,24.8,208014,,,Rinky Hijikata,R,178.0,AUS,23.2,6-4 6-4,3,R32,78.0,5.0,2.0,61.0,47.0,35.0,7.0,10.0,4.0,5.0,6.0,2.0,61.0,37.0,27.0,10.0,10.0,4.0,7.0,49.0,961.0,80.0,708.0,2024
2024-0440,s Hertogenbosch,Grass,32,A,2024-06-10,273,200624,7.0,,Sebastian Korda,R,196.0,USA,23.9,209262,,Q,Tristan Schoolkate,R,183.0,AUS,23.2,6-4 7-6(4),3,R32,79.0,15.0,1.0,63.0,43.0,36.0,16.0,11.0,3.0,3.0,9.0,1.0,65.0,36.0,32.0,14.0,11.0,3.0,4.0,26.0,1620.0,185.0,335.0,2024
2024-0321,Stuttgart,Grass,32,A,2024-06-10,273,126610,,PR,Matteo Berrettini,R,196.0,ITA,28.1,126128,8.0,,Roman Safiullin,R,185.0,RUS,26.8,7-6(8) 5-7 7-5,3,R32,175.0,27.0,1.0,132.0,95.0,68.0,22.0,18.0,5.0,6.0,6.0,0.0,108.0,72.0,62.0,20.0,18.0,4.0,5.0,95.0,630.0,43.0,1097.0,2024
2024-0440,s Hertogenbosch,Grass,32,A,2024-06-10,300,200282,1.0,,Alex De Minaur,R,183.0,AUS,25.3,200624,7.0,,Sebastian Korda,R,196.0,USA,23.9,6-2 6-4,3,F,94.0,2.0,3.0,57.0,30.0,23.0,10.0,9.0,4.0,6.0,3.0,4.0,72.0,44.0,24.0,10.0,9.0,9.0,14.0,9.0,3845.0,26.0,1620.0,2024
2024-0440,s Hertogenbosch,Grass,32,A,2024-06-10,299,200282,1.0,,Alex De Minaur,R,183.0,AUS,25.3,200005,3.0,,Ugo Humbert,L,188.0,FRA,25.9,7-6(4) 6-3,3,SF,104.0,2.0,4.0,68.0,39.0,31.0,15.0,11.0,3.0,5.0,3.0,1.0,78.0,44.0,31.0,13.0,10.0,7.0,10.0,9.0,3845.0,16.0,2250.0,2024
2024-0440,s Hertogenbosch,Grass,32,A,2024-06-10,298,200624,7.0,,Sebastian Korda,R,196.0,USA,23.9,134868,6.0,,Tallon Griekspoor,R,188.0,NED,27.9,6-2 6-4,3,SF,64.0,5.0,1.0,46.0,30.0,24.0,13.0,9.0,0.0,0.0,3.0,1.0,57.0,33.0,21.0,13.0,9.0,1.0,4.0,26.0,1620.0,23.0,1690.0,2024
2024-0440,s Hertogenbosch,Grass,32,A,2024-06-10,297,200282,1.0,,Alex De Minaur,R,183.0,AUS,25.3,105683,,PR,Milos Raonic,R,196.0,CAN,33.4,7-5 6-2,3,QF,86.0,3.0,2.0,58.0,30.0,23.0,17.0,10.0,3.0,4.0,8.0,3.0,59.0,34.0,26.0,6.0,10.0,3.0,7.0,9.0,3845.0,197.0,305.0,2024
2024-0440,s Hertogenbosch,Grass,32,A,2024-06-10,296,200005,3.0,,Ugo Humbert,L,188.0,FRA,25.9,133835,,Q,Gijs Brouwer,L,191.0,NED,28.2,4-6 6-3 6-3,3,QF,123.0,4.0,2.0,95.0,61.0,44.0,14.0,14.0,6.0,9.0,5.0,2.0,93.0,68.0,44.0,9.0,14.0,11.0,16.0,16.0,2250.0,232.0,259.0,2024
2024-0440,s Hertogenbosch,Grass,32,A,2024-06-10,295,134868,6.0,,Tallon Griekspoor,R,188.0,NED,27.9,126846,,,Aleksandar Vukic,R,188.0,AUS,28.1,4-6 6-3 7-6(4),3,QF,123.0,13.0,7.0,104.0,65.0,52.0,22.0,16.0,5.0,6.0,14.0,1.0,93.0,64.0,46.0,20.0,15.0,6.0,7.0,23.0,1690.0,87.0,674.0,2024
2024-0440,s Hertogenbosch,Grass,32,A,2024-06-10,294,200624,7.0,,Sebastian Korda,R,196.0,USA,23.9,126205,2.0,,Tommy Paul,R,185.0,USA,27.0,6-4 6-2,3,QF,67.0,2.0,0.0,44.0,32.0,27.0,8.0,9.0,0.0,1.0,2.0,3.0,59.0,31.0,24.0,9.0,9.0,4.0,8.0,26.0,1620.0,13.0,2710.0,2024
2024-0440,s Hertogenbosch,Grass,32,A,2024-06-10,293,200282,1.0,,Alex De Minaur,R,183.0,AUS,25.3,200267,,LL,Zizou Bergs,R,185.0,BEL,25.0,7-5 6-4,3,R16,100.0,4.0,2.0,59.0,37.0,32.0,11.0,11.0,3.0,4.0,1.0,1.0,71.0,43.0,29.0,14.0,11.0,5.0,8.0,9.0,3845.0,81.0,688.0,2024
2024-0440,s Hertogenbosch,Grass,32,A,2024-06-10,292,105683,,PR,Milos Raonic,R,196.0,CAN,33.4,105138,,,Roberto Bautista Agut,R,183.0,ESP,36.1,4-6 6-2 7-5,3,R16,107.0,25.0,2.0,73.0,44.0,39.0,18.0,15.0,0.0,1.0,2.0,2.0,83.0,53.0,37.0,16.0,15.0,1.0,4.0,197.0,305.0,85.0,680.0,2024
2024-0440,s Hertogenbosch,Grass,32,A,2024-06-10,291,200005,3.0,,Ugo Humbert,L,188.0,FRA,25.9,209950,,,Arthur Fils,R,185.0,FRA,19.9,6-3 7-6(1),3,R16,87.0,9.0,2.0,64.0,49.0,40.0,10.0,11.0,2.0,2.0,3.0,4.0,62.0,39.0,29.0,12.0,10.0,1.0,2.0,16.0,2250.0,38.0,1155.0,2024
2024-0440,s Hertogenbosch,Grass,32,A,2024-06-10,290,133835,,Q,Gijs Brouwer,L,191.0,NED,28.2,105173,5.0,,Adrian Mannarino,L,180.0,FRA,35.9,6-3 6-3,3,R16,78.0,5.0,0.0,52.0,42.0,34.0,3.0,9.0,2.0,3.0,3.0,2.0,56.0,29.0,16.0,14.0,9.0,3.0,7.0,232.0,259.0,21.0,1865.0,2024
2024-0321,Stuttgart,Grass,32,A,2024-06-10,271,105902,,Q,James Duckworth,R,183.0,AUS,32.3,105732,,Q,Pierre Hugues Herbert,R,188.0,FRA,33.2,6-4 7-6(2),3,R32,81.0,10.0,0.0,62.0,43.0,38.0,12.0,11.0,2.0,2.0,20.0,6.0,63.0,43.0,38.0,6.0,11.0,1.0,2.0,101.0,611.0,139.0,448.0,2024
2024-0440,s Hertogenbosch,Grass,32,A,2024-06-10,289,134868,6.0,,Tallon Griekspoor,R,188.0,NED,27.9,111456,,,Mackenzie Mcdonald,R,178.0,USA,29.1,6-3 7-6(5),3,R16,104.0,9.0,3.0,65.0,41.0,32.0,14.0,11.0,1.0,2.0,2.0,2.0,84.0,53.0,35.0,14.0,10.0,5.0,7.0,23.0,1690.0,74.0,735.0,2024
2024-0440,s Hertogenbosch,Grass,32,A,2024-06-10,287,200624,7.0,,Sebastian Korda,R,196.0,USA,23.9,208134,,,Luca Nardi,R,185.0,ITA,20.8,7-5 7-5,3,R16,107.0,7.0,3.0,75.0,44.0,37.0,13.0,12.0,3.0,5.0,1.0,4.0,89.0,60.0,37.0,12.0,12.0,8.0,12.0,26.0,1620.0,73.0,742.0,2024
2024-0440,s Hertogenbosch,Grass,32,A,2024-06-10,286,126205,2.0,,Tommy Paul,R,185.0,USA,27.0,200615,,,Alexei Popyrin,R,196.0,AUS,24.8,5-7 6-4 6-3,3,R16,120.0,10.0,2.0,87.0,57.0,42.0,20.0,16.0,5.0,7.0,8.0,2.0,105.0,79.0,53.0,10.0,15.0,8.0,11.0,13.0,2710.0,49.0,961.0,2024
2024-0440,s Hertogenbosch,Grass,32,A,2024-06-10,284,200267,,LL,Zizou Bergs,R,185.0,BEL,25.0,126646,,WC,Tim Van Rijthoven,R,188.0,NED,27.1,6-4 6-3,3,R32,76.0,0.0,2.0,50.0,35.0,27.0,7.0,9.0,1.0,2.0,4.0,3.0,55.0,35.0,20.0,10.0,10.0,1.0,5.0,81.0,688.0,,,2024
2024-0440,s Hertogenbosch,Grass,32,A,2024-06-10,283,105138,,,Roberto Bautista Agut,R,183.0,ESP,36.1,144817,,Q,Marc Andrea Huesler,L,196.0,SUI,27.9,7-6(7) 6-2,3,R32,98.0,1.0,2.0,62.0,47.0,35.0,10.0,10.0,0.0,0.0,15.0,0.0,73.0,44.0,35.0,11.0,10.0,3.0,5.0,85.0,680.0,201.0,303.0,2024
2024-0440,s Hertogenbosch,Grass,32,A,2024-06-10,282,105683,,PR,Milos Raonic,R,196.0,CAN,33.4,111442,8.0,,Jordan Thompson,R,183.0,AUS,30.1,6-3 6-4,3,R32,89.0,14.0,1.0,48.0,37.0,33.0,7.0,10.0,0.0,0.0,4.0,3.0,81.0,48.0,30.0,16.0,9.0,10.0,12.0,197.0,305.0,37.0,1156.0,2024
2024-0440,s Hertogenbosch,Grass,32,A,2024-06-10,280,209950,,,Arthur Fils,R,185.0,FRA,19.9,209070,,,Arthur Cazaux,R,183.0,FRA,21.7,6-4 6-4,3,R32,92.0,3.0,4.0,60.0,38.0,30.0,12.0,10.0,0.0,0.0,7.0,9.0,72.0,37.0,28.0,14.0,10.0,2.0,4.0,38.0,1155.0,75.0,735.0,2024
2024-0440,s Hertogenbosch,Grass,32,A,2024-06-10,279,133835,,Q,Gijs Brouwer,L,191.0,NED,28.2,210150,,,Jakub Mensik,R,193.0,CZE,18.7,6-1 3-6 6-3,3,R32,103.0,6.0,2.0,90.0,64.0,42.0,15.0,13.0,7.0,9.0,12.0,8.0,74.0,39.0,30.0,13.0,12.0,1.0,5.0,232.0,259.0,79.0,708.0,2024
2024-0440,s Hertogenbosch,Grass,32,A,2024-06-10,278,105173,5.0,,Adrian Mannarino,L,180.0,FRA,35.9,109303,,Q,Stefano Napolitano,R,196.0,ITA,29.1,3-6 7-6(5) 6-2,3,R32,147.0,7.0,1.0,107.0,62.0,42.0,21.0,14.0,7.0,10.0,11.0,1.0,96.0,66.0,45.0,14.0,15.0,2.0,6.0,21.0,1865.0,125.0,517.0,2024
2024-0440,s Hertogenbosch,Grass,32,A,2024-06-10,277,134868,6.0,,Tallon Griekspoor,R,188.0,NED,27.9,200175,,,Miomir Kecmanovic,R,183.0,SRB,24.7,6-7(3) 7-6(7) 7-6(3),3,R32,156.0,16.0,5.0,119.0,77.0,63.0,24.0,18.0,4.0,5.0,4.0,4.0,121.0,77.0,64.0,26.0,18.0,0.0,1.0,23.0,1690.0,53.0,920.0,2024
2024-0440,s Hertogenbosch,Grass,32,A,2024-06-10,276,111456,,,Mackenzie Mcdonald,R,178.0,USA,29.1,122298,,WC,Botic Van De Zandschulp,R,191.0,NED,28.6,6-4 4-6 6-2,3,R32,130.0,2.0,5.0,85.0,57.0,36.0,13.0,14.0,4.0,8.0,6.0,8.0,92.0,51.0,37.0,12.0,14.0,11.0,17.0,74.0,735.0,99.0,618.0,2024
2024-0440,s Hertogenbosch,Grass,32,A,2024-06-10,275,126846,,,Aleksandar Vukic,R,188.0,AUS,28.1,126845,,,Max Purcell,R,185.0,AUS,26.1,6-3 7-6(5),3,R32,91.0,11.0,0.0,68.0,46.0,38.0,11.0,10.0,2.0,2.0,4.0,0.0,66.0,43.0,32.0,12.0,11.0,4.0,6.0,87.0,674.0,100.0,612.0,2024
2024-0440,s Hertogenbosch,Grass,32,A,2024-06-10,288,126846,,,Aleksandar Vukic,R,188.0,AUS,28.1,111575,4.0,,Karen Khachanov,R,198.0,RUS,28.0,6-4 5-7 7-6(4),3,R16,159.0,14.0,0.0,110.0,64.0,48.0,25.0,17.0,4.0,7.0,7.0,3.0,101.0,66.0,49.0,19.0,17.0,5.0,8.0,87.0,674.0,22.0,1780.0,2024
2024-0321,Stuttgart,Grass,32,A,2024-06-10,272,133430,,WC,Denis Shapovalov,L,185.0,CAN,25.1,200188,,Q,Matteo Martineau,R,183.0,FRA,25.3,7-6(5) 7-5,3,R32,103.0,9.0,10.0,96.0,59.0,47.0,16.0,12.0,6.0,7.0,4.0,3.0,71.0,50.0,36.0,13.0,12.0,2.0,4.0,117.0,550.0,179.0,344.0,2024
2024-0311,Queen's Club,Grass,32,A,2024-06-17,270,207518,,,Lorenzo Musetti,R,185.0,ITA,22.2,200282,2.0,,Alex De Minaur,R,183.0,AUS,25.3,1-6 6-4 6-2,3,R32,123.0,7.0,3.0,102.0,61.0,44.0,13.0,13.0,8.0,12.0,0.0,2.0,65.0,35.0,29.0,12.0,12.0,0.0,4.0,30.0,1380.0,7.0,4085.0,2024
2024-0311,Queen's Club,Grass,32,A,2024-06-17,272,126129,,WC,Billy Harris,R,193.0,GBR,29.3,144869,,,Tomas Martin Etcheverry,R,196.0,ARG,24.9,6-4 3-6 6-3,3,R32,111.0,8.0,1.0,69.0,40.0,35.0,19.0,14.0,1.0,2.0,11.0,3.0,84.0,59.0,45.0,14.0,14.0,8.0,10.0,162.0,366.0,32.0,1290.0,2024
2024-0500,Halle,Grass,32,A,2024-06-17,300,206173,1.0,,Jannik Sinner,R,191.0,ITA,22.8,128034,5.0,,Hubert Hurkacz,R,196.0,POL,27.3,7-6(8) 7-6(2),3,F,109.0,10.0,1.0,72.0,47.0,44.0,17.0,12.0,1.0,1.0,13.0,0.0,89.0,66.0,52.0,9.0,12.0,3.0,3.0,1.0,9480.0,9.0,3950.0,2024
2024-0500,Halle,Grass,32,A,2024-06-17,298,128034,5.0,,Hubert Hurkacz,R,196.0,POL,27.3,100644,2.0,,Alexander Zverev,R,198.0,GER,27.1,7-6(2) 6-4,3,SF,95.0,17.0,2.0,71.0,53.0,43.0,10.0,11.0,4.0,4.0,5.0,0.0,62.0,42.0,36.0,11.0,11.0,0.0,1.0,9.0,3950.0,4.0,6885.0,2024
2024-0311,Queen's Club,Grass,32,A,2024-06-17,298,207518,,,Lorenzo Musetti,R,185.0,ITA,22.2,111442,,,Jordan Thompson,R,183.0,AUS,30.1,6-3 3-6 6-3,3,SF,138.0,2.0,2.0,87.0,60.0,45.0,14.0,14.0,4.0,6.0,4.0,0.0,89.0,49.0,33.0,22.0,13.0,8.0,11.0,30.0,1380.0,43.0,1051.0,2024
2024-0311,Queen's Club,Grass,32,A,2024-06-17,297,126205,5.0,,Tommy Paul,R,185.0,USA,27.0,207733,,,Jack Draper,L,193.0,GBR,22.4,6-3 5-7 6-4,3,QF,121.0,7.0,3.0,95.0,57.0,43.0,20.0,16.0,2.0,4.0,7.0,4.0,81.0,46.0,37.0,17.0,15.0,1.0,4.0,13.0,2750.0,31.0,1371.0,2024
2024-0311,Queen's Club,Grass,32,A,2024-06-17,296,200624,,,Sebastian Korda,R,196.0,USA,23.9,208014,,Q,Rinky Hijikata,R,178.0,AUS,23.3,6-7(4) 6-3 6-4,3,QF,131.0,6.0,3.0,106.0,58.0,41.0,26.0,16.0,4.0,6.0,3.0,3.0,89.0,46.0,35.0,18.0,15.0,3.0,7.0,23.0,1775.0,98.0,622.0,2024
2024-0311,Queen's Club,Grass,32,A,2024-06-17,295,111442,,,Jordan Thompson,R,183.0,AUS,30.1,126203,4.0,,Taylor Fritz,R,196.0,USA,26.6,6-4 6-3,3,QF,79.0,9.0,4.0,60.0,40.0,31.0,10.0,9.0,0.0,0.0,7.0,4.0,56.0,34.0,25.0,9.0,10.0,7.0,10.0,43.0,1051.0,12.0,3090.0,2024
2024-0311,Queen's Club,Grass,32,A,2024-06-17,294,207518,,,Lorenzo Musetti,R,185.0,ITA,22.2,126129,,WC,Billy Harris,R,193.0,GBR,29.3,6-3 7-5,3,QF,99.0,4.0,2.0,63.0,33.0,28.0,22.0,11.0,2.0,2.0,2.0,1.0,68.0,46.0,29.0,13.0,10.0,2.0,4.0,30.0,1380.0,162.0,366.0,2024
2024-0311,Queen's Club,Grass,32,A,2024-06-17,293,207733,,,Jack Draper,L,193.0,GBR,22.4,207989,1.0,,Carlos Alcaraz,R,183.0,ESP,21.1,7-6(3) 6-3,3,R16,99.0,8.0,3.0,66.0,39.0,32.0,18.0,11.0,1.0,1.0,7.0,1.0,75.0,50.0,38.0,12.0,10.0,3.0,4.0,31.0,1371.0,2.0,8580.0,2024
2024-0311,Queen's Club,Grass,32,A,2024-06-17,292,126205,5.0,,Tommy Paul,R,185.0,USA,27.0,126214,,,Alejandro Tabilo,L,188.0,CHI,27.0,6-3 6-4,3,R16,69.0,10.0,1.0,53.0,36.0,31.0,13.0,10.0,2.0,2.0,5.0,1.0,63.0,41.0,30.0,9.0,9.0,8.0,10.0,13.0,2750.0,24.0,1639.0,2024
2024-0311,Queen's Club,Grass,32,A,2024-06-17,291,200624,,,Sebastian Korda,R,196.0,USA,23.9,105777,3.0,,Grigor Dimitrov,R,191.0,BUL,33.0,6-4 3-6 7-5,3,R16,119.0,8.0,0.0,82.0,54.0,45.0,13.0,15.0,2.0,4.0,11.0,5.0,103.0,64.0,49.0,17.0,16.0,11.0,14.0,23.0,1775.0,10.0,3775.0,2024
2024-0311,Queen's Club,Grass,32,A,2024-06-17,290,208014,,Q,Rinky Hijikata,R,178.0,AUS,23.3,208286,,,Matteo Arnaldi,R,185.0,ITA,23.3,7-6(0) 7-6(7),3,R16,126.0,2.0,0.0,90.0,57.0,41.0,18.0,12.0,3.0,5.0,8.0,6.0,90.0,50.0,33.0,19.0,12.0,7.0,9.0,98.0,622.0,35.0,1220.0,2024
2024-0311,Queen's Club,Grass,32,A,2024-06-17,289,111442,,,Jordan Thompson,R,183.0,AUS,30.1,104918,,WC,Andy Murray,R,191.0,GBR,37.0,4-1 RET,3,R16,23.0,2.0,0.0,10.0,5.0,5.0,3.0,2.0,0.0,0.0,1.0,3.0,16.0,9.0,3.0,3.0,3.0,0.0,2.0,43.0,1051.0,129.0,498.0,2024
2024-0311,Queen's Club,Grass,32,A,2024-06-17,288,126203,4.0,,Taylor Fritz,R,196.0,USA,26.6,105683,,PR,Milos Raonic,R,196.0,CAN,33.4,7-6(5) 6-4,3,R16,82.0,11.0,0.0,65.0,43.0,35.0,14.0,11.0,3.0,3.0,9.0,3.0,59.0,34.0,27.0,18.0,11.0,0.0,1.0,12.0,3090.0,186.0,335.0,2024
2024-0311,Queen's Club,Grass,32,A,2024-06-17,287,126129,,WC,Billy Harris,R,193.0,GBR,29.3,208659,,Q,Giovanni Mpetshi Perricard,R,203.0,FRA,20.9,6-4 7-5,3,R16,70.0,9.0,0.0,51.0,31.0,27.0,17.0,11.0,0.0,0.0,15.0,1.0,61.0,42.0,35.0,6.0,11.0,2.0,4.0,162.0,366.0,67.0,787.0,2024
2024-0311,Queen's Club,Grass,32,A,2024-06-17,299,126205,5.0,,Tommy Paul,R,185.0,USA,27.0,200624,,,Sebastian Korda,R,196.0,USA,23.9,6-4 7-6(2),3,SF,101.0,5.0,0.0,73.0,50.0,31.0,15.0,11.0,1.0,3.0,3.0,1.0,66.0,35.0,26.0,12.0,11.0,3.0,6.0,13.0,2750.0,23.0,1775.0,2024
2024-0311,Queen's Club,Grass,32,A,2024-06-17,286,207518,,,Lorenzo Musetti,R,185.0,ITA,22.2,206909,,SE,Brandon Nakashima,R,188.0,USA,22.8,6-4 4-6 6-4,3,R16,147.0,6.0,3.0,106.0,70.0,52.0,17.0,15.0,10.0,12.0,7.0,0.0,93.0,53.0,37.0,20.0,15.0,3.0,6.0,30.0,1380.0,63.0,820.0,2024
2024-0311,Queen's Club,Grass,32,A,2024-06-17,284,207733,,,Jack Draper,L,193.0,GBR,22.4,208363,,,Mariano Navone,R,178.0,ARG,23.3,6-3 6-2,3,R32,54.0,6.0,1.0,36.0,26.0,23.0,9.0,8.0,0.0,0.0,5.0,4.0,57.0,34.0,23.0,7.0,9.0,5.0,9.0,31.0,1371.0,29.0,1382.0,2024
2024-0311,Queen's Club,Grass,32,A,2024-06-17,283,126214,,,Alejandro Tabilo,L,188.0,CHI,27.0,200221,,,Alejandro Davidovich Fokina,R,183.0,ESP,25.0,7-6(6) 3-6 6-1,3,R32,129.0,14.0,2.0,85.0,61.0,51.0,10.0,14.0,3.0,4.0,14.0,4.0,103.0,69.0,51.0,15.0,14.0,4.0,6.0,24.0,1639.0,33.0,1240.0,2024
2024-0311,Queen's Club,Grass,32,A,2024-06-17,282,126205,5.0,,Tommy Paul,R,185.0,USA,27.0,202104,,,Sebastian Baez,R,170.0,ARG,23.4,6-4 6-4,3,R32,96.0,5.0,2.0,75.0,50.0,38.0,12.0,10.0,7.0,8.0,1.0,2.0,82.0,59.0,30.0,14.0,10.0,7.0,10.0,13.0,2750.0,19.0,2030.0,2024
2024-0311,Queen's Club,Grass,32,A,2024-06-17,281,105777,3.0,,Grigor Dimitrov,R,191.0,BUL,33.0,105173,,,Adrian Mannarino,L,180.0,FRA,35.9,6-1 6-2,3,R32,62.0,12.0,2.0,41.0,22.0,19.0,13.0,8.0,0.0,0.0,2.0,2.0,50.0,24.0,13.0,10.0,7.0,5.0,9.0,10.0,3775.0,21.0,1845.0,2024
2024-0311,Queen's Club,Grass,32,A,2024-06-17,280,200624,,,Sebastian Korda,R,196.0,USA,23.9,111575,,,Karen Khachanov,R,198.0,RUS,28.0,7-5 7-6(5),3,R32,96.0,11.0,0.0,65.0,39.0,36.0,17.0,12.0,1.0,1.0,5.0,4.0,81.0,46.0,38.0,16.0,12.0,6.0,7.0,23.0,1775.0,22.0,1780.0,2024
2024-0311,Queen's Club,Grass,32,A,2024-06-17,279,208014,,Q,Rinky Hijikata,R,178.0,AUS,23.3,126207,,,Frances Tiafoe,R,188.0,USA,26.4,7-5 4-6 1-0 RET,3,R32,106.0,6.0,6.0,71.0,48.0,37.0,8.0,12.0,3.0,5.0,2.0,6.0,75.0,34.0,23.0,22.0,11.0,4.0,6.0,98.0,622.0,28.0,1390.0,2024
2024-0311,Queen's Club,Grass,32,A,2024-06-17,278,208286,,,Matteo Arnaldi,R,185.0,ITA,23.3,200005,8.0,,Ugo Humbert,L,188.0,FRA,25.9,3-6 6-1 7-6(6),3,R32,128.0,9.0,6.0,90.0,49.0,37.0,25.0,14.0,4.0,5.0,5.0,1.0,86.0,55.0,40.0,19.0,14.0,4.0,6.0,35.0,1220.0,16.0,2300.0,2024
2024-0311,Queen's Club,Grass,32,A,2024-06-17,277,111442,,,Jordan Thompson,R,183.0,AUS,30.1,208029,7.0,,Holger Rune,R,188.0,DEN,21.1,4-6 7-6(4) 6-3,3,R32,123.0,8.0,1.0,83.0,54.0,45.0,20.0,16.0,0.0,1.0,9.0,2.0,91.0,58.0,45.0,18.0,15.0,2.0,3.0,43.0,1051.0,15.0,2540.0,2024
2024-0311,Queen's Club,Grass,32,A,2024-06-17,276,104918,,WC,Andy Murray,R,191.0,GBR,37.0,200615,,Q,Alexei Popyrin,R,196.0,AUS,24.8,6-3 3-6 6-3,3,R32,111.0,9.0,4.0,83.0,56.0,43.0,15.0,14.0,1.0,2.0,12.0,3.0,75.0,45.0,37.0,14.0,13.0,2.0,4.0,129.0,498.0,48.0,966.0,2024
2024-0311,Queen's Club,Grass,32,A,2024-06-17,275,105683,,PR,Milos Raonic,R,196.0,CAN,33.4,111815,,,Cameron Norrie,L,188.0,GBR,28.8,6-7(6) 6-3 7-6(9),3,R32,135.0,47.0,6.0,110.0,76.0,65.0,19.0,17.0,2.0,2.0,12.0,2.0,102.0,75.0,60.0,16.0,16.0,3.0,4.0,186.0,335.0,39.0,1150.0,2024
2024-0311,Queen's Club,Grass,32,A,2024-06-17,274,126203,4.0,,Taylor Fritz,R,196.0,USA,26.6,106121,,Q,Taro Daniel,R,191.0,JPN,31.3,6-3 6-3,3,R32,65.0,13.0,0.0,48.0,31.0,26.0,11.0,9.0,1.0,1.0,5.0,3.0,57.0,29.0,21.0,12.0,9.0,6.0,9.0,12.0,3090.0,85.0,680.0,2024
2024-0311,Queen's Club,Grass,32,A,2024-06-17,273,208659,,Q,Giovanni Mpetshi Perricard,R,203.0,FRA,20.9,210097,6.0,,Ben Shelton,L,193.0,USA,21.6,6-3 7-6(3),3,R32,71.0,16.0,5.0,60.0,42.0,38.0,10.0,11.0,0.0,0.0,9.0,3.0,61.0,41.0,34.0,8.0,10.0,1.0,2.0,67.0,787.0,14.0,2590.0,2024
2024-0311,Queen's Club,Grass,32,A,2024-06-17,285,207989,1.0,,Carlos Alcaraz,R,183.0,ESP,21.1,202103,,,Francisco Cerundolo,R,185.0,ARG,25.8,6-1 7-5,3,R32,82.0,2.0,3.0,56.0,33.0,26.0,15.0,10.0,3.0,4.0,1.0,3.0,54.0,30.0,17.0,11.0,9.0,4.0,8.0,2.0,8580.0,26.0,1610.0,2024
2024-0500,Halle,Grass,32,A,2024-06-17,299,206173,1.0,,Jannik Sinner,R,191.0,ITA,22.8,111190,,,Zhizhen Zhang,R,193.0,CHN,27.6,6-4 7-6(3),3,SF,99.0,8.0,1.0,66.0,43.0,35.0,14.0,11.0,1.0,1.0,9.0,2.0,73.0,49.0,39.0,8.0,11.0,0.0,1.0,1.0,9480.0,42.0,1066.0,2024
2024-0311,Queen's Club,Grass,32,A,2024-06-17,300,126205,5.0,,Tommy Paul,R,185.0,USA,27.0,207518,,,Lorenzo Musetti,R,185.0,ITA,22.2,6-1 7-6(8),3,F,88.0,6.0,1.0,69.0,47.0,36.0,13.0,10.0,2.0,3.0,2.0,0.0,56.0,43.0,28.0,8.0,9.0,1.0,4.0,13.0,2750.0,30.0,1380.0,2024
2024-0500,Halle,Grass,32,A,2024-06-17,271,132283,,,Lorenzo Sonego,R,191.0,ITA,29.1,200175,,,Miomir Kecmanovic,R,183.0,SRB,24.7,7-6(6) 7-6(5),3,R32,117.0,5.0,2.0,76.0,53.0,45.0,13.0,12.0,1.0,1.0,2.0,3.0,85.0,52.0,42.0,18.0,12.0,2.0,2.0,57.0,861.0,54.0,920.0,2024
2024-0500,Halle,Grass,32,A,2024-06-17,297,206173,1.0,,Jannik Sinner,R,191.0,ITA,22.8,105526,,,Jan Lennard Struff,R,193.0,GER,34.1,6-2 6-7(1) 7-6(3),3,QF,150.0,14.0,3.0,97.0,64.0,55.0,17.0,16.0,1.0,1.0,18.0,2.0,125.0,80.0,58.0,24.0,16.0,16.0,18.0,1.0,9480.0,41.0,1080.0,2024
2024-0500,Halle,Grass,32,A,2024-06-17,296,111190,,,Zhizhen Zhang,R,193.0,CHN,27.6,111153,,,Christopher Eubanks,R,201.0,USA,28.1,6-4 4-6 7-5,3,QF,111.0,10.0,2.0,84.0,55.0,43.0,18.0,16.0,0.0,2.0,18.0,0.0,87.0,68.0,52.0,7.0,16.0,1.0,4.0,42.0,1066.0,44.0,1005.0,2024
2024-0500,Halle,Grass,32,A,2024-06-17,295,128034,5.0,,Hubert Hurkacz,R,196.0,POL,27.3,106218,,,Marcos Giron,R,180.0,USA,30.8,7-6(5) 6-4,3,QF,95.0,11.0,1.0,77.0,49.0,38.0,15.0,11.0,2.0,3.0,4.0,1.0,72.0,47.0,36.0,12.0,11.0,5.0,7.0,9.0,3950.0,53.0,925.0,2024
2024-0500,Halle,Grass,32,A,2024-06-17,294,100644,2.0,,Alexander Zverev,R,198.0,GER,27.1,209950,,,Arthur Fils,R,185.0,FRA,20.0,6-7(5) 6-3 6-4,3,QF,150.0,8.0,1.0,95.0,66.0,55.0,16.0,16.0,1.0,1.0,6.0,5.0,91.0,54.0,45.0,17.0,15.0,4.0,6.0,4.0,6885.0,37.0,1170.0,2024
2024-0500,Halle,Grass,32,A,2024-06-17,293,206173,1.0,,Jannik Sinner,R,191.0,ITA,22.8,206681,,,Fabian Marozsan,R,193.0,HUN,24.6,6-4 6-7(4) 6-3,3,R16,135.0,12.0,2.0,93.0,60.0,45.0,17.0,16.0,0.0,2.0,9.0,0.0,106.0,67.0,44.0,20.0,15.0,11.0,15.0,1.0,9480.0,45.0,997.0,2024
2024-0500,Halle,Grass,32,A,2024-06-17,292,105526,,,Jan Lennard Struff,R,193.0,GER,34.1,126774,6.0,,Stefanos Tsitsipas,R,193.0,GRE,25.8,6-4 6-4,3,R16,67.0,8.0,1.0,53.0,31.0,26.0,16.0,10.0,0.0,0.0,5.0,3.0,58.0,35.0,26.0,12.0,10.0,1.0,3.0,41.0,1080.0,11.0,3740.0,2024
2024-0500,Halle,Grass,32,A,2024-06-17,291,111190,,,Zhizhen Zhang,R,193.0,CHN,27.6,106421,3.0,,Daniil Medvedev,R,198.0,RUS,28.3,6-3 2-6 7-6(5),3,R16,125.0,12.0,4.0,106.0,71.0,51.0,17.0,15.0,2.0,5.0,13.0,5.0,92.0,58.0,47.0,15.0,14.0,3.0,5.0,42.0,1066.0,5.0,6485.0,2024
2024-0500,Halle,Grass,32,A,2024-06-17,290,111153,,,Christopher Eubanks,R,201.0,USA,28.1,122330,7.0,,Alexander Bublik,R,196.0,KAZ,27.0,7-6(5) 4-6 6-3,3,R16,130.0,10.0,4.0,123.0,87.0,59.0,20.0,16.0,14.0,16.0,22.0,4.0,89.0,57.0,44.0,17.0,15.0,2.0,4.0,44.0,1005.0,17.0,2180.0,2024
2024-0500,Halle,Grass,32,A,2024-06-17,289,128034,5.0,,Hubert Hurkacz,R,196.0,POL,27.3,105902,,Q,James Duckworth,R,183.0,AUS,32.4,7-6(3) 6-4,3,R16,86.0,17.0,0.0,59.0,42.0,39.0,11.0,11.0,1.0,1.0,5.0,2.0,76.0,37.0,31.0,19.0,11.0,3.0,4.0,9.0,3950.0,88.0,665.0,2024
2024-0500,Halle,Grass,32,A,2024-06-17,288,106218,,,Marcos Giron,R,180.0,USA,30.8,126610,,SE,Matteo Berrettini,R,196.0,ITA,28.1,3-6 6-4 6-3,3,R16,104.0,2.0,1.0,71.0,50.0,42.0,11.0,14.0,2.0,3.0,13.0,2.0,79.0,50.0,38.0,18.0,14.0,2.0,4.0,53.0,925.0,65.0,795.0,2024
2024-0500,Halle,Grass,32,A,2024-06-17,287,209950,,,Arthur Fils,R,185.0,FRA,20.0,136440,,WC,Dominik Koepfer,L,180.0,GER,30.1,6-3 6-4,3,R16,79.0,4.0,2.0,71.0,35.0,28.0,20.0,10.0,5.0,5.0,4.0,1.0,53.0,32.0,22.0,11.0,9.0,1.0,3.0,37.0,1170.0,70.0,781.0,2024
2024-0500,Halle,Grass,32,A,2024-06-17,286,100644,2.0,,Alexander Zverev,R,198.0,GER,27.1,132283,,,Lorenzo Sonego,R,191.0,ITA,29.1,6-4 7-6(5),3,R16,103.0,7.0,1.0,56.0,44.0,38.0,10.0,11.0,0.0,0.0,6.0,3.0,77.0,43.0,32.0,19.0,11.0,5.0,6.0,4.0,6885.0,57.0,861.0,2024
2024-0500,Halle,Grass,32,A,2024-06-17,270,100644,2.0,,Alexander Zverev,R,198.0,GER,27.1,106214,,Q,Oscar Otte,R,193.0,GER,30.9,6-7(5) 6-3 6-4,3,R32,137.0,28.0,2.0,107.0,73.0,58.0,19.0,16.0,3.0,3.0,4.0,2.0,98.0,58.0,45.0,21.0,15.0,5.0,7.0,4.0,6885.0,474.0,92.0,2024
2024-0500,Halle,Grass,32,A,2024-06-17,285,206173,1.0,,Jannik Sinner,R,191.0,ITA,22.8,134868,,,Tallon Griekspoor,R,188.0,NED,27.9,6-7(8) 6-3 6-2,3,R32,142.0,15.0,2.0,93.0,62.0,49.0,20.0,15.0,4.0,4.0,11.0,2.0,102.0,64.0,43.0,22.0,14.0,1.0,4.0,1.0,9480.0,27.0,1540.0,2024
2024-0500,Halle,Grass,32,A,2024-06-17,283,105526,,,Jan Lennard Struff,R,193.0,GER,34.1,209260,,,Luciano Darderi,R,183.0,ITA,22.3,6-7(2) 7-5 7-6(10),3,R32,151.0,21.0,8.0,106.0,63.0,57.0,24.0,18.0,2.0,3.0,14.0,8.0,145.0,73.0,60.0,35.0,18.0,7.0,9.0,41.0,1080.0,34.0,1231.0,2024
2024-0500,Halle,Grass,32,A,2024-06-17,282,126774,6.0,,Stefanos Tsitsipas,R,193.0,GRE,25.8,202260,,WC,Henri Squire,R,196.0,GER,23.7,7-6(7) 7-6(2),3,R32,92.0,7.0,1.0,69.0,45.0,38.0,21.0,12.0,0.0,0.0,6.0,4.0,78.0,58.0,49.0,9.0,12.0,1.0,1.0,11.0,3740.0,181.0,344.0,2024
2024-0500,Halle,Grass,32,A,2024-06-17,281,106421,3.0,,Daniil Medvedev,R,198.0,RUS,28.3,132686,,,Nuno Borges,R,185.0,POR,27.3,7-6(4) 6-4,3,R32,91.0,9.0,4.0,75.0,45.0,34.0,17.0,11.0,5.0,6.0,7.0,2.0,68.0,49.0,37.0,8.0,11.0,2.0,4.0,5.0,6485.0,51.0,936.0,2024
2024-0500,Halle,Grass,32,A,2024-06-17,280,111190,,,Zhizhen Zhang,R,193.0,CHN,27.6,124116,,,Sebastian Ofner,R,191.0,AUT,28.0,7-6(8) 6-7(3) 6-4,3,R32,141.0,23.0,3.0,111.0,75.0,59.0,20.0,17.0,0.0,0.0,21.0,3.0,121.0,72.0,55.0,31.0,17.0,6.0,7.0,42.0,1066.0,52.0,933.0,2024
2024-0500,Halle,Grass,32,A,2024-06-17,279,111153,,,Christopher Eubanks,R,201.0,USA,28.1,124079,,,Pedro Martinez,R,185.0,ESP,27.1,6-3 6-4,3,R32,76.0,12.0,2.0,54.0,40.0,31.0,8.0,10.0,1.0,2.0,3.0,6.0,55.0,39.0,25.0,5.0,9.0,4.0,7.0,44.0,1005.0,46.0,975.0,2024
2024-0500,Halle,Grass,32,A,2024-06-17,278,122330,7.0,,Alexander Bublik,R,196.0,KAZ,27.0,126845,,Q,Max Purcell,R,185.0,AUS,26.2,7-6(1) 6-4,3,R32,86.0,14.0,8.0,71.0,40.0,36.0,13.0,11.0,5.0,7.0,5.0,2.0,63.0,36.0,26.0,13.0,11.0,0.0,3.0,17.0,2180.0,101.0,612.0,2024
2024-0500,Halle,Grass,32,A,2024-06-17,277,128034,5.0,,Hubert Hurkacz,R,196.0,POL,27.3,207925,,,Flavio Cobolli,R,183.0,ITA,22.1,7-5 7-6(2),3,R32,95.0,19.0,2.0,68.0,51.0,41.0,10.0,12.0,0.0,1.0,7.0,3.0,87.0,48.0,36.0,19.0,12.0,7.0,9.0,9.0,3950.0,49.0,955.0,2024
2024-0500,Halle,Grass,32,A,2024-06-17,276,105902,,Q,James Duckworth,R,183.0,AUS,32.4,211663,,WC,Joao Fonseca,R,185.0,BRA,17.8,6-4 6-4,3,R32,90.0,8.0,2.0,61.0,35.0,25.0,19.0,10.0,2.0,2.0,14.0,2.0,85.0,51.0,35.0,15.0,10.0,10.0,12.0,88.0,665.0,217.0,283.0,2024
2024-0500,Halle,Grass,32,A,2024-06-17,275,126610,,SE,Matteo Berrettini,R,196.0,ITA,28.1,210506,,Q,Alex Michelsen,R,193.0,USA,19.8,7-6(5) 6-2,3,R32,92.0,13.0,1.0,61.0,42.0,34.0,10.0,10.0,1.0,2.0,5.0,2.0,63.0,46.0,29.0,9.0,10.0,1.0,4.0,65.0,795.0,61.0,829.0,2024
2024-0500,Halle,Grass,32,A,2024-06-17,274,106218,,,Marcos Giron,R,180.0,USA,30.8,126094,4.0,,Andrey Rublev,R,188.0,RUS,26.6,6-4 7-6(5),3,R32,88.0,8.0,1.0,65.0,35.0,27.0,16.0,11.0,1.0,2.0,9.0,3.0,70.0,49.0,34.0,8.0,11.0,4.0,6.0,53.0,925.0,6.0,4710.0,2024
2024-0500,Halle,Grass,32,A,2024-06-17,273,136440,,WC,Dominik Koepfer,L,180.0,GER,30.1,200000,8.0,,Felix Auger Aliassime,R,193.0,CAN,23.8,6-4 4-3 RET,3,R32,70.0,3.0,0.0,44.0,30.0,22.0,11.0,8.0,0.0,0.0,16.0,0.0,52.0,38.0,29.0,7.0,9.0,3.0,5.0,70.0,781.0,18.0,2075.0,2024
2024-0500,Halle,Grass,32,A,2024-06-17,272,209950,,,Arthur Fils,R,185.0,FRA,20.0,207830,,,Tomas Machac,R,183.0,CZE,23.6,6-4 6-4,3,R32,70.0,10.0,2.0,58.0,36.0,29.0,14.0,10.0,4.0,5.0,3.0,0.0,62.0,50.0,31.0,6.0,10.0,5.0,8.0,37.0,1170.0,36.0,1214.0,2024
2024-0500,Halle,Grass,32,A,2024-06-17,284,206681,,,Fabian Marozsan,R,193.0,HUN,24.6,126128,,,Roman Safiullin,R,185.0,RUS,26.8,7-5 4-6 6-1,3,R32,116.0,14.0,1.0,90.0,61.0,48.0,17.0,15.0,4.0,5.0,16.0,3.0,82.0,52.0,42.0,12.0,14.0,1.0,4.0,45.0,997.0,40.0,1097.0,2024
2024-0311,Queen's Club,Grass,32,A,2024-06-17,271,206909,,SE,Brandon Nakashima,R,188.0,USA,22.8,105554,,WC,Daniel Evans,R,175.0,GBR,34.0,4-6 6-3 0-0 RET,3,R32,94.0,11.0,2.0,66.0,49.0,34.0,6.0,10.0,7.0,10.0,3.0,3.0,49.0,22.0,19.0,12.0,9.0,4.0,7.0,63.0,820.0,59.0,844.0,2024
2024-0741,Eastbourne,Grass,32,A,2024-06-24,400,126203,1.0,,Taylor Fritz,R,196.0,USA,26.6,126845,,Q,Max Purcell,R,185.0,AUS,26.2,6-4 6-3,3,F,70.0,9.0,0.0,53.0,35.0,31.0,12.0,10.0,0.0,0.0,3.0,2.0,50.0,30.0,22.0,9.0,9.0,3.0,5.0,13.0,3145.0,94.0,627.0,2024
2024-0741,Eastbourne,Grass,32,A,2024-06-24,374,126846,,LL,Aleksandar Vukic,R,188.0,AUS,28.2,206681,,,Fabian Marozsan,R,193.0,HUN,24.7,6-2 6-4,3,R32,64.0,9.0,1.0,55.0,37.0,29.0,12.0,9.0,2.0,2.0,6.0,1.0,46.0,23.0,18.0,12.0,9.0,0.0,3.0,81.0,714.0,45.0,1047.0,2024
2024-8994,Mallorca,Grass,32,A,2024-06-24,276,104926,,WC,Fabio Fognini,R,178.0,ITA,37.0,133835,,LL,Gijs Brouwer,L,191.0,NED,28.2,7-6(4) 7-6(5),3,R32,100.0,10.0,6.0,79.0,50.0,39.0,20.0,12.0,3.0,4.0,5.0,1.0,84.0,65.0,46.0,11.0,12.0,3.0,4.0,97.0,618.0,190.0,317.0,2024
2024-8994,Mallorca,Grass,32,A,2024-06-24,277,210150,,,Jakub Mensik,R,193.0,CZE,18.8,111153,8.0,,Christopher Eubanks,R,201.0,USA,28.1,6-3 3-6 6-1,3,R32,90.0,12.0,1.0,68.0,45.0,38.0,14.0,13.0,3.0,4.0,9.0,1.0,67.0,53.0,36.0,7.0,12.0,2.0,5.0,85.0,688.0,42.0,1085.0,2024
2024-8994,Mallorca,Grass,32,A,2024-06-24,278,209260,5.0,,Luciano Darderi,R,183.0,ITA,22.3,124079,,,Pedro Martinez,R,185.0,ESP,27.1,7-5 7-5,3,R32,118.0,11.0,3.0,87.0,50.0,38.0,15.0,12.0,10.0,12.0,3.0,10.0,83.0,59.0,36.0,10.0,12.0,9.0,13.0,37.0,1231.0,48.0,975.0,2024
2024-8994,Mallorca,Grass,32,A,2024-06-24,279,124116,,,Sebastian Ofner,R,191.0,AUT,28.1,144719,,,Jaume Munar,R,183.0,ESP,27.1,3-6 6-4 7-6(4),3,R32,124.0,15.0,5.0,90.0,50.0,40.0,19.0,15.0,6.0,9.0,8.0,7.0,100.0,67.0,50.0,15.0,16.0,2.0,5.0,54.0,883.0,63.0,835.0,2024
2024-8994,Mallorca,Grass,32,A,2024-06-24,280,210506,,,Alex Michelsen,R,193.0,USA,19.8,132686,,,Nuno Borges,R,185.0,POR,27.3,6-3 7-6(4),3,R32,107.0,3.0,0.0,68.0,56.0,46.0,6.0,11.0,2.0,2.0,10.0,1.0,66.0,47.0,35.0,11.0,10.0,6.0,7.0,62.0,844.0,51.0,936.0,2024
2024-8994,Mallorca,Grass,32,A,2024-06-24,282,200443,,Q,Adam Walton,R,183.0,AUS,25.1,105870,,,Yannick Hanfmann,R,193.0,GER,32.6,7-5 6-2,3,R32,100.0,3.0,1.0,63.0,35.0,29.0,14.0,10.0,3.0,4.0,3.0,2.0,65.0,50.0,30.0,5.0,10.0,4.0,8.0,107.0,594.0,95.0,626.0,2024
2024-8994,Mallorca,Grass,32,A,2024-06-24,283,206703,,Q,Paul Jubb,R,180.0,GBR,24.6,109739,,Q,Maximilian Marterer,L,188.0,GER,29.0,6-1 6-2,3,R32,70.0,5.0,4.0,43.0,24.0,21.0,10.0,7.0,2.0,2.0,3.0,3.0,66.0,42.0,19.0,11.0,8.0,6.0,11.0,289.0,191.0,87.0,679.0,2024
2024-8994,Mallorca,Grass,32,A,2024-06-24,284,208014,,,Rinky Hijikata,R,178.0,AUS,23.3,208134,,,Luca Nardi,R,185.0,ITA,20.8,6-2 2-6 7-5,3,R32,127.0,0.0,4.0,77.0,49.0,37.0,13.0,14.0,4.0,7.0,5.0,4.0,107.0,67.0,46.0,15.0,14.0,14.0,18.0,75.0,736.0,73.0,760.0,2024
2024-8994,Mallorca,Grass,32,A,2024-06-24,286,105138,,,Roberto Bautista Agut,R,183.0,ESP,36.1,200005,2.0,,Ugo Humbert,L,188.0,FRA,25.9,3-6 6-3 6-4,3,R16,149.0,3.0,2.0,94.0,67.0,43.0,17.0,14.0,6.0,8.0,12.0,2.0,97.0,60.0,39.0,21.0,14.0,13.0,16.0,122.0,525.0,16.0,2300.0,2024
2024-8994,Mallorca,Grass,32,A,2024-06-24,287,104792,6.0,,Gael Monfils,R,193.0,FRA,37.8,106148,,,Roberto Carballes Baena,R,183.0,ESP,31.2,6-3 6-4,3,R16,77.0,9.0,3.0,57.0,31.0,27.0,15.0,10.0,1.0,1.0,2.0,1.0,46.0,22.0,17.0,14.0,9.0,1.0,3.0,40.0,1160.0,65.0,821.0,2024
2024-8994,Mallorca,Grass,32,A,2024-06-24,288,126214,4.0,,Alejandro Tabilo,L,188.0,CHI,27.0,207686,,,Alexander Shevchenko,R,185.0,KAZ,23.5,6-3 6-2,3,R16,69.0,6.0,5.0,63.0,43.0,35.0,10.0,9.0,5.0,5.0,2.0,1.0,58.0,41.0,29.0,4.0,8.0,4.0,7.0,24.0,1679.0,58.0,860.0,2024
2024-8994,Mallorca,Grass,32,A,2024-06-24,289,210150,,,Jakub Mensik,R,193.0,CZE,18.8,104926,,WC,Fabio Fognini,R,178.0,ITA,37.0,4-6 6-3 7-5,3,R16,160.0,11.0,6.0,92.0,50.0,40.0,21.0,16.0,5.0,8.0,5.0,11.0,94.0,51.0,37.0,20.0,15.0,4.0,8.0,85.0,688.0,97.0,618.0,2024
2024-8994,Mallorca,Grass,32,A,2024-06-24,290,124116,,,Sebastian Ofner,R,191.0,AUT,28.1,209260,5.0,,Luciano Darderi,R,183.0,ITA,22.3,6-3 7-5,3,R16,79.0,14.0,1.0,67.0,33.0,28.0,20.0,11.0,3.0,4.0,3.0,1.0,57.0,31.0,21.0,15.0,10.0,3.0,6.0,54.0,883.0,37.0,1231.0,2024
2024-8994,Mallorca,Grass,32,A,2024-06-24,291,210506,,,Alex Michelsen,R,193.0,USA,19.8,105173,3.0,,Adrian Mannarino,L,180.0,FRA,35.9,7-6(5) 6-4,3,R16,109.0,4.0,0.0,72.0,50.0,37.0,11.0,11.0,2.0,4.0,6.0,4.0,77.0,47.0,32.0,15.0,11.0,4.0,7.0,62.0,844.0,22.0,1765.0,2024
2024-8994,Mallorca,Grass,32,A,2024-06-24,292,206703,,Q,Paul Jubb,R,180.0,GBR,24.6,200443,,Q,Adam Walton,R,183.0,AUS,25.1,6-0 6-3,3,R16,55.0,4.0,4.0,39.0,25.0,24.0,8.0,8.0,0.0,0.0,1.0,2.0,40.0,23.0,12.0,8.0,7.0,2.0,6.0,289.0,191.0,107.0,594.0,2024
2024-8994,Mallorca,Grass,32,A,2024-06-24,293,210097,1.0,,Ben Shelton,L,193.0,USA,21.7,208014,,,Rinky Hijikata,R,178.0,AUS,23.3,6-4 6-0,3,R16,67.0,13.0,2.0,56.0,40.0,27.0,10.0,8.0,6.0,6.0,2.0,0.0,47.0,35.0,21.0,4.0,8.0,3.0,7.0,14.0,2545.0,75.0,736.0,2024
2024-8994,Mallorca,Grass,32,A,2024-06-24,294,104792,6.0,,Gael Monfils,R,193.0,FRA,37.8,105138,,,Roberto Bautista Agut,R,183.0,ESP,36.1,6-3 4-6 6-4,3,QF,152.0,15.0,6.0,94.0,52.0,40.0,20.0,15.0,6.0,9.0,3.0,2.0,93.0,56.0,36.0,18.0,14.0,4.0,8.0,40.0,1160.0,122.0,525.0,2024
2024-8994,Mallorca,Grass,32,A,2024-06-24,295,126214,4.0,,Alejandro Tabilo,L,188.0,CHI,27.0,210150,,,Jakub Mensik,R,193.0,CZE,18.8,6-4 6-4,3,QF,90.0,6.0,1.0,59.0,36.0,28.0,10.0,10.0,1.0,2.0,7.0,5.0,65.0,38.0,26.0,12.0,10.0,3.0,6.0,24.0,1679.0,85.0,688.0,2024
2024-8994,Mallorca,Grass,32,A,2024-06-24,296,124116,,,Sebastian Ofner,R,191.0,AUT,28.1,210506,,,Alex Michelsen,R,193.0,USA,19.8,3-6 7-5 6-3,3,QF,113.0,12.0,10.0,103.0,52.0,41.0,25.0,15.0,8.0,9.0,5.0,3.0,81.0,60.0,44.0,13.0,15.0,1.0,3.0,54.0,883.0,62.0,844.0,2024
2024-8994,Mallorca,Grass,32,A,2024-06-24,297,206703,,Q,Paul Jubb,R,180.0,GBR,24.6,210097,1.0,,Ben Shelton,L,193.0,USA,21.7,6-3 3-6 7-6(8),3,QF,164.0,1.0,5.0,116.0,71.0,54.0,19.0,15.0,9.0,12.0,13.0,6.0,129.0,92.0,60.0,17.0,15.0,15.0,18.0,289.0,191.0,14.0,2545.0,2024
2024-8994,Mallorca,Grass,32,A,2024-06-24,298,126214,4.0,,Alejandro Tabilo,L,188.0,CHI,27.0,104792,6.0,,Gael Monfils,R,193.0,FRA,37.8,2-6 6-2 7-6(3),3,SF,114.0,6.0,5.0,77.0,49.0,40.0,16.0,14.0,2.0,4.0,12.0,6.0,84.0,49.0,39.0,16.0,14.0,2.0,4.0,24.0,1679.0,40.0,1160.0,2024
2024-8994,Mallorca,Grass,32,A,2024-06-24,299,124116,,,Sebastian Ofner,R,191.0,AUT,28.1,206703,,Q,Paul Jubb,R,180.0,GBR,24.6,6-4 7-5,3,SF,82.0,15.0,1.0,65.0,39.0,35.0,14.0,11.0,2.0,2.0,3.0,4.0,63.0,38.0,27.0,15.0,11.0,1.0,3.0,54.0,883.0,289.0,191.0,2024
2024-8994,Mallorca,Grass,32,A,2024-06-24,300,126214,4.0,,Alejandro Tabilo,L,188.0,CHI,27.0,124116,,,Sebastian Ofner,R,191.0,AUT,28.1,6-3 6-4,3,F,74.0,5.0,1.0,63.0,36.0,31.0,13.0,10.0,3.0,3.0,2.0,2.0,52.0,28.0,22.0,11.0,9.0,3.0,5.0,24.0,1679.0,54.0,883.0,2024
2024-8994,Mallorca,Grass,32,A,2024-06-24,275,207686,,,Alexander Shevchenko,R,185.0,KAZ,23.5,106005,,Q,Constant Lestienne,R,180.0,FRA,32.0,7-5 7-6(5),3,R32,101.0,10.0,0.0,83.0,54.0,41.0,11.0,12.0,3.0,5.0,0.0,1.0,81.0,51.0,36.0,14.0,12.0,3.0,6.0,58.0,860.0,90.0,657.0,2024
2024-8994,Mallorca,Grass,32,A,2024-06-24,272,106148,,,Roberto Carballes Baena,R,183.0,ESP,31.2,105807,,WC,Pablo Carreno Busta,R,188.0,ESP,32.9,7-6(4) 4-6 7-6(3),3,R32,168.0,8.0,1.0,108.0,61.0,45.0,29.0,17.0,4.0,7.0,2.0,1.0,118.0,89.0,65.0,14.0,17.0,5.0,7.0,65.0,821.0,796.0,27.0,2024
2024-8994,Mallorca,Grass,32,A,2024-06-24,273,104792,6.0,,Gael Monfils,R,193.0,FRA,37.8,106233,,WC,Dominic Thiem,R,185.0,AUT,30.8,6-3 7-6(3),3,R32,78.0,13.0,4.0,62.0,39.0,35.0,14.0,11.0,0.0,0.0,7.0,1.0,57.0,34.0,21.0,20.0,10.0,4.0,5.0,40.0,1160.0,134.0,483.0,2024
2024-0741,Eastbourne,Grass,32,A,2024-06-24,399,126203,1.0,,Taylor Fritz,R,196.0,USA,26.6,126846,,LL,Aleksandar Vukic,R,188.0,AUS,28.2,7-6(5) 7-6(4),3,SF,107.0,15.0,1.0,75.0,48.0,46.0,13.0,12.0,1.0,1.0,7.0,4.0,92.0,60.0,49.0,15.0,12.0,5.0,5.0,13.0,3145.0,81.0,714.0,2024
2024-0741,Eastbourne,Grass,32,A,2024-06-24,375,132283,,,Lorenzo Sonego,R,191.0,ITA,29.1,211902,,LL,Henry Searle,L,193.0,GBR,18.2,6-3 6-2,3,R32,67.0,5.0,0.0,40.0,36.0,30.0,3.0,9.0,0.0,1.0,0.0,4.0,54.0,33.0,20.0,7.0,8.0,3.0,7.0,57.0,869.0,568.0,66.0,2024
2024-0741,Eastbourne,Grass,32,A,2024-06-24,376,205734,,,Thiago Seyboth Wild,R,185.0,BRA,24.2,210317,,Q,James Mccabe,R,188.0,AUS,20.9,6-4 6-4,3,R32,100.0,5.0,2.0,75.0,51.0,35.0,12.0,10.0,5.0,6.0,3.0,2.0,64.0,50.0,35.0,4.0,10.0,4.0,7.0,74.0,750.0,342.0,149.0,2024
2024-0741,Eastbourne,Grass,32,A,2024-06-24,377,200325,,,Emil Ruusuvuori,R,188.0,FIN,25.2,111815,,,Cameron Norrie,L,188.0,GBR,28.8,7-6(9) 6-3,3,R32,95.0,5.0,1.0,73.0,55.0,39.0,16.0,11.0,7.0,7.0,3.0,2.0,67.0,44.0,37.0,11.0,10.0,1.0,2.0,88.0,668.0,44.0,1070.0,2024
2024-0741,Eastbourne,Grass,32,A,2024-06-24,378,126845,,Q,Max Purcell,R,185.0,AUS,26.2,111513,,,Laslo Djere,R,188.0,SRB,29.0,6-1 4-6 6-3,3,R32,119.0,10.0,1.0,76.0,51.0,38.0,13.0,13.0,5.0,7.0,4.0,1.0,88.0,47.0,26.0,22.0,13.0,7.0,12.0,94.0,627.0,52.0,936.0,2024
2024-0741,Eastbourne,Grass,32,A,2024-06-24,379,106415,,Q,Yoshihito Nishioka,L,170.0,JPN,28.7,106281,,WC,Liam Broady,L,183.0,GBR,30.4,6-3 6-4,3,R32,105.0,3.0,1.0,48.0,27.0,19.0,16.0,9.0,3.0,4.0,6.0,8.0,100.0,54.0,34.0,19.0,10.0,10.0,14.0,102.0,603.0,146.0,404.0,2024
2024-0741,Eastbourne,Grass,32,A,2024-06-24,380,200175,,,Miomir Kecmanovic,R,183.0,SRB,24.8,111190,,,Zhizhen Zhang,R,193.0,CHN,27.6,6-2 7-6(2),3,R32,85.0,9.0,2.0,77.0,48.0,37.0,16.0,10.0,4.0,4.0,9.0,3.0,61.0,46.0,30.0,8.0,10.0,0.0,2.0,53.0,920.0,33.0,1256.0,2024
2024-0741,Eastbourne,Grass,32,A,2024-06-24,381,126129,,WC,Billy Harris,R,193.0,GBR,29.4,207985,,WC,Jacob Fearnley,R,183.0,GBR,22.9,6-4 7-6(7),3,R32,97.0,10.0,2.0,68.0,47.0,40.0,12.0,11.0,1.0,1.0,2.0,4.0,70.0,39.0,28.0,20.0,11.0,0.0,1.0,139.0,456.0,271.0,206.0,2024
2024-0741,Eastbourne,Grass,32,A,2024-06-24,382,207925,,,Flavio Cobolli,R,183.0,ITA,22.1,126239,,,Arthur Rinderknech,R,196.0,FRA,28.9,6-4 7-5,3,R32,81.0,5.0,4.0,66.0,36.0,24.0,20.0,11.0,2.0,4.0,6.0,4.0,54.0,29.0,26.0,8.0,11.0,0.0,4.0,49.0,955.0,68.0,792.0,2024
2024-0741,Eastbourne,Grass,32,A,2024-06-24,383,209992,,Q,Juncheng Shang,L,180.0,CHN,19.3,144869,7.0,,Tomas Martin Etcheverry,R,196.0,ARG,24.9,7-5 3-6 7-6(4),3,R32,145.0,11.0,1.0,99.0,73.0,52.0,17.0,16.0,2.0,3.0,14.0,5.0,97.0,71.0,59.0,13.0,17.0,3.0,4.0,104.0,595.0,31.0,1290.0,2024
2024-0741,Eastbourne,Grass,32,A,2024-06-24,384,208144,,LL,Giles Hussey,L,185.0,GBR,27.0,208363,6.0,,Mariano Navone,R,178.0,ARG,23.3,6-4 6-2,3,R32,63.0,2.0,2.0,40.0,27.0,24.0,8.0,9.0,0.0,1.0,1.0,1.0,49.0,28.0,16.0,9.0,9.0,2.0,6.0,359.0,141.0,32.0,1282.0,2024
2024-0741,Eastbourne,Grass,32,A,2024-06-24,385,106218,,,Marcos Giron,R,180.0,USA,30.9,202103,5.0,,Francisco Cerundolo,R,185.0,ARG,25.8,7-6(5) 7-6(4),3,R32,100.0,4.0,0.0,73.0,46.0,41.0,19.0,12.0,0.0,0.0,5.0,1.0,83.0,52.0,41.0,20.0,12.0,1.0,1.0,46.0,1005.0,27.0,1565.0,2024
2024-8994,Mallorca,Grass,32,A,2024-06-24,271,105138,,,Roberto Bautista Agut,R,183.0,ESP,36.1,106121,,,Taro Daniel,R,191.0,JPN,31.4,6-1 6-0,3,R32,53.0,6.0,1.0,37.0,24.0,19.0,10.0,7.0,2.0,2.0,1.0,2.0,35.0,17.0,8.0,6.0,6.0,0.0,5.0,122.0,525.0,83.0,692.0,2024
2024-0741,Eastbourne,Grass,32,A,2024-06-24,386,209992,,Q,Juncheng Shang,L,180.0,CHN,19.3,200325,,,Emil Ruusuvuori,R,188.0,FIN,25.2,4-6 6-3 6-4,3,R16,126.0,8.0,2.0,93.0,56.0,43.0,20.0,15.0,4.0,5.0,6.0,0.0,81.0,52.0,39.0,16.0,14.0,2.0,4.0,104.0,595.0,88.0,668.0,2024
2024-0741,Eastbourne,Grass,32,A,2024-06-24,388,106415,,Q,Yoshihito Nishioka,L,170.0,JPN,28.7,106218,,,Marcos Giron,R,180.0,USA,30.9,6-7(8) 6-4 6-2,3,R16,131.0,4.0,3.0,95.0,64.0,48.0,18.0,15.0,4.0,5.0,9.0,3.0,87.0,50.0,33.0,22.0,15.0,2.0,6.0,102.0,603.0,46.0,1005.0,2024
2024-0741,Eastbourne,Grass,32,A,2024-06-24,389,126129,,WC,Billy Harris,R,193.0,GBR,29.4,200277,,LL,Charles Broom,R,178.0,GBR,26.1,3-6 6-2 6-2,3,R16,124.0,5.0,2.0,83.0,49.0,34.0,17.0,12.0,6.0,8.0,2.0,4.0,90.0,65.0,39.0,10.0,13.0,10.0,15.0,139.0,456.0,245.0,239.0,2024
2024-0741,Eastbourne,Grass,32,A,2024-06-24,390,207925,,,Flavio Cobolli,R,183.0,ITA,22.1,208144,,LL,Giles Hussey,L,185.0,GBR,27.0,4-6 6-3 6-4,3,R16,111.0,8.0,5.0,82.0,46.0,38.0,17.0,15.0,2.0,5.0,2.0,4.0,84.0,54.0,39.0,13.0,14.0,4.0,8.0,49.0,955.0,359.0,141.0,2024
2024-0741,Eastbourne,Grass,32,A,2024-06-24,391,200175,,,Miomir Kecmanovic,R,183.0,SRB,24.8,202104,4.0,,Sebastian Baez,R,170.0,ARG,23.4,6-3 6-2,3,R16,69.0,8.0,0.0,55.0,37.0,26.0,11.0,9.0,3.0,4.0,2.0,2.0,48.0,34.0,19.0,7.0,8.0,3.0,7.0,53.0,920.0,18.0,2030.0,2024
2024-0741,Eastbourne,Grass,32,A,2024-06-24,392,126846,,LL,Aleksandar Vukic,R,188.0,AUS,28.2,122330,3.0,,Alexander Bublik,R,196.0,KAZ,27.0,6-4 6-4,3,R16,65.0,8.0,1.0,54.0,29.0,26.0,16.0,10.0,3.0,3.0,12.0,5.0,56.0,38.0,29.0,7.0,10.0,5.0,7.0,81.0,714.0,23.0,1730.0,2024
2024-0741,Eastbourne,Grass,32,A,2024-06-24,393,126203,1.0,,Taylor Fritz,R,196.0,USA,26.6,205734,,,Thiago Seyboth Wild,R,185.0,BRA,24.2,7-6(4) 6-3,3,R16,74.0,15.0,1.0,54.0,44.0,42.0,7.0,11.0,0.0,0.0,6.0,2.0,61.0,36.0,26.0,17.0,10.0,1.0,2.0,13.0,3145.0,74.0,750.0,2024
2024-0741,Eastbourne,Grass,32,A,2024-06-24,394,126846,,LL,Aleksandar Vukic,R,188.0,AUS,28.2,106415,,Q,Yoshihito Nishioka,L,170.0,JPN,28.7,6-3 3-6 7-6(5),3,QF,127.0,12.0,1.0,90.0,57.0,47.0,18.0,15.0,0.0,1.0,3.0,3.0,92.0,59.0,45.0,22.0,15.0,6.0,7.0,81.0,714.0,102.0,603.0,2024
2024-0741,Eastbourne,Grass,32,A,2024-06-24,395,126845,,Q,Max Purcell,R,185.0,AUS,26.2,200175,,,Miomir Kecmanovic,R,183.0,SRB,24.8,6-3 7-6(4),3,QF,85.0,5.0,2.0,69.0,46.0,35.0,13.0,11.0,1.0,2.0,0.0,2.0,56.0,36.0,27.0,10.0,10.0,0.0,2.0,94.0,627.0,53.0,920.0,2024
2024-0741,Eastbourne,Grass,32,A,2024-06-24,396,126129,,WC,Billy Harris,R,193.0,GBR,29.4,207925,,,Flavio Cobolli,R,183.0,ITA,22.1,6-7(3) 7-6(4) 6-2,3,QF,148.0,8.0,1.0,99.0,70.0,54.0,21.0,16.0,3.0,3.0,1.0,3.0,104.0,56.0,39.0,32.0,16.0,4.0,6.0,139.0,456.0,49.0,955.0,2024
2024-0741,Eastbourne,Grass,32,A,2024-06-24,397,126203,1.0,,Taylor Fritz,R,196.0,USA,26.6,209992,,Q,Juncheng Shang,L,180.0,CHN,19.3,7-6(5) 7-6(5),3,QF,106.0,20.0,2.0,74.0,54.0,50.0,11.0,12.0,4.0,4.0,8.0,2.0,88.0,59.0,43.0,20.0,12.0,5.0,5.0,13.0,3145.0,104.0,595.0,2024
2024-0741,Eastbourne,Grass,32,A,2024-06-24,398,126845,,Q,Max Purcell,R,185.0,AUS,26.2,126129,,WC,Billy Harris,R,193.0,GBR,29.4,6-4 4-6 6-4,3,SF,133.0,6.0,1.0,82.0,55.0,42.0,19.0,15.0,3.0,4.0,8.0,5.0,101.0,70.0,52.0,13.0,15.0,7.0,9.0,94.0,627.0,139.0,456.0,2024
2024-0741,Eastbourne,Grass,32,A,2024-06-24,387,126845,,Q,Max Purcell,R,185.0,AUS,26.2,132283,,,Lorenzo Sonego,R,191.0,ITA,29.1,6-4 6-4,3,R16,88.0,5.0,0.0,54.0,31.0,27.0,12.0,10.0,2.0,3.0,4.0,2.0,68.0,47.0,34.0,6.0,10.0,8.0,11.0,94.0,627.0,57.0,869.0,2024
2024-540,Wimbledon,Grass,128,G,2024-07-01,224,207989,3.0,,Carlos Alcaraz,R,183.0,ESP,21.1,106421,5.0,,Daniil Medvedev,R,198.0,RUS,28.3,6-7(1) 6-3 6-4 6-4,5,SF,175.0,6.0,2.0,113.0,64.0,47.0,30.0,21.0,0.0,3.0,5.0,6.0,131.0,90.0,59.0,22.0,20.0,9.0,15.0,3.0,8130.0,5.0,6445.0,2024
2024-540,Wimbledon,Grass,128,G,2024-07-01,226,207989,3.0,,Carlos Alcaraz,R,183.0,ESP,21.1,104925,2.0,,Novak Djokovic,R,188.0,SRB,37.1,6-2 6-2 7-6(4),5,F,147.0,5.0,6.0,95.0,56.0,47.0,20.0,14.0,2.0,3.0,8.0,4.0,101.0,71.0,47.0,12.0,14.0,9.0,14.0,3.0,8130.0,2.0,8360.0,2024
2024-540,Wimbledon,Grass,128,G,2024-07-01,225,104925,2.0,,Novak Djokovic,R,188.0,SRB,37.1,207518,25.0,,Lorenzo Musetti,R,185.0,ITA,22.3,6-4 7-6(2) 6-4,5,SF,168.0,6.0,4.0,103.0,69.0,52.0,15.0,16.0,2.0,4.0,2.0,1.0,111.0,82.0,50.0,12.0,16.0,9.0,13.0,2.0,8360.0,25.0,1620.0,2024
2024-540,Wimbledon,Grass,128,G,2024-07-01,223,104925,2.0,,Novak Djokovic,R,188.0,SRB,37.1,200282,9.0,,Alex De Minaur,R,183.0,AUS,25.3,W/O,5,QF,,,,,,,,,,,,,,,,,,,,2.0,8360.0,9.0,3830.0,2024
2024-540,Wimbledon,Grass,128,G,2024-07-01,211,104925,2.0,,Novak Djokovic,R,188.0,SRB,37.1,200615,,,Alexei Popyrin,R,196.0,AUS,24.9,4-6 6-3 6-4 7-6(3),5,R32,185.0,19.0,3.0,113.0,78.0,69.0,21.0,21.0,1.0,2.0,19.0,4.0,133.0,98.0,72.0,16.0,20.0,6.0,8.0,2.0,8360.0,47.0,981.0,2024
2024-540,Wimbledon,Grass,128,G,2024-07-01,221,207989,3.0,,Carlos Alcaraz,R,183.0,ESP,21.1,126205,12.0,,Tommy Paul,R,185.0,USA,27.1,5-7 6-4 6-2 6-2,5,QF,191.0,7.0,2.0,119.0,73.0,48.0,29.0,19.0,6.0,10.0,2.0,2.0,136.0,82.0,47.0,27.0,19.0,19.0,27.0,3.0,8130.0,13.0,3100.0,2024
2024-540,Wimbledon,Grass,128,G,2024-07-01,185,126214,24.0,,Alejandro Tabilo,L,188.0,CHI,27.0,207925,,,Flavio Cobolli,R,183.0,ITA,22.1,7-6(4) 7-6(4) 4-6 4-6 6-4,5,R64,233.0,15.0,5.0,176.0,112.0,87.0,35.0,27.0,7.0,10.0,15.0,8.0,168.0,83.0,65.0,52.0,27.0,5.0,7.0,19.0,1904.0,48.0,980.0,2024
2024-540,Wimbledon,Grass,128,G,2024-07-01,184,126203,13.0,,Taylor Fritz,R,196.0,USA,26.6,126239,,,Arthur Rinderknech,R,196.0,FRA,28.9,6-3 6-4 3-6 6-4,5,R64,137.0,15.0,2.0,101.0,60.0,49.0,27.0,19.0,3.0,4.0,17.0,6.0,115.0,70.0,58.0,18.0,19.0,5.0,8.0,12.0,3350.0,76.0,754.0,2024
2024-540,Wimbledon,Grass,128,G,2024-07-01,183,200325,,,Emil Ruusuvuori,R,188.0,FIN,25.2,126774,11.0,,Stefanos Tsitsipas,R,193.0,GRE,25.8,7-6(6) 7-6(10) 3-6 6-3,5,R64,167.0,7.0,5.0,132.0,89.0,71.0,23.0,20.0,1.0,3.0,20.0,6.0,135.0,91.0,73.0,22.0,21.0,4.0,6.0,87.0,683.0,11.0,3745.0,2024
2024-540,Wimbledon,Grass,128,G,2024-07-01,182,208659,,LL,Giovanni Mpetshi Perricard,R,203.0,FRA,20.9,106415,,,Yoshihito Nishioka,L,170.0,JPN,28.7,6-4 6-1 6-2,5,R64,71.0,27.0,4.0,65.0,45.0,40.0,13.0,13.0,2.0,2.0,2.0,0.0,67.0,50.0,29.0,8.0,12.0,2.0,7.0,58.0,853.0,90.0,659.0,2024
2024-540,Wimbledon,Grass,128,G,2024-07-01,181,207518,25.0,,Lorenzo Musetti,R,185.0,ITA,22.3,209260,,,Luciano Darderi,R,183.0,ITA,22.3,6-4 4-6 6-7(5) 6-4 6-4,5,R64,227.0,13.0,4.0,141.0,105.0,83.0,22.0,26.0,4.0,7.0,10.0,7.0,191.0,121.0,83.0,34.0,26.0,11.0,16.0,25.0,1620.0,37.0,1236.0,2024
2024-540,Wimbledon,Grass,128,G,2024-07-01,180,207681,,,Francisco Comesana,R,178.0,ARG,23.7,200443,,,Adam Walton,R,183.0,AUS,25.2,7-5 1-6 6-7(12) 6-1 7-6(8),5,R64,248.0,19.0,6.0,169.0,101.0,74.0,39.0,26.0,5.0,9.0,9.0,5.0,172.0,121.0,83.0,28.0,24.0,7.0,11.0,122.0,529.0,101.0,607.0,2024
2024-540,Wimbledon,Grass,128,G,2024-07-01,179,104926,,,Fabio Fognini,R,178.0,ITA,37.1,134770,8.0,,Casper Ruud,R,183.0,NOR,25.5,6-4 7-5 6-7(1) 6-3,5,R64,198.0,8.0,10.0,169.0,95.0,68.0,37.0,22.0,11.0,13.0,15.0,2.0,134.0,81.0,58.0,29.0,21.0,3.0,8.0,94.0,635.0,8.0,4025.0,2024
2024-540,Wimbledon,Grass,128,G,2024-07-01,178,105138,,,Roberto Bautista Agut,R,183.0,ESP,36.2,132283,,,Lorenzo Sonego,R,191.0,ITA,29.1,6-3 3-6 6-3 6-4,5,R64,167.0,3.0,4.0,120.0,80.0,59.0,24.0,19.0,10.0,12.0,18.0,4.0,114.0,84.0,57.0,14.0,18.0,4.0,8.0,112.0,555.0,54.0,881.0,2024
2024-540,Wimbledon,Grass,128,G,2024-07-01,177,122330,23.0,,Alexander Bublik,R,196.0,KAZ,27.0,209070,,,Arthur Cazaux,R,183.0,FRA,21.8,6-4 7-6(1) 6-4,5,R64,124.0,19.0,4.0,81.0,52.0,49.0,18.0,16.0,0.0,0.0,7.0,9.0,95.0,53.0,42.0,17.0,16.0,2.0,4.0,23.0,1730.0,98.0,616.0,2024
2024-540,Wimbledon,Grass,128,G,2024-07-01,176,126205,12.0,,Tommy Paul,R,185.0,USA,27.1,202261,,Q,Otto Virtanen,R,193.0,FIN,23.0,4-6 6-3 5-7 7-5 6-4,5,R64,199.0,9.0,2.0,151.0,104.0,82.0,27.0,27.0,8.0,11.0,11.0,5.0,149.0,82.0,58.0,41.0,26.0,7.0,11.0,13.0,3100.0,147.0,401.0,2024
2024-540,Wimbledon,Grass,128,G,2024-07-01,175,200005,16.0,,Ugo Humbert,L,188.0,FRA,26.0,122298,,,Botic Van De Zandschulp,R,191.0,NED,28.7,7-6(9) 6-1 6-3,5,R64,134.0,5.0,1.0,84.0,51.0,42.0,21.0,14.0,2.0,3.0,12.0,6.0,103.0,57.0,41.0,18.0,14.0,8.0,13.0,16.0,2300.0,97.0,618.0,2024
2024-540,Wimbledon,Grass,128,G,2024-07-01,174,206909,,,Brandon Nakashima,R,188.0,USA,22.9,111442,,,Jordan Thompson,R,183.0,AUS,30.1,6-3 6-2 6-2,5,R64,97.0,9.0,1.0,69.0,50.0,41.0,12.0,13.0,2.0,2.0,4.0,3.0,78.0,44.0,29.0,12.0,12.0,7.0,12.0,65.0,825.0,40.0,1206.0,2024
2024-540,Wimbledon,Grass,128,G,2024-07-01,173,126207,29.0,,Frances Tiafoe,R,188.0,USA,26.4,106432,,,Borna Coric,R,188.0,CRO,27.6,7-6(5) 6-1 6-3,5,R64,120.0,10.0,3.0,85.0,52.0,45.0,16.0,14.0,3.0,4.0,6.0,1.0,91.0,58.0,34.0,19.0,14.0,5.0,10.0,29.0,1355.0,89.0,664.0,2024
2024-540,Wimbledon,Grass,128,G,2024-07-01,172,207989,3.0,,Carlos Alcaraz,R,183.0,ESP,21.1,126846,,,Aleksandar Vukic,R,188.0,AUS,28.2,7-6(5) 6-2 6-2,5,R64,108.0,11.0,2.0,74.0,49.0,40.0,14.0,14.0,1.0,3.0,2.0,2.0,87.0,54.0,32.0,14.0,14.0,5.0,11.0,3.0,8130.0,69.0,789.0,2024
2024-540,Wimbledon,Grass,128,G,2024-07-01,171,106421,5.0,,Daniil Medvedev,R,198.0,RUS,28.3,124186,,,Alexandre Muller,R,183.0,FRA,27.4,6-7(3) 7-6(4) 6-4 7-5,5,R64,208.0,14.0,5.0,148.0,95.0,71.0,32.0,23.0,5.0,7.0,5.0,4.0,162.0,104.0,74.0,26.0,23.0,8.0,12.0,5.0,6445.0,102.0,601.0,2024
2024-540,Wimbledon,Grass,128,G,2024-07-01,170,105526,,,Jan Lennard Struff,R,193.0,GER,34.1,111190,32.0,,Zhizhen Zhang,R,193.0,CHN,27.7,5-7 6-3 7-6(1) 7-6(8),5,R64,173.0,20.0,9.0,137.0,74.0,62.0,39.0,23.0,4.0,6.0,19.0,2.0,146.0,96.0,79.0,22.0,22.0,8.0,10.0,41.0,1135.0,38.0,1221.0,2024
2024-540,Wimbledon,Grass,128,G,2024-07-01,169,104792,,,Gael Monfils,R,193.0,FRA,37.8,104527,,,Stan Wawrinka,R,183.0,SUI,39.2,7-6(5) 6-4 7-6(3),5,R64,123.0,13.0,1.0,100.0,62.0,51.0,29.0,17.0,2.0,2.0,5.0,0.0,105.0,60.0,44.0,30.0,17.0,9.0,10.0,33.0,1260.0,95.0,633.0,2024
2024-540,Wimbledon,Grass,128,G,2024-07-01,168,105777,10.0,,Grigor Dimitrov,R,191.0,BUL,33.1,209992,,,Juncheng Shang,L,180.0,CHN,19.4,5-7 6-7(4) 6-4 6-2 6-4,5,R64,206.0,19.0,9.0,138.0,83.0,74.0,29.0,26.0,1.0,3.0,18.0,9.0,164.0,98.0,73.0,36.0,26.0,7.0,12.0,10.0,3750.0,91.0,658.0,2024
2024-540,Wimbledon,Grass,128,G,2024-07-01,167,210097,14.0,,Ben Shelton,L,193.0,USA,21.7,144750,,Q,Lloyd Harris,R,193.0,RSA,27.3,4-6 7-6(5) 6-7(5) 6-3 7-6(7),5,R64,229.0,14.0,6.0,182.0,124.0,101.0,32.0,28.0,6.0,7.0,31.0,3.0,171.0,125.0,98.0,26.0,27.0,4.0,5.0,14.0,2595.0,118.0,541.0,2024
2024-540,Wimbledon,Grass,128,G,2024-07-01,166,133430,,,Denis Shapovalov,L,185.0,CAN,25.2,127157,,,Daniel Altmaier,R,188.0,GER,25.8,7-6(3) 6-3 1-6 6-7(3) 6-4,5,R64,209.0,9.0,16.0,149.0,86.0,68.0,32.0,25.0,4.0,8.0,5.0,2.0,148.0,85.0,68.0,35.0,25.0,5.0,9.0,121.0,530.0,80.0,731.0,2024
2024-540,Wimbledon,Grass,128,G,2024-07-01,165,200175,,,Miomir Kecmanovic,R,183.0,SRB,24.8,134868,27.0,,Tallon Griekspoor,R,188.0,NED,27.9,4-6 7-6(7) 1-6 6-2 6-3,5,R64,171.0,15.0,2.0,138.0,85.0,65.0,31.0,23.0,8.0,12.0,17.0,9.0,157.0,91.0,65.0,32.0,23.0,12.0,16.0,52.0,925.0,27.0,1470.0,2024
2024-540,Wimbledon,Grass,128,G,2024-07-01,164,206173,1.0,,Jannik Sinner,R,191.0,ITA,22.8,126610,,,Matteo Berrettini,R,196.0,ITA,28.2,7-6(3) 7-6(4) 2-6 7-6(4),5,R64,222.0,10.0,2.0,135.0,88.0,72.0,25.0,22.0,3.0,7.0,28.0,3.0,162.0,116.0,82.0,21.0,22.0,8.0,10.0,1.0,9890.0,59.0,845.0,2024
2024-540,Wimbledon,Grass,128,G,2024-07-01,163,104925,2.0,,Novak Djokovic,R,188.0,SRB,37.1,200240,,Q,Vit Kopriva,R,178.0,CZE,27.0,6-1 6-2 6-2,5,R128,118.0,10.0,2.0,58.0,39.0,35.0,13.0,12.0,0.0,0.0,4.0,5.0,96.0,53.0,29.0,17.0,11.0,9.0,15.0,2.0,8360.0,123.0,523.0,2024
2024-540,Wimbledon,Grass,128,G,2024-07-01,162,207985,,WC,Jacob Fearnley,R,183.0,GBR,22.9,208279,,Q,Alejandro Moro Canas,R,183.0,ESP,23.5,7-5 6-4 7-6(12),5,R128,167.0,8.0,4.0,107.0,67.0,57.0,24.0,17.0,3.0,3.0,1.0,1.0,129.0,91.0,65.0,19.0,17.0,8.0,10.0,277.0,206.0,188.0,321.0,2024
2024-540,Wimbledon,Grass,128,G,2024-07-01,161,200615,,,Alexei Popyrin,R,196.0,AUS,24.9,106329,,,Thiago Monteiro,L,183.0,BRA,30.0,6-4 6-7(8) 6-3 6-4,5,R128,157.0,24.0,0.0,104.0,83.0,75.0,14.0,21.0,0.0,0.0,7.0,4.0,117.0,70.0,52.0,31.0,20.0,1.0,4.0,47.0,981.0,86.0,690.0,2024
2024-540,Wimbledon,Grass,128,G,2024-07-01,186,111815,,,Cameron Norrie,L,188.0,GBR,28.8,207733,28.0,,Jack Draper,L,193.0,GBR,22.5,7-6(3) 6-4 7-6(6),5,R64,154.0,10.0,4.0,119.0,78.0,58.0,22.0,17.0,3.0,5.0,18.0,7.0,112.0,68.0,57.0,13.0,17.0,1.0,4.0,42.0,1070.0,28.0,1461.0,2024
2024-540,Wimbledon,Grass,128,G,2024-07-01,187,100644,4.0,,Alexander Zverev,R,198.0,GER,27.1,106218,,,Marcos Giron,R,180.0,USA,30.9,6-2 6-1 6-4,5,R64,94.0,12.0,2.0,61.0,41.0,36.0,13.0,12.0,0.0,0.0,1.0,1.0,73.0,41.0,26.0,12.0,13.0,2.0,8.0,4.0,6905.0,46.0,1020.0,2024
2024-540,Wimbledon,Grass,128,G,2024-07-01,188,209950,,,Arthur Fils,R,185.0,FRA,20.0,128034,7.0,,Hubert Hurkacz,R,196.0,POL,27.3,7-6(2) 6-4 2-6 6-6 RET,5,R64,210.0,7.0,12.0,152.0,95.0,71.0,27.0,21.0,13.0,17.0,12.0,2.0,136.0,83.0,59.0,35.0,21.0,7.0,10.0,34.0,1250.0,7.0,4235.0,2024
2024-540,Wimbledon,Grass,128,G,2024-07-01,189,126128,,,Roman Safiullin,R,185.0,RUS,26.8,207830,,,Tomas Machac,R,183.0,CZE,23.7,6-2 6-4 5-7 6-3,5,R64,154.0,8.0,8.0,116.0,77.0,61.0,15.0,20.0,7.0,12.0,3.0,2.0,121.0,77.0,44.0,23.0,19.0,4.0,12.0,44.0,1045.0,39.0,1214.0,2024
2024-540,Wimbledon,Grass,128,G,2024-07-01,216,207518,25.0,,Lorenzo Musetti,R,185.0,ITA,22.3,208659,,LL,Giovanni Mpetshi Perricard,R,203.0,FRA,20.9,4-6 6-3 6-3 6-2,5,R16,123.0,3.0,0.0,88.0,63.0,50.0,21.0,18.0,0.0,1.0,10.0,8.0,108.0,70.0,47.0,20.0,18.0,10.0,15.0,25.0,1620.0,58.0,853.0,2024
2024-540,Wimbledon,Grass,128,G,2024-07-01,215,126205,12.0,,Tommy Paul,R,185.0,USA,27.1,105138,,,Roberto Bautista Agut,R,183.0,ESP,36.2,6-2 7-6(3) 6-2,5,R16,122.0,11.0,2.0,88.0,54.0,43.0,21.0,14.0,3.0,4.0,0.0,0.0,88.0,67.0,36.0,13.0,14.0,2.0,7.0,13.0,3100.0,112.0,555.0,2024
2024-540,Wimbledon,Grass,128,G,2024-07-01,214,207989,3.0,,Carlos Alcaraz,R,183.0,ESP,21.1,200005,16.0,,Ugo Humbert,L,188.0,FRA,26.0,6-3 6-4 1-6 7-5,5,R16,180.0,14.0,6.0,135.0,95.0,63.0,17.0,19.0,8.0,13.0,10.0,1.0,103.0,67.0,45.0,17.0,19.0,2.0,8.0,3.0,8130.0,16.0,2300.0,2024
2024-540,Wimbledon,Grass,128,G,2024-07-01,213,106421,5.0,,Daniil Medvedev,R,198.0,RUS,28.3,105777,10.0,,Grigor Dimitrov,R,191.0,BUL,33.1,5-3 RET,5,R16,40.0,6.0,1.0,23.0,14.0,9.0,6.0,4.0,1.0,2.0,1.0,0.0,25.0,14.0,8.0,4.0,4.0,1.0,3.0,5.0,6445.0,10.0,3750.0,2024
2024-540,Wimbledon,Grass,128,G,2024-07-01,212,206173,1.0,,Jannik Sinner,R,191.0,ITA,22.8,210097,14.0,,Ben Shelton,L,193.0,USA,21.7,6-2 6-4 7-6(9),5,R16,129.0,7.0,0.0,90.0,63.0,48.0,19.0,15.0,1.0,2.0,15.0,4.0,96.0,69.0,48.0,11.0,15.0,2.0,6.0,1.0,9890.0,14.0,2595.0,2024
2024-540,Wimbledon,Grass,128,G,2024-07-01,210,208029,15.0,,Holger Rune,R,188.0,DEN,21.1,111460,,Q,Quentin Halys,R,191.0,FRA,27.6,1-6 6-7(4) 6-4 7-6(4) 6-1,5,R32,179.0,16.0,5.0,147.0,94.0,70.0,35.0,24.0,4.0,6.0,29.0,4.0,148.0,89.0,75.0,29.0,24.0,6.0,9.0,15.0,2370.0,220.0,272.0,2024
2024-540,Wimbledon,Grass,128,G,2024-07-01,209,200282,9.0,,Alex De Minaur,R,183.0,AUS,25.3,106298,,Q,Lucas Pouille,R,185.0,FRA,30.3,W/O,5,R32,,,,,,,,,,,,,,,,,,,,9.0,3830.0,212.0,284.0,2024
2024-540,Wimbledon,Grass,128,G,2024-07-01,208,209950,,,Arthur Fils,R,185.0,FRA,20.0,126128,,,Roman Safiullin,R,185.0,RUS,26.8,4-6 6-3 1-6 6-4 6-3,5,R32,198.0,7.0,5.0,139.0,83.0,64.0,29.0,23.0,8.0,12.0,5.0,1.0,133.0,83.0,57.0,29.0,22.0,9.0,13.0,34.0,1250.0,44.0,1045.0,2024
2024-540,Wimbledon,Grass,128,G,2024-07-01,207,100644,4.0,,Alexander Zverev,R,198.0,GER,27.1,111815,,,Cameron Norrie,L,188.0,GBR,28.8,6-4 6-4 7-6(15),5,R32,151.0,15.0,2.0,96.0,73.0,66.0,15.0,16.0,0.0,0.0,10.0,1.0,117.0,90.0,64.0,16.0,16.0,6.0,8.0,4.0,6905.0,42.0,1070.0,2024
2024-540,Wimbledon,Grass,128,G,2024-07-01,206,126203,13.0,,Taylor Fritz,R,196.0,USA,26.6,126214,24.0,,Alejandro Tabilo,L,188.0,CHI,27.0,7-6(3) 6-3 7-5,5,R32,114.0,20.0,1.0,85.0,61.0,56.0,17.0,17.0,0.0,0.0,8.0,3.0,121.0,81.0,57.0,20.0,16.0,12.0,14.0,12.0,3350.0,19.0,1904.0,2024
2024-540,Wimbledon,Grass,128,G,2024-07-01,205,208659,,LL,Giovanni Mpetshi Perricard,R,203.0,FRA,20.9,200325,,,Emil Ruusuvuori,R,188.0,FIN,25.2,4-6 6-2 7-6(5) 6-4,5,R32,132.0,27.0,5.0,112.0,77.0,65.0,20.0,20.0,0.0,1.0,9.0,3.0,133.0,90.0,62.0,24.0,20.0,8.0,11.0,58.0,853.0,87.0,683.0,2024
2024-540,Wimbledon,Grass,128,G,2024-07-01,204,207518,25.0,,Lorenzo Musetti,R,185.0,ITA,22.3,207681,,,Francisco Comesana,R,178.0,ARG,23.7,6-2 6-7(4) 7-6(3) 6-3,5,R32,209.0,4.0,1.0,141.0,96.0,69.0,32.0,21.0,4.0,4.0,5.0,3.0,155.0,98.0,67.0,31.0,20.0,13.0,16.0,25.0,1620.0,122.0,529.0,2024
2024-540,Wimbledon,Grass,128,G,2024-07-01,160,144869,30.0,,Tomas Martin Etcheverry,R,196.0,ARG,24.9,208134,,,Luca Nardi,R,185.0,ITA,20.9,6-1 6-4 6-2,5,R128,107.0,3.0,1.0,68.0,48.0,41.0,12.0,13.0,0.0,0.0,8.0,3.0,68.0,44.0,31.0,6.0,12.0,2.0,7.0,31.0,1290.0,75.0,760.0,2024
2024-540,Wimbledon,Grass,128,G,2024-07-01,203,105138,,,Roberto Bautista Agut,R,183.0,ESP,36.2,104926,,,Fabio Fognini,R,178.0,ITA,37.1,7-6(6) 3-6 5-7 7-6(1) 6-4,5,R32,266.0,4.0,4.0,180.0,131.0,89.0,23.0,27.0,9.0,15.0,23.0,15.0,197.0,110.0,91.0,29.0,28.0,11.0,16.0,112.0,555.0,94.0,635.0,2024
2024-540,Wimbledon,Grass,128,G,2024-07-01,201,200005,16.0,,Ugo Humbert,L,188.0,FRA,26.0,206909,,,Brandon Nakashima,R,188.0,USA,22.9,7-6(9) 6-3 6-7(5) 7-6(6),5,R32,217.0,25.0,4.0,151.0,92.0,73.0,38.0,23.0,2.0,2.0,18.0,3.0,155.0,106.0,79.0,28.0,22.0,7.0,8.0,16.0,2300.0,65.0,825.0,2024
2024-540,Wimbledon,Grass,128,G,2024-07-01,200,207989,3.0,,Carlos Alcaraz,R,183.0,ESP,21.1,126207,29.0,,Frances Tiafoe,R,188.0,USA,26.4,5-7 6-2 4-6 7-6(2) 6-2,5,R32,230.0,16.0,5.0,163.0,106.0,75.0,35.0,25.0,7.0,10.0,9.0,6.0,151.0,91.0,70.0,30.0,25.0,3.0,8.0,3.0,8130.0,29.0,1355.0,2024
2024-540,Wimbledon,Grass,128,G,2024-07-01,199,106421,5.0,,Daniil Medvedev,R,198.0,RUS,28.3,105526,,,Jan Lennard Struff,R,193.0,GER,34.1,6-1 6-3 4-6 7-6(3),5,R32,137.0,13.0,5.0,104.0,75.0,59.0,17.0,19.0,2.0,4.0,10.0,9.0,126.0,76.0,55.0,22.0,19.0,6.0,11.0,5.0,6445.0,41.0,1135.0,2024
2024-540,Wimbledon,Grass,128,G,2024-07-01,198,105777,10.0,,Grigor Dimitrov,R,191.0,BUL,33.1,104792,,,Gael Monfils,R,193.0,FRA,37.8,6-3 6-4 6-3,5,R32,107.0,6.0,1.0,65.0,39.0,37.0,20.0,14.0,2.0,2.0,16.0,8.0,101.0,59.0,44.0,15.0,14.0,6.0,10.0,10.0,3750.0,33.0,1260.0,2024
2024-540,Wimbledon,Grass,128,G,2024-07-01,197,210097,14.0,,Ben Shelton,L,193.0,USA,21.7,133430,,,Denis Shapovalov,L,185.0,CAN,25.2,6-7(4) 6-2 6-4 4-6 6-2,5,R32,185.0,7.0,4.0,137.0,90.0,73.0,29.0,24.0,3.0,4.0,6.0,13.0,154.0,94.0,69.0,31.0,24.0,11.0,16.0,14.0,2595.0,121.0,530.0,2024
2024-540,Wimbledon,Grass,128,G,2024-07-01,196,206173,1.0,,Jannik Sinner,R,191.0,ITA,22.8,200175,,,Miomir Kecmanovic,R,183.0,SRB,24.8,6-1 6-4 6-2,5,R32,96.0,11.0,2.0,69.0,42.0,36.0,18.0,13.0,1.0,1.0,2.0,1.0,71.0,45.0,33.0,8.0,12.0,2.0,7.0,1.0,9890.0,52.0,925.0,2024
2024-540,Wimbledon,Grass,128,G,2024-07-01,195,104925,2.0,,Novak Djokovic,R,188.0,SRB,37.1,207985,,WC,Jacob Fearnley,R,183.0,GBR,22.9,6-3 6-4 5-7 7-5,5,R64,180.0,14.0,3.0,123.0,82.0,66.0,23.0,22.0,4.0,6.0,13.0,5.0,122.0,80.0,59.0,22.0,21.0,3.0,7.0,2.0,8360.0,277.0,206.0,2024
2024-540,Wimbledon,Grass,128,G,2024-07-01,194,200615,,,Alexei Popyrin,R,196.0,AUS,24.9,144869,30.0,,Tomas Martin Etcheverry,R,196.0,ARG,24.9,3-6 6-4 4-6 6-4 6-3,5,R64,238.0,17.0,8.0,152.0,108.0,82.0,22.0,24.0,10.0,13.0,10.0,2.0,162.0,106.0,75.0,30.0,24.0,3.0,7.0,47.0,981.0,31.0,1290.0,2024
2024-540,Wimbledon,Grass,128,G,2024-07-01,193,111460,,Q,Quentin Halys,R,191.0,FRA,27.6,111575,21.0,,Karen Khachanov,R,198.0,RUS,28.1,4-6 6-3 3-6 6-3 6-4,5,R64,164.0,24.0,5.0,138.0,90.0,77.0,22.0,24.0,9.0,11.0,10.0,4.0,129.0,87.0,66.0,23.0,23.0,4.0,7.0,220.0,272.0,22.0,1780.0,2024
2024-540,Wimbledon,Grass,128,G,2024-07-01,192,208029,15.0,,Holger Rune,R,188.0,DEN,21.1,205734,,,Thiago Seyboth Wild,R,185.0,BRA,24.3,3-6 6-3 6-2 6-2,5,R64,130.0,16.0,4.0,95.0,60.0,49.0,21.0,17.0,6.0,7.0,7.0,6.0,112.0,70.0,46.0,23.0,16.0,8.0,13.0,15.0,2370.0,74.0,767.0,2024
2024-540,Wimbledon,Grass,128,G,2024-07-01,191,200282,9.0,,Alex De Minaur,R,183.0,AUS,25.3,144719,,,Jaume Munar,R,183.0,ESP,27.1,6-2 6-2 7-5,5,R64,125.0,8.0,0.0,81.0,45.0,32.0,20.0,14.0,3.0,6.0,3.0,9.0,88.0,41.0,26.0,15.0,14.0,9.0,17.0,9.0,3830.0,63.0,835.0,2024
2024-540,Wimbledon,Grass,128,G,2024-07-01,190,106298,,Q,Lucas Pouille,R,185.0,FRA,30.3,106423,,,Thanasi Kokkinakis,R,193.0,AUS,28.2,2-6 7-5 5-2 RET,5,R64,131.0,7.0,5.0,101.0,69.0,49.0,16.0,14.0,6.0,8.0,16.0,5.0,87.0,56.0,47.0,11.0,13.0,7.0,9.0,212.0,284.0,93.0,639.0,2024
2024-540,Wimbledon,Grass,128,G,2024-07-01,202,126205,12.0,,Tommy Paul,R,185.0,USA,27.1,122330,23.0,,Alexander Bublik,R,196.0,KAZ,27.0,6-3 6-4 6-2,5,R32,85.0,9.0,3.0,75.0,52.0,44.0,14.0,14.0,1.0,1.0,15.0,2.0,79.0,51.0,36.0,9.0,13.0,5.0,9.0,13.0,3100.0,23.0,1730.0,2024
2024-540,Wimbledon,Grass,128,G,2024-07-01,159,111575,21.0,,Karen Khachanov,R,198.0,RUS,28.1,106234,,,Aslan Karatsev,R,185.0,RUS,30.8,6-3 6-7(4) 7-6(11) 2-0 RET,5,R128,173.0,15.0,4.0,118.0,86.0,72.0,16.0,18.0,5.0,5.0,4.0,5.0,127.0,81.0,61.0,22.0,17.0,4.0,6.0,22.0,1780.0,99.0,615.0,2024
2024-540,Wimbledon,Grass,128,G,2024-07-01,158,111460,,Q,Quentin Halys,R,191.0,FRA,27.6,111153,,,Christopher Eubanks,R,201.0,USA,28.1,6-4 6-4 6-2,5,R128,79.0,17.0,3.0,64.0,42.0,40.0,16.0,14.0,0.0,0.0,9.0,4.0,80.0,50.0,32.0,15.0,14.0,2.0,6.0,220.0,272.0,62.0,835.0,2024
2024-540,Wimbledon,Grass,128,G,2024-07-01,157,205734,,,Thiago Seyboth Wild,R,185.0,BRA,24.3,206703,,WC,Paul Jubb,R,180.0,GBR,24.6,1-6 3-6 7-6(6) 6-4 7-5,5,R128,241.0,17.0,7.0,160.0,101.0,69.0,27.0,25.0,7.0,14.0,10.0,8.0,181.0,103.0,70.0,41.0,25.0,14.0,19.0,74.0,767.0,201.0,301.0,2024
2024-540,Wimbledon,Grass,128,G,2024-07-01,125,202261,,Q,Otto Virtanen,R,193.0,FIN,23.0,126845,,,Max Purcell,R,185.0,AUS,26.2,6-3 6-2 6-2,5,R128,89.0,19.0,3.0,79.0,54.0,43.0,14.0,13.0,6.0,6.0,4.0,3.0,77.0,50.0,35.0,9.0,12.0,7.0,12.0,147.0,401.0,68.0,795.0,2024
2024-540,Wimbledon,Grass,128,G,2024-07-01,124,126205,12.0,,Tommy Paul,R,185.0,USA,27.1,124079,,,Pedro Martinez,R,185.0,ESP,27.1,6-2 6-1 4-6 6-3,5,R128,136.0,10.0,0.0,91.0,48.0,39.0,25.0,17.0,2.0,4.0,1.0,9.0,107.0,71.0,46.0,13.0,17.0,4.0,11.0,13.0,3100.0,49.0,975.0,2024
2024-540,Wimbledon,Grass,128,G,2024-07-01,123,200005,16.0,,Ugo Humbert,L,188.0,FRA,26.0,207686,,,Alexander Shevchenko,R,185.0,KAZ,23.5,6-1 4-6 7-6(2) 6-7(3) 6-1,5,R128,198.0,16.0,0.0,134.0,86.0,68.0,28.0,25.0,7.0,10.0,11.0,8.0,161.0,89.0,57.0,40.0,23.0,9.0,16.0,16.0,2300.0,57.0,860.0,2024
2024-540,Wimbledon,Grass,128,G,2024-07-01,122,122298,,,Botic Van De Zandschulp,R,191.0,NED,28.7,106281,,WC,Liam Broady,L,183.0,GBR,30.4,6-2 4-6 6-3 6-2,5,R128,148.0,9.0,11.0,104.0,59.0,51.0,20.0,18.0,5.0,8.0,2.0,9.0,110.0,61.0,38.0,22.0,17.0,13.0,20.0,97.0,618.0,156.0,384.0,2024
2024-540,Wimbledon,Grass,128,G,2024-07-01,121,111442,,,Jordan Thompson,R,183.0,AUS,30.1,200303,,,Pavel Kotov,R,191.0,RUS,25.6,5-7 5-7 6-4 6-4 6-4,5,R128,246.0,13.0,3.0,143.0,92.0,74.0,29.0,27.0,0.0,3.0,11.0,4.0,173.0,117.0,80.0,33.0,27.0,14.0,18.0,40.0,1206.0,53.0,893.0,2024
2024-540,Wimbledon,Grass,128,G,2024-07-01,120,206909,,,Brandon Nakashima,R,188.0,USA,22.9,202104,18.0,,Sebastian Baez,R,170.0,ARG,23.5,6-2 6-3 6-4,5,R128,115.0,14.0,0.0,80.0,56.0,42.0,16.0,14.0,2.0,2.0,0.0,2.0,87.0,64.0,38.0,12.0,13.0,7.0,11.0,65.0,825.0,18.0,2020.0,2024
2024-540,Wimbledon,Grass,128,G,2024-07-01,119,126207,29.0,,Frances Tiafoe,R,188.0,USA,26.4,208286,,,Matteo Arnaldi,R,185.0,ITA,23.3,6-7(5) 2-6 6-1 6-3 6-3,5,R128,189.0,12.0,3.0,137.0,83.0,66.0,25.0,22.0,4.0,8.0,15.0,3.0,137.0,93.0,59.0,24.0,23.0,4.0,11.0,29.0,1355.0,35.0,1245.0,2024
2024-540,Wimbledon,Grass,128,G,2024-07-01,118,106432,,,Borna Coric,R,188.0,CRO,27.6,200335,,Q,Felipe Meligeni Alves,R,185.0,BRA,26.3,6-3 7-6(2) 6-3,5,R128,132.0,13.0,2.0,103.0,62.0,50.0,26.0,15.0,6.0,6.0,5.0,3.0,88.0,57.0,43.0,13.0,15.0,2.0,4.0,89.0,664.0,145.0,403.0,2024
2024-540,Wimbledon,Grass,128,G,2024-07-01,117,126846,,,Aleksandar Vukic,R,188.0,AUS,28.2,124116,,,Sebastian Ofner,R,191.0,AUT,28.1,6-7(9) 6-4 6-4 3-6 7-6(8),5,R128,229.0,16.0,5.0,195.0,118.0,85.0,37.0,27.0,16.0,22.0,24.0,9.0,180.0,100.0,76.0,38.0,26.0,9.0,16.0,69.0,789.0,45.0,1038.0,2024
2024-540,Wimbledon,Grass,128,G,2024-07-01,116,207989,3.0,,Carlos Alcaraz,R,183.0,ESP,21.1,210136,,Q,Mark Lajal,R,191.0,EST,21.1,7-6(3) 7-5 6-2,5,R128,142.0,4.0,4.0,89.0,56.0,47.0,18.0,16.0,2.0,4.0,7.0,2.0,102.0,69.0,40.0,19.0,16.0,5.0,10.0,3.0,8130.0,269.0,212.0,2024
2024-540,Wimbledon,Grass,128,G,2024-07-01,115,106421,5.0,,Daniil Medvedev,R,198.0,RUS,28.3,206499,,,Aleksandar Kovacevic,R,183.0,USA,25.8,6-3 6-4 6-2,5,R128,106.0,16.0,4.0,81.0,53.0,42.0,17.0,14.0,3.0,3.0,9.0,4.0,84.0,53.0,38.0,11.0,13.0,4.0,8.0,5.0,6445.0,88.0,681.0,2024
2024-540,Wimbledon,Grass,128,G,2024-07-01,114,124186,,,Alexandre Muller,R,183.0,FRA,27.4,200384,,Q,Hugo Gaston,L,173.0,FRA,23.7,6-4 7-6(2) 7-6(5),5,R128,139.0,6.0,1.0,111.0,82.0,51.0,16.0,17.0,7.0,12.0,2.0,2.0,109.0,62.0,39.0,21.0,17.0,4.0,10.0,102.0,601.0,71.0,783.0,2024
2024-540,Wimbledon,Grass,128,G,2024-07-01,126,209070,,,Arthur Cazaux,R,183.0,FRA,21.8,200267,,Q,Zizou Bergs,R,185.0,BEL,25.0,6-1 6-4 6-7(2) 6-7(4) 7-6(8),5,R128,274.0,22.0,10.0,198.0,108.0,89.0,47.0,26.0,7.0,7.0,13.0,4.0,160.0,107.0,88.0,29.0,27.0,9.0,12.0,98.0,616.0,82.0,722.0,2024
2024-540,Wimbledon,Grass,128,G,2024-07-01,113,105526,,,Jan Lennard Struff,R,193.0,GER,34.1,206681,,,Fabian Marozsan,R,193.0,HUN,24.7,6-4 6-7(4) 6-2 6-3,5,R128,125.0,23.0,9.0,124.0,68.0,56.0,30.0,20.0,4.0,6.0,10.0,4.0,118.0,69.0,46.0,24.0,19.0,8.0,14.0,41.0,1135.0,43.0,1047.0,2024
2024-540,Wimbledon,Grass,128,G,2024-07-01,111,104792,,,Gael Monfils,R,193.0,FRA,37.8,105173,22.0,,Adrian Mannarino,L,180.0,FRA,36.0,6-4 3-6 7-5 6-4,5,R128,175.0,16.0,2.0,119.0,77.0,62.0,22.0,21.0,1.0,3.0,1.0,5.0,141.0,88.0,57.0,32.0,20.0,8.0,11.0,33.0,1260.0,24.0,1625.0,2024
2024-540,Wimbledon,Grass,128,G,2024-07-01,110,104527,,,Stan Wawrinka,R,183.0,SUI,39.2,200277,,WC,Charles Broom,R,178.0,GBR,26.1,6-3 7-5 6-4,5,R128,109.0,11.0,1.0,98.0,56.0,43.0,22.0,16.0,4.0,6.0,6.0,2.0,93.0,62.0,39.0,17.0,15.0,7.0,12.0,95.0,633.0,248.0,242.0,2024
2024-540,Wimbledon,Grass,128,G,2024-07-01,109,209992,,,Juncheng Shang,L,180.0,CHN,19.4,106426,,Q,Cristian Garin,R,185.0,CHI,28.0,7-5 6-4 6-4,5,R128,123.0,13.0,2.0,95.0,63.0,55.0,19.0,16.0,5.0,5.0,14.0,2.0,92.0,58.0,45.0,16.0,16.0,6.0,9.0,91.0,658.0,106.0,570.0,2024
2024-540,Wimbledon,Grass,128,G,2024-07-01,108,105777,10.0,,Grigor Dimitrov,R,191.0,BUL,33.1,105583,,,Dusan Lajovic,R,183.0,SRB,34.0,6-3 6-4 7-5,5,R128,104.0,16.0,2.0,84.0,48.0,44.0,21.0,16.0,3.0,4.0,3.0,0.0,82.0,58.0,38.0,10.0,15.0,0.0,4.0,10.0,3750.0,56.0,871.0,2024
2024-540,Wimbledon,Grass,128,G,2024-07-01,107,210097,14.0,,Ben Shelton,L,193.0,USA,21.7,208233,,Q,Mattia Bellucci,L,175.0,ITA,23.0,4-6 6-3 3-6 6-3 6-4,5,R128,209.0,19.0,5.0,149.0,108.0,80.0,22.0,24.0,12.0,14.0,11.0,6.0,147.0,76.0,60.0,40.0,23.0,9.0,12.0,14.0,2595.0,148.0,401.0,2024
2024-540,Wimbledon,Grass,128,G,2024-07-01,106,144750,,Q,Lloyd Harris,R,193.0,RSA,27.3,210506,,,Alex Michelsen,R,193.0,USA,19.8,3-6 4-6 7-6(5) 6-2 7-6(9),5,R128,208.0,34.0,6.0,151.0,93.0,81.0,24.0,25.0,5.0,9.0,9.0,1.0,175.0,131.0,94.0,22.0,26.0,11.0,15.0,118.0,541.0,55.0,881.0,2024
2024-540,Wimbledon,Grass,128,G,2024-07-01,105,127157,,,Daniel Altmaier,R,188.0,GER,25.8,209259,,WC,Arthur Fery,R,175.0,GBR,21.9,4-6 7-6(6) 1-6 6-3 6-1,5,R128,223.0,13.0,9.0,142.0,78.0,62.0,24.0,22.0,7.0,14.0,6.0,4.0,167.0,106.0,63.0,34.0,23.0,13.0,21.0,80.0,731.0,247.0,243.0,2024
2024-540,Wimbledon,Grass,128,G,2024-07-01,104,133430,,,Denis Shapovalov,L,185.0,CAN,25.2,111797,19.0,,Nicolas Jarry,R,201.0,CHI,28.7,6-1 7-5 6-4,5,R128,113.0,9.0,3.0,81.0,52.0,43.0,22.0,15.0,2.0,2.0,5.0,3.0,81.0,48.0,32.0,16.0,14.0,6.0,10.0,121.0,530.0,20.0,1825.0,2024
2024-540,Wimbledon,Grass,128,G,2024-07-01,103,134868,27.0,,Tallon Griekspoor,R,188.0,NED,27.9,123755,,LL,Daniel Elahi Galan,R,191.0,COL,28.0,7-6(3) 6-3 6-4,5,R128,121.0,14.0,9.0,97.0,54.0,45.0,28.0,16.0,0.0,0.0,10.0,2.0,88.0,59.0,45.0,18.0,15.0,7.0,9.0,27.0,1470.0,103.0,592.0,2024
2024-540,Wimbledon,Grass,128,G,2024-07-01,102,200175,,,Miomir Kecmanovic,R,183.0,SRB,24.8,111576,,,Sumit Nagal,R,178.0,IND,26.8,6-2 3-6 6-3 6-4,5,R128,159.0,6.0,2.0,105.0,63.0,43.0,25.0,18.0,7.0,11.0,3.0,4.0,121.0,79.0,52.0,15.0,18.0,12.0,19.0,52.0,925.0,73.0,768.0,2024
2024-540,Wimbledon,Grass,128,G,2024-07-01,101,126610,,,Matteo Berrettini,R,196.0,ITA,28.2,105916,,,Marton Fucsovics,R,188.0,HUN,32.3,7-6(3) 6-2 3-6 6-1,5,R128,176.0,11.0,0.0,111.0,73.0,59.0,22.0,18.0,9.0,10.0,13.0,4.0,121.0,75.0,49.0,25.0,18.0,9.0,13.0,59.0,845.0,70.0,785.0,2024
2024-540,Wimbledon,Grass,128,G,2024-07-01,100,206173,1.0,,Jannik Sinner,R,191.0,ITA,22.8,105870,,,Yannick Hanfmann,R,193.0,GER,32.6,6-3 6-4 3-6 6-3,5,R128,178.0,16.0,3.0,126.0,73.0,58.0,26.0,19.0,9.0,11.0,12.0,3.0,114.0,78.0,53.0,17.0,18.0,1.0,5.0,1.0,9890.0,110.0,556.0,2024
2024-540,Wimbledon,Grass,128,G,2024-07-01,112,111190,32.0,,Zhizhen Zhang,R,193.0,CHN,27.7,126125,,Q,Maxime Janvier,R,196.0,FRA,27.7,7-6(4) 6-3 6-2,5,R128,117.0,14.0,1.0,97.0,58.0,46.0,22.0,15.0,4.0,5.0,6.0,0.0,87.0,64.0,41.0,12.0,14.0,3.0,7.0,38.0,1221.0,225.0,269.0,2024
2024-540,Wimbledon,Grass,128,G,2024-07-01,217,126203,13.0,,Taylor Fritz,R,196.0,USA,26.6,100644,4.0,,Alexander Zverev,R,198.0,GER,27.1,4-6 6-7(4) 6-4 7-6(3) 6-3,5,R16,209.0,15.0,0.0,145.0,96.0,80.0,34.0,27.0,1.0,2.0,19.0,3.0,153.0,115.0,92.0,18.0,26.0,2.0,4.0,12.0,3350.0,4.0,6905.0,2024
2024-540,Wimbledon,Grass,128,G,2024-07-01,127,122330,23.0,,Alexander Bublik,R,196.0,KAZ,27.0,210150,,,Jakub Mensik,R,193.0,CZE,18.8,4-6 6-7(2) 6-4 6-4 6-2,5,R128,209.0,32.0,6.0,140.0,95.0,79.0,22.0,26.0,5.0,7.0,14.0,8.0,188.0,108.0,77.0,38.0,24.0,18.0,23.0,23.0,1730.0,78.0,738.0,2024
2024-540,Wimbledon,Grass,128,G,2024-07-01,129,105138,,,Roberto Bautista Agut,R,183.0,ESP,36.2,109739,,,Maximilian Marterer,L,188.0,GER,29.0,6-3 6-1 6-4,5,R128,109.0,9.0,2.0,86.0,59.0,43.0,17.0,13.0,7.0,7.0,8.0,4.0,78.0,49.0,33.0,11.0,13.0,5.0,10.0,112.0,555.0,85.0,692.0,2024
2024-540,Wimbledon,Grass,128,G,2024-07-01,156,208029,15.0,,Holger Rune,R,188.0,DEN,21.1,126952,,,Soon Woo Kwon,R,180.0,KOR,26.5,6-1 6-4 6-4,5,R128,96.0,16.0,2.0,68.0,42.0,40.0,16.0,14.0,0.0,0.0,2.0,3.0,86.0,53.0,35.0,14.0,13.0,9.0,13.0,15.0,2370.0,367.0,135.0,2024
2024-540,Wimbledon,Grass,128,G,2024-07-01,155,200282,9.0,,Alex De Minaur,R,183.0,AUS,25.3,105902,,LL,James Duckworth,R,183.0,AUS,32.4,7-6(1) 7-6(3) 7-6(4),5,R128,184.0,16.0,7.0,124.0,63.0,51.0,30.0,17.0,4.0,7.0,9.0,4.0,173.0,100.0,64.0,34.0,19.0,16.0,19.0,9.0,3830.0,81.0,728.0,2024
2024-540,Wimbledon,Grass,128,G,2024-07-01,154,144719,,,Jaume Munar,R,183.0,ESP,27.1,126129,,WC,Billy Harris,R,193.0,GBR,29.4,6-4 6-4 3-6 6-3,5,R128,166.0,12.0,3.0,102.0,67.0,57.0,21.0,19.0,4.0,5.0,9.0,3.0,147.0,98.0,68.0,22.0,19.0,15.0,18.0,63.0,835.0,116.0,545.0,2024
2024-540,Wimbledon,Grass,128,G,2024-07-01,153,106298,,Q,Lucas Pouille,R,185.0,FRA,30.3,111513,,,Laslo Djere,R,188.0,SRB,29.0,3-6 7-6(4) 3-6 6-3 6-1,5,R128,170.0,11.0,4.0,136.0,79.0,57.0,30.0,24.0,8.0,14.0,12.0,7.0,137.0,86.0,58.0,26.0,22.0,9.0,15.0,212.0,284.0,51.0,936.0,2024
2024-540,Wimbledon,Grass,128,G,2024-07-01,152,106423,,,Thanasi Kokkinakis,R,193.0,AUS,28.2,200000,17.0,,Felix Auger Aliassime,R,193.0,CAN,23.8,4-6 5-7 7-6(9) 6-4 6-4,5,R128,278.0,19.0,4.0,155.0,97.0,79.0,31.0,27.0,5.0,8.0,22.0,8.0,169.0,111.0,89.0,28.0,27.0,7.0,10.0,93.0,639.0,17.0,2075.0,2024
2024-540,Wimbledon,Grass,128,G,2024-07-01,151,126128,,,Roman Safiullin,R,185.0,RUS,26.8,202103,26.0,,Francisco Cerundolo,R,185.0,ARG,25.8,6-7(5) 3-6 7-5 6-3 6-4,5,R128,206.0,11.0,3.0,148.0,100.0,76.0,29.0,26.0,7.0,10.0,13.0,8.0,179.0,109.0,78.0,33.0,26.0,14.0,19.0,44.0,1045.0,30.0,1315.0,2024
2024-540,Wimbledon,Grass,128,G,2024-07-01,150,207830,,,Tomas Machac,R,183.0,CZE,23.7,105676,,LL,David Goffin,R,180.0,BEL,33.5,3-6 3-6 6-4 6-1 7-6(5),5,R128,197.0,6.0,2.0,164.0,103.0,60.0,30.0,24.0,6.0,15.0,10.0,8.0,159.0,91.0,58.0,28.0,23.0,16.0,25.0,39.0,1214.0,83.0,694.0,2024
2024-540,Wimbledon,Grass,128,G,2024-07-01,149,209950,,,Arthur Fils,R,185.0,FRA,20.0,208502,,,Dominic Stricker,L,183.0,SUI,21.8,6-3 6-2 3-6 6-4,5,R128,126.0,15.0,2.0,110.0,79.0,63.0,16.0,18.0,5.0,6.0,11.0,6.0,105.0,62.0,48.0,19.0,18.0,6.0,10.0,34.0,1250.0,149.0,400.0,2024
2024-540,Wimbledon,Grass,128,G,2024-07-01,148,128034,7.0,,Hubert Hurkacz,R,196.0,POL,27.3,105430,,Q,Radu Albot,R,175.0,MDA,34.6,5-7 6-4 6-3 6-4,5,R128,169.0,24.0,3.0,122.0,78.0,66.0,20.0,21.0,3.0,5.0,0.0,7.0,111.0,68.0,48.0,24.0,20.0,1.0,5.0,7.0,4235.0,144.0,406.0,2024
2024-540,Wimbledon,Grass,128,G,2024-07-01,147,100644,4.0,,Alexander Zverev,R,198.0,GER,27.1,106148,,,Roberto Carballes Baena,R,183.0,ESP,31.2,6-2 6-4 6-2,5,R128,113.0,18.0,2.0,69.0,51.0,44.0,11.0,13.0,5.0,5.0,7.0,3.0,95.0,53.0,30.0,22.0,13.0,9.0,14.0,4.0,6905.0,64.0,826.0,2024
2024-540,Wimbledon,Grass,128,G,2024-07-01,146,106218,,,Marcos Giron,R,180.0,USA,30.9,211902,,WC,Henry Searle,L,193.0,GBR,18.2,3-6 6-3 6-4 6-4,5,R128,147.0,10.0,1.0,114.0,73.0,60.0,21.0,19.0,5.0,6.0,17.0,5.0,122.0,70.0,53.0,25.0,19.0,9.0,12.0,46.0,1020.0,539.0,73.0,2024
2024-540,Wimbledon,Grass,128,G,2024-07-01,145,111815,,,Cameron Norrie,L,188.0,GBR,28.8,207680,,,Facundo Diaz Acosta,L,183.0,ARG,23.5,7-5 7-5 6-3,5,R128,137.0,4.0,5.0,80.0,54.0,41.0,14.0,16.0,1.0,5.0,3.0,7.0,108.0,70.0,38.0,17.0,17.0,5.0,13.0,42.0,1070.0,67.0,808.0,2024
2024-540,Wimbledon,Grass,128,G,2024-07-01,128,132283,,,Lorenzo Sonego,R,191.0,ITA,29.1,208363,31.0,,Mariano Navone,R,178.0,ARG,23.3,6-4 7-6(2) 6-4,5,R128,144.0,8.0,3.0,96.0,71.0,54.0,16.0,17.0,3.0,4.0,8.0,1.0,112.0,72.0,48.0,19.0,15.0,8.0,11.0,54.0,881.0,32.0,1282.0,2024
2024-540,Wimbledon,Grass,128,G,2024-07-01,144,207733,28.0,,Jack Draper,L,193.0,GBR,22.5,111200,,Q,Elias Ymer,R,185.0,SWE,28.2,3-6 6-3 6-3 4-6 6-3,5,R128,198.0,14.0,3.0,132.0,80.0,60.0,27.0,23.0,6.0,11.0,13.0,7.0,151.0,86.0,56.0,30.0,23.0,10.0,17.0,28.0,1461.0,205.0,293.0,2024
2024-540,Wimbledon,Grass,128,G,2024-07-01,142,207925,,,Flavio Cobolli,R,183.0,ITA,22.1,208014,,,Rinky Hijikata,R,178.0,AUS,23.3,7-5 4-6 6-4 6-4,5,R128,175.0,13.0,2.0,126.0,61.0,46.0,40.0,21.0,4.0,6.0,12.0,6.0,148.0,85.0,63.0,29.0,21.0,14.0,18.0,48.0,980.0,77.0,751.0,2024
2024-540,Wimbledon,Grass,128,G,2024-07-01,141,126239,,,Arthur Rinderknech,R,196.0,FRA,28.9,105453,,,Kei Nishikori,R,178.0,JPN,34.5,5-7 6-4 6-7(2) 6-3 6-2,5,R128,210.0,33.0,2.0,140.0,97.0,73.0,28.0,26.0,5.0,8.0,5.0,5.0,175.0,124.0,76.0,31.0,25.0,14.0,20.0,76.0,754.0,401.0,118.0,2024
2024-540,Wimbledon,Grass,128,G,2024-07-01,140,126203,13.0,,Taylor Fritz,R,196.0,USA,26.6,106331,,,Christopher Oconnell,R,183.0,AUS,30.0,6-1 6-2 6-4,5,R128,91.0,18.0,2.0,63.0,38.0,36.0,17.0,13.0,2.0,2.0,3.0,2.0,88.0,56.0,33.0,12.0,12.0,3.0,8.0,12.0,3350.0,79.0,733.0,2024
2024-540,Wimbledon,Grass,128,G,2024-07-01,138,200325,,,Emil Ruusuvuori,R,188.0,FIN,25.2,111456,,,Mackenzie Mcdonald,R,178.0,USA,29.2,7-6(6) 4-6 5-7 7-6(6) 6-3,5,R128,224.0,14.0,6.0,182.0,122.0,86.0,32.0,27.0,4.0,8.0,14.0,1.0,170.0,117.0,84.0,32.0,28.0,4.0,8.0,87.0,683.0,96.0,626.0,2024
2024-540,Wimbledon,Grass,128,G,2024-07-01,137,106415,,,Yoshihito Nishioka,L,170.0,JPN,28.7,132686,,,Nuno Borges,R,185.0,POR,27.3,6-2 7-6(6) 2-6 6-3,5,R128,148.0,3.0,1.0,126.0,77.0,53.0,29.0,19.0,6.0,9.0,21.0,7.0,112.0,72.0,58.0,16.0,18.0,7.0,11.0,90.0,659.0,50.0,936.0,2024
2024-540,Wimbledon,Grass,128,G,2024-07-01,136,208659,,LL,Giovanni Mpetshi Perricard,R,203.0,FRA,20.9,200624,20.0,,Sebastian Korda,R,196.0,USA,23.9,7-6(5) 6-7(4) 7-6(6) 6-7(4) 6-3,5,R128,201.0,51.0,10.0,195.0,138.0,116.0,29.0,30.0,11.0,11.0,18.0,4.0,171.0,112.0,95.0,35.0,27.0,3.0,4.0,58.0,853.0,21.0,1795.0,2024
2024-540,Wimbledon,Grass,128,G,2024-07-01,135,207518,25.0,,Lorenzo Musetti,R,185.0,ITA,22.3,106005,,,Constant Lestienne,R,180.0,FRA,32.1,4-6 7-6(4) 6-2 6-2,5,R128,187.0,12.0,0.0,137.0,90.0,57.0,24.0,19.0,11.0,16.0,3.0,5.0,133.0,77.0,54.0,18.0,19.0,7.0,15.0,25.0,1620.0,92.0,650.0,2024
2024-540,Wimbledon,Grass,128,G,2024-07-01,134,209260,,,Luciano Darderi,R,183.0,ITA,22.3,123828,,WC,Jan Choinski,R,196.0,GBR,28.0,7-5 4-6 2-6 7-5 6-2,5,R128,210.0,17.0,8.0,143.0,92.0,72.0,24.0,25.0,9.0,14.0,6.0,4.0,176.0,126.0,84.0,23.0,25.0,16.0,22.0,37.0,1236.0,174.0,344.0,2024
2024-540,Wimbledon,Grass,128,G,2024-07-01,133,200443,,,Adam Walton,R,183.0,AUS,25.2,105948,,,Federico Coria,R,180.0,ARG,32.3,6-3 6-3 7-5,5,R128,125.0,4.0,1.0,78.0,49.0,36.0,23.0,15.0,2.0,3.0,4.0,1.0,93.0,70.0,43.0,11.0,15.0,3.0,8.0,101.0,607.0,72.0,776.0,2024
2024-540,Wimbledon,Grass,128,G,2024-07-01,132,207681,,,Francisco Comesana,R,178.0,ARG,23.7,126094,6.0,,Andrey Rublev,R,188.0,RUS,26.6,6-4 5-7 6-2 7-6(5),5,R128,179.0,21.0,2.0,136.0,95.0,70.0,22.0,20.0,8.0,10.0,6.0,4.0,131.0,72.0,56.0,29.0,22.0,1.0,5.0,122.0,529.0,6.0,4420.0,2024
2024-540,Wimbledon,Grass,128,G,2024-07-01,131,134770,8.0,,Casper Ruud,R,183.0,NOR,25.5,106109,,Q,Alex Bolt,L,183.0,AUS,31.4,7-6(2) 6-4 6-4,5,R128,133.0,18.0,5.0,98.0,62.0,53.0,20.0,17.0,9.0,10.0,12.0,3.0,113.0,71.0,46.0,24.0,15.0,10.0,13.0,8.0,4025.0,234.0,252.0,2024
2024-540,Wimbledon,Grass,128,G,2024-07-01,130,104926,,,Fabio Fognini,R,178.0,ITA,37.1,209414,,LL,Luca Van Assche,R,178.0,FRA,20.1,6-1 6-3 7-5,5,R128,124.0,12.0,7.0,106.0,63.0,46.0,21.0,14.0,10.0,11.0,7.0,8.0,100.0,69.0,41.0,14.0,14.0,8.0,14.0,94.0,635.0,104.0,585.0,2024
2024-540,Wimbledon,Grass,128,G,2024-07-01,143,126214,24.0,,Alejandro Tabilo,L,188.0,CHI,27.0,105554,,,Daniel Evans,R,175.0,GBR,34.1,6-2 7-5 6-3,5,R128,136.0,13.0,2.0,90.0,59.0,49.0,18.0,15.0,7.0,7.0,5.0,7.0,95.0,41.0,30.0,25.0,14.0,5.0,9.0,19.0,1904.0,60.0,844.0,2024
2024-540,Wimbledon,Grass,128,G,2024-07-01,222,207518,25.0,,Lorenzo Musetti,R,185.0,ITA,22.3,126203,13.0,,Taylor Fritz,R,196.0,USA,26.6,3-6 7-6(5) 6-2 3-6 6-1,5,QF,207.0,7.0,3.0,137.0,83.0,63.0,29.0,22.0,5.0,9.0,10.0,1.0,144.0,88.0,57.0,32.0,23.0,7.0,13.0,25.0,1620.0,12.0,3350.0,2024
2024-540,Wimbledon,Grass,128,G,2024-07-01,139,126774,11.0,,Stefanos Tsitsipas,R,193.0,GRE,25.8,106121,,,Taro Daniel,R,191.0,JPN,31.4,7-6(5) 6-4 7-5,5,R128,143.0,15.0,2.0,108.0,74.0,57.0,20.0,18.0,6.0,7.0,10.0,2.0,121.0,62.0,42.0,35.0,16.0,7.0,10.0,11.0,3745.0,84.0,692.0,2024
2024-540,Wimbledon,Grass,128,G,2024-07-01,220,106421,5.0,,Daniil Medvedev,R,198.0,RUS,28.3,206173,1.0,,Jannik Sinner,R,191.0,ITA,22.8,6-7(7) 6-4 7-6(4) 2-6 6-3,5,QF,240.0,15.0,11.0,174.0,119.0,91.0,25.0,26.0,3.0,6.0,17.0,4.0,150.0,97.0,78.0,28.0,25.0,4.0,7.0,5.0,6445.0,1.0,9890.0,2024
2024-540,Wimbledon,Grass,128,G,2024-07-01,219,104925,2.0,,Novak Djokovic,R,188.0,SRB,37.1,208029,15.0,,Holger Rune,R,188.0,DEN,21.1,6-3 6-4 6-2,5,R16,123.0,5.0,2.0,80.0,51.0,38.0,21.0,14.0,2.0,2.0,3.0,4.0,80.0,43.0,30.0,18.0,13.0,10.0,14.0,2.0,8360.0,15.0,2370.0,2024
2024-540,Wimbledon,Grass,128,G,2024-07-01,218,200282,9.0,,Alex De Minaur,R,183.0,AUS,25.3,209950,,,Arthur Fils,R,185.0,FRA,20.0,6-2 6-4 4-6 6-3,5,R16,174.0,2.0,4.0,112.0,60.0,43.0,27.0,18.0,9.0,14.0,8.0,7.0,124.0,71.0,40.0,23.0,19.0,7.0,16.0,9.0,3830.0,34.0,1250.0,2024
2024-0414,Hamburg,Clay,32,A,2024-07-15,299,100644,1.0,,Alexander Zverev,R,198.0,GER,27.2,124079,,,Pedro Martinez,R,185.0,ESP,27.2,6-2 6-4,3,SF,84.0,13.0,3.0,51.0,35.0,31.0,8.0,9.0,1.0,1.0,1.0,2.0,65.0,45.0,25.0,11.0,9.0,5.0,8.0,4.0,7015.0,49.0,974.0,2024
2024-0414,Hamburg,Clay,32,A,2024-07-15,298,209950,5.0,,Arthur Fils,R,185.0,FRA,20.0,202104,3.0,,Sebastian Baez,R,170.0,ARG,23.5,6-2 6-2,3,SF,66.0,6.0,0.0,45.0,33.0,25.0,8.0,8.0,1.0,1.0,1.0,0.0,48.0,34.0,20.0,5.0,8.0,3.0,7.0,28.0,1450.0,19.0,2020.0,2024
2024-0414,Hamburg,Clay,32,A,2024-07-15,297,100644,1.0,,Alexander Zverev,R,198.0,GER,27.2,111190,8.0,,Zhizhen Zhang,R,193.0,CHN,27.7,6-4 6-3,3,QF,66.0,10.0,2.0,45.0,33.0,29.0,7.0,9.0,0.0,0.0,3.0,0.0,54.0,35.0,25.0,9.0,10.0,1.0,4.0,4.0,7015.0,34.0,1261.0,2024
2024-0414,Hamburg,Clay,32,A,2024-07-15,296,124079,,,Pedro Martinez,R,185.0,ESP,27.2,202103,4.0,,Francisco Cerundolo,R,185.0,ARG,25.9,1-6 6-1 6-4,3,QF,116.0,0.0,0.0,66.0,50.0,29.0,9.0,12.0,1.0,5.0,2.0,3.0,70.0,40.0,24.0,12.0,12.0,5.0,10.0,49.0,974.0,33.0,1280.0,2024
2024-0414,Hamburg,Clay,32,A,2024-07-15,295,202104,3.0,,Sebastian Baez,R,170.0,ARG,23.5,209260,7.0,,Luciano Darderi,R,183.0,ITA,22.4,2-6 6-4 6-4,3,QF,137.0,6.0,4.0,90.0,67.0,46.0,5.0,14.0,5.0,10.0,6.0,3.0,98.0,66.0,41.0,14.0,14.0,8.0,13.0,19.0,2020.0,35.0,1256.0,2024
2024-0414,Hamburg,Clay,32,A,2024-07-15,294,209950,5.0,,Arthur Fils,R,185.0,FRA,20.0,208029,2.0,,Holger Rune,R,188.0,DEN,21.2,6-4 4-1 RET,3,QF,65.0,2.0,2.0,38.0,24.0,19.0,10.0,7.0,0.0,0.0,2.0,1.0,46.0,32.0,19.0,7.0,8.0,0.0,3.0,28.0,1450.0,17.0,2210.0,2024
2024-0414,Hamburg,Clay,32,A,2024-07-15,293,100644,1.0,,Alexander Zverev,R,198.0,GER,27.2,200384,,,Hugo Gaston,L,173.0,FRA,23.8,4-6 6-2 7-5,3,R16,157.0,8.0,1.0,107.0,72.0,54.0,13.0,15.0,11.0,15.0,4.0,1.0,91.0,49.0,31.0,19.0,15.0,8.0,14.0,4.0,7015.0,81.0,715.0,2024
2024-0414,Hamburg,Clay,32,A,2024-07-15,292,111190,8.0,,Zhizhen Zhang,R,193.0,CHN,27.7,207925,,,Flavio Cobolli,R,183.0,ITA,22.1,6-1 7-6(5),3,R16,75.0,3.0,1.0,50.0,30.0,27.0,10.0,9.0,1.0,2.0,6.0,2.0,67.0,45.0,28.0,10.0,10.0,3.0,7.0,34.0,1261.0,48.0,1000.0,2024
2024-0414,Hamburg,Clay,32,A,2024-07-15,291,202103,4.0,,Francisco Cerundolo,R,185.0,ARG,25.9,109739,,WC,Maximilian Marterer,L,188.0,GER,29.0,6-0 6-2,3,R16,68.0,3.0,2.0,52.0,31.0,23.0,11.0,7.0,3.0,3.0,0.0,2.0,41.0,29.0,11.0,5.0,7.0,5.0,10.0,33.0,1280.0,108.0,587.0,2024
2024-0414,Hamburg,Clay,32,A,2024-07-15,290,124079,,,Pedro Martinez,R,185.0,ESP,27.2,200259,,Q,Ugo Blanchet,R,175.0,FRA,25.5,6-4 0-6 7-5,3,R16,132.0,1.0,2.0,76.0,60.0,40.0,4.0,14.0,2.0,7.0,8.0,4.0,85.0,49.0,33.0,20.0,14.0,7.0,11.0,49.0,974.0,161.0,370.0,2024
2024-0414,Hamburg,Clay,32,A,2024-07-15,289,209260,7.0,,Luciano Darderi,R,183.0,ITA,22.4,207686,,,Alexander Shevchenko,R,185.0,KAZ,23.6,6-3 2-6 6-3,3,R16,113.0,4.0,2.0,79.0,43.0,28.0,18.0,13.0,4.0,8.0,1.0,4.0,75.0,39.0,22.0,18.0,13.0,3.0,8.0,35.0,1256.0,56.0,860.0,2024
2024-0414,Hamburg,Clay,32,A,2024-07-15,288,202104,3.0,,Sebastian Baez,R,170.0,ARG,23.5,105583,,,Dusan Lajovic,R,183.0,SRB,34.0,4-6 7-5 6-2,3,R16,160.0,3.0,3.0,99.0,66.0,44.0,20.0,15.0,9.0,11.0,3.0,0.0,130.0,99.0,60.0,13.0,15.0,15.0,19.0,19.0,2020.0,55.0,871.0,2024
2024-0414,Hamburg,Clay,32,A,2024-07-15,287,209950,5.0,,Arthur Fils,R,185.0,FRA,20.0,111513,,,Laslo Djere,R,188.0,SRB,29.1,7-6(3) 6-2,3,R16,106.0,3.0,2.0,68.0,45.0,34.0,13.0,10.0,6.0,7.0,2.0,1.0,70.0,51.0,30.0,10.0,10.0,6.0,9.0,28.0,1450.0,57.0,856.0,2024
2024-0414,Hamburg,Clay,32,A,2024-07-15,286,208029,2.0,,Holger Rune,R,188.0,DEN,21.2,105477,,Q,Marco Trungelliti,R,178.0,ARG,34.4,6-4 6-3,3,R16,79.0,8.0,0.0,58.0,41.0,30.0,10.0,10.0,3.0,4.0,0.0,3.0,49.0,25.0,17.0,12.0,9.0,3.0,6.0,17.0,2210.0,151.0,393.0,2024
2024-0414,Hamburg,Clay,32,A,2024-07-15,285,100644,1.0,,Alexander Zverev,R,198.0,GER,27.2,207411,,Q,Jesper De Jong,R,180.0,NED,24.1,6-2 6-2,3,R32,77.0,4.0,1.0,48.0,33.0,26.0,9.0,8.0,0.0,0.0,1.0,1.0,54.0,24.0,16.0,12.0,8.0,1.0,5.0,4.0,7015.0,114.0,533.0,2024
2024-0414,Hamburg,Clay,32,A,2024-07-15,284,200384,,,Hugo Gaston,L,173.0,FRA,23.8,207680,,,Facundo Diaz Acosta,L,183.0,ARG,23.5,7-6(4) 1-6 6-4,3,R32,153.0,3.0,4.0,109.0,60.0,32.0,30.0,15.0,10.0,15.0,3.0,3.0,97.0,63.0,39.0,19.0,14.0,3.0,6.0,81.0,715.0,77.0,743.0,2024
2024-0414,Hamburg,Clay,32,A,2024-07-15,283,207925,,,Flavio Cobolli,R,183.0,ITA,22.1,127157,,,Daniel Altmaier,R,188.0,GER,25.8,6-4 6-7(6) 6-3,3,R32,158.0,8.0,4.0,99.0,56.0,44.0,26.0,16.0,2.0,3.0,10.0,4.0,110.0,66.0,46.0,24.0,15.0,8.0,11.0,48.0,1000.0,71.0,766.0,2024
2024-0414,Hamburg,Clay,32,A,2024-07-15,282,111190,8.0,,Zhizhen Zhang,R,193.0,CHN,27.7,205734,,,Thiago Seyboth Wild,R,185.0,BRA,24.3,7-6(6) 6-0,3,R32,99.0,6.0,2.0,64.0,36.0,28.0,16.0,9.0,2.0,3.0,1.0,2.0,70.0,42.0,23.0,13.0,9.0,5.0,9.0,34.0,1261.0,72.0,755.0,2024
2024-0414,Hamburg,Clay,32,A,2024-07-15,281,202103,4.0,,Francisco Cerundolo,R,185.0,ARG,25.9,207681,,LL,Francisco Comesana,R,178.0,ARG,23.7,7-5 6-4,3,R32,99.0,4.0,4.0,67.0,44.0,29.0,12.0,11.0,4.0,7.0,3.0,0.0,68.0,53.0,29.0,9.0,11.0,7.0,12.0,33.0,1280.0,100.0,612.0,2024
2024-0414,Hamburg,Clay,32,A,2024-07-15,280,109739,,WC,Maximilian Marterer,L,188.0,GER,29.0,126952,,PR,Soon Woo Kwon,R,180.0,KOR,26.6,6-4 6-7(6) 7-5,3,R32,169.0,10.0,3.0,104.0,60.0,49.0,24.0,17.0,3.0,4.0,8.0,1.0,119.0,69.0,48.0,28.0,17.0,9.0,12.0,108.0,587.0,349.0,145.0,2024
2024-0414,Hamburg,Clay,32,A,2024-07-15,279,200259,,Q,Ugo Blanchet,R,175.0,FRA,25.5,200615,,,Alexei Popyrin,R,196.0,AUS,24.9,4-6 7-6(6) 6-2,3,R32,153.0,7.0,5.0,101.0,47.0,34.0,31.0,15.0,4.0,7.0,14.0,4.0,101.0,67.0,48.0,13.0,15.0,6.0,10.0,161.0,370.0,43.0,1071.0,2024
2024-0414,Hamburg,Clay,32,A,2024-07-15,278,124079,,,Pedro Martinez,R,185.0,ESP,27.2,208286,6.0,,Matteo Arnaldi,R,185.0,ITA,23.3,7-6(4) 6-1,3,R32,100.0,1.0,3.0,68.0,49.0,33.0,7.0,10.0,1.0,4.0,7.0,4.0,58.0,30.0,20.0,7.0,9.0,3.0,8.0,49.0,974.0,39.0,1220.0,2024
2024-0414,Hamburg,Clay,32,A,2024-07-15,277,209260,7.0,,Luciano Darderi,R,183.0,ITA,22.4,200572,,LL,Nick Hardt,R,185.0,DOM,23.8,6-1 2-6 6-0,3,R32,97.0,8.0,2.0,74.0,43.0,32.0,14.0,11.0,5.0,7.0,0.0,1.0,58.0,37.0,22.0,8.0,10.0,1.0,6.0,35.0,1256.0,191.0,313.0,2024
2024-0414,Hamburg,Clay,32,A,2024-07-15,276,207686,,,Alexander Shevchenko,R,185.0,KAZ,23.6,200484,,WC,Rudolf Molleker,R,188.0,GER,23.7,6-4 4-6 6-4,3,R32,123.0,10.0,3.0,93.0,53.0,37.0,20.0,15.0,6.0,10.0,6.0,3.0,102.0,63.0,40.0,18.0,15.0,5.0,10.0,56.0,860.0,197.0,309.0,2024
2024-0414,Hamburg,Clay,32,A,2024-07-15,300,209950,5.0,,Arthur Fils,R,185.0,FRA,20.0,100644,1.0,,Alexander Zverev,R,198.0,GER,27.2,6-3 3-6 7-6(1),3,F,213.0,0.0,2.0,147.0,97.0,67.0,23.0,15.0,21.0,22.0,8.0,2.0,111.0,74.0,49.0,20.0,15.0,3.0,4.0,28.0,1450.0,4.0,7015.0,2024
2024-0314,Gstaad,Clay,32,A,2024-07-15,271,208361,,Q,Gustavo Heide,R,191.0,BRA,22.3,109303,,,Stefano Napolitano,R,196.0,ITA,29.2,7-6(4) 5-7 7-6(3),3,R32,191.0,6.0,1.0,113.0,70.0,53.0,26.0,18.0,3.0,5.0,7.0,3.0,138.0,85.0,60.0,30.0,18.0,9.0,10.0,178.0,334.0,125.0,497.0,2024
2024-0414,Hamburg,Clay,32,A,2024-07-15,274,202104,3.0,,Sebastian Baez,R,170.0,ARG,23.5,136440,,,Dominik Koepfer,L,180.0,GER,30.2,6-2 6-3,3,R32,64.0,4.0,0.0,44.0,29.0,24.0,9.0,8.0,0.0,0.0,2.0,4.0,49.0,25.0,14.0,13.0,9.0,4.0,8.0,19.0,2020.0,62.0,811.0,2024
2024-0314,Gstaad,Clay,32,A,2024-07-15,273,127760,,,Lukas Klein,R,193.0,SVK,26.3,104527,8.0,,Stan Wawrinka,R,183.0,SUI,39.2,7-6(4) 2-6 7-5,3,R32,121.0,9.0,3.0,90.0,57.0,46.0,21.0,16.0,0.0,2.0,7.0,7.0,98.0,50.0,43.0,27.0,16.0,3.0,4.0,118.0,511.0,105.0,593.0,2024
2024-0314,Gstaad,Clay,32,A,2024-07-15,300,126610,6.0,,Matteo Berrettini,R,196.0,ITA,28.2,111460,,Q,Quentin Halys,R,191.0,FRA,27.7,6-3 6-1,3,F,59.0,1.0,1.0,37.0,29.0,26.0,7.0,8.0,3.0,3.0,4.0,1.0,43.0,19.0,13.0,9.0,8.0,2.0,6.0,82.0,715.0,192.0,312.0,2024
2024-0314,Gstaad,Clay,32,A,2024-07-15,299,126610,6.0,,Matteo Berrettini,R,196.0,ITA,28.2,126774,1.0,,Stefanos Tsitsipas,R,193.0,GRE,25.9,7-6(6) 7-5,3,SF,102.0,7.0,0.0,63.0,50.0,46.0,8.0,12.0,0.0,0.0,6.0,4.0,85.0,57.0,41.0,16.0,12.0,2.0,3.0,82.0,715.0,12.0,3615.0,2024
2024-0314,Gstaad,Clay,32,A,2024-07-15,298,111460,,Q,Quentin Halys,R,191.0,FRA,27.7,105526,5.0,,Jan Lennard Struff,R,193.0,GER,34.2,6-3 7-6(2),3,SF,80.0,16.0,4.0,67.0,37.0,32.0,17.0,11.0,4.0,4.0,2.0,6.0,68.0,33.0,28.0,15.0,10.0,2.0,3.0,192.0,312.0,37.0,1235.0,2024
2024-0314,Gstaad,Clay,32,A,2024-07-15,297,126774,1.0,,Stefanos Tsitsipas,R,193.0,GRE,25.9,104926,7.0,,Fabio Fognini,R,178.0,ITA,37.1,6-4 6-3,3,QF,66.0,5.0,0.0,51.0,31.0,23.0,12.0,10.0,1.0,3.0,3.0,4.0,47.0,24.0,17.0,8.0,9.0,2.0,6.0,12.0,3615.0,80.0,727.0,2024
2024-0314,Gstaad,Clay,32,A,2024-07-15,296,126610,6.0,,Matteo Berrettini,R,196.0,ITA,28.2,200000,3.0,,Felix Auger Aliassime,R,193.0,CAN,23.9,7-6(7) 7-6(2),3,QF,130.0,5.0,1.0,79.0,55.0,43.0,15.0,12.0,3.0,3.0,5.0,5.0,84.0,54.0,40.0,18.0,12.0,4.0,4.0,82.0,715.0,18.0,2075.0,2024
2024-0314,Gstaad,Clay,32,A,2024-07-15,295,105526,5.0,,Jan Lennard Struff,R,193.0,GER,34.2,144869,4.0,,Tomas Martin Etcheverry,R,196.0,ARG,24.9,7-5 3-6 6-3,3,QF,136.0,8.0,8.0,102.0,56.0,45.0,24.0,15.0,6.0,7.0,5.0,1.0,93.0,57.0,40.0,20.0,15.0,5.0,7.0,37.0,1235.0,32.0,1295.0,2024
2024-0314,Gstaad,Clay,32,A,2024-07-15,294,111460,,Q,Quentin Halys,R,191.0,FRA,27.7,208361,,Q,Gustavo Heide,R,191.0,BRA,22.3,6-1 7-5,3,QF,82.0,5.0,5.0,59.0,27.0,22.0,19.0,10.0,1.0,2.0,3.0,3.0,57.0,31.0,19.0,12.0,9.0,6.0,10.0,192.0,312.0,178.0,334.0,2024
2024-0314,Gstaad,Clay,32,A,2024-07-15,293,126774,1.0,,Stefanos Tsitsipas,R,193.0,GRE,25.9,209098,,,Hamad Medjedovic,R,188.0,SRB,20.9,7-6(6) 6-3,3,R16,103.0,11.0,3.0,76.0,48.0,36.0,16.0,11.0,5.0,5.0,8.0,2.0,65.0,42.0,32.0,12.0,10.0,3.0,4.0,12.0,3615.0,122.0,506.0,2024
2024-0314,Gstaad,Clay,32,A,2024-07-15,292,104926,7.0,,Fabio Fognini,R,178.0,ITA,37.1,122669,,Q,Juan Pablo Varillas,R,185.0,PER,28.7,3-6 7-6(5) 7-5,3,R16,167.0,2.0,3.0,99.0,55.0,40.0,21.0,16.0,9.0,13.0,3.0,1.0,107.0,61.0,36.0,30.0,17.0,2.0,6.0,80.0,727.0,162.0,367.0,2024
2024-0314,Gstaad,Clay,32,A,2024-07-15,291,200000,3.0,,Felix Auger Aliassime,R,193.0,CAN,23.9,105870,,,Yannick Hanfmann,R,193.0,GER,32.6,7-6(6) 6-2,3,R16,112.0,4.0,3.0,73.0,48.0,37.0,12.0,10.0,5.0,6.0,2.0,4.0,67.0,44.0,28.0,11.0,10.0,5.0,8.0,18.0,2075.0,111.0,556.0,2024
2024-0314,Gstaad,Clay,32,A,2024-07-15,290,126610,6.0,,Matteo Berrettini,R,196.0,ITA,28.2,123755,,,Daniel Elahi Galan,R,191.0,COL,28.0,6-4 6-2,3,R16,79.0,12.0,2.0,45.0,31.0,24.0,9.0,9.0,0.0,1.0,4.0,1.0,71.0,45.0,28.0,10.0,9.0,5.0,9.0,82.0,715.0,142.0,444.0,2024
2024-0414,Hamburg,Clay,32,A,2024-07-15,275,105583,,,Dusan Lajovic,R,183.0,SRB,34.0,200335,,Q,Felipe Meligeni Alves,R,185.0,BRA,26.4,6-2 6-7(5) 6-3,3,R32,146.0,9.0,2.0,123.0,81.0,60.0,21.0,15.0,5.0,5.0,6.0,2.0,94.0,64.0,43.0,13.0,14.0,3.0,6.0,55.0,871.0,144.0,427.0,2024
2024-0314,Gstaad,Clay,32,A,2024-07-15,289,105526,5.0,,Jan Lennard Struff,R,193.0,GER,34.2,209857,,WC,Leandro Riedi,R,191.0,SUI,22.4,7-6(6) 7-6(1),3,R16,98.0,12.0,7.0,85.0,45.0,36.0,24.0,12.0,3.0,3.0,9.0,5.0,77.0,46.0,38.0,16.0,12.0,1.0,1.0,37.0,1235.0,134.0,473.0,2024
2024-0314,Gstaad,Clay,32,A,2024-07-15,287,111460,,Q,Quentin Halys,R,191.0,FRA,27.7,127760,,,Lukas Klein,R,193.0,SVK,26.3,6-3 6-7(7) 6-4,3,R16,129.0,16.0,9.0,94.0,46.0,42.0,28.0,16.0,1.0,2.0,3.0,4.0,102.0,65.0,48.0,18.0,15.0,5.0,8.0,192.0,312.0,118.0,511.0,2024
2024-0314,Gstaad,Clay,32,A,2024-07-15,286,208361,,Q,Gustavo Heide,R,191.0,BRA,22.3,200005,2.0,,Ugo Humbert,L,188.0,FRA,26.0,6-7(2) 6-2 6-3,3,R16,140.0,10.0,3.0,106.0,56.0,41.0,33.0,15.0,9.0,9.0,10.0,5.0,82.0,49.0,38.0,18.0,14.0,2.0,5.0,178.0,334.0,15.0,2490.0,2024
2024-0314,Gstaad,Clay,32,A,2024-07-15,284,209098,,,Hamad Medjedovic,R,188.0,SRB,20.9,144817,,WC,Marc Andrea Huesler,L,196.0,SUI,28.0,6-7(3) 7-6(2) 6-3,3,R32,140.0,7.0,1.0,102.0,78.0,62.0,15.0,17.0,0.0,0.0,11.0,2.0,99.0,54.0,41.0,27.0,16.0,2.0,3.0,122.0,506.0,226.0,262.0,2024
2024-0314,Gstaad,Clay,32,A,2024-07-15,283,122669,,Q,Juan Pablo Varillas,R,185.0,PER,28.7,106233,,,Dominic Thiem,R,185.0,AUT,30.8,6-3 5-7 7-6(4),3,R32,172.0,7.0,3.0,122.0,73.0,56.0,23.0,17.0,9.0,12.0,5.0,2.0,95.0,54.0,39.0,24.0,16.0,2.0,5.0,162.0,367.0,133.0,473.0,2024
2024-0314,Gstaad,Clay,32,A,2024-07-15,282,104926,7.0,,Fabio Fognini,R,178.0,ITA,37.1,208169,,Q,Titouan Droguet,R,191.0,FRA,23.0,6-4 6-3,3,R32,83.0,1.0,3.0,72.0,45.0,32.0,13.0,10.0,4.0,5.0,6.0,3.0,53.0,30.0,25.0,7.0,9.0,3.0,6.0,80.0,727.0,141.0,445.0,2024
2024-0314,Gstaad,Clay,32,A,2024-07-15,280,105870,,,Yannick Hanfmann,R,193.0,GER,32.6,134457,,LL,Nicolas Moreno De Alboran,R,185.0,USA,27.0,7-6(2) 6-7(2) 6-4,3,R32,156.0,9.0,4.0,100.0,73.0,63.0,13.0,17.0,2.0,2.0,9.0,0.0,110.0,72.0,54.0,24.0,17.0,5.0,6.0,111.0,556.0,143.0,429.0,2024
2024-0314,Gstaad,Clay,32,A,2024-07-15,279,123755,,,Daniel Elahi Galan,R,191.0,COL,28.0,200240,,,Vit Kopriva,R,178.0,CZE,27.0,6-3 6-2,3,R32,80.0,2.0,2.0,54.0,33.0,25.0,10.0,9.0,2.0,3.0,0.0,4.0,53.0,30.0,14.0,12.0,8.0,3.0,7.0,142.0,444.0,112.0,554.0,2024
2024-0314,Gstaad,Clay,32,A,2024-07-15,278,126610,6.0,,Matteo Berrettini,R,196.0,ITA,28.2,106398,,,Pedro Cachin,R,185.0,ARG,29.2,6-4 7-6(2),3,R32,101.0,5.0,1.0,70.0,52.0,38.0,14.0,11.0,3.0,3.0,2.0,1.0,69.0,47.0,33.0,12.0,11.0,1.0,2.0,82.0,715.0,110.0,568.0,2024
2024-0314,Gstaad,Clay,32,A,2024-07-15,277,105526,5.0,,Jan Lennard Struff,R,193.0,GER,34.2,105077,,,Albert Ramos,L,188.0,ESP,36.4,7-6(6) 7-6(4),3,R32,108.0,11.0,6.0,75.0,42.0,36.0,21.0,12.0,1.0,2.0,2.0,1.0,79.0,50.0,37.0,17.0,12.0,2.0,3.0,37.0,1235.0,97.0,635.0,2024
2024-0314,Gstaad,Clay,32,A,2024-07-15,276,209857,,WC,Leandro Riedi,R,191.0,SUI,22.4,106296,,,Gregoire Barrere,R,183.0,FRA,30.4,7-6(2) 7-5,3,R32,103.0,5.0,1.0,65.0,38.0,29.0,23.0,12.0,3.0,4.0,6.0,1.0,94.0,53.0,39.0,20.0,12.0,7.0,9.0,134.0,473.0,131.0,475.0,2024
2024-0314,Gstaad,Clay,32,A,2024-07-15,275,122298,,,Botic Van De Zandschulp,R,191.0,NED,28.7,208502,,WC,Dominic Stricker,L,183.0,SUI,21.9,6-3 6-3,3,R32,81.0,7.0,1.0,62.0,37.0,29.0,13.0,9.0,4.0,4.0,7.0,6.0,60.0,25.0,19.0,15.0,9.0,4.0,7.0,87.0,687.0,175.0,340.0,2024
2024-0314,Gstaad,Clay,32,A,2024-07-15,288,144869,4.0,,Tomas Martin Etcheverry,R,196.0,ARG,24.9,122298,,,Botic Van De Zandschulp,R,191.0,NED,28.7,6-2 2-6 6-3,3,R16,137.0,4.0,0.0,82.0,52.0,34.0,14.0,13.0,6.0,10.0,2.0,4.0,69.0,37.0,27.0,13.0,12.0,4.0,9.0,32.0,1295.0,87.0,687.0,2024
2024-0314,Gstaad,Clay,32,A,2024-07-15,272,111460,,Q,Quentin Halys,R,191.0,FRA,27.7,104755,,,Richard Gasquet,R,183.0,FRA,38.0,7-6(4) 7-6(5),3,R32,120.0,9.0,9.0,102.0,47.0,38.0,29.0,12.0,5.0,5.0,6.0,2.0,77.0,44.0,34.0,22.0,12.0,3.0,3.0,192.0,312.0,132.0,474.0,2024
2024-0315,Newport,Grass,32,A,2024-07-15,271,105332,,,Benoit Paire,R,196.0,FRA,35.1,208260,,,Zachary Svajda,R,175.0,USA,21.6,6-3 3-6 7-6(4),3,R32,109.0,9.0,12.0,97.0,55.0,42.0,16.0,15.0,8.0,13.0,1.0,7.0,96.0,65.0,45.0,12.0,15.0,3.0,8.0,227.0,261.0,113.0,541.0,2024
2024-0414,Hamburg,Clay,32,A,2024-07-15,272,111513,,,Laslo Djere,R,188.0,SRB,29.1,200267,,,Zizou Bergs,R,185.0,BEL,25.1,6-3 7-6(4),3,R32,107.0,5.0,2.0,80.0,49.0,38.0,14.0,11.0,5.0,6.0,4.0,0.0,64.0,44.0,30.0,10.0,10.0,1.0,3.0,57.0,856.0,73.0,754.0,2024
2024-0315,Newport,Grass,32,A,2024-07-15,300,106218,2.0,,Marcos Giron,R,180.0,USA,30.9,210506,3.0,,Alex Michelsen,R,193.0,USA,19.8,6-7(4) 6-3 7-5,3,F,157.0,13.0,2.0,107.0,67.0,55.0,18.0,17.0,8.0,9.0,0.0,2.0,123.0,86.0,58.0,16.0,16.0,10.0,13.0,46.0,1025.0,61.0,816.0,2024
2024-0315,Newport,Grass,32,A,2024-07-15,299,210506,3.0,,Alex Michelsen,R,193.0,USA,19.8,124187,,WC,Reilly Opelka,R,211.0,USA,26.8,6-2 6-0,3,SF,59.0,1.0,0.0,41.0,27.0,23.0,7.0,7.0,3.0,3.0,8.0,1.0,48.0,26.0,13.0,8.0,7.0,4.0,9.0,61.0,816.0,1187.0,7.0,2024
2024-0315,Newport,Grass,32,A,2024-07-15,298,106218,2.0,,Marcos Giron,R,180.0,USA,30.9,111153,4.0,,Christopher Eubanks,R,201.0,USA,28.1,6-4 3-6 6-2,3,SF,100.0,6.0,1.0,81.0,44.0,36.0,17.0,13.0,1.0,3.0,5.0,4.0,76.0,41.0,30.0,18.0,14.0,6.0,10.0,46.0,1025.0,128.0,485.0,2024
2024-0315,Newport,Grass,32,A,2024-07-15,297,124187,,WC,Reilly Opelka,R,211.0,USA,26.8,111456,,,Mackenzie Mcdonald,R,178.0,USA,29.2,4-6 6-3 6-4,3,QF,108.0,27.0,8.0,79.0,50.0,44.0,16.0,15.0,1.0,2.0,4.0,5.0,77.0,41.0,33.0,20.0,14.0,1.0,3.0,1187.0,7.0,99.0,626.0,2024
2024-0315,Newport,Grass,32,A,2024-07-15,296,210506,3.0,,Alex Michelsen,R,193.0,USA,19.8,206499,,,Aleksandar Kovacevic,R,183.0,USA,25.8,6-4 6-4,3,QF,85.0,5.0,3.0,59.0,40.0,28.0,14.0,10.0,1.0,1.0,12.0,0.0,68.0,46.0,31.0,11.0,10.0,4.0,6.0,61.0,816.0,91.0,668.0,2024
2024-0315,Newport,Grass,32,A,2024-07-15,295,111153,4.0,,Christopher Eubanks,R,201.0,USA,28.1,126846,6.0,,Aleksandar Vukic,R,188.0,AUS,28.2,6-2 4-6 7-6(3),3,QF,125.0,13.0,7.0,95.0,66.0,53.0,12.0,15.0,6.0,8.0,13.0,5.0,103.0,61.0,47.0,18.0,15.0,4.0,7.0,128.0,485.0,65.0,794.0,2024
2024-0315,Newport,Grass,32,A,2024-07-15,294,106218,2.0,,Marcos Giron,R,180.0,USA,30.9,106109,,Q,Alex Bolt,L,183.0,AUS,31.5,6-4 6-1,3,QF,74.0,2.0,0.0,50.0,31.0,21.0,14.0,8.0,3.0,3.0,3.0,3.0,63.0,37.0,23.0,10.0,9.0,6.0,10.0,46.0,1025.0,210.0,292.0,2024
2024-0315,Newport,Grass,32,A,2024-07-15,293,124187,,WC,Reilly Opelka,R,211.0,USA,26.8,105173,1.0,,Adrian Mannarino,L,180.0,FRA,36.0,6-4 3-6 6-4,3,R16,114.0,19.0,1.0,78.0,48.0,42.0,14.0,15.0,1.0,3.0,3.0,2.0,77.0,53.0,36.0,17.0,14.0,2.0,4.0,1187.0,7.0,25.0,1590.0,2024
2024-0315,Newport,Grass,32,A,2024-07-15,292,111456,,,Mackenzie Mcdonald,R,178.0,USA,29.2,126129,,Q,Billy Harris,R,193.0,GBR,29.4,6-3 6-4,3,R16,82.0,6.0,0.0,40.0,28.0,26.0,10.0,9.0,0.0,0.0,6.0,8.0,79.0,44.0,28.0,16.0,10.0,6.0,9.0,99.0,626.0,116.0,529.0,2024
2024-0315,Newport,Grass,32,A,2024-07-15,291,210506,3.0,,Alex Michelsen,R,193.0,USA,19.8,202195,,,Maxime Cressy,R,201.0,USA,27.1,6-4 6-4,3,R16,82.0,1.0,1.0,56.0,35.0,27.0,16.0,10.0,2.0,2.0,6.0,6.0,54.0,29.0,25.0,10.0,10.0,1.0,3.0,61.0,816.0,180.0,333.0,2024
2024-0315,Newport,Grass,32,A,2024-07-15,290,206499,,,Aleksandar Kovacevic,R,183.0,USA,25.8,126239,7.0,,Arthur Rinderknech,R,196.0,FRA,28.9,6-3 3-6 7-5,3,R16,136.0,6.0,2.0,84.0,50.0,36.0,20.0,15.0,1.0,3.0,14.0,8.0,99.0,59.0,40.0,23.0,15.0,6.0,9.0,91.0,668.0,66.0,794.0,2024
2024-0315,Newport,Grass,32,A,2024-07-15,289,126846,6.0,,Aleksandar Vukic,R,188.0,AUS,28.2,208118,,WC,Eliot Spizzirri,R,183.0,USA,22.5,6-2 7-6(3),3,R16,88.0,5.0,0.0,55.0,39.0,31.0,11.0,10.0,1.0,2.0,6.0,3.0,66.0,40.0,27.0,11.0,10.0,3.0,6.0,65.0,794.0,393.0,123.0,2024
2024-0316,Bastad,Clay,32,A,2024-07-15,271,106329,,,Thiago Monteiro,L,183.0,BRA,30.1,105948,,,Federico Coria,R,180.0,ARG,32.3,6-1 6-3,3,R32,66.0,1.0,1.0,43.0,28.0,24.0,9.0,8.0,0.0,0.0,2.0,2.0,52.0,36.0,20.0,6.0,8.0,6.0,10.0,85.0,700.0,69.0,776.0,2024
2024-0315,Newport,Grass,32,A,2024-07-15,288,111153,4.0,,Christopher Eubanks,R,201.0,USA,28.1,210319,,WC,Ethan Quinn,R,191.0,USA,20.3,7-6(4) 3-6 6-3,3,R16,145.0,16.0,8.0,113.0,76.0,53.0,20.0,15.0,9.0,11.0,4.0,2.0,104.0,66.0,47.0,19.0,15.0,4.0,6.0,128.0,485.0,254.0,225.0,2024
2024-0315,Newport,Grass,32,A,2024-07-15,286,106218,2.0,,Marcos Giron,R,180.0,USA,30.9,105332,,,Benoit Paire,R,196.0,FRA,35.1,4-6 7-5 6-4,3,R16,132.0,8.0,4.0,101.0,54.0,40.0,21.0,16.0,3.0,7.0,2.0,9.0,96.0,50.0,36.0,21.0,16.0,5.0,10.0,46.0,1025.0,227.0,261.0,2024
2024-0315,Newport,Grass,32,A,2024-07-15,284,124187,,WC,Reilly Opelka,R,211.0,USA,26.8,106005,,,Constant Lestienne,R,180.0,FRA,32.1,6-1 2-6 7-6(2),3,R32,125.0,16.0,6.0,81.0,47.0,42.0,16.0,14.0,2.0,4.0,3.0,3.0,89.0,50.0,38.0,18.0,13.0,8.0,10.0,1187.0,7.0,94.0,650.0,2024
2024-0315,Newport,Grass,32,A,2024-07-15,283,126129,,Q,Billy Harris,R,193.0,GBR,29.4,209113,,,Gabriel Diallo,R,203.0,CAN,22.8,7-6(4) 7-5,3,R32,145.0,4.0,2.0,89.0,56.0,39.0,20.0,12.0,7.0,8.0,7.0,6.0,98.0,52.0,36.0,23.0,12.0,6.0,8.0,116.0,529.0,165.0,355.0,2024
2024-0315,Newport,Grass,32,A,2024-07-15,282,111456,,,Mackenzie Mcdonald,R,178.0,USA,29.2,208014,8.0,,Rinky Hijikata,R,178.0,AUS,23.3,4-6 7-6(4) 6-2,3,R32,132.0,3.0,4.0,96.0,66.0,46.0,9.0,15.0,6.0,12.0,2.0,4.0,95.0,54.0,32.0,17.0,15.0,6.0,13.0,99.0,626.0,74.0,751.0,2024
2024-0315,Newport,Grass,32,A,2024-07-15,280,202195,,,Maxime Cressy,R,201.0,USA,27.1,105430,,,Radu Albot,R,175.0,MDA,34.6,6-4 4-6 7-6(4),3,R32,171.0,14.0,23.0,108.0,53.0,39.0,21.0,16.0,8.0,14.0,3.0,4.0,122.0,71.0,43.0,24.0,16.0,9.0,15.0,180.0,333.0,149.0,411.0,2024
2024-0315,Newport,Grass,32,A,2024-07-15,279,206499,,,Aleksandar Kovacevic,R,183.0,USA,25.8,208004,,,Harold Mayot,R,180.0,FRA,22.4,7-6(1) 6-4,3,R32,89.0,7.0,2.0,60.0,35.0,31.0,17.0,11.0,0.0,0.0,10.0,4.0,69.0,40.0,28.0,17.0,11.0,2.0,3.0,91.0,668.0,124.0,499.0,2024
2024-0315,Newport,Grass,32,A,2024-07-15,278,126239,7.0,,Arthur Rinderknech,R,196.0,FRA,28.9,208278,,,Shintaro Mochizuki,R,175.0,JPN,21.1,6-3 7-6(5),3,R32,111.0,9.0,9.0,87.0,47.0,41.0,13.0,11.0,5.0,7.0,3.0,3.0,65.0,29.0,17.0,21.0,10.0,4.0,7.0,66.0,794.0,156.0,385.0,2024
2024-0315,Newport,Grass,32,A,2024-07-15,277,126846,6.0,,Aleksandar Vukic,R,188.0,AUS,28.2,209409,,,Coleman Wong,R,191.0,HKG,20.1,6-1 6-2,3,R32,66.0,4.0,0.0,56.0,28.0,22.0,16.0,8.0,6.0,6.0,5.0,5.0,53.0,20.0,15.0,10.0,7.0,2.0,6.0,65.0,794.0,179.0,333.0,2024
2024-0315,Newport,Grass,32,A,2024-07-15,276,208118,,WC,Eliot Spizzirri,R,183.0,USA,22.5,111454,,Q,Li Tu,R,183.0,AUS,28.1,6-1 7-6(4),3,R32,80.0,5.0,3.0,64.0,41.0,33.0,12.0,9.0,4.0,5.0,1.0,1.0,73.0,46.0,27.0,13.0,10.0,5.0,9.0,393.0,123.0,208.0,294.0,2024
2024-0315,Newport,Grass,32,A,2024-07-15,275,210319,,WC,Ethan Quinn,R,191.0,USA,20.3,117360,,Q,Marc Polmans,R,188.0,AUS,27.2,6-3 6-7(3) 6-1,3,R32,137.0,4.0,3.0,93.0,59.0,40.0,17.0,13.0,6.0,8.0,0.0,9.0,97.0,63.0,41.0,13.0,15.0,7.0,14.0,254.0,225.0,217.0,278.0,2024
2024-0315,Newport,Grass,32,A,2024-07-15,273,206909,5.0,,Brandon Nakashima,R,188.0,USA,22.9,207182,,,Emilio Nava,R,185.0,USA,22.6,7-5 6-2,3,R32,77.0,0.0,1.0,51.0,30.0,25.0,13.0,10.0,1.0,2.0,3.0,2.0,60.0,36.0,22.0,11.0,10.0,1.0,5.0,53.0,915.0,148.0,415.0,2024
2024-0315,Newport,Grass,32,A,2024-07-15,272,106109,,Q,Alex Bolt,L,183.0,AUS,31.5,210150,,,Jakub Mensik,R,193.0,CZE,18.8,6-2 6-4,3,R32,101.0,4.0,2.0,52.0,31.0,26.0,9.0,9.0,0.0,1.0,4.0,6.0,52.0,26.0,18.0,9.0,9.0,2.0,6.0,210.0,292.0,79.0,728.0,2024
2024-0315,Newport,Grass,32,A,2024-07-15,287,106109,,Q,Alex Bolt,L,183.0,AUS,31.5,206909,5.0,,Brandon Nakashima,R,188.0,USA,22.9,7-6(2) 6-4,3,R16,95.0,9.0,2.0,71.0,47.0,35.0,13.0,11.0,4.0,6.0,3.0,2.0,71.0,46.0,28.0,14.0,11.0,9.0,12.0,210.0,292.0,53.0,915.0,2024
2024-0414,Hamburg,Clay,32,A,2024-07-15,273,209950,5.0,,Arthur Fils,R,185.0,FRA,20.0,144719,,,Jaume Munar,R,183.0,ESP,27.1,5-7 6-3 6-1,3,R32,131.0,2.0,1.0,81.0,54.0,38.0,17.0,14.0,3.0,5.0,2.0,3.0,79.0,43.0,27.0,18.0,14.0,5.0,10.0,28.0,1450.0,59.0,840.0,2024
2024-0316,Bastad,Clay,32,A,2024-07-15,272,207213,,Q,Duje Ajdukovic,R,188.0,CRO,23.4,209414,,,Luca Van Assche,R,178.0,FRA,20.1,6-3 6-3,3,R32,74.0,3.0,0.0,47.0,25.0,20.0,13.0,9.0,0.0,1.0,1.0,5.0,61.0,44.0,24.0,9.0,9.0,5.0,9.0,130.0,478.0,104.0,601.0,2024
2024-0316,Bastad,Clay,32,A,2024-07-15,275,111576,,,Sumit Nagal,R,178.0,IND,26.9,111200,,WC,Elias Ymer,R,185.0,SWE,28.2,6-4 6-3,3,R32,98.0,2.0,0.0,65.0,44.0,31.0,13.0,9.0,4.0,4.0,2.0,4.0,70.0,39.0,27.0,14.0,10.0,7.0,10.0,68.0,779.0,202.0,300.0,2024
2024-0414,Hamburg,Clay,32,A,2024-07-15,271,105477,,Q,Marco Trungelliti,R,178.0,ARG,34.4,124116,,,Sebastian Ofner,R,191.0,AUT,28.1,6-1 4-3 RET,3,R32,68.0,2.0,2.0,54.0,32.0,21.0,14.0,7.0,8.0,8.0,3.0,1.0,48.0,27.0,16.0,11.0,7.0,7.0,10.0,151.0,393.0,50.0,939.0,2024
2024-0414,Hamburg,Clay,32,A,2024-07-15,270,208029,2.0,,Holger Rune,R,188.0,DEN,21.2,206681,,,Fabian Marozsan,R,193.0,HUN,24.7,6-4 6-4,3,R32,80.0,6.0,3.0,56.0,36.0,32.0,11.0,10.0,4.0,4.0,2.0,1.0,69.0,47.0,31.0,13.0,10.0,3.0,5.0,17.0,2210.0,45.0,1031.0,2024
2024-0316,Bastad,Clay,32,A,2024-07-15,300,132686,7.0,,Nuno Borges,R,185.0,POR,27.4,104745,,WC,Rafael Nadal,L,185.0,ESP,38.1,6-3 6-2,3,F,87.0,2.0,1.0,53.0,33.0,22.0,12.0,9.0,3.0,5.0,0.0,3.0,56.0,38.0,20.0,5.0,8.0,7.0,12.0,51.0,936.0,261.0,215.0,2024
2024-0316,Bastad,Clay,32,A,2024-07-15,299,132686,7.0,,Nuno Borges,R,185.0,POR,27.4,202058,,,Thiago Agustin Tirante,R,185.0,ARG,23.2,6-3 6-4,3,SF,69.0,3.0,1.0,49.0,34.0,28.0,11.0,10.0,2.0,3.0,4.0,3.0,57.0,35.0,26.0,6.0,9.0,3.0,6.0,51.0,936.0,121.0,508.0,2024
2024-0316,Bastad,Clay,32,A,2024-07-15,298,104745,,WC,Rafael Nadal,L,185.0,ESP,38.1,207213,,Q,Duje Ajdukovic,R,188.0,CRO,23.4,4-6 6-3 6-4,3,SF,132.0,0.0,0.0,79.0,63.0,39.0,10.0,15.0,5.0,10.0,4.0,5.0,80.0,39.0,25.0,18.0,14.0,0.0,6.0,261.0,215.0,130.0,478.0,2024
2024-0316,Bastad,Clay,32,A,2024-07-15,297,202058,,,Thiago Agustin Tirante,R,185.0,ARG,23.2,106148,,,Roberto Carballes Baena,R,183.0,ESP,31.3,6-3 2-6 7-5,3,QF,135.0,8.0,2.0,87.0,60.0,42.0,13.0,15.0,3.0,7.0,1.0,1.0,86.0,72.0,44.0,8.0,14.0,7.0,11.0,121.0,508.0,54.0,906.0,2024
2024-0316,Bastad,Clay,32,A,2024-07-15,296,132686,7.0,,Nuno Borges,R,185.0,POR,27.4,207608,,Q,Timofey Skatov,R,175.0,KAZ,23.4,6-4 6-3,3,QF,90.0,4.0,3.0,60.0,39.0,32.0,8.0,10.0,1.0,2.0,0.0,1.0,63.0,31.0,20.0,14.0,9.0,4.0,7.0,51.0,936.0,223.0,265.0,2024
2024-0316,Bastad,Clay,32,A,2024-07-15,295,104745,,WC,Rafael Nadal,L,185.0,ESP,38.1,208363,4.0,,Mariano Navone,R,178.0,ARG,23.3,6-7(2) 7-5 7-5,3,QF,239.0,1.0,4.0,121.0,78.0,48.0,17.0,18.0,7.0,15.0,0.0,3.0,141.0,90.0,46.0,24.0,18.0,11.0,21.0,261.0,215.0,36.0,1242.0,2024
2024-0316,Bastad,Clay,32,A,2024-07-15,294,207213,,Q,Duje Ajdukovic,R,188.0,CRO,23.4,106329,,,Thiago Monteiro,L,183.0,BRA,30.1,6-2 4-6 6-4,3,QF,129.0,6.0,3.0,80.0,43.0,34.0,19.0,14.0,5.0,8.0,6.0,3.0,84.0,57.0,37.0,13.0,14.0,4.0,9.0,130.0,478.0,85.0,700.0,2024
2024-0316,Bastad,Clay,32,A,2024-07-15,293,202058,,,Thiago Agustin Tirante,R,185.0,ARG,23.2,126094,1.0,,Andrey Rublev,R,188.0,RUS,26.7,7-6(5) 3-6 6-4,3,R16,144.0,5.0,6.0,106.0,62.0,45.0,20.0,16.0,1.0,4.0,2.0,5.0,93.0,57.0,38.0,22.0,15.0,1.0,3.0,121.0,508.0,8.0,4070.0,2024
2024-0316,Bastad,Clay,32,A,2024-07-15,292,106148,,,Roberto Carballes Baena,R,183.0,ESP,31.3,106187,,Q,Denis Yevseyev,R,188.0,KAZ,31.1,2-6 6-3 6-2,3,R16,137.0,2.0,4.0,97.0,60.0,41.0,17.0,13.0,10.0,13.0,3.0,4.0,83.0,54.0,32.0,15.0,12.0,9.0,13.0,54.0,906.0,160.0,370.0,2024
2024-0316,Bastad,Clay,32,A,2024-07-15,291,207608,,Q,Timofey Skatov,R,175.0,KAZ,23.4,134868,3.0,,Tallon Griekspoor,R,188.0,NED,28.0,1-6 6-3 6-4,3,R16,129.0,2.0,1.0,82.0,61.0,38.0,9.0,13.0,2.0,6.0,6.0,3.0,78.0,43.0,31.0,17.0,13.0,1.0,5.0,223.0,265.0,27.0,1510.0,2024
2024-0316,Bastad,Clay,32,A,2024-07-15,290,132686,7.0,,Nuno Borges,R,185.0,POR,27.4,210012,,,Henrique Rocha,R,180.0,POR,20.2,1-6 6-4 6-0,3,R16,128.0,1.0,2.0,90.0,55.0,30.0,20.0,11.0,7.0,11.0,3.0,3.0,90.0,52.0,23.0,19.0,12.0,7.0,13.0,51.0,936.0,182.0,329.0,2024
2024-0316,Bastad,Clay,32,A,2024-07-15,289,104745,,WC,Rafael Nadal,L,185.0,ESP,38.1,111815,5.0,,Cameron Norrie,L,188.0,GBR,28.8,6-4 6-4,3,R16,103.0,5.0,0.0,60.0,43.0,32.0,11.0,10.0,3.0,4.0,1.0,0.0,61.0,44.0,28.0,8.0,10.0,4.0,7.0,261.0,215.0,42.0,1125.0,2024
2024-0316,Bastad,Clay,32,A,2024-07-15,288,208363,4.0,,Mariano Navone,R,178.0,ARG,23.3,111576,,,Sumit Nagal,R,178.0,IND,26.9,6-4 6-2,3,R16,100.0,1.0,3.0,78.0,58.0,38.0,6.0,9.0,10.0,12.0,1.0,1.0,69.0,54.0,28.0,6.0,9.0,4.0,9.0,36.0,1242.0,68.0,779.0,2024
2024-0316,Bastad,Clay,32,A,2024-07-15,287,207213,,Q,Duje Ajdukovic,R,188.0,CRO,23.4,200303,8.0,,Pavel Kotov,R,191.0,RUS,25.6,7-6(7) 3-6 6-3,3,R16,151.0,3.0,4.0,97.0,61.0,46.0,20.0,15.0,5.0,7.0,8.0,3.0,93.0,61.0,47.0,16.0,15.0,3.0,5.0,130.0,478.0,60.0,821.0,2024
2024-0316,Bastad,Clay,32,A,2024-07-15,286,106329,,,Thiago Monteiro,L,183.0,BRA,30.1,134770,2.0,,Casper Ruud,R,183.0,NOR,25.5,6-3 6-3,3,R16,88.0,2.0,1.0,51.0,32.0,25.0,13.0,9.0,1.0,1.0,7.0,2.0,62.0,37.0,24.0,11.0,9.0,3.0,6.0,85.0,700.0,9.0,4030.0,2024
2024-0316,Bastad,Clay,32,A,2024-07-15,284,202058,,,Thiago Agustin Tirante,R,185.0,ARG,23.2,210262,,Q,Jaime Faria,R,188.0,POR,20.9,3-6 6-1 6-4,3,R32,115.0,5.0,2.0,73.0,45.0,38.0,16.0,13.0,2.0,3.0,12.0,5.0,88.0,52.0,35.0,20.0,13.0,9.0,12.0,121.0,508.0,170.0,349.0,2024
2024-0316,Bastad,Clay,32,A,2024-07-15,283,106187,,Q,Denis Yevseyev,R,188.0,KAZ,31.1,124186,,,Alexandre Muller,R,183.0,FRA,27.4,7-5 7-5,3,R32,95.0,4.0,2.0,84.0,50.0,40.0,14.0,12.0,2.0,3.0,4.0,2.0,62.0,41.0,31.0,9.0,12.0,1.0,4.0,160.0,370.0,103.0,606.0,2024
2024-0316,Bastad,Clay,32,A,2024-07-15,282,106148,,,Roberto Carballes Baena,R,183.0,ESP,31.3,126128,6.0,,Roman Safiullin,R,185.0,RUS,26.9,5-7 7-6(3) 6-3,3,R32,176.0,4.0,0.0,105.0,71.0,47.0,22.0,17.0,2.0,6.0,11.0,1.0,108.0,64.0,41.0,23.0,16.0,6.0,10.0,54.0,906.0,67.0,785.0,2024
2024-0316,Bastad,Clay,32,A,2024-07-15,280,207608,,Q,Timofey Skatov,R,175.0,KAZ,23.4,106121,,,Taro Daniel,R,191.0,JPN,31.4,6-7(7) 6-2 7-6(4),3,R32,211.0,8.0,5.0,126.0,78.0,55.0,22.0,16.0,5.0,8.0,9.0,1.0,132.0,75.0,52.0,25.0,16.0,7.0,12.0,223.0,265.0,90.0,676.0,2024
2024-0316,Bastad,Clay,32,A,2024-07-15,279,210012,,,Henrique Rocha,R,180.0,POR,20.2,200116,,,Camilo Ugo Carabelli,R,185.0,ARG,25.0,4-6 6-2 6-2,3,R32,127.0,5.0,5.0,63.0,37.0,28.0,12.0,13.0,0.0,3.0,2.0,2.0,102.0,60.0,38.0,16.0,13.0,10.0,16.0,182.0,329.0,96.0,645.0,2024
2024-0316,Bastad,Clay,32,A,2024-07-15,278,132686,7.0,,Nuno Borges,R,185.0,POR,27.4,126504,,LL,Andrea Pellegrino,R,185.0,ITA,27.3,6-2 7-6(3),3,R32,91.0,1.0,0.0,63.0,48.0,33.0,6.0,10.0,3.0,5.0,1.0,2.0,70.0,47.0,29.0,8.0,10.0,2.0,6.0,51.0,936.0,153.0,389.0,2024
2024-0316,Bastad,Clay,32,A,2024-07-15,277,111815,5.0,,Cameron Norrie,L,188.0,GBR,28.8,106075,,,Jozef Kovalik,R,183.0,SVK,31.6,7-6(4) 6-4,3,R32,95.0,7.0,2.0,66.0,45.0,37.0,14.0,11.0,0.0,0.0,4.0,1.0,76.0,59.0,39.0,9.0,11.0,5.0,6.0,42.0,1125.0,102.0,607.0,2024
2024-0316,Bastad,Clay,32,A,2024-07-15,276,104745,,WC,Rafael Nadal,L,185.0,ESP,38.1,209863,,WC,Leo Borg,R,183.0,SWE,21.1,6-3 6-4,3,R32,85.0,5.0,0.0,53.0,39.0,32.0,9.0,10.0,0.0,0.0,2.0,2.0,56.0,34.0,25.0,11.0,9.0,2.0,4.0,261.0,215.0,461.0,91.0,2024
2024-0316,Bastad,Clay,32,A,2024-07-15,273,200303,8.0,,Pavel Kotov,R,191.0,RUS,25.6,106426,,,Cristian Garin,R,185.0,CHI,28.1,6-4 6-7(6) 6-1,3,R32,153.0,5.0,1.0,102.0,66.0,42.0,25.0,15.0,4.0,5.0,1.0,7.0,94.0,63.0,44.0,14.0,14.0,3.0,7.0,60.0,821.0,106.0,590.0,2024
2024-6116,Atlanta,Hard,32,A,2024-07-22,298,106415,,,Yoshihito Nishioka,L,170.0,JPN,28.8,126239,,,Arthur Rinderknech,R,196.0,FRA,28.9,6-3 4-6 6-4,3,SF,139.0,2.0,0.0,90.0,60.0,41.0,17.0,14.0,4.0,6.0,12.0,5.0,89.0,51.0,38.0,18.0,15.0,4.0,8.0,86.0,699.0,64.0,806.0,2024
2024-6116,Atlanta,Hard,32,A,2024-07-22,299,111442,4.0,,Jordan Thompson,R,183.0,AUS,30.2,209992,,Q,Juncheng Shang,L,180.0,CHN,19.4,6-3 4-6 6-3,3,SF,141.0,13.0,1.0,85.0,64.0,50.0,10.0,14.0,2.0,3.0,6.0,5.0,97.0,59.0,43.0,17.0,14.0,9.0,12.0,41.0,1191.0,89.0,678.0,2024
2024-6116,Atlanta,Hard,32,A,2024-07-22,297,209992,,Q,Juncheng Shang,L,180.0,CHN,19.4,126845,8.0,,Max Purcell,R,185.0,AUS,26.3,7-6(3) 6-4,3,QF,121.0,4.0,3.0,75.0,45.0,33.0,18.0,11.0,2.0,3.0,12.0,2.0,79.0,41.0,32.0,17.0,11.0,8.0,10.0,89.0,678.0,66.0,795.0,2024
2024-6116,Atlanta,Hard,32,A,2024-07-22,300,106415,,,Yoshihito Nishioka,L,170.0,JPN,28.8,111442,4.0,,Jordan Thompson,R,183.0,AUS,30.2,4-6 7-6(2) 6-2,3,F,160.0,1.0,1.0,110.0,74.0,54.0,21.0,15.0,10.0,11.0,16.0,0.0,86.0,61.0,47.0,12.0,15.0,4.0,6.0,86.0,699.0,41.0,1191.0,2024
2024-0319,Kitzbuhel,Clay,32,A,2024-07-22,276,205734,,,Thiago Seyboth Wild,R,185.0,BRA,24.3,212082,,WC,Joel Schwaerzler,L,188.0,AUT,18.4,6-2 7-6(6),3,R32,115.0,7.0,4.0,95.0,56.0,39.0,20.0,10.0,9.0,9.0,5.0,1.0,60.0,38.0,21.0,16.0,10.0,1.0,3.0,72.0,755.0,392.0,123.0,2024
2024-0439,Umag,Clay,32,A,2024-07-22,294,207518,2.0,,Lorenzo Musetti,R,185.0,ITA,22.3,105583,,,Dusan Lajovic,R,183.0,SRB,34.0,5-7 6-3 6-0,3,QF,136.0,1.0,0.0,90.0,66.0,43.0,14.0,13.0,2.0,4.0,1.0,0.0,89.0,75.0,42.0,6.0,14.0,11.0,17.0,17.0,2265.0,53.0,921.0,2024
2024-0439,Umag,Clay,32,A,2024-07-22,295,210150,,,Jakub Mensik,R,193.0,CZE,18.8,202358,,LL,Chun Hsin Tseng,R,175.0,TPE,22.9,6-0 6-4,3,QF,80.0,2.0,3.0,56.0,35.0,26.0,9.0,8.0,3.0,4.0,2.0,1.0,49.0,31.0,17.0,7.0,8.0,2.0,7.0,81.0,721.0,159.0,388.0,2024
2024-0439,Umag,Clay,32,A,2024-07-22,296,202103,4.0,,Francisco Cerundolo,R,185.0,ARG,25.9,132283,,,Lorenzo Sonego,R,191.0,ITA,29.1,6-4 2-6 7-6(2),3,QF,153.0,1.0,2.0,95.0,68.0,50.0,16.0,15.0,4.0,6.0,3.0,1.0,88.0,62.0,44.0,19.0,15.0,0.0,1.0,37.0,1290.0,54.0,921.0,2024
2024-0439,Umag,Clay,32,A,2024-07-22,297,126094,1.0,,Andrey Rublev,R,188.0,RUS,26.7,206681,,,Fabian Marozsan,R,193.0,HUN,24.7,5-7 6-3 6-2,3,QF,114.0,10.0,0.0,84.0,46.0,34.0,21.0,14.0,3.0,6.0,4.0,4.0,98.0,51.0,37.0,18.0,15.0,9.0,15.0,9.0,3830.0,49.0,995.0,2024
2024-0439,Umag,Clay,32,A,2024-07-22,298,207518,2.0,,Lorenzo Musetti,R,185.0,ITA,22.3,210150,,,Jakub Mensik,R,193.0,CZE,18.8,6-4 6-1,3,SF,76.0,1.0,0.0,42.0,25.0,19.0,10.0,8.0,0.0,1.0,1.0,2.0,45.0,20.0,11.0,9.0,9.0,0.0,5.0,17.0,2265.0,81.0,721.0,2024
2024-0439,Umag,Clay,32,A,2024-07-22,299,202103,4.0,,Francisco Cerundolo,R,185.0,ARG,25.9,126094,1.0,,Andrey Rublev,R,188.0,RUS,26.7,7-6(6) 6-4,3,SF,113.0,4.0,6.0,79.0,43.0,34.0,19.0,11.0,5.0,6.0,3.0,5.0,74.0,43.0,31.0,14.0,11.0,3.0,5.0,37.0,1290.0,9.0,3830.0,2024
2024-0439,Umag,Clay,32,A,2024-07-22,300,202103,4.0,,Francisco Cerundolo,R,185.0,ARG,25.9,207518,2.0,,Lorenzo Musetti,R,185.0,ITA,22.3,2-6 6-4 7-6(5),3,F,180.0,1.0,4.0,126.0,91.0,57.0,16.0,15.0,7.0,11.0,3.0,1.0,98.0,62.0,41.0,18.0,15.0,2.0,5.0,37.0,1290.0,17.0,2265.0,2024
2024-0319,Kitzbuhel,Clay,32,A,2024-07-22,271,126610,,,Matteo Berrettini,R,196.0,ITA,28.2,200303,,,Pavel Kotov,R,191.0,RUS,25.6,7-6(6) 7-6(5),3,R32,136.0,7.0,0.0,71.0,57.0,49.0,9.0,12.0,0.0,1.0,6.0,4.0,110.0,76.0,54.0,16.0,12.0,4.0,5.0,50.0,965.0,62.0,814.0,2024
2024-0319,Kitzbuhel,Clay,32,A,2024-07-22,272,134457,,WC,Nicolas Moreno De Alboran,R,185.0,USA,27.0,105911,,Q,Andrea Collarini,L,183.0,ARG,32.4,6-4 6-4,3,R32,87.0,3.0,1.0,51.0,25.0,20.0,18.0,10.0,1.0,2.0,0.0,2.0,65.0,42.0,26.0,11.0,10.0,2.0,5.0,143.0,430.0,264.0,213.0,2024
2024-0319,Kitzbuhel,Clay,32,A,2024-07-22,273,209903,,WC,Lukas Neumayer,R,183.0,AUT,21.8,124116,5.0,,Sebastian Ofner,R,191.0,AUT,28.1,6-4 4-6 7-6(3),3,R32,135.0,0.0,5.0,91.0,50.0,36.0,20.0,16.0,3.0,8.0,10.0,2.0,92.0,47.0,34.0,22.0,16.0,5.0,10.0,289.0,190.0,56.0,904.0,2024
2024-0319,Kitzbuhel,Clay,32,A,2024-07-22,275,105870,,,Yannick Hanfmann,R,193.0,GER,32.6,144719,,,Jaume Munar,R,183.0,ESP,27.2,6-3 6-4,3,R32,93.0,2.0,1.0,65.0,48.0,33.0,9.0,10.0,4.0,5.0,4.0,3.0,56.0,31.0,18.0,15.0,9.0,0.0,3.0,116.0,536.0,65.0,805.0,2024
2024-0319,Kitzbuhel,Clay,32,A,2024-07-22,277,111513,8.0,,Laslo Djere,R,188.0,SRB,29.1,200240,,Q,Vit Kopriva,R,178.0,CZE,27.1,7-6(6) 6-3,3,R32,100.0,6.0,2.0,71.0,45.0,35.0,12.0,11.0,3.0,5.0,2.0,3.0,62.0,40.0,31.0,7.0,10.0,1.0,4.0,57.0,896.0,113.0,553.0,2024
2024-0319,Kitzbuhel,Clay,32,A,2024-07-22,278,123755,,Q,Daniel Elahi Galan,R,191.0,COL,28.0,209098,,LL,Hamad Medjedovic,R,188.0,SRB,21.0,6-4 5-7 6-3,3,R32,173.0,10.0,2.0,133.0,85.0,56.0,26.0,16.0,9.0,11.0,3.0,2.0,95.0,57.0,40.0,21.0,15.0,5.0,8.0,137.0,459.0,144.0,429.0,2024
2024-0319,Kitzbuhel,Clay,32,A,2024-07-22,279,207680,,,Facundo Diaz Acosta,L,183.0,ARG,23.6,105948,,,Federico Coria,R,180.0,ARG,32.3,2-6 6-3 6-0,3,R32,104.0,1.0,3.0,66.0,41.0,28.0,15.0,12.0,1.0,4.0,1.0,1.0,57.0,36.0,20.0,10.0,11.0,4.0,9.0,77.0,737.0,73.0,747.0,2024
2024-0319,Kitzbuhel,Clay,32,A,2024-07-22,280,111576,,,Sumit Nagal,R,178.0,IND,26.9,127760,,Q,Lukas Klein,R,193.0,SVK,26.3,6-4 1-6 7-6(3),3,R32,138.0,1.0,6.0,97.0,65.0,41.0,15.0,14.0,4.0,8.0,9.0,5.0,98.0,67.0,46.0,14.0,15.0,11.0,14.0,80.0,729.0,119.0,520.0,2024
2024-0439,Umag,Clay,32,A,2024-07-22,293,126094,1.0,,Andrey Rublev,R,188.0,RUS,26.7,200116,,,Camilo Ugo Carabelli,R,185.0,ARG,25.0,6-4 7-5,3,R16,106.0,1.0,2.0,71.0,40.0,30.0,15.0,11.0,2.0,4.0,6.0,6.0,72.0,46.0,30.0,10.0,11.0,3.0,7.0,9.0,3830.0,96.0,645.0,2024
2024-0439,Umag,Clay,32,A,2024-07-22,292,206681,,,Fabian Marozsan,R,193.0,HUN,24.7,106329,,,Thiago Monteiro,L,183.0,BRA,30.1,6-2 7-6(7),3,R16,93.0,5.0,2.0,61.0,37.0,30.0,17.0,10.0,1.0,1.0,5.0,4.0,68.0,45.0,33.0,11.0,10.0,3.0,5.0,49.0,995.0,79.0,730.0,2024
2024-0439,Umag,Clay,32,A,2024-07-22,291,202103,4.0,,Francisco Cerundolo,R,185.0,ARG,25.9,212063,,WC,Matej Dodig,R,188.0,CRO,19.0,6-3 6-4,3,R16,89.0,1.0,4.0,49.0,31.0,28.0,12.0,10.0,0.0,0.0,2.0,4.0,70.0,46.0,32.0,8.0,9.0,8.0,10.0,37.0,1290.0,310.0,172.0,2024
2024-0439,Umag,Clay,32,A,2024-07-22,290,132283,,,Lorenzo Sonego,R,191.0,ITA,29.1,124186,,,Alexandre Muller,R,183.0,FRA,27.4,7-5 6-1,3,R16,94.0,4.0,1.0,53.0,31.0,26.0,15.0,9.0,4.0,4.0,0.0,4.0,60.0,33.0,23.0,10.0,10.0,6.0,10.0,54.0,921.0,102.0,606.0,2024
2024-0439,Umag,Clay,32,A,2024-07-22,271,105477,,Q,Marco Trungelliti,R,178.0,ARG,34.4,105819,,Q,Guido Andreozzi,R,183.0,ARG,32.9,4-6 6-3 6-2,3,R32,122.0,4.0,3.0,87.0,57.0,41.0,14.0,14.0,6.0,9.0,5.0,0.0,70.0,44.0,24.0,15.0,13.0,0.0,5.0,136.0,461.0,406.0,118.0,2024
2024-0439,Umag,Clay,32,A,2024-07-22,272,105583,,,Dusan Lajovic,R,183.0,SRB,34.0,209209,,Q,Filip Misolic,R,180.0,AUT,22.9,6-4 3-6 6-2,3,R32,137.0,0.0,2.0,86.0,59.0,43.0,14.0,13.0,5.0,7.0,0.0,3.0,95.0,56.0,39.0,16.0,14.0,11.0,15.0,53.0,921.0,228.0,258.0,2024
2024-0439,Umag,Clay,32,A,2024-07-22,273,207925,,,Flavio Cobolli,R,183.0,ITA,22.2,208363,6.0,,Mariano Navone,R,178.0,ARG,23.3,6-2 6-3,3,R32,85.0,1.0,2.0,60.0,27.0,20.0,21.0,9.0,2.0,2.0,1.0,1.0,52.0,38.0,21.0,7.0,8.0,3.0,6.0,48.0,1025.0,36.0,1292.0,2024
2024-0439,Umag,Clay,32,A,2024-07-22,275,104926,,,Fabio Fognini,R,178.0,ITA,37.1,209414,,,Luca Van Assche,R,178.0,FRA,20.1,6-4 6-3,3,R32,111.0,2.0,1.0,78.0,43.0,29.0,19.0,10.0,5.0,6.0,1.0,4.0,59.0,37.0,25.0,9.0,9.0,3.0,6.0,70.0,769.0,104.0,589.0,2024
2024-0439,Umag,Clay,32,A,2024-07-22,276,210150,,,Jakub Mensik,R,193.0,CZE,18.8,200615,,,Alexei Popyrin,R,196.0,AUS,24.9,6-3 6-2,3,R32,83.0,6.0,5.0,59.0,33.0,27.0,14.0,9.0,4.0,4.0,6.0,2.0,55.0,39.0,26.0,7.0,8.0,5.0,8.0,81.0,721.0,46.0,1071.0,2024
2024-0439,Umag,Clay,32,A,2024-07-22,277,209260,5.0,,Luciano Darderi,R,183.0,ITA,22.4,207213,,SE,Duje Ajdukovic,R,188.0,CRO,23.4,6-1 6-4,3,R32,69.0,4.0,1.0,50.0,34.0,23.0,13.0,9.0,2.0,3.0,2.0,1.0,49.0,26.0,16.0,7.0,8.0,0.0,4.0,33.0,1331.0,110.0,571.0,2024
2024-0439,Umag,Clay,32,A,2024-07-22,278,124186,,,Alexandre Muller,R,183.0,FRA,27.4,208286,8.0,,Matteo Arnaldi,R,185.0,ITA,23.4,7-6(8) 6-4,3,R32,139.0,0.0,1.0,71.0,41.0,29.0,13.0,11.0,1.0,4.0,10.0,6.0,96.0,45.0,29.0,22.0,11.0,9.0,13.0,102.0,606.0,40.0,1220.0,2024
2024-0319,Kitzbuhel,Clay,32,A,2024-07-22,283,200384,,,Hugo Gaston,L,173.0,FRA,23.8,127157,,,Daniel Altmaier,R,188.0,GER,25.8,6-4 6-7(5) 6-4,3,R32,154.0,2.0,2.0,97.0,42.0,29.0,37.0,16.0,0.0,2.0,9.0,5.0,104.0,61.0,42.0,23.0,16.0,2.0,6.0,91.0,665.0,71.0,756.0,2024
2024-0439,Umag,Clay,32,A,2024-07-22,279,132283,,,Lorenzo Sonego,R,191.0,ITA,29.1,209890,,WC,Mili Poljicak,R,185.0,CRO,20.0,6-2 6-7(1) 7-6(9),3,R32,196.0,5.0,2.0,104.0,73.0,55.0,19.0,16.0,2.0,3.0,5.0,3.0,122.0,59.0,43.0,34.0,16.0,4.0,7.0,54.0,921.0,481.0,87.0,2024
2024-0439,Umag,Clay,32,A,2024-07-22,282,106329,,,Thiago Monteiro,L,183.0,BRA,30.1,207830,7.0,,Tomas Machac,R,183.0,CZE,23.7,3-6 6-3 6-4,3,R32,136.0,6.0,3.0,92.0,57.0,40.0,18.0,14.0,9.0,12.0,7.0,2.0,79.0,49.0,34.0,16.0,14.0,4.0,8.0,79.0,730.0,39.0,1229.0,2024
2024-0439,Umag,Clay,32,A,2024-07-22,283,206681,,,Fabian Marozsan,R,193.0,HUN,24.7,207686,,,Alexander Shevchenko,R,185.0,KAZ,23.6,6-4 4-6 7-6(8),3,R32,137.0,0.0,3.0,102.0,55.0,39.0,22.0,16.0,7.0,12.0,3.0,5.0,107.0,66.0,43.0,20.0,16.0,8.0,13.0,49.0,995.0,58.0,885.0,2024
2024-0439,Umag,Clay,32,A,2024-07-22,284,200116,,,Camilo Ugo Carabelli,R,185.0,ARG,25.0,210053,,WC,Luka Mikrut,R,188.0,CRO,20.2,6-2 7-5,3,R32,100.0,1.0,1.0,67.0,41.0,32.0,12.0,10.0,5.0,6.0,0.0,2.0,59.0,21.0,13.0,20.0,10.0,1.0,5.0,96.0,645.0,350.0,143.0,2024
2024-0439,Umag,Clay,32,A,2024-07-22,286,207518,2.0,,Lorenzo Musetti,R,185.0,ITA,22.3,105477,,Q,Marco Trungelliti,R,178.0,ARG,34.4,6-4 6-3,3,R16,112.0,2.0,3.0,50.0,34.0,27.0,8.0,9.0,2.0,3.0,1.0,6.0,89.0,39.0,22.0,24.0,10.0,7.0,11.0,17.0,2265.0,136.0,461.0,2024
2024-0439,Umag,Clay,32,A,2024-07-22,287,105583,,,Dusan Lajovic,R,183.0,SRB,34.0,207925,,,Flavio Cobolli,R,183.0,ITA,22.2,7-6(5) 7-6(3),3,R16,131.0,1.0,0.0,91.0,62.0,41.0,13.0,12.0,5.0,9.0,1.0,2.0,82.0,49.0,34.0,12.0,12.0,3.0,7.0,53.0,921.0,48.0,1025.0,2024
2024-0439,Umag,Clay,32,A,2024-07-22,288,202358,,LL,Chun Hsin Tseng,R,175.0,TPE,22.9,104926,,,Fabio Fognini,R,178.0,ITA,37.1,6-1 6-0,3,R16,55.0,1.0,0.0,40.0,22.0,15.0,15.0,7.0,0.0,0.0,0.0,2.0,35.0,22.0,10.0,3.0,6.0,2.0,7.0,159.0,388.0,70.0,769.0,2024
2024-0439,Umag,Clay,32,A,2024-07-22,289,210150,,,Jakub Mensik,R,193.0,CZE,18.8,209260,5.0,,Luciano Darderi,R,183.0,ITA,22.4,6-4 6-3,3,R16,87.0,9.0,1.0,66.0,37.0,28.0,13.0,10.0,2.0,4.0,3.0,1.0,51.0,36.0,22.0,6.0,9.0,1.0,5.0,81.0,721.0,33.0,1331.0,2024
2024-0439,Umag,Clay,32,A,2024-07-22,280,212063,,WC,Matej Dodig,R,188.0,CRO,19.0,111505,,Q,Enzo Couacaud,R,183.0,FRA,29.3,3-6 6-3 6-2,3,R32,130.0,4.0,6.0,97.0,60.0,43.0,19.0,13.0,8.0,9.0,2.0,1.0,79.0,41.0,29.0,21.0,13.0,6.0,9.0,310.0,172.0,205.0,292.0,2024
2024-0319,Kitzbuhel,Clay,32,A,2024-07-22,284,202058,,SE,Thiago Agustin Tirante,R,185.0,ARG,23.2,106233,,,Dominic Thiem,R,185.0,AUT,30.8,6-2 6-4,3,R32,73.0,7.0,1.0,49.0,34.0,28.0,10.0,9.0,0.0,0.0,4.0,2.0,55.0,32.0,23.0,9.0,9.0,0.0,3.0,101.0,608.0,138.0,453.0,2024
2024-0319,Kitzbuhel,Clay,32,A,2024-07-22,282,106148,7.0,,Roberto Carballes Baena,R,183.0,ESP,31.3,105916,,,Marton Fucsovics,R,188.0,HUN,32.4,4-6 6-2 6-3,3,R32,142.0,4.0,3.0,83.0,56.0,42.0,13.0,14.0,3.0,5.0,4.0,4.0,87.0,53.0,35.0,15.0,13.0,5.0,9.0,51.0,940.0,83.0,705.0,2024
2024-0319,Kitzbuhel,Clay,32,A,2024-07-22,287,134457,,WC,Nicolas Moreno De Alboran,R,185.0,USA,27.0,209903,,WC,Lukas Neumayer,R,183.0,AUT,21.8,6-4 6-4,3,R16,84.0,1.0,2.0,49.0,30.0,26.0,14.0,10.0,0.0,0.0,1.0,2.0,59.0,41.0,27.0,10.0,10.0,2.0,4.0,143.0,430.0,289.0,190.0,2024
2024-0319,Kitzbuhel,Clay,32,A,2024-07-22,286,126610,,,Matteo Berrettini,R,196.0,ITA,28.2,126214,2.0,,Alejandro Tabilo,L,188.0,CHI,27.1,7-6(4) 7-6(5),3,R16,108.0,15.0,1.0,77.0,62.0,49.0,8.0,12.0,1.0,2.0,7.0,1.0,79.0,42.0,32.0,25.0,12.0,5.0,6.0,50.0,965.0,21.0,1918.0,2024
2024-6116,Atlanta,Hard,32,A,2024-07-22,279,124187,,SE,Reilly Opelka,R,211.0,USA,26.8,206499,,,Aleksandar Kovacevic,R,183.0,USA,25.8,6-3 7-6(5),3,R32,83.0,19.0,1.0,65.0,44.0,38.0,14.0,11.0,2.0,2.0,9.0,3.0,59.0,43.0,37.0,8.0,10.0,3.0,4.0,430.0,107.0,82.0,718.0,2024
2024-6116,Atlanta,Hard,32,A,2024-07-22,280,208004,,LL,Harold Mayot,R,180.0,FRA,22.4,106432,,,Borna Coric,R,188.0,CRO,27.6,7-6(9) 6-3,3,R32,123.0,8.0,3.0,70.0,51.0,41.0,13.0,10.0,6.0,6.0,15.0,2.0,84.0,54.0,41.0,13.0,11.0,5.0,7.0,122.0,499.0,84.0,704.0,2024
2024-6116,Atlanta,Hard,32,A,2024-07-22,282,126845,8.0,,Max Purcell,R,185.0,AUS,26.3,106331,,,Christopher Oconnell,R,183.0,AUS,30.1,4-6 7-5 6-2,3,R32,136.0,17.0,1.0,81.0,48.0,40.0,20.0,15.0,2.0,3.0,7.0,4.0,91.0,54.0,36.0,21.0,15.0,4.0,7.0,66.0,795.0,93.0,653.0,2024
2024-6116,Atlanta,Hard,32,A,2024-07-22,283,105676,,,David Goffin,R,180.0,BEL,33.6,133430,,WC,Denis Shapovalov,L,185.0,CAN,25.2,6-4 3-6 6-1,3,R32,124.0,0.0,2.0,94.0,64.0,44.0,14.0,13.0,7.0,9.0,7.0,4.0,87.0,48.0,33.0,18.0,13.0,7.0,11.0,98.0,630.0,140.0,450.0,2024
2024-6116,Atlanta,Hard,32,A,2024-07-22,284,209992,,Q,Juncheng Shang,L,180.0,CHN,19.4,211346,,WC,Andres Martin,R,183.0,USA,23.0,6-1 6-1,3,R32,55.0,3.0,1.0,43.0,28.0,24.0,7.0,7.0,2.0,2.0,4.0,1.0,35.0,20.0,10.0,2.0,7.0,4.0,9.0,89.0,678.0,483.0,86.0,2024
2024-6116,Atlanta,Hard,32,A,2024-07-22,286,208233,,Q,Mattia Bellucci,L,175.0,ITA,23.1,105173,2.0,,Adrian Mannarino,L,180.0,FRA,36.0,7-6(6) 4-6 6-3,3,R16,161.0,17.0,2.0,111.0,80.0,62.0,17.0,16.0,10.0,11.0,10.0,1.0,94.0,61.0,46.0,19.0,15.0,5.0,6.0,146.0,418.0,32.0,1340.0,2024
2024-6116,Atlanta,Hard,32,A,2024-07-22,287,126239,,,Arthur Rinderknech,R,196.0,FRA,28.9,200443,,LL,Adam Walton,R,183.0,AUS,25.2,7-6(4) 6-3,3,R16,92.0,17.0,0.0,57.0,43.0,40.0,8.0,11.0,0.0,0.0,8.0,0.0,56.0,38.0,33.0,8.0,10.0,3.0,4.0,64.0,806.0,95.0,648.0,2024
2024-6116,Atlanta,Hard,32,A,2024-07-22,288,126207,3.0,,Frances Tiafoe,R,188.0,USA,26.5,106234,,,Aslan Karatsev,R,185.0,RUS,30.8,6-4 3-6 6-3,3,R16,125.0,18.0,3.0,84.0,55.0,46.0,12.0,14.0,3.0,4.0,14.0,4.0,91.0,60.0,41.0,19.0,14.0,4.0,6.0,29.0,1365.0,107.0,580.0,2024
2024-6116,Atlanta,Hard,32,A,2024-07-22,289,106415,,,Yoshihito Nishioka,L,170.0,JPN,28.8,111456,,,Mackenzie Mcdonald,R,178.0,USA,29.2,6-3 6-4,3,R16,87.0,0.0,1.0,63.0,37.0,26.0,15.0,10.0,0.0,1.0,4.0,3.0,64.0,41.0,25.0,11.0,9.0,4.0,7.0,86.0,699.0,97.0,631.0,2024
2024-6116,Atlanta,Hard,32,A,2024-07-22,290,200221,5.0,,Alejandro Davidovich Fokina,R,183.0,ESP,25.1,124187,,SE,Reilly Opelka,R,211.0,USA,26.8,7-5 7-5,3,R16,106.0,3.0,1.0,75.0,55.0,41.0,14.0,12.0,4.0,4.0,16.0,3.0,70.0,43.0,35.0,13.0,12.0,8.0,10.0,43.0,1150.0,430.0,107.0,2024
2024-6116,Atlanta,Hard,32,A,2024-07-22,291,111442,4.0,,Jordan Thompson,R,183.0,AUS,30.2,208004,,LL,Harold Mayot,R,180.0,FRA,22.4,6-2 7-5,3,R16,85.0,9.0,1.0,50.0,37.0,31.0,10.0,10.0,0.0,0.0,1.0,3.0,60.0,39.0,24.0,11.0,10.0,0.0,3.0,41.0,1191.0,122.0,499.0,2024
2024-6116,Atlanta,Hard,32,A,2024-07-22,292,126845,8.0,,Max Purcell,R,185.0,AUS,26.3,105676,,,David Goffin,R,180.0,BEL,33.6,6-3 6-3,3,R16,61.0,8.0,0.0,47.0,29.0,24.0,12.0,9.0,0.0,0.0,4.0,1.0,47.0,36.0,24.0,4.0,9.0,0.0,3.0,66.0,795.0,98.0,630.0,2024
2024-6116,Atlanta,Hard,32,A,2024-07-22,293,209992,,Q,Juncheng Shang,L,180.0,CHN,19.4,210097,1.0,,Ben Shelton,L,193.0,USA,21.7,7-6(6) 6-4,3,R16,98.0,2.0,1.0,65.0,36.0,26.0,21.0,11.0,0.0,1.0,13.0,1.0,66.0,48.0,36.0,8.0,11.0,2.0,4.0,89.0,678.0,14.0,2750.0,2024
2024-6116,Atlanta,Hard,32,A,2024-07-22,294,126239,,,Arthur Rinderknech,R,196.0,FRA,28.9,208233,,Q,Mattia Bellucci,L,175.0,ITA,23.1,7-6(5) 3-6 6-1,3,QF,143.0,21.0,1.0,98.0,64.0,47.0,18.0,14.0,7.0,9.0,6.0,2.0,85.0,47.0,31.0,24.0,14.0,4.0,7.0,64.0,806.0,146.0,418.0,2024
2024-6116,Atlanta,Hard,32,A,2024-07-22,295,106415,,,Yoshihito Nishioka,L,170.0,JPN,28.8,126207,3.0,,Frances Tiafoe,R,188.0,USA,26.5,7-6(2) 6-2,3,QF,84.0,9.0,0.0,58.0,39.0,33.0,12.0,10.0,1.0,1.0,11.0,1.0,65.0,43.0,30.0,10.0,10.0,4.0,6.0,86.0,699.0,29.0,1365.0,2024
2024-6116,Atlanta,Hard,32,A,2024-07-22,296,111442,4.0,,Jordan Thompson,R,183.0,AUS,30.2,200221,5.0,,Alejandro Davidovich Fokina,R,183.0,ESP,25.1,7-6(5) 4-6 6-3,3,QF,183.0,21.0,0.0,96.0,61.0,44.0,22.0,16.0,1.0,3.0,4.0,5.0,113.0,76.0,49.0,22.0,15.0,12.0,14.0,41.0,1191.0,43.0,1150.0,2024
2024-6116,Atlanta,Hard,32,A,2024-07-22,277,111456,,,Mackenzie Mcdonald,R,178.0,USA,29.2,206909,7.0,,Brandon Nakashima,R,188.0,USA,22.9,6-2 6-4,3,R32,72.0,5.0,0.0,57.0,39.0,26.0,15.0,9.0,3.0,3.0,9.0,1.0,48.0,34.0,23.0,5.0,9.0,0.0,3.0,97.0,631.0,55.0,915.0,2024
2024-6116,Atlanta,Hard,32,A,2024-07-22,276,106415,,,Yoshihito Nishioka,L,170.0,JPN,28.8,208260,,Q,Zachary Svajda,R,175.0,USA,21.6,7-6(4) 6-3,3,R32,85.0,9.0,0.0,65.0,44.0,35.0,12.0,11.0,0.0,1.0,5.0,0.0,63.0,49.0,29.0,12.0,10.0,4.0,6.0,86.0,699.0,115.0,541.0,2024
2024-6116,Atlanta,Hard,32,A,2024-07-22,278,200221,5.0,,Alejandro Davidovich Fokina,R,183.0,ESP,25.1,209070,,,Arthur Cazaux,R,183.0,FRA,21.9,6-2 7-6(4),3,R32,111.0,11.0,0.0,70.0,47.0,39.0,12.0,10.0,5.0,5.0,8.0,1.0,73.0,37.0,28.0,18.0,10.0,1.0,3.0,43.0,1150.0,92.0,657.0,2024
2024-6116,Atlanta,Hard,32,A,2024-07-22,273,200443,,LL,Adam Walton,R,183.0,AUS,25.2,200175,6.0,,Miomir Kecmanovic,R,183.0,SRB,24.8,6-4 6-4,3,R32,78.0,6.0,4.0,59.0,39.0,33.0,11.0,10.0,3.0,3.0,4.0,0.0,51.0,33.0,25.0,8.0,10.0,1.0,3.0,95.0,648.0,52.0,935.0,2024
2024-0319,Kitzbuhel,Clay,32,A,2024-07-22,289,205734,,,Thiago Seyboth Wild,R,185.0,BRA,24.3,111513,8.0,,Laslo Djere,R,188.0,SRB,29.1,4-6 6-3 6-2,3,R16,128.0,2.0,2.0,79.0,57.0,42.0,14.0,14.0,0.0,1.0,2.0,0.0,75.0,42.0,26.0,22.0,13.0,3.0,6.0,72.0,755.0,57.0,896.0,2024
2024-0319,Kitzbuhel,Clay,32,A,2024-07-22,290,207680,,,Facundo Diaz Acosta,L,183.0,ARG,23.6,123755,,Q,Daniel Elahi Galan,R,191.0,COL,28.0,6-2 4-6 6-3,3,R16,140.0,3.0,3.0,91.0,65.0,43.0,12.0,14.0,6.0,9.0,2.0,1.0,87.0,57.0,35.0,11.0,13.0,4.0,9.0,77.0,737.0,137.0,459.0,2024
2024-0319,Kitzbuhel,Clay,32,A,2024-07-22,291,124079,4.0,,Pedro Martinez,R,185.0,ESP,27.2,111576,,,Sumit Nagal,R,178.0,IND,26.9,7-5 7-5,3,R16,156.0,1.0,6.0,105.0,74.0,50.0,12.0,12.0,15.0,17.0,1.0,0.0,86.0,63.0,38.0,11.0,12.0,14.0,18.0,45.0,1138.0,80.0,729.0,2024
2024-0319,Kitzbuhel,Clay,32,A,2024-07-22,292,200384,,,Hugo Gaston,L,173.0,FRA,23.8,106148,7.0,,Roberto Carballes Baena,R,183.0,ESP,31.3,6-2 7-6(5),3,R16,94.0,5.0,2.0,68.0,34.0,22.0,24.0,10.0,3.0,4.0,2.0,1.0,61.0,35.0,21.0,13.0,10.0,3.0,6.0,91.0,665.0,51.0,940.0,2024
2024-6116,Atlanta,Hard,32,A,2024-07-22,275,106234,,,Aslan Karatsev,R,185.0,RUS,30.8,126129,,Q,Billy Harris,R,193.0,GBR,29.4,6-2 6-2,3,R32,70.0,6.0,0.0,40.0,28.0,23.0,10.0,8.0,0.0,0.0,3.0,4.0,50.0,32.0,20.0,5.0,8.0,3.0,7.0,107.0,580.0,114.0,551.0,2024
2024-0319,Kitzbuhel,Clay,32,A,2024-07-22,293,202104,1.0,,Sebastian Baez,R,170.0,ARG,23.5,202058,,SE,Thiago Agustin Tirante,R,185.0,ARG,23.2,6-3 6-3,3,R16,82.0,4.0,1.0,70.0,49.0,30.0,16.0,9.0,9.0,9.0,2.0,2.0,49.0,27.0,18.0,12.0,9.0,1.0,4.0,18.0,2210.0,101.0,608.0,2024
2024-0319,Kitzbuhel,Clay,32,A,2024-07-22,288,105870,,,Yannick Hanfmann,R,193.0,GER,32.6,208361,,LL,Gustavo Heide,R,191.0,BRA,22.3,6-3 1-6 6-2,3,R16,112.0,7.0,1.0,66.0,41.0,28.0,13.0,12.0,0.0,3.0,6.0,1.0,87.0,56.0,30.0,20.0,12.0,6.0,10.0,116.0,536.0,155.0,397.0,2024
2024-0319,Kitzbuhel,Clay,32,A,2024-07-22,294,126610,,,Matteo Berrettini,R,196.0,ITA,28.2,134457,,WC,Nicolas Moreno De Alboran,R,185.0,USA,27.0,7-6(5) 6-3,3,QF,111.0,7.0,3.0,68.0,47.0,42.0,11.0,11.0,3.0,3.0,2.0,3.0,75.0,46.0,33.0,16.0,10.0,4.0,5.0,50.0,965.0,143.0,430.0,2024
2024-0319,Kitzbuhel,Clay,32,A,2024-07-22,296,207680,,,Facundo Diaz Acosta,L,183.0,ARG,23.6,124079,4.0,,Pedro Martinez,R,185.0,ESP,27.2,6-7(2) 6-3 6-4,3,QF,212.0,7.0,3.0,116.0,73.0,52.0,20.0,15.0,7.0,8.0,1.0,8.0,133.0,95.0,59.0,17.0,16.0,15.0,19.0,77.0,737.0,45.0,1138.0,2024
2024-0319,Kitzbuhel,Clay,32,A,2024-07-22,297,200384,,,Hugo Gaston,L,173.0,FRA,23.8,202104,1.0,,Sebastian Baez,R,170.0,ARG,23.5,7-5 5-7 7-6(6),3,QF,188.0,5.0,2.0,138.0,65.0,44.0,40.0,18.0,12.0,16.0,2.0,7.0,138.0,92.0,60.0,24.0,18.0,7.0,11.0,91.0,665.0,18.0,2210.0,2024
2024-0319,Kitzbuhel,Clay,32,A,2024-07-22,298,126610,,,Matteo Berrettini,R,196.0,ITA,28.2,105870,,,Yannick Hanfmann,R,193.0,GER,32.6,6-4 6-4,3,SF,90.0,11.0,2.0,54.0,36.0,32.0,9.0,10.0,1.0,1.0,2.0,1.0,61.0,45.0,31.0,9.0,10.0,6.0,8.0,50.0,965.0,116.0,536.0,2024
2024-0319,Kitzbuhel,Clay,32,A,2024-07-22,299,200384,,,Hugo Gaston,L,173.0,FRA,23.8,207680,,,Facundo Diaz Acosta,L,183.0,ARG,23.6,6-1 2-0 RET,3,SF,35.0,1.0,0.0,22.0,14.0,12.0,6.0,4.0,0.0,0.0,1.0,2.0,26.0,15.0,5.0,4.0,5.0,1.0,5.0,91.0,665.0,77.0,737.0,2024
2024-0319,Kitzbuhel,Clay,32,A,2024-07-22,300,126610,,,Matteo Berrettini,R,196.0,ITA,28.2,200384,,,Hugo Gaston,L,173.0,FRA,23.8,7-5 6-3,3,F,81.0,8.0,0.0,55.0,41.0,33.0,6.0,10.0,2.0,3.0,3.0,2.0,61.0,40.0,25.0,9.0,11.0,0.0,4.0,50.0,965.0,91.0,665.0,2024
2024-6116,Atlanta,Hard,32,A,2024-07-22,271,208233,,Q,Mattia Bellucci,L,175.0,ITA,23.1,126846,,,Aleksandar Vukic,R,188.0,AUS,28.2,1-6 6-4 3-1 RET,3,R32,108.0,8.0,1.0,54.0,41.0,27.0,7.0,10.0,1.0,4.0,10.0,1.0,79.0,55.0,36.0,12.0,11.0,5.0,8.0,146.0,418.0,60.0,834.0,2024
2024-6116,Atlanta,Hard,32,A,2024-07-22,272,126239,,,Arthur Rinderknech,R,196.0,FRA,28.9,200670,,LL,J J Wolf,R,183.0,USA,25.5,6-3 6-2,3,R32,72.0,11.0,0.0,41.0,33.0,29.0,3.0,8.0,0.0,0.0,3.0,2.0,50.0,28.0,19.0,7.0,9.0,0.0,4.0,64.0,806.0,120.0,519.0,2024
2024-0319,Kitzbuhel,Clay,32,A,2024-07-22,295,105870,,,Yannick Hanfmann,R,193.0,GER,32.6,205734,,,Thiago Seyboth Wild,R,185.0,BRA,24.3,7-6(2) 6-4,3,QF,108.0,2.0,0.0,78.0,56.0,39.0,13.0,11.0,6.0,7.0,4.0,2.0,75.0,50.0,35.0,11.0,11.0,4.0,6.0,116.0,536.0,72.0,755.0,2024
2024-0418,Washington,Hard,64,A,2024-07-29,292,126207,5.0,,Frances Tiafoe,R,188.0,USA,26.5,206499,,,Aleksandar Kovacevic,R,183.0,USA,25.9,7-6(3) 4-6 6-3,3,R16,149.0,16.0,2.0,94.0,54.0,45.0,22.0,16.0,4.0,6.0,14.0,6.0,105.0,58.0,41.0,24.0,15.0,9.0,11.0,29.0,1405.0,82.0,718.0,2024
2024-0418,Washington,Hard,64,A,2024-07-29,291,200624,4.0,,Sebastian Korda,R,196.0,USA,24.0,106423,,,Thanasi Kokkinakis,R,193.0,AUS,28.3,6-7(1) 7-5 3-2 RET,3,R16,136.0,12.0,1.0,92.0,51.0,37.0,26.0,14.0,2.0,3.0,20.0,5.0,89.0,55.0,38.0,22.0,15.0,0.0,3.0,22.0,1795.0,91.0,667.0,2024
2024-0418,Washington,Hard,64,A,2024-07-29,288,210506,15.0,,Alex Michelsen,R,193.0,USA,19.9,111805,,Q,Seong Chan Hong,R,175.0,KOR,27.0,6-3 6-3,3,R16,80.0,1.0,2.0,58.0,33.0,26.0,15.0,9.0,2.0,2.0,2.0,5.0,57.0,29.0,19.0,14.0,9.0,1.0,4.0,60.0,831.0,175.0,343.0,2024
2024-0418,Washington,Hard,64,A,2024-07-29,289,207925,10.0,,Flavio Cobolli,R,183.0,ITA,22.2,200221,8.0,,Alejandro Davidovich Fokina,R,183.0,ESP,25.1,1-6 7-6(0) 7-6(7),3,R16,194.0,7.0,8.0,123.0,55.0,41.0,30.0,15.0,8.0,13.0,12.0,6.0,116.0,71.0,49.0,20.0,16.0,9.0,12.0,48.0,1018.0,44.0,1155.0,2024
2024-0418,Washington,Hard,64,A,2024-07-29,293,126094,1.0,,Andrey Rublev,R,188.0,RUS,26.7,126239,16.0,,Arthur Rinderknech,R,196.0,FRA,29.0,7-6(4) 6-4,3,R16,88.0,19.0,1.0,65.0,43.0,39.0,14.0,11.0,2.0,2.0,18.0,3.0,74.0,45.0,33.0,17.0,11.0,6.0,7.0,8.0,3885.0,68.0,781.0,2024
2024-0418,Washington,Hard,64,A,2024-07-29,290,111442,7.0,,Jordan Thompson,R,183.0,AUS,30.2,208659,9.0,,Giovanni Mpetshi Perricard,R,203.0,FRA,21.0,7-5 6-4,3,R16,103.0,5.0,1.0,67.0,39.0,28.0,19.0,11.0,3.0,4.0,13.0,7.0,70.0,36.0,28.0,14.0,11.0,7.0,10.0,33.0,1331.0,49.0,1002.0,2024
2024-0418,Washington,Hard,64,A,2024-07-29,294,210097,2.0,,Ben Shelton,L,193.0,USA,21.8,133430,,WC,Denis Shapovalov,L,185.0,CAN,25.2,7-6(5) 6-6 DEF,3,QF,,3.0,1.0,90.0,66.0,47.0,14.0,12.0,5.0,6.0,4.0,7.0,82.0,59.0,45.0,10.0,12.0,5.0,6.0,14.0,2750.0,139.0,450.0,2024
2024-0418,Washington,Hard,64,A,2024-07-29,248,208233,,Q,Mattia Bellucci,L,175.0,ITA,23.1,111456,,,Mackenzie Mcdonald,R,178.0,USA,29.2,7-6(4) 7-6(3),3,R64,123.0,9.0,4.0,78.0,52.0,41.0,15.0,12.0,6.0,8.0,11.0,4.0,87.0,55.0,37.0,16.0,12.0,5.0,7.0,125.0,481.0,93.0,656.0,2024
2024-0418,Washington,Hard,64,A,2024-07-29,296,200624,4.0,,Sebastian Korda,R,196.0,USA,24.0,111442,7.0,,Jordan Thompson,R,183.0,AUS,30.2,6-4 6-2,3,QF,71.0,10.0,1.0,46.0,31.0,27.0,10.0,9.0,1.0,1.0,5.0,0.0,53.0,34.0,23.0,9.0,9.0,2.0,5.0,22.0,1795.0,33.0,1331.0,2024
2024-0418,Washington,Hard,64,A,2024-07-29,297,126207,5.0,,Frances Tiafoe,R,188.0,USA,26.5,126094,1.0,,Andrey Rublev,R,188.0,RUS,26.7,6-4 7-6(3),3,QF,98.0,9.0,5.0,64.0,38.0,33.0,14.0,11.0,0.0,1.0,8.0,4.0,81.0,41.0,32.0,18.0,11.0,3.0,5.0,29.0,1405.0,8.0,3885.0,2024
2024-0418,Washington,Hard,64,A,2024-07-29,298,207925,10.0,,Flavio Cobolli,R,183.0,ITA,22.2,210097,2.0,,Ben Shelton,L,193.0,USA,21.8,4-6 7-5 6-3,3,SF,124.0,6.0,7.0,89.0,52.0,42.0,18.0,16.0,3.0,5.0,12.0,3.0,85.0,56.0,45.0,13.0,15.0,2.0,5.0,48.0,1018.0,14.0,2750.0,2024
2024-0418,Washington,Hard,64,A,2024-07-29,299,200624,4.0,,Sebastian Korda,R,196.0,USA,24.0,126207,5.0,,Frances Tiafoe,R,188.0,USA,26.5,6-4 6-4,3,SF,85.0,12.0,0.0,54.0,34.0,27.0,16.0,10.0,1.0,1.0,8.0,0.0,75.0,45.0,29.0,17.0,10.0,3.0,5.0,22.0,1795.0,29.0,1405.0,2024
2024-0418,Washington,Hard,64,A,2024-07-29,300,200624,4.0,,Sebastian Korda,R,196.0,USA,24.0,207925,10.0,,Flavio Cobolli,R,183.0,ITA,22.2,4-6 6-2 6-0,3,F,94.0,7.0,0.0,63.0,41.0,34.0,14.0,12.0,2.0,3.0,6.0,4.0,76.0,42.0,28.0,13.0,12.0,7.0,12.0,22.0,1795.0,48.0,1018.0,2024
2024-0418,Washington,Hard,64,A,2024-07-29,287,133430,,WC,Denis Shapovalov,L,185.0,CAN,25.2,200175,12.0,,Miomir Kecmanovic,R,183.0,SRB,24.9,4-6 6-4 6-2,3,R16,103.0,8.0,7.0,77.0,48.0,39.0,15.0,14.0,2.0,4.0,1.0,0.0,78.0,50.0,32.0,17.0,14.0,3.0,7.0,139.0,450.0,51.0,935.0,2024
2024-0418,Washington,Hard,64,A,2024-07-29,295,207925,10.0,,Flavio Cobolli,R,183.0,ITA,22.2,210506,15.0,,Alex Michelsen,R,193.0,USA,19.9,7-5 3-6 7-6(2),3,QF,159.0,17.0,13.0,112.0,54.0,45.0,24.0,16.0,8.0,11.0,9.0,6.0,102.0,59.0,42.0,24.0,17.0,6.0,9.0,48.0,1018.0,60.0,831.0,2024
2024-0418,Washington,Hard,64,A,2024-07-29,286,210097,2.0,,Ben Shelton,L,193.0,USA,21.8,206909,13.0,,Brandon Nakashima,R,188.0,USA,22.9,7-6(5) 7-6(4),3,R16,105.0,14.0,4.0,90.0,62.0,50.0,14.0,12.0,4.0,5.0,5.0,0.0,70.0,44.0,35.0,19.0,12.0,0.0,1.0,14.0,2750.0,54.0,915.0,2024
2024-0418,Washington,Hard,64,A,2024-07-29,285,126094,1.0,,Andrey Rublev,R,188.0,RUS,26.7,209414,,,Luca Van Assche,R,178.0,FRA,20.2,4-6 6-3 6-4,3,R32,102.0,15.0,5.0,84.0,59.0,49.0,13.0,15.0,4.0,5.0,8.0,5.0,75.0,44.0,33.0,19.0,14.0,3.0,5.0,8.0,3885.0,118.0,499.0,2024
2024-0418,Washington,Hard,64,A,2024-07-29,284,126239,16.0,,Arthur Rinderknech,R,196.0,FRA,29.0,209992,,,Juncheng Shang,L,180.0,CHN,19.4,2-3 RET,3,R32,31.0,4.0,1.0,17.0,10.0,8.0,1.0,2.0,1.0,2.0,0.0,2.0,24.0,9.0,5.0,9.0,3.0,2.0,3.0,68.0,781.0,73.0,759.0,2024
2024-0096,Paris Olympics,Clay,64,O,2024-07-29,120,200005,10.0,,Ugo Humbert,L,188.0,FRA,26.0,206681,,,Fabian Marozsan,R,193.0,HUN,24.8,6-3 6-2,3,R64,,3.0,0.0,54.0,37.0,29.0,8.0,9.0,6.0,7.0,2.0,1.0,52.0,33.0,20.0,6.0,8.0,2.0,6.0,15.0,2405.0,47.0,1025.0,2024
2024-0096,Paris Olympics,Clay,64,O,2024-07-29,121,200000,13.0,,Felix Auger Aliassime,R,193.0,CAN,23.9,106218,,,Marcos Giron,R,180.0,USA,31.0,6-1 6-4,3,R64,,12.0,0.0,40.0,28.0,26.0,11.0,9.0,0.0,0.0,0.0,1.0,54.0,34.0,23.0,8.0,8.0,3.0,6.0,19.0,2115.0,38.0,1265.0,2024
2024-0096,Paris Olympics,Clay,64,O,2024-07-29,122,109739,,,Maximilian Marterer,L,188.0,GER,29.1,105583,,,Dusan Lajovic,R,183.0,SRB,34.0,6-3 6-7(6) 6-3,3,R64,,4.0,3.0,122.0,67.0,46.0,29.0,16.0,8.0,11.0,0.0,4.0,112.0,80.0,52.0,13.0,14.0,10.0,15.0,116.0,517.0,52.0,926.0,2024
2024-0096,Paris Olympics,Clay,64,O,2024-07-29,123,124116,,,Sebastian Ofner,R,191.0,AUT,28.2,104898,,ALT,Robin Haase,R,191.0,NED,37.3,7-5 6-2,3,R64,,6.0,1.0,62.0,27.0,22.0,19.0,10.0,6.0,7.0,5.0,5.0,68.0,43.0,26.0,11.0,10.0,6.0,10.0,55.0,904.0,1199.0,7.0,2024
2024-0096,Paris Olympics,Clay,64,O,2024-07-29,124,106421,4.0,,Daniil Medvedev,R,198.0,RUS,28.4,208014,,,Rinky Hijikata,R,178.0,AUS,23.4,6-2 6-1,3,R64,,3.0,0.0,39.0,25.0,18.0,9.0,7.0,0.0,1.0,0.0,0.0,46.0,28.0,9.0,8.0,8.0,4.0,10.0,5.0,6525.0,80.0,741.0,2024
2024-0096,Paris Olympics,Clay,64,O,2024-07-29,125,105526,,,Jan Lennard Struff,R,193.0,GER,34.2,144909,,ALT,Francisco Cabral,R,191.0,POR,27.5,6-2 6-2,3,R64,,5.0,4.0,52.0,37.0,28.0,9.0,8.0,1.0,1.0,4.0,4.0,68.0,39.0,24.0,9.0,8.0,6.0,10.0,35.0,1310.0,,,2024
2024-0096,Paris Olympics,Clay,64,O,2024-07-29,126,144895,,,Corentin Moutet,L,180.0,FRA,25.2,111576,,,Sumit Nagal,R,178.0,IND,26.9,6-2 2-6 7-5,3,R64,,3.0,5.0,91.0,58.0,41.0,15.0,14.0,9.0,12.0,1.0,0.0,89.0,69.0,42.0,11.0,14.0,5.0,9.0,69.0,778.0,75.0,747.0,2024
2024-0096,Paris Olympics,Clay,64,O,2024-07-29,127,210150,,,Jakub Mensik,R,193.0,CZE,18.9,207686,,,Alexander Shevchenko,R,185.0,KAZ,23.6,6-3 6-4,3,R64,,2.0,0.0,53.0,50.0,36.0,2.0,10.0,0.0,1.0,0.0,1.0,59.0,52.0,32.0,4.0,9.0,8.0,11.0,65.0,796.0,56.0,885.0,2024
2024-0096,Paris Olympics,Clay,64,O,2024-07-29,128,126205,9.0,,Tommy Paul,R,185.0,USA,27.2,209260,,,Luciano Darderi,R,183.0,ITA,22.4,6-3 6-4,3,R64,,4.0,1.0,61.0,36.0,26.0,15.0,10.0,1.0,2.0,2.0,0.0,65.0,43.0,26.0,12.0,9.0,9.0,12.0,13.0,3410.0,34.0,1331.0,2024
2024-0418,Washington,Hard,64,A,2024-07-29,252,106283,,Q,Mitchell Krueger,R,188.0,USA,30.5,208134,,,Luca Nardi,R,185.0,ITA,20.9,7-6(3) 4-1 RET,3,R64,87.0,4.0,3.0,46.0,28.0,23.0,9.0,8.0,0.0,1.0,0.0,3.0,75.0,49.0,26.0,12.0,9.0,8.0,11.0,192.0,308.0,78.0,744.0,2024
2024-0096,Paris Olympics,Clay,64,O,2024-07-29,130,144869,,,Tomas Martin Etcheverry,R,196.0,ARG,25.0,205734,,,Thiago Seyboth Wild,R,185.0,BRA,24.3,7-6(7) 6-2,3,R64,,2.0,0.0,61.0,40.0,31.0,13.0,10.0,1.0,2.0,3.0,3.0,67.0,37.0,25.0,15.0,10.0,3.0,6.0,36.0,1300.0,67.0,785.0,2024
2024-0096,Paris Olympics,Clay,64,O,2024-07-29,131,134868,,,Tallon Griekspoor,R,188.0,NED,28.0,202065,,ALT,Petros Tsitsipas,R,185.0,GRE,24.0,6-2 6-3,3,R64,,8.0,1.0,44.0,30.0,26.0,10.0,9.0,0.0,0.0,4.0,4.0,52.0,36.0,23.0,6.0,8.0,5.0,8.0,28.0,1510.0,,,2024
2024-0096,Paris Olympics,Clay,64,O,2024-07-29,132,207989,2.0,,Carlos Alcaraz,R,183.0,ESP,21.2,200273,,ALT,Hady Habib,R,188.0,LIB,25.9,6-3 6-1,3,R64,,5.0,2.0,47.0,32.0,26.0,10.0,8.0,4.0,4.0,3.0,3.0,63.0,42.0,21.0,10.0,8.0,9.0,13.0,3.0,8130.0,274.0,204.0,2024
2024-0096,Paris Olympics,Clay,64,O,2024-07-29,133,104925,1.0,,Novak Djokovic,R,188.0,SRB,37.1,104745,,PR,Rafael Nadal,L,185.0,ESP,38.1,6-1 6-4,3,R32,,5.0,1.0,48.0,29.0,24.0,10.0,9.0,1.0,3.0,1.0,2.0,58.0,42.0,20.0,5.0,8.0,7.0,12.0,2.0,8460.0,161.0,380.0,2024
2024-0096,Paris Olympics,Clay,64,O,2024-07-29,134,136440,,,Dominik Koepfer,L,180.0,GER,30.2,208286,,,Matteo Arnaldi,R,185.0,ITA,23.4,3-6 6-2 6-1,3,R32,,2.0,1.0,67.0,43.0,30.0,16.0,12.0,4.0,6.0,7.0,4.0,81.0,48.0,34.0,10.0,12.0,7.0,12.0,70.0,776.0,45.0,1155.0,2024
2024-0096,Paris Olympics,Clay,64,O,2024-07-29,135,202104,12.0,,Sebastian Baez,R,170.0,ARG,23.5,133975,,UP,Benjamin Hassan,R,183.0,LBN,29.4,6-2 3-6 7-6(3),3,R32,,4.0,5.0,99.0,76.0,57.0,12.0,14.0,2.0,3.0,3.0,3.0,106.0,71.0,47.0,19.0,15.0,7.0,9.0,18.0,2250.0,170.0,353.0,2024
2024-0096,Paris Olympics,Clay,64,O,2024-07-29,136,126774,8.0,,Stefanos Tsitsipas,R,193.0,GRE,25.9,105554,,,Daniel Evans,R,175.0,GBR,34.1,6-1 6-2,3,R32,,2.0,0.0,38.0,28.0,25.0,6.0,8.0,0.0,0.0,3.0,2.0,41.0,24.0,16.0,5.0,7.0,1.0,5.0,11.0,3705.0,58.0,844.0,2024
2024-0096,Paris Olympics,Clay,64,O,2024-07-29,137,100644,3.0,,Alexander Zverev,R,198.0,GER,27.2,207830,,,Tomas Machac,R,183.0,CZE,23.7,6-3 7-5,3,R32,,0.0,0.0,57.0,52.0,37.0,3.0,11.0,0.0,2.0,0.0,1.0,62.0,58.0,28.0,3.0,10.0,3.0,7.0,4.0,6845.0,39.0,1229.0,2024
2024-0096,Paris Olympics,Clay,64,O,2024-07-29,138,200615,,,Alexei Popyrin,R,196.0,AUS,24.9,104527,,ITF,Stan Wawrinka,R,183.0,SUI,39.3,6-4 7-5,3,R32,,9.0,3.0,63.0,45.0,36.0,11.0,11.0,0.0,0.0,8.0,0.0,60.0,39.0,31.0,11.0,11.0,0.0,2.0,63.0,821.0,149.0,423.0,2024
2024-0096,Paris Olympics,Clay,64,O,2024-07-29,119,202103,,,Francisco Cerundolo,R,185.0,ARG,25.9,144642,,ITF,Tomas Barrios Vera,R,191.0,CHI,26.6,6-2 6-1,3,R64,,1.0,1.0,42.0,33.0,21.0,6.0,7.0,2.0,4.0,0.0,1.0,63.0,44.0,19.0,7.0,8.0,9.0,16.0,26.0,1540.0,165.0,363.0,2024
2024-0096,Paris Olympics,Clay,64,O,2024-07-29,118,131934,,ALT,Andrea Vavassori,R,193.0,ITA,29.2,124079,,,Pedro Martinez,R,185.0,ESP,27.2,6-4 4-6 6-4,3,R64,,15.0,2.0,105.0,63.0,45.0,22.0,15.0,7.0,9.0,0.0,4.0,78.0,57.0,42.0,11.0,15.0,1.0,4.0,206.0,291.0,42.0,1178.0,2024
2024-0096,Paris Olympics,Clay,64,O,2024-07-29,117,134770,6.0,,Casper Ruud,R,183.0,NOR,25.6,106121,,,Taro Daniel,R,191.0,JPN,31.5,7-5 6-1,3,R64,,8.0,3.0,59.0,37.0,26.0,15.0,10.0,0.0,1.0,0.0,1.0,65.0,40.0,20.0,14.0,9.0,2.0,6.0,9.0,3880.0,90.0,669.0,2024
2024-0096,Paris Olympics,Clay,64,O,2024-07-29,116,126203,7.0,,Taylor Fritz,R,196.0,USA,26.7,122330,,,Alexander Bublik,R,196.0,KAZ,27.1,6-4 6-4,3,R64,,12.0,1.0,47.0,32.0,29.0,12.0,10.0,2.0,2.0,6.0,1.0,55.0,41.0,31.0,5.0,10.0,3.0,5.0,12.0,3500.0,25.0,1650.0,2024
2024-0418,Washington,Hard,64,A,2024-07-29,247,111805,,Q,Seong Chan Hong,R,175.0,KOR,27.0,200443,,,Adam Walton,R,183.0,AUS,25.2,7-6(6) 7-6(4),3,R64,123.0,6.0,1.0,89.0,55.0,40.0,22.0,12.0,8.0,9.0,11.0,6.0,78.0,44.0,40.0,17.0,12.0,3.0,4.0,175.0,343.0,89.0,671.0,2024
2024-0418,Washington,Hard,64,A,2024-07-29,244,133430,,WC,Denis Shapovalov,L,185.0,CAN,25.2,105138,,,Roberto Bautista Agut,R,183.0,ESP,36.2,6-1 6-4,3,R64,88.0,4.0,9.0,67.0,45.0,30.0,8.0,9.0,5.0,7.0,0.0,7.0,59.0,39.0,23.0,5.0,8.0,10.0,15.0,139.0,450.0,76.0,745.0,2024
2024-0418,Washington,Hard,64,A,2024-07-29,243,200670,,WC,J J Wolf,R,183.0,USA,25.6,208260,,LL,Zachary Svajda,R,175.0,USA,21.6,6-4 7-5,3,R64,99.0,10.0,4.0,75.0,40.0,28.0,20.0,11.0,5.0,7.0,5.0,1.0,64.0,40.0,27.0,11.0,11.0,4.0,8.0,143.0,436.0,109.0,547.0,2024
2024-0418,Washington,Hard,64,A,2024-07-29,240,106331,,,Christopher Oconnell,R,183.0,AUS,30.1,208004,,,Harold Mayot,R,180.0,FRA,22.4,6-4 7-6(3),3,R64,97.0,7.0,1.0,59.0,27.0,23.0,23.0,11.0,0.0,0.0,3.0,4.0,71.0,42.0,33.0,12.0,11.0,4.0,5.0,94.0,653.0,114.0,520.0,2024
2024-0418,Washington,Hard,64,A,2024-07-29,239,105430,,Q,Radu Albot,R,175.0,MDA,34.7,207680,,,Facundo Diaz Acosta,L,183.0,ARG,23.6,7-6(5) 6-3,3,R64,133.0,4.0,6.0,94.0,54.0,36.0,22.0,11.0,9.0,11.0,2.0,7.0,85.0,57.0,35.0,12.0,10.0,7.0,10.0,152.0,411.0,62.0,827.0,2024
2024-0096,Paris Olympics,Clay,64,O,2024-07-29,101,104925,1.0,,Novak Djokovic,R,188.0,SRB,37.1,105051,,ALT,Matthew Ebden,R,188.0,AUS,36.6,6-0 6-1,3,R64,,4.0,0.0,30.0,25.0,20.0,5.0,6.0,0.0,0.0,0.0,3.0,46.0,38.0,14.0,2.0,7.0,4.0,10.0,2.0,8460.0,,,2024
2024-0096,Paris Olympics,Clay,64,O,2024-07-29,102,104745,,PR,Rafael Nadal,L,185.0,ESP,38.1,105916,,,Marton Fucsovics,R,188.0,HUN,32.4,6-1 4-6 6-4,3,R64,,1.0,3.0,92.0,66.0,46.0,15.0,14.0,8.0,10.0,1.0,1.0,83.0,53.0,33.0,14.0,13.0,4.0,8.0,161.0,380.0,86.0,685.0,2024
2024-0096,Paris Olympics,Clay,64,O,2024-07-29,103,136440,,,Dominik Koepfer,L,180.0,GER,30.2,105683,,PR,Milos Raonic,R,196.0,CAN,33.5,6-7(2) 7-6(5) 7-6(1),3,R64,,12.0,6.0,107.0,67.0,59.0,24.0,18.0,0.0,0.0,29.0,10.0,126.0,83.0,69.0,19.0,18.0,3.0,3.0,70.0,776.0,177.0,340.0,2024
2024-0096,Paris Olympics,Clay,64,O,2024-07-29,104,208286,,,Matteo Arnaldi,R,185.0,ITA,23.4,209950,14.0,,Arthur Fils,R,185.0,FRA,20.1,6-4 7-6(7),3,R64,,6.0,1.0,67.0,37.0,32.0,18.0,11.0,1.0,1.0,3.0,0.0,75.0,55.0,40.0,10.0,11.0,5.0,6.0,45.0,1155.0,23.0,1770.0,2024
2024-0096,Paris Olympics,Clay,64,O,2024-07-29,139,207518,11.0,,Lorenzo Musetti,R,185.0,ITA,22.4,208363,,,Mariano Navone,R,178.0,ARG,23.4,7-6(2) 6-3,3,R32,,2.0,0.0,71.0,46.0,33.0,12.0,11.0,1.0,3.0,3.0,1.0,65.0,44.0,28.0,8.0,10.0,1.0,4.0,16.0,2340.0,37.0,1292.0,2024
2024-0096,Paris Olympics,Clay,64,O,2024-07-29,105,202104,12.0,,Sebastian Baez,R,170.0,ARG,23.5,106329,,ITF,Thiago Monteiro,L,183.0,BRA,30.1,6-4 6-3,3,R64,,8.0,0.0,60.0,44.0,38.0,7.0,10.0,7.0,7.0,4.0,2.0,52.0,38.0,25.0,9.0,9.0,2.0,4.0,18.0,2250.0,77.0,745.0,2024
2024-0096,Paris Olympics,Clay,64,O,2024-07-29,107,105554,,,Daniel Evans,R,175.0,GBR,34.1,121411,,ITF,Moez Echargui,R,178.0,TUN,31.5,6-2 4-6 6-2,3,R64,,8.0,3.0,90.0,57.0,43.0,14.0,13.0,11.0,13.0,3.0,3.0,81.0,44.0,31.0,15.0,13.0,5.0,10.0,58.0,844.0,382.0,127.0,2024
2024-0096,Paris Olympics,Clay,64,O,2024-07-29,108,126774,8.0,,Stefanos Tsitsipas,R,193.0,GRE,25.9,200267,,,Zizou Bergs,R,185.0,BEL,25.1,7-6(6) 1-6 6-1,3,R64,,5.0,3.0,102.0,68.0,41.0,19.0,13.0,7.0,10.0,7.0,2.0,88.0,57.0,38.0,16.0,13.0,4.0,7.0,11.0,3705.0,88.0,672.0,2024
2024-0096,Paris Olympics,Clay,64,O,2024-07-29,109,100644,3.0,,Alexander Zverev,R,198.0,GER,27.2,144719,,,Jaume Munar,R,183.0,ESP,27.2,6-2 6-2,3,R64,,8.0,0.0,46.0,31.0,25.0,10.0,8.0,1.0,1.0,3.0,3.0,66.0,45.0,24.0,9.0,8.0,5.0,9.0,4.0,6845.0,72.0,767.0,2024
2024-0096,Paris Olympics,Clay,64,O,2024-07-29,110,207830,,,Tomas Machac,R,183.0,CZE,23.7,111190,,ITF,Zhizhen Zhang,R,193.0,CHN,27.7,6-2 4-6 6-2,3,R64,,4.0,0.0,69.0,65.0,44.0,3.0,13.0,4.0,7.0,1.0,1.0,84.0,81.0,46.0,0.0,13.0,6.0,12.0,39.0,1229.0,41.0,1181.0,2024
2024-0096,Paris Olympics,Clay,64,O,2024-07-29,111,104527,,ITF,Stan Wawrinka,R,183.0,SUI,39.3,200303,,,Pavel Kotov,R,191.0,RUS,25.6,6-1 6-1,3,R64,,4.0,0.0,34.0,18.0,16.0,12.0,7.0,0.0,0.0,0.0,2.0,39.0,22.0,10.0,7.0,7.0,0.0,5.0,149.0,423.0,64.0,814.0,2024
2024-0096,Paris Olympics,Clay,64,O,2024-07-29,112,200615,,,Alexei Popyrin,R,196.0,AUS,24.9,111797,16.0,,Nicolas Jarry,R,201.0,CHI,28.7,6-3 7-6(5),3,R64,,6.0,3.0,55.0,35.0,31.0,9.0,10.0,2.0,4.0,3.0,1.0,71.0,41.0,24.0,16.0,11.0,6.0,10.0,63.0,821.0,24.0,1745.0,2024
2024-0096,Paris Olympics,Clay,64,O,2024-07-29,113,207518,11.0,,Lorenzo Musetti,R,185.0,ITA,22.4,104792,,,Gael Monfils,R,193.0,FRA,37.9,6-1 6-4,3,R64,,3.0,1.0,50.0,30.0,22.0,14.0,9.0,2.0,3.0,3.0,1.0,70.0,47.0,24.0,10.0,8.0,7.0,11.0,16.0,2340.0,31.0,1360.0,2024
2024-0096,Paris Olympics,Clay,64,O,2024-07-29,114,208363,,,Mariano Navone,R,178.0,ARG,23.4,132686,,,Nuno Borges,R,185.0,POR,27.4,6-2 6-2,3,R64,,0.0,1.0,49.0,44.0,32.0,2.0,8.0,0.0,0.0,0.0,0.0,46.0,41.0,20.0,3.0,8.0,4.0,8.0,37.0,1292.0,43.0,1176.0,2024
2024-0096,Paris Olympics,Clay,64,O,2024-07-29,115,207733,,,Jack Draper,L,193.0,GBR,22.6,105453,,PR,Kei Nishikori,R,178.0,JPN,34.5,6-1 6-4,3,R64,,3.0,1.0,59.0,53.0,39.0,3.0,9.0,4.0,4.0,0.0,0.0,48.0,43.0,25.0,2.0,8.0,2.0,5.0,27.0,1511.0,581.0,60.0,2024
2024-0096,Paris Olympics,Clay,64,O,2024-07-29,106,133975,,UP,Benjamin Hassan,R,183.0,LBN,29.4,111153,,,Christopher Eubanks,R,201.0,USA,28.2,6-4 6-2,3,R64,,2.0,0.0,49.0,40.0,31.0,5.0,9.0,4.0,5.0,4.0,1.0,52.0,46.0,27.0,2.0,9.0,2.0,6.0,170.0,353.0,110.0,540.0,2024
2024-0096,Paris Olympics,Clay,64,O,2024-07-29,140,126203,7.0,,Taylor Fritz,R,196.0,USA,26.7,207733,,,Jack Draper,L,193.0,GBR,22.6,6-7(3) 6-3 6-2,3,R32,,16.0,3.0,95.0,75.0,59.0,17.0,15.0,9.0,9.0,10.0,1.0,66.0,51.0,41.0,14.0,14.0,1.0,4.0,12.0,3500.0,27.0,1511.0,2024
2024-0096,Paris Olympics,Clay,64,O,2024-07-29,141,134770,6.0,,Casper Ruud,R,183.0,NOR,25.6,131934,,ALT,Andrea Vavassori,R,193.0,ITA,29.2,4-6 6-4 6-3,3,R32,,2.0,0.0,78.0,63.0,49.0,11.0,15.0,1.0,2.0,3.0,1.0,86.0,55.0,41.0,15.0,14.0,5.0,7.0,9.0,3880.0,206.0,291.0,2024
2024-0096,Paris Olympics,Clay,64,O,2024-07-29,142,202103,,,Francisco Cerundolo,R,185.0,ARG,25.9,200005,10.0,,Ugo Humbert,L,188.0,FRA,26.0,7-5 6-7(5) 7-5,3,R32,,6.0,3.0,103.0,73.0,56.0,19.0,18.0,2.0,3.0,8.0,3.0,110.0,65.0,50.0,21.0,18.0,1.0,4.0,26.0,1540.0,15.0,2405.0,2024
2024-0418,Washington,Hard,64,A,2024-07-29,259,106423,,,Thanasi Kokkinakis,R,193.0,AUS,28.3,126845,,,Max Purcell,R,185.0,AUS,26.3,6-7(4) 6-4 6-3,3,R64,133.0,15.0,1.0,73.0,43.0,40.0,24.0,15.0,0.0,0.0,11.0,5.0,104.0,56.0,47.0,21.0,16.0,7.0,10.0,91.0,667.0,59.0,835.0,2024
2024-0418,Washington,Hard,64,A,2024-07-29,260,106426,,,Cristian Garin,R,185.0,CHI,28.1,106234,,,Aslan Karatsev,R,185.0,RUS,30.8,6-4 6-2,3,R64,93.0,6.0,6.0,61.0,28.0,24.0,19.0,9.0,5.0,5.0,3.0,5.0,53.0,34.0,24.0,7.0,9.0,2.0,5.0,115.0,518.0,102.0,605.0,2024
2024-0418,Washington,Hard,64,A,2024-07-29,263,123755,,,Daniel Elahi Galan,R,191.0,COL,28.1,202195,,Q,Maxime Cressy,R,201.0,USA,27.2,6-4 6-3,3,R64,88.0,2.0,3.0,56.0,29.0,20.0,17.0,9.0,0.0,1.0,6.0,10.0,58.0,34.0,27.0,6.0,10.0,5.0,9.0,124.0,486.0,173.0,345.0,2024
2024-0418,Washington,Hard,64,A,2024-07-29,264,206499,,,Aleksandar Kovacevic,R,183.0,USA,25.9,106415,,,Yoshihito Nishioka,L,170.0,JPN,28.8,4-6 6-4 6-2,3,R64,143.0,19.0,6.0,104.0,60.0,48.0,20.0,14.0,6.0,8.0,5.0,2.0,100.0,70.0,43.0,17.0,14.0,7.0,11.0,82.0,718.0,50.0,939.0,2024
2024-0418,Washington,Hard,64,A,2024-07-29,267,209992,,,Juncheng Shang,L,180.0,CHN,19.4,111200,,Q,Elias Ymer,R,185.0,SWE,28.3,6-4 6-3,3,R64,89.0,8.0,1.0,46.0,22.0,19.0,18.0,9.0,0.0,0.0,7.0,6.0,82.0,45.0,31.0,16.0,10.0,10.0,13.0,73.0,759.0,216.0,280.0,2024
2024-0418,Washington,Hard,64,A,2024-07-29,268,209414,,,Luca Van Assche,R,178.0,FRA,20.2,209070,,,Arthur Cazaux,R,183.0,FRA,21.9,6-4 6-3,3,R64,90.0,1.0,5.0,49.0,25.0,19.0,11.0,9.0,2.0,5.0,3.0,3.0,63.0,28.0,19.0,10.0,10.0,5.0,11.0,118.0,499.0,95.0,651.0,2024
2024-0418,Washington,Hard,64,A,2024-07-29,270,210097,2.0,,Ben Shelton,L,193.0,USA,21.8,105430,,Q,Radu Albot,R,175.0,MDA,34.7,6-4 6-7(5) 6-3,3,R32,137.0,12.0,4.0,92.0,62.0,49.0,19.0,16.0,2.0,3.0,0.0,3.0,102.0,63.0,41.0,23.0,15.0,7.0,10.0,14.0,2750.0,152.0,411.0,2024
2024-0418,Washington,Hard,64,A,2024-07-29,271,206909,13.0,,Brandon Nakashima,R,188.0,USA,22.9,106331,,,Christopher Oconnell,R,183.0,AUS,30.1,6-2 6-2,3,R32,66.0,11.0,2.0,45.0,29.0,27.0,9.0,8.0,1.0,1.0,2.0,5.0,48.0,26.0,19.0,7.0,8.0,2.0,6.0,54.0,915.0,94.0,653.0,2024
2024-0418,Washington,Hard,64,A,2024-07-29,272,200175,12.0,,Miomir Kecmanovic,R,183.0,SRB,24.9,200670,,WC,J J Wolf,R,183.0,USA,25.6,6-2 6-3,3,R32,85.0,3.0,1.0,63.0,33.0,25.0,19.0,9.0,5.0,5.0,3.0,0.0,70.0,42.0,24.0,14.0,8.0,9.0,12.0,51.0,935.0,143.0,436.0,2024
2024-0418,Washington,Hard,64,A,2024-07-29,256,200325,,,Emil Ruusuvuori,R,188.0,FIN,25.3,106432,,,Borna Coric,R,188.0,CRO,27.7,6-7(4) 7-6(8) 6-4,3,R64,178.0,11.0,1.0,118.0,67.0,51.0,34.0,17.0,5.0,5.0,21.0,6.0,114.0,62.0,48.0,34.0,17.0,2.0,3.0,71.0,773.0,83.0,704.0,2024
2024-0418,Washington,Hard,64,A,2024-07-29,273,133430,,WC,Denis Shapovalov,L,185.0,CAN,25.2,105173,6.0,,Adrian Mannarino,L,180.0,FRA,36.0,6-2 6-1,3,R32,58.0,7.0,2.0,48.0,35.0,30.0,6.0,8.0,0.0,0.0,0.0,3.0,40.0,20.0,11.0,7.0,7.0,3.0,7.0,139.0,450.0,32.0,1340.0,2024
2024-0418,Washington,Hard,64,A,2024-07-29,275,210506,15.0,,Alex Michelsen,R,193.0,USA,19.9,208233,,Q,Mattia Bellucci,L,175.0,ITA,23.1,6-3 7-6(1),3,R32,97.0,6.0,2.0,72.0,52.0,36.0,15.0,11.0,5.0,6.0,16.0,2.0,68.0,44.0,30.0,11.0,10.0,4.0,6.0,60.0,831.0,125.0,481.0,2024
2024-0418,Washington,Hard,64,A,2024-07-29,276,207925,10.0,,Flavio Cobolli,R,183.0,ITA,22.2,105676,,,David Goffin,R,180.0,BEL,33.6,7-6(4) 6-3,3,R32,99.0,11.0,6.0,66.0,32.0,28.0,18.0,10.0,2.0,3.0,7.0,9.0,80.0,41.0,30.0,18.0,11.0,5.0,8.0,48.0,1018.0,100.0,619.0,2024
2024-0418,Washington,Hard,64,A,2024-07-29,277,200221,8.0,,Alejandro Davidovich Fokina,R,183.0,ESP,25.1,106283,,Q,Mitchell Krueger,R,188.0,USA,30.5,3-6 7-6(3) 6-4,3,R32,151.0,15.0,8.0,86.0,48.0,36.0,22.0,16.0,3.0,7.0,16.0,6.0,105.0,65.0,47.0,17.0,15.0,9.0,12.0,44.0,1155.0,192.0,308.0,2024
2024-0418,Washington,Hard,64,A,2024-07-29,278,111442,7.0,,Jordan Thompson,R,183.0,AUS,30.2,124187,,WC,Reilly Opelka,R,211.0,USA,26.9,6-4 6-3,3,R32,80.0,1.0,1.0,51.0,33.0,24.0,11.0,9.0,4.0,5.0,9.0,4.0,61.0,41.0,28.0,5.0,10.0,3.0,7.0,33.0,1331.0,371.0,132.0,2024
2024-0418,Washington,Hard,64,A,2024-07-29,279,208659,9.0,,Giovanni Mpetshi Perricard,R,203.0,FRA,21.0,200325,,,Emil Ruusuvuori,R,188.0,FIN,25.3,7-6(6) 7-6(6),3,R32,110.0,25.0,8.0,84.0,52.0,42.0,19.0,12.0,2.0,3.0,6.0,4.0,85.0,51.0,39.0,21.0,12.0,1.0,2.0,49.0,1002.0,71.0,773.0,2024
2024-0418,Washington,Hard,64,A,2024-07-29,280,106423,,,Thanasi Kokkinakis,R,193.0,AUS,28.3,126846,14.0,,Aleksandar Vukic,R,188.0,AUS,28.3,6-4 7-6(4),3,R32,109.0,12.0,5.0,78.0,43.0,36.0,18.0,11.0,4.0,4.0,9.0,1.0,62.0,32.0,29.0,17.0,11.0,0.0,1.0,91.0,667.0,85.0,694.0,2024
2024-0418,Washington,Hard,64,A,2024-07-29,281,200624,4.0,,Sebastian Korda,R,196.0,USA,24.0,106426,,,Cristian Garin,R,185.0,CHI,28.1,6-3 6-2,3,R32,71.0,7.0,1.0,58.0,29.0,24.0,18.0,9.0,3.0,3.0,2.0,2.0,48.0,32.0,22.0,5.0,8.0,3.0,6.0,22.0,1795.0,115.0,518.0,2024
2024-0418,Washington,Hard,64,A,2024-07-29,282,126207,5.0,,Frances Tiafoe,R,188.0,USA,26.5,123755,,,Daniel Elahi Galan,R,191.0,COL,28.1,6-7(8) 6-3 6-3,3,R32,142.0,14.0,2.0,100.0,55.0,45.0,23.0,15.0,5.0,7.0,22.0,2.0,98.0,68.0,46.0,16.0,15.0,5.0,10.0,29.0,1405.0,124.0,486.0,2024
2024-0418,Washington,Hard,64,A,2024-07-29,283,206499,,,Aleksandar Kovacevic,R,183.0,USA,25.9,106148,11.0,,Roberto Carballes Baena,R,183.0,ESP,31.3,7-6(4) 7-6(3),3,R32,125.0,11.0,4.0,86.0,46.0,37.0,23.0,12.0,6.0,7.0,9.0,1.0,78.0,45.0,34.0,20.0,12.0,0.0,1.0,82.0,718.0,53.0,920.0,2024
2024-0418,Washington,Hard,64,A,2024-07-29,274,111805,,Q,Seong Chan Hong,R,175.0,KOR,27.0,111575,3.0,,Karen Khachanov,R,198.0,RUS,28.1,6-2 6-4,3,R32,70.0,6.0,1.0,49.0,32.0,25.0,13.0,9.0,1.0,1.0,8.0,2.0,51.0,36.0,25.0,5.0,9.0,1.0,4.0,175.0,343.0,21.0,1830.0,2024
2024-0418,Washington,Hard,64,A,2024-07-29,251,105676,,,David Goffin,R,180.0,BEL,33.6,200116,,,Camilo Ugo Carabelli,R,185.0,ARG,25.1,6-2 7-5,3,R64,88.0,5.0,2.0,61.0,38.0,22.0,12.0,10.0,2.0,6.0,3.0,2.0,69.0,40.0,22.0,8.0,10.0,9.0,16.0,100.0,619.0,92.0,663.0,2024
2024-0418,Washington,Hard,64,A,2024-07-29,255,124187,,WC,Reilly Opelka,R,211.0,USA,26.9,105902,,,James Duckworth,R,183.0,AUS,32.5,6-7(12) 7-5 6-4,3,R64,141.0,27.0,0.0,99.0,59.0,49.0,28.0,17.0,0.0,0.0,7.0,4.0,102.0,58.0,48.0,27.0,17.0,2.0,4.0,371.0,132.0,81.0,734.0,2024
2024-0096,Paris Olympics,Clay,64,O,2024-07-29,167,104925,1.0,,Novak Djokovic,R,188.0,SRB,37.1,207989,2.0,,Carlos Alcaraz,R,183.0,ESP,21.2,7-6(3) 7-6(2),3,F,,1.0,2.0,93.0,69.0,54.0,12.0,12.0,8.0,8.0,1.0,1.0,98.0,65.0,47.0,16.0,12.0,6.0,6.0,2.0,8460.0,3.0,8130.0,2024
2024-0096,Paris Olympics,Clay,64,O,2024-07-29,143,200000,13.0,,Felix Auger Aliassime,R,193.0,CAN,23.9,109739,,,Maximilian Marterer,L,188.0,GER,29.1,6-0 6-1,3,R32,,7.0,0.0,37.0,28.0,21.0,6.0,6.0,0.0,0.0,1.0,0.0,50.0,40.0,19.0,1.0,7.0,6.0,12.0,19.0,2115.0,116.0,517.0,2024
2024-0096,Paris Olympics,Clay,64,O,2024-07-29,144,106421,4.0,,Daniil Medvedev,R,198.0,RUS,28.4,124116,,,Sebastian Ofner,R,191.0,AUT,28.2,6-2 6-2,3,R32,,0.0,0.0,46.0,44.0,32.0,2.0,8.0,2.0,2.0,0.0,0.0,58.0,57.0,28.0,1.0,8.0,3.0,7.0,5.0,6525.0,55.0,904.0,2024
2024-0096,Paris Olympics,Clay,64,O,2024-07-29,145,105526,,,Jan Lennard Struff,R,193.0,GER,34.2,144895,,,Corentin Moutet,L,180.0,FRA,25.2,W/O,3,R32,,,,,,,,,,,,,,,,,,,,35.0,1310.0,69.0,778.0,2024
2024-0096,Paris Olympics,Clay,64,O,2024-07-29,146,126205,9.0,,Tommy Paul,R,185.0,USA,27.2,210150,,,Jakub Mensik,R,193.0,CZE,18.9,6-3 6-1,3,R32,,5.0,1.0,44.0,41.0,32.0,2.0,8.0,1.0,1.0,3.0,4.0,60.0,54.0,30.0,1.0,8.0,8.0,12.0,13.0,3410.0,65.0,796.0,2024
2024-0096,Paris Olympics,Clay,64,O,2024-07-29,147,126128,,,Roman Safiullin,R,185.0,RUS,26.9,144869,,,Tomas Martin Etcheverry,R,196.0,ARG,25.0,6-0 7-6(1),3,R32,,4.0,2.0,67.0,40.0,26.0,18.0,9.0,5.0,7.0,1.0,2.0,60.0,42.0,21.0,7.0,9.0,3.0,8.0,66.0,785.0,36.0,1300.0,2024
2024-0096,Paris Olympics,Clay,64,O,2024-07-29,148,207989,2.0,,Carlos Alcaraz,R,183.0,ESP,21.2,134868,,,Tallon Griekspoor,R,188.0,NED,28.0,6-1 7-6(3),3,R32,,2.0,0.0,32.0,26.0,18.0,5.0,5.0,1.0,1.0,1.0,3.0,30.0,19.0,15.0,2.0,5.0,1.0,3.0,3.0,8130.0,28.0,1510.0,2024
2024-0096,Paris Olympics,Clay,64,O,2024-07-29,149,104925,1.0,,Novak Djokovic,R,188.0,SRB,37.1,136440,,,Dominik Koepfer,L,180.0,GER,30.2,7-5 6-3,3,R16,,5.0,0.0,56.0,36.0,31.0,20.0,11.0,1.0,2.0,7.0,2.0,59.0,39.0,27.0,18.0,10.0,1.0,4.0,2.0,8460.0,70.0,776.0,2024
2024-0096,Paris Olympics,Clay,64,O,2024-07-29,150,126774,8.0,,Stefanos Tsitsipas,R,193.0,GRE,25.9,202104,12.0,,Sebastian Baez,R,170.0,ARG,23.5,7-5 6-1,3,R16,,5.0,5.0,59.0,36.0,32.0,18.0,10.0,3.0,5.0,2.0,0.0,56.0,46.0,24.0,10.0,9.0,2.0,7.0,11.0,3705.0,18.0,2250.0,2024
2024-0096,Paris Olympics,Clay,64,O,2024-07-29,151,100644,3.0,,Alexander Zverev,R,198.0,GER,27.2,200615,,,Alexei Popyrin,R,196.0,AUS,24.9,7-5 6-3,3,R16,,,,,,,,,,,,,,,,,,,,4.0,6845.0,63.0,821.0,2024
2024-0096,Paris Olympics,Clay,64,O,2024-07-29,168,207518,11.0,,Lorenzo Musetti,R,185.0,ITA,22.4,200000,13.0,,Felix Auger Aliassime,R,193.0,CAN,23.9,6-4 1-6 6-3,3,BR,,2.0,2.0,81.0,54.0,39.0,11.0,13.0,1.0,4.0,9.0,2.0,81.0,55.0,42.0,8.0,13.0,9.0,12.0,16.0,2340.0,19.0,2115.0,2024
2024-0096,Paris Olympics,Clay,64,O,2024-07-29,152,207518,11.0,,Lorenzo Musetti,R,185.0,ITA,22.4,126203,7.0,,Taylor Fritz,R,196.0,USA,26.7,6-4 7-5,3,R16,,4.0,0.0,58.0,52.0,37.0,4.0,11.0,1.0,2.0,1.0,0.0,58.0,53.0,35.0,3.0,11.0,1.0,4.0,16.0,2340.0,12.0,3500.0,2024
2024-0096,Paris Olympics,Clay,64,O,2024-07-29,154,200000,13.0,,Felix Auger Aliassime,R,193.0,CAN,23.9,106421,4.0,,Daniil Medvedev,R,198.0,RUS,28.4,6-3 7-6(5),3,R16,,9.0,2.0,62.0,43.0,38.0,10.0,5.0,0.0,0.0,5.0,3.0,70.0,49.0,36.0,9.0,4.0,3.0,4.0,19.0,2115.0,5.0,6525.0,2024
2024-0096,Paris Olympics,Clay,64,O,2024-07-29,155,126205,9.0,,Tommy Paul,R,185.0,USA,27.2,144895,,,Corentin Moutet,L,180.0,FRA,25.2,7-6(5) 6-3,3,R16,,3.0,1.0,79.0,74.0,49.0,2.0,11.0,3.0,5.0,0.0,1.0,76.0,64.0,39.0,4.0,10.0,9.0,12.0,13.0,3410.0,69.0,778.0,2024
2024-0096,Paris Olympics,Clay,64,O,2024-07-29,156,207989,2.0,,Carlos Alcaraz,R,183.0,ESP,21.2,126128,,,Roman Safiullin,R,185.0,RUS,26.9,6-4 6-2,3,R16,,5.0,0.0,47.0,30.0,24.0,8.0,9.0,0.0,1.0,0.0,4.0,58.0,41.0,22.0,7.0,9.0,4.0,8.0,3.0,8130.0,66.0,785.0,2024
2024-0096,Paris Olympics,Clay,64,O,2024-07-29,161,104925,1.0,,Novak Djokovic,R,188.0,SRB,37.1,126774,8.0,,Stefanos Tsitsipas,R,193.0,GRE,25.9,6-3 7-6(3),3,QF,,6.0,1.0,80.0,57.0,37.0,13.0,11.0,4.0,6.0,3.0,3.0,71.0,47.0,29.0,10.0,10.0,3.0,6.0,2.0,8460.0,11.0,3705.0,2024
2024-0096,Paris Olympics,Clay,64,O,2024-07-29,162,207518,11.0,,Lorenzo Musetti,R,185.0,ITA,22.4,100644,3.0,,Alexander Zverev,R,198.0,GER,27.2,7-5 7-5,3,QF,,,,,,,,,,,,,,,,,,,,16.0,2340.0,4.0,6845.0,2024
2024-0096,Paris Olympics,Clay,64,O,2024-07-29,163,200000,13.0,,Felix Auger Aliassime,R,193.0,CAN,23.9,134770,6.0,,Casper Ruud,R,183.0,NOR,25.6,6-4 6-7(8) 6-3,3,QF,,14.0,4.0,89.0,57.0,47.0,19.0,16.0,0.0,1.0,8.0,2.0,110.0,72.0,48.0,23.0,15.0,13.0,16.0,19.0,2115.0,9.0,3880.0,2024
2024-0096,Paris Olympics,Clay,64,O,2024-07-29,164,207989,2.0,,Carlos Alcaraz,R,183.0,ESP,21.2,126205,9.0,,Tommy Paul,R,185.0,USA,27.2,6-3 7-6(7),3,QF,,6.0,2.0,79.0,59.0,42.0,11.0,11.0,4.0,5.0,2.0,0.0,68.0,46.0,33.0,12.0,10.0,3.0,5.0,3.0,8130.0,13.0,3410.0,2024
2024-0096,Paris Olympics,Clay,64,O,2024-07-29,165,104925,1.0,,Novak Djokovic,R,188.0,SRB,37.1,207518,11.0,,Lorenzo Musetti,R,185.0,ITA,22.4,6-4 6-2,3,SF,,3.0,0.0,55.0,37.0,23.0,12.0,9.0,2.0,4.0,0.0,2.0,65.0,38.0,22.0,10.0,9.0,8.0,13.0,2.0,8460.0,16.0,2340.0,2024
2024-0096,Paris Olympics,Clay,64,O,2024-07-29,166,207989,2.0,,Carlos Alcaraz,R,183.0,ESP,21.2,200000,13.0,,Felix Auger Aliassime,R,193.0,CAN,23.9,6-1 6-1,3,SF,,2.0,2.0,38.0,22.0,17.0,11.0,7.0,0.0,0.0,1.0,4.0,55.0,35.0,21.0,4.0,7.0,4.0,9.0,3.0,8130.0,19.0,2115.0,2024
2024-0096,Paris Olympics,Clay,64,O,2024-07-29,153,134770,6.0,,Casper Ruud,R,183.0,NOR,25.6,202103,,,Francisco Cerundolo,R,185.0,ARG,25.9,6-3 6-4,3,R16,,3.0,4.0,62.0,43.0,34.0,12.0,,3.0,3.0,4.0,1.0,52.0,38.0,25.0,8.0,,2.0,4.0,9.0,3880.0,26.0,1540.0,2024
2024-0096,Paris Olympics,Clay,64,O,2024-07-29,129,126128,,,Roman Safiullin,R,185.0,RUS,26.9,126214,15.0,,Alejandro Tabilo,L,188.0,CHI,27.1,6-4 6-4,3,R64,,10.0,0.0,61.0,41.0,32.0,13.0,10.0,2.0,2.0,8.0,0.0,76.0,56.0,36.0,9.0,10.0,8.0,10.0,66.0,785.0,20.0,1918.0,2024
2024-0421,Canada Masters,Hard,64,M,2024-08-05,251,200615,,,Alexei Popyrin,R,196.0,AUS,25.0,207830,,,Tomas Machac,R,183.0,CZE,23.8,6-3 6-4,3,R64,78.0,6.0,5.0,48.0,24.0,23.0,14.0,10.0,1.0,2.0,5.0,6.0,63.0,39.0,28.0,7.0,9.0,2.0,5.0,62.0,821.0,39.0,1229.0,2024
2024-0421,Canada Masters,Hard,64,M,2024-08-05,248,126239,,Q,Arthur Rinderknech,R,196.0,FRA,29.0,105173,,,Adrian Mannarino,L,180.0,FRA,36.1,6-4 2-6 6-4,3,R64,126.0,12.0,4.0,79.0,39.0,29.0,24.0,14.0,2.0,5.0,3.0,3.0,79.0,44.0,31.0,23.0,14.0,3.0,6.0,65.0,786.0,31.0,1340.0,2024
2024-0421,Canada Masters,Hard,64,M,2024-08-05,272,200624,,,Sebastian Korda,R,196.0,USA,24.0,126203,9.0,,Taylor Fritz,R,196.0,USA,26.7,6-4 7-6(4),3,R32,97.0,7.0,2.0,73.0,39.0,28.0,25.0,11.0,4.0,4.0,7.0,4.0,81.0,42.0,32.0,22.0,11.0,6.0,7.0,18.0,2270.0,13.0,3330.0,2024
2024-0421,Canada Masters,Hard,64,M,2024-08-05,271,208029,13.0,,Holger Rune,R,188.0,DEN,21.2,105807,,PR,Pablo Carreno Busta,R,188.0,ESP,33.0,6-1 6-3,3,R32,66.0,4.0,0.0,43.0,25.0,19.0,14.0,8.0,0.0,0.0,2.0,3.0,58.0,33.0,21.0,10.0,8.0,6.0,10.0,17.0,2300.0,799.0,27.0,2024
2024-0421,Canada Masters,Hard,64,M,2024-08-05,270,100644,2.0,,Alexander Zverev,R,198.0,GER,27.2,111442,,,Jordan Thompson,R,183.0,AUS,30.2,6-1 6-1,3,R32,63.0,6.0,2.0,36.0,17.0,16.0,12.0,7.0,0.0,0.0,0.0,2.0,41.0,20.0,10.0,7.0,7.0,2.0,7.0,4.0,6845.0,30.0,1341.0,2024
2024-0421,Canada Masters,Hard,64,M,2024-08-05,268,106432,,Q,Borna Coric,R,188.0,CRO,27.7,124079,,,Pedro Martinez,R,185.0,ESP,27.2,6-4 6-4,3,R64,93.0,12.0,3.0,62.0,41.0,31.0,9.0,10.0,2.0,4.0,2.0,3.0,60.0,43.0,27.0,6.0,10.0,0.0,4.0,94.0,622.0,45.0,1168.0,2024
2024-0421,Canada Masters,Hard,64,M,2024-08-05,267,132283,,,Lorenzo Sonego,R,191.0,ITA,29.2,134868,,,Tallon Griekspoor,R,188.0,NED,28.0,7-6(7) 5-7 6-4,3,R64,164.0,12.0,2.0,103.0,66.0,48.0,21.0,17.0,2.0,4.0,7.0,6.0,108.0,73.0,54.0,18.0,17.0,1.0,3.0,57.0,881.0,40.0,1220.0,2024
2024-0421,Canada Masters,Hard,64,M,2024-08-05,266,126214,15.0,,Alejandro Tabilo,L,188.0,CHI,27.1,126207,,,Frances Tiafoe,R,188.0,USA,26.5,6-4 6-2,3,R64,93.0,3.0,4.0,62.0,32.0,20.0,17.0,9.0,2.0,4.0,6.0,7.0,66.0,33.0,21.0,10.0,9.0,6.0,11.0,21.0,1918.0,27.0,1515.0,2024
2024-0421,Canada Masters,Hard,64,M,2024-08-05,265,126205,10.0,,Tommy Paul,R,185.0,USA,27.2,209260,,,Luciano Darderi,R,183.0,ITA,22.4,6-4 7-6(2),3,R64,105.0,9.0,3.0,73.0,39.0,31.0,22.0,11.0,3.0,3.0,1.0,5.0,81.0,43.0,30.0,21.0,11.0,2.0,3.0,12.0,3375.0,32.0,1331.0,2024
2024-0421,Canada Masters,Hard,64,M,2024-08-05,264,206909,,Q,Brandon Nakashima,R,188.0,USA,23.0,133430,,WC,Denis Shapovalov,L,185.0,CAN,25.3,6-4 7-5,3,R64,97.0,4.0,5.0,79.0,54.0,40.0,13.0,11.0,4.0,4.0,5.0,5.0,64.0,35.0,26.0,17.0,11.0,1.0,3.0,52.0,935.0,106.0,550.0,2024
2024-0421,Canada Masters,Hard,64,M,2024-08-05,263,144869,,,Tomas Martin Etcheverry,R,196.0,ARG,25.0,111797,,,Nicolas Jarry,R,201.0,CHI,28.8,7-6(5) 6-7(5) 6-2,3,R64,165.0,4.0,3.0,95.0,64.0,48.0,20.0,16.0,2.0,4.0,15.0,5.0,104.0,56.0,44.0,22.0,16.0,4.0,8.0,38.0,1255.0,24.0,1710.0,2024
2024-0421,Canada Masters,Hard,64,M,2024-08-05,259,208286,,,Matteo Arnaldi,R,185.0,ITA,23.4,111456,,Q,Mackenzie Mcdonald,R,178.0,USA,29.3,4-6 6-4 6-4,3,R64,142.0,4.0,1.0,99.0,46.0,31.0,25.0,15.0,3.0,8.0,1.0,3.0,82.0,57.0,35.0,11.0,15.0,3.0,9.0,46.0,1155.0,93.0,636.0,2024
2024-0421,Canada Masters,Hard,64,M,2024-08-05,258,111575,16.0,,Karen Khachanov,R,198.0,RUS,28.2,209113,,,Gabriel Diallo,R,203.0,CAN,22.8,6-4 6-4,3,R64,87.0,3.0,2.0,61.0,33.0,26.0,18.0,10.0,3.0,3.0,7.0,4.0,61.0,42.0,28.0,9.0,10.0,2.0,4.0,22.0,1830.0,141.0,436.0,2024
2024-0421,Canada Masters,Hard,64,M,2024-08-05,273,134770,6.0,,Casper Ruud,R,183.0,NOR,25.6,105902,,LL,James Duckworth,R,183.0,AUS,32.5,6-2 6-7(5) 6-3,3,R32,122.0,9.0,1.0,80.0,60.0,46.0,14.0,15.0,0.0,1.0,8.0,4.0,90.0,39.0,27.0,29.0,14.0,6.0,10.0,9.0,3880.0,80.0,723.0,2024
2024-0421,Canada Masters,Hard,64,M,2024-08-05,257,200005,12.0,,Ugo Humbert,L,188.0,FRA,26.1,209950,,,Arthur Fils,R,185.0,FRA,20.1,6-2 6-2,3,R64,76.0,7.0,0.0,60.0,37.0,27.0,13.0,8.0,5.0,5.0,2.0,3.0,48.0,27.0,17.0,8.0,8.0,1.0,5.0,15.0,2360.0,23.0,1770.0,2024
2024-0421,Canada Masters,Hard,64,M,2024-08-05,255,105453,,PR,Kei Nishikori,R,178.0,JPN,34.6,210506,,,Alex Michelsen,R,193.0,USA,19.9,3-6 7-5 6-4,3,R64,153.0,1.0,3.0,88.0,56.0,37.0,20.0,15.0,1.0,4.0,3.0,7.0,121.0,71.0,51.0,22.0,16.0,8.0,12.0,576.0,60.0,55.0,915.0,2024
2024-0421,Canada Masters,Hard,64,M,2024-08-05,252,208014,,Q,Rinky Hijikata,R,178.0,AUS,23.4,106121,,Q,Taro Daniel,R,191.0,JPN,31.5,6-1 7-5,3,R64,74.0,2.0,2.0,47.0,28.0,20.0,12.0,9.0,2.0,4.0,3.0,4.0,58.0,35.0,19.0,6.0,10.0,2.0,8.0,74.0,741.0,87.0,669.0,2024
2024-0421,Canada Masters,Hard,64,M,2024-08-05,250,210097,11.0,,Ben Shelton,L,193.0,USA,21.8,122330,,,Alexander Bublik,R,196.0,KAZ,27.1,7-6(4) 6-2,3,R64,89.0,9.0,1.0,61.0,38.0,28.0,15.0,10.0,0.0,1.0,7.0,6.0,77.0,47.0,33.0,12.0,10.0,6.0,9.0,14.0,2950.0,25.0,1650.0,2024
2024-0421,Canada Masters,Hard,64,M,2024-08-05,244,105902,,LL,James Duckworth,R,183.0,AUS,32.5,106218,,,Marcos Giron,R,180.0,USA,31.0,6-4 6-1,3,R64,73.0,3.0,5.0,49.0,23.0,19.0,15.0,9.0,0.0,1.0,5.0,2.0,63.0,32.0,21.0,11.0,8.0,8.0,12.0,80.0,723.0,37.0,1265.0,2024
2024-0421,Canada Masters,Hard,64,M,2024-08-05,243,200624,,,Sebastian Korda,R,196.0,USA,24.0,105577,,WC,Vasek Pospisil,R,193.0,CAN,34.1,2-1 RET,3,R64,19.0,0.0,0.0,6.0,4.0,2.0,2.0,1.0,0.0,0.0,1.0,0.0,11.0,6.0,5.0,1.0,2.0,0.0,1.0,18.0,2270.0,610.0,53.0,2024
2024-0421,Canada Masters,Hard,64,M,2024-08-05,242,126203,9.0,,Taylor Fritz,R,196.0,USA,26.7,208363,,,Mariano Navone,R,178.0,ARG,23.4,6-4 6-1,3,R64,74.0,7.0,2.0,50.0,27.0,21.0,16.0,9.0,0.0,0.0,1.0,3.0,56.0,23.0,15.0,17.0,8.0,4.0,7.0,13.0,3330.0,36.0,1292.0,2024
2024-0421,Canada Masters,Hard,64,M,2024-08-05,241,208029,13.0,,Holger Rune,R,188.0,DEN,21.2,105138,,LL,Roberto Bautista Agut,R,183.0,ESP,36.3,6-2 3-6 6-2,3,R64,124.0,8.0,7.0,84.0,42.0,31.0,23.0,12.0,3.0,4.0,0.0,3.0,90.0,52.0,34.0,19.0,13.0,4.0,8.0,17.0,2300.0,72.0,745.0,2024
2024-0421,Canada Masters,Hard,64,M,2024-08-05,240,105807,,PR,Pablo Carreno Busta,R,188.0,ESP,33.0,206681,,,Fabian Marozsan,R,193.0,HUN,24.8,6-7(8) 7-6(6) 6-3,3,R64,157.0,4.0,4.0,110.0,69.0,44.0,21.0,16.0,3.0,7.0,6.0,5.0,135.0,79.0,48.0,29.0,17.0,8.0,14.0,799.0,27.0,49.0,1016.0,2024
2024-0421,Canada Masters,Hard,64,M,2024-08-05,239,111442,,,Jordan Thompson,R,183.0,AUS,30.2,207733,,,Jack Draper,L,193.0,GBR,22.6,7-5 6-2,3,R64,91.0,5.0,1.0,55.0,30.0,22.0,17.0,10.0,1.0,2.0,4.0,6.0,60.0,37.0,25.0,10.0,10.0,5.0,9.0,30.0,1341.0,28.0,1511.0,2024
2024-0421,Canada Masters,Hard,64,M,2024-08-05,247,106423,,Q,Thanasi Kokkinakis,R,193.0,AUS,28.3,104792,,,Gael Monfils,R,193.0,FRA,37.9,6-3 6-3,3,R64,77.0,4.0,4.0,55.0,35.0,27.0,9.0,9.0,2.0,3.0,9.0,5.0,60.0,33.0,24.0,9.0,9.0,7.0,11.0,81.0,697.0,34.0,1315.0,2024
2024-0421,Canada Masters,Hard,64,M,2024-08-05,249,207925,,,Flavio Cobolli,R,183.0,ITA,22.2,200000,14.0,,Felix Auger Aliassime,R,193.0,CAN,23.9,6-3 6-2,3,R64,67.0,3.0,1.0,46.0,24.0,21.0,15.0,9.0,0.0,0.0,0.0,5.0,41.0,19.0,14.0,9.0,8.0,0.0,3.0,33.0,1323.0,19.0,2115.0,2024
2024-0421,Canada Masters,Hard,64,M,2024-08-05,256,132686,,,Nuno Borges,R,185.0,POR,27.4,200175,,,Miomir Kecmanovic,R,183.0,SRB,24.9,5-7 6-4 6-4,3,R64,121.0,13.0,6.0,97.0,68.0,48.0,19.0,16.0,3.0,5.0,5.0,5.0,92.0,54.0,38.0,20.0,16.0,4.0,7.0,43.0,1176.0,50.0,975.0,2024
2024-0421,Canada Masters,Hard,64,M,2024-08-05,274,128034,4.0,,Hubert Hurkacz,R,196.0,POL,27.4,106423,,Q,Thanasi Kokkinakis,R,193.0,AUS,28.3,4-6 6-3 7-6(6),3,R32,148.0,14.0,5.0,102.0,55.0,46.0,27.0,16.0,6.0,7.0,15.0,3.0,92.0,60.0,48.0,18.0,15.0,3.0,4.0,6.0,4105.0,81.0,697.0,2024
2024-0421,Canada Masters,Hard,64,M,2024-08-05,260,200221,,,Alejandro Davidovich Fokina,R,183.0,ESP,25.1,126128,,,Roman Safiullin,R,185.0,RUS,26.9,6-2 7-5,3,R64,86.0,2.0,2.0,61.0,41.0,30.0,12.0,10.0,1.0,2.0,2.0,3.0,57.0,33.0,23.0,12.0,10.0,3.0,7.0,42.0,1195.0,66.0,785.0,2024
2024-0421,Canada Masters,Hard,64,M,2024-08-05,276,200615,,,Alexei Popyrin,R,196.0,AUS,25.0,210097,11.0,,Ben Shelton,L,193.0,USA,21.8,6-4 7-6(4),3,R32,99.0,6.0,1.0,69.0,39.0,33.0,19.0,11.0,0.0,0.0,7.0,1.0,80.0,55.0,35.0,17.0,11.0,5.0,6.0,62.0,821.0,14.0,2950.0,2024
2024-0421,Canada Masters,Hard,64,M,2024-08-05,299,126094,5.0,,Andrey Rublev,R,188.0,RUS,26.7,208286,,,Matteo Arnaldi,R,185.0,ITA,23.4,6-4 6-2,3,SF,78.0,4.0,1.0,52.0,34.0,27.0,11.0,9.0,1.0,1.0,2.0,1.0,53.0,26.0,17.0,14.0,9.0,0.0,3.0,8.0,3975.0,46.0,1155.0,2024
2024-0421,Canada Masters,Hard,64,M,2024-08-05,275,126239,,Q,Arthur Rinderknech,R,196.0,FRA,29.0,207925,,,Flavio Cobolli,R,183.0,ITA,22.2,6-3 6-2,3,R32,71.0,3.0,1.0,47.0,29.0,22.0,12.0,9.0,2.0,3.0,1.0,4.0,49.0,25.0,15.0,11.0,8.0,5.0,9.0,65.0,786.0,33.0,1323.0,2024
2024-0421,Canada Masters,Hard,64,M,2024-08-05,298,200615,,,Alexei Popyrin,R,196.0,AUS,25.0,200624,,,Sebastian Korda,R,196.0,USA,24.0,7-6(0) 6-3,3,SF,92.0,2.0,6.0,70.0,41.0,34.0,10.0,10.0,2.0,4.0,2.0,5.0,73.0,41.0,27.0,12.0,11.0,7.0,11.0,62.0,821.0,18.0,2270.0,2024
2024-0421,Canada Masters,Hard,64,M,2024-08-05,297,126094,5.0,,Andrey Rublev,R,188.0,RUS,26.7,206173,1.0,,Jannik Sinner,R,191.0,ITA,22.9,6-3 1-6 6-2,3,QF,107.0,4.0,1.0,79.0,49.0,36.0,14.0,12.0,10.0,12.0,10.0,4.0,73.0,43.0,32.0,13.0,12.0,4.0,7.0,8.0,3975.0,1.0,9570.0,2024
2024-0421,Canada Masters,Hard,64,M,2024-08-05,296,208286,,,Matteo Arnaldi,R,185.0,ITA,23.4,105453,,PR,Kei Nishikori,R,178.0,JPN,34.6,6-4 7-5,3,QF,120.0,5.0,5.0,73.0,35.0,26.0,17.0,11.0,4.0,6.0,0.0,1.0,76.0,52.0,30.0,13.0,11.0,5.0,9.0,46.0,1155.0,576.0,60.0,2024
2024-0421,Canada Masters,Hard,64,M,2024-08-05,295,200615,,,Alexei Popyrin,R,196.0,AUS,25.0,128034,4.0,,Hubert Hurkacz,R,196.0,POL,27.4,3-6 7-6(5) 7-5,3,QF,167.0,11.0,6.0,105.0,68.0,51.0,17.0,16.0,8.0,11.0,8.0,3.0,141.0,78.0,54.0,30.0,17.0,17.0,20.0,62.0,821.0,6.0,4105.0,2024
2024-0421,Canada Masters,Hard,64,M,2024-08-05,294,200624,,,Sebastian Korda,R,196.0,USA,24.0,100644,2.0,,Alexander Zverev,R,198.0,GER,27.2,7-6(5) 1-6 6-4,3,QF,138.0,7.0,2.0,93.0,57.0,42.0,14.0,15.0,5.0,9.0,5.0,11.0,98.0,65.0,51.0,11.0,14.0,7.0,9.0,18.0,2270.0,4.0,6845.0,2024
2024-0421,Canada Masters,Hard,64,M,2024-08-05,293,206173,1.0,,Jannik Sinner,R,191.0,ITA,22.9,126214,15.0,,Alejandro Tabilo,L,188.0,CHI,27.1,6-4 6-3,3,R16,80.0,5.0,3.0,48.0,25.0,23.0,14.0,9.0,0.0,0.0,2.0,1.0,67.0,39.0,27.0,12.0,10.0,3.0,6.0,1.0,9570.0,21.0,1918.0,2024
2024-0421,Canada Masters,Hard,64,M,2024-08-05,291,208286,,,Matteo Arnaldi,R,185.0,ITA,23.4,200221,,,Alejandro Davidovich Fokina,R,183.0,ESP,25.1,4-6 7-6(5) 3-0 RET,3,R16,154.0,4.0,7.0,97.0,48.0,32.0,25.0,12.0,10.0,14.0,2.0,5.0,87.0,56.0,32.0,16.0,13.0,4.0,9.0,46.0,1155.0,42.0,1195.0,2024
2024-0421,Canada Masters,Hard,64,M,2024-08-05,290,105453,,PR,Kei Nishikori,R,178.0,JPN,34.6,132686,,,Nuno Borges,R,185.0,POR,27.4,6-3 6-4,3,R16,88.0,2.0,2.0,72.0,46.0,33.0,10.0,10.0,8.0,10.0,1.0,2.0,53.0,30.0,17.0,12.0,9.0,1.0,5.0,576.0,60.0,43.0,1176.0,2024
2024-0421,Canada Masters,Hard,64,M,2024-08-05,289,200615,,,Alexei Popyrin,R,196.0,AUS,25.0,105777,7.0,,Grigor Dimitrov,R,191.0,BUL,33.2,4-6 7-6(5) 6-3,3,R16,158.0,9.0,6.0,121.0,65.0,52.0,28.0,16.0,8.0,9.0,7.0,9.0,97.0,58.0,46.0,20.0,15.0,0.0,1.0,62.0,821.0,10.0,3600.0,2024
2024-0421,Canada Masters,Hard,64,M,2024-08-05,288,128034,4.0,,Hubert Hurkacz,R,196.0,POL,27.4,126239,,Q,Arthur Rinderknech,R,196.0,FRA,29.0,4-6 6-3 6-4,3,R16,128.0,4.0,0.0,91.0,45.0,37.0,25.0,15.0,4.0,6.0,8.0,6.0,78.0,48.0,38.0,14.0,14.0,3.0,6.0,6.0,4105.0,65.0,786.0,2024
2024-0421,Canada Masters,Hard,64,M,2024-08-05,292,126094,5.0,,Andrey Rublev,R,188.0,RUS,26.7,206909,,Q,Brandon Nakashima,R,188.0,USA,23.0,6-2 6-2,3,R16,62.0,4.0,2.0,41.0,24.0,21.0,11.0,8.0,0.0,0.0,2.0,2.0,55.0,29.0,18.0,10.0,8.0,6.0,10.0,8.0,3975.0,52.0,935.0,2024
2024-0421,Canada Masters,Hard,64,M,2024-08-05,286,100644,2.0,,Alexander Zverev,R,198.0,GER,27.2,208029,13.0,,Holger Rune,R,188.0,DEN,21.2,6-3 7-6(5),3,R16,103.0,8.0,2.0,59.0,39.0,30.0,13.0,10.0,2.0,3.0,2.0,6.0,73.0,44.0,31.0,14.0,11.0,4.0,7.0,4.0,6845.0,17.0,2300.0,2024
2024-0421,Canada Masters,Hard,64,M,2024-08-05,277,105777,7.0,,Grigor Dimitrov,R,191.0,BUL,33.2,208014,,Q,Rinky Hijikata,R,178.0,AUS,23.4,6-1 6-0,3,R32,55.0,6.0,0.0,36.0,28.0,24.0,5.0,7.0,0.0,0.0,0.0,5.0,50.0,26.0,15.0,5.0,6.0,5.0,10.0,10.0,3600.0,74.0,741.0,2024
2024-0421,Canada Masters,Hard,64,M,2024-08-05,287,200624,,,Sebastian Korda,R,196.0,USA,24.0,134770,6.0,,Casper Ruud,R,183.0,NOR,25.6,W/O,3,R16,0.0,,,,,,,,,,,,,,,,,,,18.0,2270.0,9.0,3880.0,2024
2024-0421,Canada Masters,Hard,64,M,2024-08-05,279,132686,,,Nuno Borges,R,185.0,POR,27.4,200005,12.0,,Ugo Humbert,L,188.0,FRA,26.1,3-6 7-6(2) 7-6(4),3,R32,168.0,8.0,4.0,107.0,67.0,47.0,24.0,16.0,6.0,10.0,3.0,7.0,125.0,67.0,49.0,27.0,17.0,8.0,11.0,43.0,1176.0,15.0,2360.0,2024
2024-0421,Canada Masters,Hard,64,M,2024-08-05,280,208286,,,Matteo Arnaldi,R,185.0,ITA,23.4,111575,16.0,,Karen Khachanov,R,198.0,RUS,28.2,7-5 7-5,3,R32,103.0,6.0,2.0,68.0,46.0,37.0,7.0,12.0,3.0,5.0,2.0,5.0,79.0,50.0,32.0,13.0,12.0,4.0,8.0,46.0,1155.0,22.0,1830.0,2024
2024-0421,Canada Masters,Hard,64,M,2024-08-05,281,200221,,,Alejandro Davidovich Fokina,R,183.0,ESP,25.1,106421,3.0,,Daniil Medvedev,R,198.0,RUS,28.4,6-4 1-6 6-2,3,R32,115.0,3.0,5.0,77.0,45.0,29.0,16.0,13.0,3.0,7.0,9.0,4.0,75.0,47.0,35.0,9.0,12.0,3.0,7.0,42.0,1195.0,5.0,6525.0,2024
2024-0421,Canada Masters,Hard,64,M,2024-08-05,278,105453,,PR,Kei Nishikori,R,178.0,JPN,34.6,126774,8.0,,Stefanos Tsitsipas,R,193.0,GRE,25.9,6-4 6-4,3,R32,78.0,2.0,1.0,56.0,34.0,27.0,11.0,10.0,2.0,3.0,9.0,1.0,54.0,39.0,29.0,6.0,10.0,1.0,4.0,576.0,60.0,11.0,3465.0,2024
2024-0421,Canada Masters,Hard,64,M,2024-08-05,283,206909,,Q,Brandon Nakashima,R,188.0,USA,23.0,126205,10.0,,Tommy Paul,R,185.0,USA,27.2,6-2 6-7(5) 6-1,3,R32,133.0,9.0,0.0,86.0,60.0,43.0,19.0,13.0,2.0,2.0,4.0,0.0,100.0,59.0,39.0,18.0,14.0,8.0,13.0,52.0,935.0,12.0,3375.0,2024
2024-0421,Canada Masters,Hard,64,M,2024-08-05,284,126214,15.0,,Alejandro Tabilo,L,188.0,CHI,27.1,132283,,,Lorenzo Sonego,R,191.0,ITA,29.2,6-4 6-2,3,R32,79.0,2.0,1.0,50.0,33.0,27.0,10.0,9.0,1.0,2.0,3.0,6.0,58.0,31.0,24.0,7.0,9.0,4.0,8.0,21.0,1918.0,57.0,881.0,2024
2024-0421,Canada Masters,Hard,64,M,2024-08-05,285,206173,1.0,,Jannik Sinner,R,191.0,ITA,22.9,106432,,Q,Borna Coric,R,188.0,CRO,27.7,6-2 6-4,3,R32,96.0,9.0,2.0,53.0,26.0,22.0,18.0,9.0,1.0,1.0,6.0,3.0,69.0,38.0,28.0,10.0,9.0,8.0,11.0,1.0,9570.0,94.0,622.0,2024
2024-0421,Canada Masters,Hard,64,M,2024-08-05,300,200615,,,Alexei Popyrin,R,196.0,AUS,25.0,126094,5.0,,Andrey Rublev,R,188.0,RUS,26.7,6-2 6-4,3,F,89.0,10.0,3.0,64.0,38.0,32.0,9.0,9.0,5.0,6.0,4.0,5.0,62.0,27.0,17.0,14.0,9.0,5.0,9.0,62.0,821.0,8.0,3975.0,2024
2024-0421,Canada Masters,Hard,64,M,2024-08-05,282,126094,5.0,,Andrey Rublev,R,188.0,RUS,26.7,144869,,,Tomas Martin Etcheverry,R,196.0,ARG,25.0,7-6(3) 6-2,3,R32,85.0,9.0,1.0,56.0,29.0,25.0,16.0,10.0,0.0,1.0,5.0,2.0,68.0,48.0,34.0,5.0,10.0,0.0,3.0,8.0,3975.0,38.0,1255.0,2024
2024-0422,Cincinnati Masters,Hard,64,M,2024-08-12,288,126207,,,Frances Tiafoe,R,188.0,USA,26.5,208103,,,Jiri Lehecka,R,185.0,CZE,22.7,6-4 6-7(10) 7-6(5),3,R16,172.0,11.0,6.0,120.0,58.0,47.0,38.0,17.0,6.0,7.0,24.0,5.0,130.0,79.0,60.0,26.0,17.0,6.0,8.0,26.0,1515.0,35.0,1315.0,2024
2024-0422,Cincinnati Masters,Hard,64,M,2024-08-12,280,105807,,PR,Pablo Carreno Busta,R,188.0,ESP,33.0,126845,,WC,Max Purcell,R,185.0,AUS,26.3,6-3 6-3,3,R32,66.0,11.0,0.0,43.0,27.0,23.0,13.0,9.0,0.0,0.0,4.0,1.0,45.0,21.0,15.0,13.0,9.0,1.0,4.0,513.0,77.0,68.0,775.0,2024
2024-0422,Cincinnati Masters,Hard,64,M,2024-08-12,281,100644,3.0,,Alexander Zverev,R,198.0,GER,27.3,111575,,,Karen Khachanov,R,198.0,RUS,28.2,6-3 6-2,3,R32,81.0,7.0,2.0,56.0,37.0,31.0,7.0,9.0,3.0,4.0,5.0,2.0,53.0,30.0,18.0,10.0,8.0,4.0,8.0,4.0,6995.0,22.0,1880.0,2024
2024-0422,Cincinnati Masters,Hard,64,M,2024-08-12,282,126094,6.0,,Andrey Rublev,R,188.0,RUS,26.8,111190,,,Zhizhen Zhang,R,193.0,CHN,27.8,6-4 6-3,3,R32,60.0,10.0,0.0,49.0,34.0,29.0,11.0,10.0,0.0,0.0,6.0,4.0,55.0,32.0,26.0,8.0,9.0,1.0,3.0,6.0,4615.0,44.0,1161.0,2024
2024-0422,Cincinnati Masters,Hard,64,M,2024-08-12,283,206909,,WC,Brandon Nakashima,R,188.0,USA,23.0,209950,,,Arthur Fils,R,185.0,FRA,20.1,7-5 7-6(3),3,R32,109.0,15.0,2.0,90.0,58.0,46.0,16.0,12.0,6.0,6.0,7.0,4.0,75.0,48.0,38.0,15.0,12.0,0.0,1.0,49.0,1035.0,23.0,1755.0,2024
2024-0422,Cincinnati Masters,Hard,64,M,2024-08-12,284,111442,,,Jordan Thompson,R,183.0,AUS,30.3,202104,,,Sebastian Baez,R,170.0,ARG,23.6,6-2 6-4,3,R32,85.0,2.0,3.0,54.0,25.0,19.0,12.0,9.0,2.0,5.0,1.0,5.0,53.0,38.0,19.0,1.0,9.0,2.0,8.0,32.0,1346.0,20.0,2000.0,2024
2024-0422,Cincinnati Masters,Hard,64,M,2024-08-12,285,206173,1.0,,Jannik Sinner,R,191.0,ITA,22.9,210506,,Q,Alex Michelsen,R,193.0,USA,19.9,6-4 7-5,3,R32,111.0,9.0,4.0,83.0,42.0,31.0,25.0,11.0,8.0,8.0,1.0,2.0,76.0,44.0,32.0,14.0,11.0,3.0,5.0,1.0,8770.0,57.0,905.0,2024
2024-0422,Cincinnati Masters,Hard,64,M,2024-08-12,286,208029,15.0,,Holger Rune,R,188.0,DEN,21.2,104792,,,Gael Monfils,R,193.0,FRA,37.9,3-6 6-3 6-4,3,R16,134.0,4.0,4.0,93.0,50.0,35.0,29.0,14.0,7.0,8.0,8.0,5.0,73.0,38.0,32.0,20.0,14.0,1.0,3.0,16.0,2390.0,46.0,1145.0,2024
2024-0422,Cincinnati Masters,Hard,64,M,2024-08-12,287,207733,,,Jack Draper,L,193.0,GBR,22.6,200000,,,Felix Auger Aliassime,R,193.0,CAN,24.0,5-7 6-4 6-4,3,R16,157.0,5.0,5.0,83.0,49.0,40.0,21.0,16.0,0.0,1.0,12.0,12.0,116.0,60.0,44.0,29.0,16.0,6.0,8.0,27.0,1511.0,19.0,2115.0,2024
2024-0422,Cincinnati Masters,Hard,64,M,2024-08-12,289,128034,5.0,,Hubert Hurkacz,R,196.0,POL,27.4,207925,,,Flavio Cobolli,R,183.0,ITA,22.2,6-3 3-6 6-1,3,R16,118.0,10.0,1.0,70.0,45.0,34.0,16.0,13.0,1.0,2.0,5.0,1.0,77.0,45.0,33.0,15.0,12.0,7.0,10.0,7.0,4215.0,31.0,1348.0,2024
2024-0422,Cincinnati Masters,Hard,64,M,2024-08-12,300,206173,1.0,,Jannik Sinner,R,191.0,ITA,22.9,126207,,,Frances Tiafoe,R,188.0,USA,26.5,7-6(4) 6-2,3,F,96.0,13.0,2.0,58.0,33.0,28.0,19.0,10.0,3.0,3.0,5.0,2.0,84.0,46.0,32.0,18.0,10.0,6.0,8.0,1.0,8770.0,26.0,1515.0,2024
2024-0422,Cincinnati Masters,Hard,64,M,2024-08-12,291,100644,3.0,,Alexander Zverev,R,198.0,GER,27.3,105807,,PR,Pablo Carreno Busta,R,188.0,ESP,33.0,7-5 7-6(6),3,R16,123.0,8.0,3.0,75.0,42.0,30.0,22.0,12.0,3.0,5.0,6.0,7.0,82.0,50.0,36.0,13.0,12.0,7.0,10.0,4.0,6995.0,513.0,77.0,2024
2024-0422,Cincinnati Masters,Hard,64,M,2024-08-12,292,126094,6.0,,Andrey Rublev,R,188.0,RUS,26.8,206909,,WC,Brandon Nakashima,R,188.0,USA,23.0,7-6(5) 6-1,3,R16,81.0,6.0,1.0,62.0,42.0,37.0,11.0,10.0,3.0,3.0,4.0,1.0,53.0,25.0,19.0,16.0,9.0,2.0,4.0,6.0,4615.0,49.0,1035.0,2024
2024-0422,Cincinnati Masters,Hard,64,M,2024-08-12,293,206173,1.0,,Jannik Sinner,R,191.0,ITA,22.9,111442,,,Jordan Thompson,R,183.0,AUS,30.3,W/O,3,R16,0.0,,,,,,,,,,,,,,,,,,,1.0,8770.0,32.0,1346.0,2024
2024-0422,Cincinnati Masters,Hard,64,M,2024-08-12,294,208029,15.0,,Holger Rune,R,188.0,DEN,21.2,207733,,,Jack Draper,L,193.0,GBR,22.6,6-4 6-2,3,QF,76.0,1.0,3.0,58.0,30.0,24.0,16.0,9.0,3.0,3.0,3.0,2.0,47.0,23.0,19.0,11.0,9.0,0.0,3.0,16.0,2390.0,27.0,1511.0,2024
2024-0422,Cincinnati Masters,Hard,64,M,2024-08-12,295,126207,,,Frances Tiafoe,R,188.0,USA,26.5,128034,5.0,,Hubert Hurkacz,R,196.0,POL,27.4,6-3 0-0 RET,3,QF,46.0,4.0,0.0,25.0,15.0,12.0,6.0,4.0,2.0,2.0,3.0,1.0,26.0,12.0,7.0,8.0,5.0,2.0,4.0,26.0,1515.0,7.0,4215.0,2024
2024-0422,Cincinnati Masters,Hard,64,M,2024-08-12,296,100644,3.0,,Alexander Zverev,R,198.0,GER,27.3,210097,12.0,,Ben Shelton,L,193.0,USA,21.8,3-6 7-6(3) 7-5,3,QF,149.0,10.0,8.0,89.0,54.0,44.0,24.0,16.0,3.0,4.0,14.0,4.0,109.0,74.0,54.0,20.0,17.0,7.0,8.0,4.0,6995.0,14.0,2955.0,2024
2024-0422,Cincinnati Masters,Hard,64,M,2024-08-12,297,206173,1.0,,Jannik Sinner,R,191.0,ITA,22.9,126094,6.0,,Andrey Rublev,R,188.0,RUS,26.8,4-6 7-5 6-4,3,QF,146.0,10.0,5.0,90.0,43.0,36.0,20.0,16.0,4.0,9.0,4.0,7.0,122.0,72.0,47.0,20.0,16.0,10.0,16.0,1.0,8770.0,6.0,4615.0,2024
2024-0422,Cincinnati Masters,Hard,64,M,2024-08-12,298,126207,,,Frances Tiafoe,R,188.0,USA,26.5,208029,15.0,,Holger Rune,R,188.0,DEN,21.2,4-6 6-1 7-6(4),3,SF,128.0,13.0,1.0,92.0,46.0,36.0,28.0,15.0,4.0,6.0,12.0,8.0,89.0,43.0,34.0,21.0,14.0,3.0,6.0,26.0,1515.0,16.0,2390.0,2024
2024-0422,Cincinnati Masters,Hard,64,M,2024-08-12,299,206173,1.0,,Jannik Sinner,R,191.0,ITA,22.9,100644,3.0,,Alexander Zverev,R,198.0,GER,27.3,7-6(9) 5-7 7-6(4),3,SF,187.0,12.0,1.0,118.0,73.0,51.0,29.0,18.0,2.0,5.0,15.0,5.0,127.0,82.0,59.0,24.0,18.0,2.0,4.0,1.0,8770.0,4.0,6995.0,2024
2024-0422,Cincinnati Masters,Hard,64,M,2024-08-12,278,206681,,,Fabian Marozsan,R,193.0,HUN,24.8,105777,8.0,,Grigor Dimitrov,R,191.0,BUL,33.2,4-6 6-4 6-3,3,R32,115.0,6.0,5.0,93.0,58.0,47.0,15.0,15.0,2.0,4.0,10.0,9.0,83.0,37.0,32.0,20.0,14.0,4.0,7.0,50.0,990.0,9.0,3690.0,2024
2024-0422,Cincinnati Masters,Hard,64,M,2024-08-12,290,210097,12.0,,Ben Shelton,L,193.0,USA,21.8,206681,,,Fabian Marozsan,R,193.0,HUN,24.8,6-4 6-3,3,R16,69.0,8.0,1.0,50.0,33.0,26.0,9.0,9.0,1.0,2.0,6.0,2.0,65.0,45.0,30.0,5.0,10.0,4.0,8.0,14.0,2955.0,50.0,990.0,2024
2024-0422,Cincinnati Masters,Hard,64,M,2024-08-12,277,128034,5.0,,Hubert Hurkacz,R,196.0,POL,27.4,106415,,Q,Yoshihito Nishioka,L,170.0,JPN,28.8,3-6 7-6(4) 6-1,3,R32,132.0,21.0,2.0,114.0,70.0,53.0,22.0,15.0,17.0,19.0,5.0,1.0,82.0,53.0,35.0,18.0,13.0,3.0,5.0,7.0,4215.0,52.0,939.0,2024
2024-0422,Cincinnati Masters,Hard,64,M,2024-08-12,279,210097,12.0,,Ben Shelton,L,193.0,USA,21.8,144869,,,Tomas Martin Etcheverry,R,196.0,ARG,25.0,6-7(6) 7-6(7) 6-3,3,R32,172.0,13.0,7.0,118.0,83.0,65.0,19.0,17.0,4.0,5.0,16.0,5.0,123.0,81.0,61.0,21.0,16.0,9.0,11.0,14.0,2955.0,37.0,1295.0,2024
2024-0422,Cincinnati Masters,Hard,64,M,2024-08-12,275,126207,,,Frances Tiafoe,R,188.0,USA,26.5,207518,14.0,,Lorenzo Musetti,R,185.0,ITA,22.4,6-3 6-2,3,R32,67.0,2.0,1.0,41.0,31.0,26.0,6.0,8.0,0.0,0.0,2.0,4.0,60.0,32.0,19.0,12.0,9.0,8.0,12.0,26.0,1515.0,18.0,2250.0,2024
2024-0422,Cincinnati Masters,Hard,64,M,2024-08-12,239,104792,,,Gael Monfils,R,193.0,FRA,37.9,200615,,,Alexei Popyrin,R,196.0,AUS,25.0,7-5 6-3,3,R64,81.0,6.0,3.0,61.0,32.0,25.0,18.0,11.0,1.0,2.0,4.0,1.0,54.0,35.0,23.0,9.0,10.0,2.0,5.0,46.0,1145.0,30.0,1471.0,2024
2024-0422,Cincinnati Masters,Hard,64,M,2024-08-12,240,132686,,Q,Nuno Borges,R,185.0,POR,27.4,105173,,,Adrian Mannarino,L,180.0,FRA,36.1,6-4 3-6 6-1,3,R64,123.0,8.0,3.0,101.0,68.0,47.0,19.0,13.0,9.0,10.0,2.0,2.0,85.0,49.0,33.0,18.0,13.0,8.0,11.0,39.0,1265.0,33.0,1340.0,2024
2024-0422,Cincinnati Masters,Hard,64,M,2024-08-12,241,208029,15.0,,Holger Rune,R,188.0,DEN,21.2,126610,,WC,Matteo Berrettini,R,196.0,ITA,28.3,2-6 6-1 6-4,3,R64,109.0,4.0,2.0,68.0,42.0,26.0,16.0,13.0,0.0,3.0,7.0,3.0,72.0,44.0,32.0,12.0,12.0,4.0,8.0,16.0,2390.0,42.0,1170.0,2024
2024-0422,Cincinnati Masters,Hard,64,M,2024-08-12,242,126774,9.0,,Stefanos Tsitsipas,R,193.0,GRE,26.0,105526,,,Jan Lennard Struff,R,193.0,GER,34.2,4-6 6-4 6-3,3,R64,117.0,18.0,7.0,84.0,47.0,38.0,21.0,15.0,3.0,5.0,9.0,10.0,106.0,62.0,46.0,17.0,14.0,11.0,14.0,11.0,3465.0,36.0,1310.0,2024
2024-0422,Cincinnati Masters,Hard,64,M,2024-08-12,243,207733,,,Jack Draper,L,193.0,GBR,22.6,144719,,Q,Jaume Munar,R,183.0,ESP,27.2,7-5 3-6 7-6(5),3,R64,153.0,13.0,3.0,103.0,62.0,45.0,20.0,16.0,3.0,7.0,7.0,5.0,97.0,58.0,42.0,21.0,17.0,1.0,5.0,27.0,1511.0,89.0,642.0,2024
2024-0422,Cincinnati Masters,Hard,64,M,2024-08-12,244,200000,,,Felix Auger Aliassime,R,193.0,CAN,24.0,206499,,Q,Aleksandar Kovacevic,R,183.0,USA,25.9,6-3 6-1,3,R64,73.0,2.0,3.0,50.0,22.0,15.0,17.0,8.0,3.0,4.0,5.0,6.0,45.0,23.0,14.0,8.0,8.0,2.0,7.0,19.0,2115.0,79.0,723.0,2024
2024-0422,Cincinnati Masters,Hard,64,M,2024-08-12,247,208103,,,Jiri Lehecka,R,185.0,CZE,22.7,208363,,,Mariano Navone,R,178.0,ARG,23.4,7-6(3) 6-3,3,R64,87.0,3.0,6.0,66.0,37.0,31.0,15.0,11.0,2.0,3.0,3.0,2.0,60.0,38.0,26.0,14.0,10.0,1.0,3.0,35.0,1315.0,38.0,1293.0,2024
2024-0422,Cincinnati Masters,Hard,64,M,2024-08-12,248,126207,,,Frances Tiafoe,R,188.0,USA,26.5,200221,,,Alejandro Davidovich Fokina,R,183.0,ESP,25.1,6-3 7-6(6),3,R64,103.0,6.0,3.0,67.0,26.0,20.0,23.0,10.0,1.0,3.0,3.0,6.0,85.0,54.0,36.0,10.0,11.0,10.0,14.0,26.0,1515.0,53.0,935.0,2024
2024-0422,Cincinnati Masters,Hard,64,M,2024-08-12,250,207925,,,Flavio Cobolli,R,183.0,ITA,22.2,126205,10.0,,Tommy Paul,R,185.0,USA,27.2,6-2 4-6 7-5,3,R64,126.0,9.0,4.0,97.0,54.0,39.0,22.0,15.0,7.0,11.0,5.0,4.0,88.0,61.0,42.0,10.0,15.0,6.0,12.0,31.0,1348.0,13.0,3065.0,2024
2024-0422,Cincinnati Masters,Hard,64,M,2024-08-12,251,209260,,,Luciano Darderi,R,183.0,ITA,22.4,126214,,,Alejandro Tabilo,L,188.0,CHI,27.1,6-3 7-6(5),3,R64,115.0,16.0,4.0,93.0,51.0,39.0,20.0,11.0,10.0,11.0,8.0,4.0,73.0,35.0,27.0,17.0,10.0,3.0,5.0,34.0,1316.0,21.0,1993.0,2024
2024-0422,Cincinnati Masters,Hard,64,M,2024-08-12,252,106415,,Q,Yoshihito Nishioka,L,170.0,JPN,28.8,200175,,,Miomir Kecmanovic,R,183.0,SRB,24.9,6-4 7-5,3,R64,80.0,3.0,0.0,63.0,40.0,27.0,16.0,11.0,1.0,2.0,5.0,2.0,58.0,28.0,21.0,17.0,11.0,1.0,4.0,52.0,939.0,51.0,940.0,2024
2024-0422,Cincinnati Masters,Hard,64,M,2024-08-12,255,206681,,,Fabian Marozsan,R,193.0,HUN,24.8,144895,,Q,Corentin Moutet,L,180.0,FRA,25.3,6-4 7-6(2),3,R64,108.0,3.0,6.0,67.0,46.0,35.0,8.0,11.0,1.0,4.0,1.0,4.0,77.0,37.0,27.0,17.0,11.0,7.0,11.0,50.0,990.0,71.0,762.0,2024
2024-0422,Cincinnati Masters,Hard,64,M,2024-08-12,256,144869,,,Tomas Martin Etcheverry,R,196.0,ARG,25.0,208286,,,Matteo Arnaldi,R,185.0,ITA,23.4,6-3 6-7(3) 6-2,3,R64,154.0,4.0,2.0,95.0,54.0,36.0,23.0,14.0,6.0,9.0,9.0,8.0,88.0,44.0,30.0,18.0,15.0,5.0,12.0,37.0,1295.0,29.0,1485.0,2024
2024-0422,Cincinnati Masters,Hard,64,M,2024-08-12,276,207925,,,Flavio Cobolli,R,183.0,ITA,22.2,209260,,,Luciano Darderi,R,183.0,ITA,22.4,7-6(4) 3-1 RET,3,R32,66.0,7.0,1.0,56.0,36.0,29.0,13.0,8.0,4.0,5.0,5.0,2.0,46.0,24.0,20.0,9.0,8.0,0.0,2.0,31.0,1348.0,34.0,1316.0,2024
2024-0422,Cincinnati Masters,Hard,64,M,2024-08-12,257,210097,12.0,,Ben Shelton,L,193.0,USA,21.8,124187,,WC,Reilly Opelka,R,211.0,USA,26.9,7-6(3) 7-6(3),3,R64,98.0,6.0,4.0,83.0,58.0,53.0,12.0,12.0,5.0,5.0,19.0,3.0,73.0,49.0,41.0,15.0,12.0,2.0,2.0,14.0,2955.0,322.0,157.0,2024
2024-0422,Cincinnati Masters,Hard,64,M,2024-08-12,259,126845,,WC,Max Purcell,R,185.0,AUS,26.3,207830,,,Tomas Machac,R,183.0,CZE,23.8,6-4 7-6(1),3,R64,93.0,15.0,3.0,65.0,31.0,29.0,20.0,11.0,3.0,4.0,6.0,5.0,80.0,51.0,33.0,14.0,11.0,4.0,6.0,68.0,775.0,40.0,1230.0,2024
2024-0422,Cincinnati Masters,Hard,64,M,2024-08-12,260,111575,,,Karen Khachanov,R,198.0,RUS,28.2,202103,,,Francisco Cerundolo,R,185.0,ARG,25.9,6-0 6-3,3,R64,64.0,9.0,3.0,48.0,31.0,24.0,9.0,7.0,2.0,2.0,2.0,3.0,48.0,30.0,19.0,3.0,8.0,2.0,7.0,22.0,1880.0,28.0,1495.0,2024
2024-0422,Cincinnati Masters,Hard,64,M,2024-08-12,263,111190,,,Zhizhen Zhang,R,193.0,CHN,27.8,208659,,,Giovanni Mpetshi Perricard,R,203.0,FRA,21.0,6-3 7-6(4),3,R64,79.0,6.0,2.0,51.0,25.0,19.0,21.0,10.0,0.0,1.0,13.0,10.0,69.0,39.0,27.0,13.0,11.0,0.0,3.0,44.0,1161.0,48.0,1052.0,2024
2024-0422,Cincinnati Masters,Hard,64,M,2024-08-12,264,209950,,,Arthur Fils,R,185.0,FRA,20.1,200587,,Q,Brandon Holt,R,185.0,USA,26.3,6-4 6-1,3,R64,70.0,2.0,5.0,50.0,34.0,27.0,7.0,9.0,0.0,1.0,3.0,0.0,57.0,34.0,20.0,8.0,8.0,5.0,9.0,23.0,1755.0,227.0,255.0,2024
2024-0422,Cincinnati Masters,Hard,64,M,2024-08-12,265,206909,,WC,Brandon Nakashima,R,188.0,USA,23.0,126203,11.0,,Taylor Fritz,R,196.0,USA,26.7,6-4 4-6 7-6(4),3,R64,137.0,15.0,1.0,101.0,67.0,52.0,21.0,16.0,4.0,5.0,13.0,6.0,92.0,59.0,49.0,20.0,16.0,5.0,6.0,49.0,1035.0,12.0,3290.0,2024
2024-0422,Cincinnati Masters,Hard,64,M,2024-08-12,266,111442,,,Jordan Thompson,R,183.0,AUS,30.3,200005,13.0,,Ugo Humbert,L,188.0,FRA,26.1,3-6 6-3 7-6(4),3,R64,152.0,7.0,1.0,91.0,56.0,45.0,19.0,15.0,1.0,3.0,8.0,3.0,98.0,62.0,46.0,20.0,15.0,4.0,6.0,32.0,1346.0,17.0,2365.0,2024
2024-0422,Cincinnati Masters,Hard,64,M,2024-08-12,267,202104,,,Sebastian Baez,R,170.0,ARG,23.6,106218,,,Marcos Giron,R,180.0,USA,31.0,6-4 5-7 7-6(6),3,R64,155.0,1.0,6.0,111.0,73.0,53.0,17.0,17.0,4.0,7.0,8.0,2.0,105.0,54.0,39.0,29.0,17.0,7.0,10.0,20.0,2000.0,45.0,1160.0,2024
2024-0422,Cincinnati Masters,Hard,64,M,2024-08-12,268,210506,,Q,Alex Michelsen,R,193.0,USA,19.9,134868,,,Tallon Griekspoor,R,188.0,NED,28.1,6-1 5-7 6-2,3,R64,106.0,10.0,1.0,73.0,48.0,42.0,15.0,14.0,2.0,3.0,6.0,7.0,78.0,45.0,31.0,14.0,13.0,6.0,10.0,57.0,905.0,41.0,1220.0,2024
2024-0422,Cincinnati Masters,Hard,64,M,2024-08-12,270,104792,,,Gael Monfils,R,193.0,FRA,37.9,207989,2.0,,Carlos Alcaraz,R,183.0,ESP,21.2,4-6 7-6(5) 6-4,3,R32,150.0,15.0,12.0,116.0,65.0,51.0,25.0,16.0,6.0,7.0,7.0,8.0,102.0,56.0,43.0,28.0,16.0,7.0,8.0,46.0,1145.0,3.0,7950.0,2024
2024-0422,Cincinnati Masters,Hard,64,M,2024-08-12,271,208029,15.0,,Holger Rune,R,188.0,DEN,21.2,132686,,Q,Nuno Borges,R,185.0,POR,27.4,6-3 7-6(8),3,R32,110.0,3.0,2.0,65.0,33.0,24.0,19.0,11.0,0.0,2.0,3.0,5.0,82.0,42.0,33.0,15.0,10.0,4.0,7.0,16.0,2390.0,39.0,1265.0,2024
2024-0422,Cincinnati Masters,Hard,64,M,2024-08-12,272,207733,,,Jack Draper,L,193.0,GBR,22.6,126774,9.0,,Stefanos Tsitsipas,R,193.0,GRE,26.0,3-6 6-4 7-5,3,R32,140.0,5.0,7.0,91.0,48.0,40.0,21.0,15.0,4.0,6.0,5.0,7.0,100.0,55.0,40.0,21.0,16.0,2.0,5.0,27.0,1511.0,11.0,3465.0,2024
2024-0422,Cincinnati Masters,Hard,64,M,2024-08-12,273,200000,,,Felix Auger Aliassime,R,193.0,CAN,24.0,134770,7.0,,Casper Ruud,R,183.0,NOR,25.6,6-3 6-1,3,R32,67.0,14.0,4.0,41.0,28.0,24.0,6.0,8.0,0.0,1.0,0.0,5.0,48.0,25.0,11.0,11.0,8.0,5.0,10.0,19.0,2115.0,8.0,3890.0,2024
2024-0422,Cincinnati Masters,Hard,64,M,2024-08-12,274,208103,,,Jiri Lehecka,R,185.0,CZE,22.7,106421,4.0,,Daniil Medvedev,R,198.0,RUS,28.5,7-6(2) 6-4,3,R32,99.0,4.0,4.0,83.0,52.0,39.0,18.0,11.0,5.0,5.0,7.0,7.0,66.0,29.0,21.0,25.0,11.0,3.0,4.0,35.0,1315.0,5.0,6355.0,2024
2024-0422,Cincinnati Masters,Hard,64,M,2024-08-12,258,105807,,PR,Pablo Carreno Busta,R,188.0,ESP,33.0,200624,16.0,,Sebastian Korda,R,196.0,USA,24.1,7-5 6-1,3,R64,77.0,7.0,2.0,66.0,44.0,34.0,13.0,10.0,2.0,2.0,5.0,0.0,44.0,27.0,20.0,7.0,9.0,2.0,5.0,513.0,77.0,15.0,2625.0,2024
2024-0422,Cincinnati Masters,Hard,64,M,2024-08-12,249,207518,14.0,,Lorenzo Musetti,R,185.0,ITA,22.4,111797,,,Nicolas Jarry,R,201.0,CHI,28.8,4-6 7-6(5) 7-6(4),3,R64,167.0,9.0,5.0,104.0,62.0,53.0,26.0,17.0,1.0,2.0,13.0,5.0,103.0,57.0,46.0,32.0,17.0,2.0,2.0,18.0,2250.0,24.0,1710.0,2024
2024-6242,Winston-Salem,Hard,64,A,2024-08-19,291,200303,15.0,,Pavel Kotov,R,191.0,RUS,25.7,208260,,LL,Zachary Svajda,R,175.0,USA,21.7,3-6 6-3 6-4,3,R16,128.0,4.0,4.0,96.0,56.0,45.0,18.0,14.0,5.0,7.0,6.0,4.0,83.0,53.0,39.0,16.0,14.0,4.0,7.0,63.0,814.0,107.0,533.0,2024
2024-6242,Winston-Salem,Hard,64,A,2024-08-19,300,132283,10.0,,Lorenzo Sonego,R,191.0,ITA,29.2,210506,11.0,,Alex Michelsen,R,193.0,USA,19.9,6-0 6-3,3,F,63.0,4.0,2.0,41.0,31.0,27.0,5.0,8.0,0.0,0.0,1.0,1.0,43.0,27.0,12.0,9.0,7.0,4.0,8.0,58.0,886.0,52.0,960.0,2024
2024-6242,Winston-Salem,Hard,64,A,2024-08-19,271,111153,,WC,Christopher Eubanks,R,201.0,USA,28.2,200384,14.0,,Hugo Gaston,L,173.0,FRA,23.8,6-1 6-4,3,R32,56.0,6.0,2.0,49.0,33.0,29.0,10.0,9.0,1.0,1.0,2.0,1.0,49.0,29.0,18.0,9.0,8.0,4.0,7.0,120.0,495.0,61.0,830.0,2024
2024-6242,Winston-Salem,Hard,64,A,2024-08-19,272,210506,11.0,,Alex Michelsen,R,193.0,USA,19.9,105916,,,Marton Fucsovics,R,188.0,HUN,32.5,7-6(3) 6-4,3,R32,113.0,1.0,2.0,72.0,52.0,33.0,13.0,11.0,0.0,1.0,5.0,0.0,83.0,62.0,41.0,8.0,11.0,3.0,5.0,52.0,960.0,79.0,701.0,2024
2024-6242,Winston-Salem,Hard,64,A,2024-08-19,273,200267,,,Zizou Bergs,R,185.0,BEL,25.2,144869,6.0,,Tomas Martin Etcheverry,R,196.0,ARG,25.0,4-6 7-5 6-3,3,R32,158.0,4.0,2.0,94.0,58.0,40.0,24.0,16.0,4.0,6.0,4.0,4.0,94.0,56.0,39.0,20.0,15.0,6.0,9.0,85.0,672.0,34.0,1335.0,2024
2024-6242,Winston-Salem,Hard,64,A,2024-08-19,274,126846,,,Aleksandar Vukic,R,188.0,AUS,28.3,105173,4.0,,Adrian Mannarino,L,180.0,FRA,36.1,7-6(5) 2-6 6-1,3,R32,119.0,15.0,2.0,82.0,44.0,37.0,19.0,14.0,2.0,5.0,9.0,3.0,83.0,51.0,39.0,14.0,13.0,3.0,6.0,94.0,604.0,42.0,1170.0,2024
2024-6242,Winston-Salem,Hard,64,A,2024-08-19,275,105807,,WC,Pablo Carreno Busta,R,188.0,ESP,33.1,207686,13.0,,Alexander Shevchenko,R,185.0,KAZ,23.7,6-2 6-2,3,R32,69.0,2.0,3.0,53.0,23.0,20.0,15.0,8.0,3.0,4.0,2.0,3.0,50.0,24.0,15.0,8.0,8.0,4.0,9.0,299.0,177.0,60.0,855.0,2024
2024-6242,Winston-Salem,Hard,64,A,2024-08-19,276,210530,,Q,Learner Tien,L,180.0,USA,18.7,206681,9.0,,Fabian Marozsan,R,193.0,HUN,24.8,6-2 6-7(1) 7-6(2),3,R32,129.0,3.0,0.0,97.0,70.0,44.0,16.0,16.0,5.0,9.0,5.0,7.0,113.0,74.0,49.0,13.0,16.0,8.0,14.0,230.0,251.0,49.0,1090.0,2024
2024-6242,Winston-Salem,Hard,64,A,2024-08-19,277,205734,,,Thiago Seyboth Wild,R,185.0,BRA,24.4,132686,8.0,,Nuno Borges,R,185.0,POR,27.4,7-6(2) 6-2,3,R32,88.0,3.0,1.0,62.0,42.0,29.0,11.0,10.0,3.0,5.0,4.0,2.0,58.0,35.0,23.0,8.0,10.0,0.0,4.0,69.0,765.0,35.0,1325.0,2024
2024-6242,Winston-Salem,Hard,64,A,2024-08-19,278,209992,,,Juncheng Shang,L,180.0,CHN,19.5,208363,7.0,,Mariano Navone,R,178.0,ARG,23.4,7-5 6-3,3,R32,92.0,1.0,4.0,60.0,36.0,23.0,15.0,10.0,2.0,4.0,3.0,4.0,70.0,38.0,25.0,11.0,11.0,5.0,10.0,77.0,729.0,37.0,1303.0,2024
2024-6242,Winston-Salem,Hard,64,A,2024-08-19,279,132283,10.0,,Lorenzo Sonego,R,191.0,ITA,29.2,208502,,PR,Dominic Stricker,L,183.0,SUI,22.0,6-4 6-1,3,R32,80.0,7.0,1.0,67.0,41.0,32.0,12.0,9.0,8.0,8.0,3.0,2.0,42.0,23.0,16.0,7.0,8.0,1.0,4.0,58.0,886.0,181.0,332.0,2024
2024-6242,Winston-Salem,Hard,64,A,2024-08-19,270,126128,17.0,,Roman Safiullin,R,185.0,RUS,27.0,144895,,,Corentin Moutet,L,180.0,FRA,25.3,6-1 7-5,3,R32,79.0,2.0,3.0,59.0,40.0,29.0,11.0,10.0,2.0,3.0,1.0,1.0,51.0,39.0,25.0,3.0,9.0,1.0,5.0,59.0,885.0,68.0,767.0,2024
2024-6242,Winston-Salem,Hard,64,A,2024-08-19,280,200303,15.0,,Pavel Kotov,R,191.0,RUS,25.7,124186,,Alt,Alexandre Muller,R,183.0,FRA,27.5,6-4 5-7 6-2,3,R32,150.0,12.0,5.0,92.0,51.0,43.0,16.0,15.0,8.0,11.0,1.0,3.0,97.0,66.0,43.0,12.0,15.0,8.0,13.0,63.0,814.0,76.0,732.0,2024
2024-6242,Winston-Salem,Hard,64,A,2024-08-19,282,105676,,,David Goffin,R,180.0,BEL,33.7,209260,5.0,,Luciano Darderi,R,183.0,ITA,22.5,6-2 6-4,3,R32,77.0,9.0,3.0,58.0,35.0,26.0,11.0,9.0,4.0,6.0,5.0,6.0,57.0,31.0,21.0,6.0,9.0,3.0,8.0,90.0,635.0,38.0,1291.0,2024
2024-6242,Winston-Salem,Hard,64,A,2024-08-19,283,126239,12.0,,Arthur Rinderknech,R,196.0,FRA,29.0,106331,,,Christopher Oconnell,R,183.0,AUS,30.2,6-3 6-4,3,R32,88.0,7.0,0.0,49.0,33.0,25.0,9.0,9.0,3.0,4.0,3.0,3.0,67.0,39.0,26.0,11.0,10.0,5.0,9.0,56.0,903.0,86.0,668.0,2024
2024-6242,Winston-Salem,Hard,64,A,2024-08-19,284,208014,16.0,,Rinky Hijikata,R,178.0,AUS,23.4,209070,,,Arthur Cazaux,R,183.0,FRA,21.9,4-6 6-3 7-6(4),3,R32,163.0,2.0,0.0,99.0,57.0,37.0,23.0,15.0,6.0,10.0,10.0,2.0,96.0,53.0,35.0,23.0,16.0,8.0,13.0,65.0,811.0,97.0,596.0,2024
2024-6242,Winston-Salem,Hard,64,A,2024-08-19,285,106432,,,Borna Coric,R,188.0,CRO,27.7,202104,1.0,,Sebastian Baez,R,170.0,ARG,23.6,6-3 6-4,3,R32,81.0,7.0,2.0,61.0,34.0,30.0,10.0,10.0,2.0,3.0,1.0,0.0,49.0,39.0,24.0,6.0,9.0,1.0,4.0,87.0,647.0,21.0,2040.0,2024
2024-6242,Winston-Salem,Hard,64,A,2024-08-19,286,111153,,WC,Christopher Eubanks,R,201.0,USA,28.2,126128,17.0,,Roman Safiullin,R,185.0,RUS,27.0,6-3 1-6 7-6(8),3,R16,126.0,16.0,5.0,103.0,74.0,53.0,15.0,14.0,9.0,11.0,7.0,5.0,94.0,60.0,48.0,18.0,14.0,3.0,4.0,120.0,495.0,59.0,885.0,2024
2024-6242,Winston-Salem,Hard,64,A,2024-08-19,287,210506,11.0,,Alex Michelsen,R,193.0,USA,19.9,200267,,,Zizou Bergs,R,185.0,BEL,25.2,6-1 6-2,3,R16,76.0,2.0,2.0,53.0,37.0,28.0,8.0,8.0,3.0,3.0,0.0,5.0,52.0,21.0,15.0,11.0,7.0,5.0,9.0,52.0,960.0,85.0,672.0,2024
2024-6242,Winston-Salem,Hard,64,A,2024-08-19,288,105807,,WC,Pablo Carreno Busta,R,188.0,ESP,33.1,126846,,,Aleksandar Vukic,R,188.0,AUS,28.3,6-3 4-6 6-3,3,R16,116.0,3.0,3.0,80.0,56.0,42.0,13.0,14.0,4.0,7.0,10.0,6.0,87.0,39.0,29.0,19.0,14.0,3.0,8.0,299.0,177.0,94.0,604.0,2024
2024-6242,Winston-Salem,Hard,64,A,2024-08-19,289,210530,,Q,Learner Tien,L,180.0,USA,18.7,205734,,,Thiago Seyboth Wild,R,185.0,BRA,24.4,6-4 6-3,3,R16,88.0,1.0,1.0,63.0,49.0,33.0,10.0,10.0,2.0,3.0,0.0,1.0,63.0,40.0,25.0,11.0,9.0,7.0,10.0,230.0,251.0,69.0,765.0,2024
2024-6242,Winston-Salem,Hard,64,A,2024-08-19,290,132283,10.0,,Lorenzo Sonego,R,191.0,ITA,29.2,209992,,,Juncheng Shang,L,180.0,CHN,19.5,W/O,3,R16,,,,,,,,,,,,,,,,,,,,58.0,886.0,77.0,729.0,2024
2024-6242,Winston-Salem,Hard,64,A,2024-08-19,281,208260,,LL,Zachary Svajda,R,175.0,USA,21.7,202103,3.0,,Francisco Cerundolo,R,185.0,ARG,26.0,6-4 6-4,3,R32,94.0,2.0,0.0,69.0,46.0,34.0,14.0,10.0,7.0,8.0,1.0,5.0,67.0,34.0,24.0,16.0,10.0,5.0,8.0,107.0,533.0,29.0,1495.0,2024
2024-6242,Winston-Salem,Hard,64,A,2024-08-19,292,105676,,,David Goffin,R,180.0,BEL,33.7,126239,12.0,,Arthur Rinderknech,R,196.0,FRA,29.0,6-3 6-3,3,R16,81.0,2.0,1.0,47.0,31.0,26.0,11.0,9.0,0.0,0.0,8.0,2.0,66.0,40.0,30.0,8.0,9.0,9.0,12.0,90.0,635.0,56.0,903.0,2024
2024-6242,Winston-Salem,Hard,64,A,2024-08-19,268,106432,,,Borna Coric,R,188.0,CRO,27.7,111576,,,Sumit Nagal,R,178.0,IND,27.0,6-4 6-2,3,R64,70.0,7.0,2.0,48.0,27.0,24.0,11.0,9.0,0.0,1.0,3.0,1.0,50.0,35.0,17.0,11.0,9.0,1.0,5.0,87.0,647.0,72.0,747.0,2024
2024-6242,Winston-Salem,Hard,64,A,2024-08-19,264,106331,,,Christopher Oconnell,R,183.0,AUS,30.2,126177,,Q,Strong Kirchheimer,R,185.0,USA,29.3,7-5 6-4,3,R64,98.0,5.0,3.0,62.0,37.0,32.0,15.0,11.0,3.0,3.0,5.0,2.0,70.0,40.0,27.0,18.0,11.0,2.0,4.0,86.0,668.0,511.0,77.0,2024
2024-6242,Winston-Salem,Hard,64,A,2024-08-19,299,132283,10.0,,Lorenzo Sonego,R,191.0,ITA,29.2,105676,,,David Goffin,R,180.0,BEL,33.7,6-3 6-2,3,SF,79.0,2.0,0.0,51.0,32.0,24.0,13.0,9.0,0.0,0.0,0.0,3.0,50.0,22.0,17.0,11.0,8.0,3.0,6.0,58.0,886.0,90.0,635.0,2024
2024-6242,Winston-Salem,Hard,64,A,2024-08-19,298,210506,11.0,,Alex Michelsen,R,193.0,USA,19.9,105807,,WC,Pablo Carreno Busta,R,188.0,ESP,33.1,7-6(5) 2-1 RET,3,SF,74.0,2.0,0.0,46.0,31.0,22.0,6.0,7.0,0.0,2.0,0.0,5.0,60.0,38.0,24.0,9.0,8.0,4.0,7.0,52.0,960.0,299.0,177.0,2024
2024-6242,Winston-Salem,Hard,64,A,2024-08-19,297,105676,,,David Goffin,R,180.0,BEL,33.7,208014,16.0,,Rinky Hijikata,R,178.0,AUS,23.4,6-1 6-3,3,QF,63.0,6.0,1.0,45.0,28.0,21.0,14.0,8.0,1.0,1.0,1.0,1.0,46.0,21.0,13.0,10.0,8.0,4.0,8.0,90.0,635.0,65.0,811.0,2024
2024-6242,Winston-Salem,Hard,64,A,2024-08-19,296,132283,10.0,,Lorenzo Sonego,R,191.0,ITA,29.2,200303,15.0,,Pavel Kotov,R,191.0,RUS,25.7,6-3 7-5,3,QF,102.0,6.0,1.0,62.0,48.0,37.0,7.0,11.0,5.0,6.0,3.0,1.0,77.0,51.0,33.0,10.0,10.0,11.0,14.0,58.0,886.0,63.0,814.0,2024
2024-6242,Winston-Salem,Hard,64,A,2024-08-19,295,105807,,WC,Pablo Carreno Busta,R,188.0,ESP,33.1,210530,,Q,Learner Tien,L,180.0,USA,18.7,6-4 6-2,3,QF,85.0,2.0,0.0,67.0,47.0,30.0,13.0,9.0,4.0,5.0,4.0,0.0,54.0,39.0,21.0,8.0,9.0,5.0,9.0,299.0,177.0,230.0,251.0,2024
2024-6242,Winston-Salem,Hard,64,A,2024-08-19,294,210506,11.0,,Alex Michelsen,R,193.0,USA,19.9,111153,,WC,Christopher Eubanks,R,201.0,USA,28.2,7-5 6-7(6) 7-6(5),3,QF,149.0,8.0,2.0,111.0,79.0,61.0,16.0,18.0,3.0,6.0,7.0,5.0,109.0,69.0,50.0,21.0,18.0,1.0,5.0,52.0,960.0,120.0,495.0,2024
2024-6242,Winston-Salem,Hard,64,A,2024-08-19,293,208014,16.0,,Rinky Hijikata,R,178.0,AUS,23.4,106432,,,Borna Coric,R,188.0,CRO,27.7,3-6 6-3 7-5,3,R16,157.0,7.0,3.0,104.0,66.0,47.0,22.0,15.0,6.0,8.0,8.0,1.0,95.0,63.0,40.0,20.0,15.0,2.0,5.0,65.0,811.0,87.0,647.0,2024
2024-6242,Winston-Salem,Hard,64,A,2024-08-19,239,144895,,,Corentin Moutet,L,180.0,FRA,25.3,200711,,,Nicolas Mejia,R,183.0,COL,24.5,7-6(5) 6-1,3,R64,100.0,3.0,1.0,67.0,47.0,29.0,10.0,10.0,3.0,6.0,1.0,2.0,64.0,40.0,22.0,7.0,9.0,3.0,8.0,68.0,767.0,235.0,245.0,2024
2024-6242,Winston-Salem,Hard,64,A,2024-08-19,267,209070,,,Arthur Cazaux,R,183.0,FRA,21.9,122298,,,Botic Van De Zandschulp,R,191.0,NED,28.8,6-1 7-6(3),3,R64,100.0,4.0,4.0,62.0,33.0,26.0,15.0,10.0,1.0,3.0,3.0,4.0,64.0,39.0,20.0,13.0,9.0,7.0,11.0,97.0,596.0,73.0,739.0,2024
2024-6242,Winston-Salem,Hard,64,A,2024-08-19,243,105916,,,Marton Fucsovics,R,188.0,HUN,32.5,106121,,,Taro Daniel,R,191.0,JPN,31.5,4-6 6-1 6-2,3,R64,114.0,5.0,3.0,69.0,43.0,36.0,14.0,13.0,1.0,2.0,0.0,3.0,79.0,40.0,26.0,19.0,12.0,6.0,10.0,79.0,701.0,88.0,639.0,2024
2024-6242,Winston-Salem,Hard,64,A,2024-08-19,240,111153,,WC,Christopher Eubanks,R,201.0,USA,28.2,200443,,,Adam Walton,R,183.0,AUS,25.3,2-6 7-5 6-4,3,R64,124.0,14.0,6.0,89.0,47.0,38.0,23.0,15.0,2.0,4.0,7.0,2.0,91.0,56.0,41.0,18.0,15.0,4.0,6.0,120.0,495.0,96.0,601.0,2024
2024-6242,Winston-Salem,Hard,64,A,2024-08-19,247,126846,,,Aleksandar Vukic,R,188.0,AUS,28.3,105554,,,Daniel Evans,R,175.0,GBR,34.2,2-6 6-4 6-1,3,R64,118.0,11.0,1.0,56.0,38.0,34.0,9.0,12.0,1.0,3.0,5.0,6.0,96.0,45.0,30.0,25.0,13.0,11.0,15.0,94.0,604.0,186.0,324.0,2024
2024-6242,Winston-Salem,Hard,64,A,2024-08-19,248,105807,,WC,Pablo Carreno Busta,R,188.0,ESP,33.1,208300,,Q,Omni Kumar,L,173.0,USA,22.8,6-2 6-0,3,R64,57.0,6.0,3.0,47.0,26.0,20.0,12.0,7.0,4.0,4.0,1.0,4.0,40.0,24.0,13.0,4.0,7.0,2.0,7.0,299.0,177.0,433.0,101.0,2024
2024-6242,Winston-Salem,Hard,64,A,2024-08-19,251,210530,,Q,Learner Tien,L,180.0,USA,18.7,209262,,Q,Tristan Schoolkate,R,183.0,AUS,23.4,3-6 6-2 6-3,3,R64,116.0,4.0,3.0,82.0,52.0,34.0,18.0,13.0,6.0,8.0,13.0,1.0,81.0,49.0,36.0,13.0,13.0,7.0,11.0,230.0,251.0,195.0,306.0,2024
2024-6242,Winston-Salem,Hard,64,A,2024-08-19,252,205734,,,Thiago Seyboth Wild,R,185.0,BRA,24.4,105902,,,James Duckworth,R,183.0,AUS,32.5,3-6 6-3 6-4,3,R64,121.0,5.0,2.0,79.0,52.0,40.0,17.0,14.0,2.0,3.0,5.0,1.0,83.0,48.0,33.0,22.0,14.0,3.0,5.0,69.0,765.0,70.0,764.0,2024
2024-6242,Winston-Salem,Hard,64,A,2024-08-19,255,209992,,,Juncheng Shang,L,180.0,CHN,19.5,207681,,,Francisco Comesana,R,178.0,ARG,23.8,6-2 6-1,3,R64,68.0,4.0,2.0,46.0,30.0,24.0,10.0,8.0,1.0,1.0,2.0,2.0,48.0,31.0,19.0,5.0,7.0,3.0,7.0,77.0,729.0,108.0,532.0,2024
2024-6242,Winston-Salem,Hard,64,A,2024-08-19,256,208502,,PR,Dominic Stricker,L,183.0,SUI,22.0,105948,,,Federico Coria,R,180.0,ARG,32.4,7-5 6-2,3,R64,84.0,10.0,4.0,60.0,36.0,30.0,13.0,10.0,1.0,1.0,5.0,2.0,70.0,47.0,28.0,12.0,10.0,3.0,6.0,181.0,332.0,78.0,714.0,2024
2024-6242,Winston-Salem,Hard,64,A,2024-08-19,259,124186,,Alt,Alexandre Muller,R,183.0,FRA,27.5,106005,,,Constant Lestienne,R,180.0,FRA,32.2,6-3 6-2,3,R64,77.0,3.0,1.0,49.0,34.0,25.0,10.0,9.0,2.0,3.0,5.0,2.0,54.0,25.0,17.0,11.0,8.0,2.0,6.0,76.0,732.0,110.0,527.0,2024
2024-6242,Winston-Salem,Hard,64,A,2024-08-19,260,208260,,LL,Zachary Svajda,R,175.0,USA,21.7,111513,,,Laslo Djere,R,188.0,SRB,29.2,6-4 6-1,3,R64,65.0,3.0,0.0,57.0,38.0,26.0,13.0,9.0,2.0,3.0,5.0,1.0,43.0,31.0,20.0,2.0,8.0,0.0,4.0,107.0,533.0,100.0,566.0,2024
2024-6242,Winston-Salem,Hard,64,A,2024-08-19,263,105676,,,David Goffin,R,180.0,BEL,33.7,144719,,,Jaume Munar,R,183.0,ESP,27.2,7-5 4-6 6-3,3,R64,154.0,5.0,3.0,100.0,56.0,37.0,26.0,15.0,9.0,12.0,9.0,1.0,97.0,63.0,44.0,14.0,16.0,6.0,11.0,90.0,635.0,82.0,682.0,2024
2024-6242,Winston-Salem,Hard,64,A,2024-08-19,244,200267,,,Zizou Bergs,R,185.0,BEL,25.2,124187,,WC,Reilly Opelka,R,211.0,USA,26.9,6-4 3-6 7-6(1),3,R64,140.0,6.0,4.0,92.0,61.0,45.0,22.0,15.0,3.0,4.0,14.0,7.0,97.0,59.0,47.0,21.0,16.0,1.0,2.0,85.0,672.0,322.0,157.0,2024
2024-560,Us Open,Hard,128,G,2024-08-26,224,206173,1.0,,Jannik Sinner,R,191.0,ITA,23.0,207733,25.0,,Jack Draper,L,193.0,GBR,22.6,7-5 7-6(3) 6-2,5,SF,183.0,11.0,2.0,96.0,62.0,48.0,25.0,16.0,3.0,4.0,8.0,10.0,131.0,64.0,43.0,32.0,16.0,7.0,11.0,1.0,9360.0,25.0,1695.0,2024
2024-560,Us Open,Hard,128,G,2024-08-26,226,206173,1.0,,Jannik Sinner,R,191.0,ITA,23.0,126203,12.0,,Taylor Fritz,R,196.0,USA,26.8,6-3 6-4 7-5,5,F,136.0,6.0,5.0,85.0,43.0,38.0,20.0,15.0,5.0,7.0,10.0,4.0,90.0,53.0,36.0,16.0,16.0,6.0,12.0,1.0,9360.0,12.0,3120.0,2024
2024-560,Us Open,Hard,128,G,2024-08-26,225,126203,12.0,,Taylor Fritz,R,196.0,USA,26.8,126207,20.0,,Frances Tiafoe,R,188.0,USA,26.5,4-6 7-5 4-6 6-4 6-1,5,SF,198.0,16.0,3.0,131.0,76.0,57.0,36.0,25.0,1.0,5.0,11.0,9.0,131.0,71.0,57.0,27.0,24.0,5.0,11.0,12.0,3120.0,20.0,2120.0,2024
2024-560,Us Open,Hard,128,G,2024-08-26,223,126207,20.0,,Frances Tiafoe,R,188.0,USA,26.5,105777,9.0,,Grigor Dimitrov,R,191.0,BUL,33.2,6-3 6-7(5) 6-3 4-1 RET,5,QF,184.0,3.0,5.0,107.0,53.0,39.0,36.0,17.0,3.0,4.0,8.0,11.0,130.0,71.0,53.0,22.0,18.0,8.0,14.0,20.0,2120.0,9.0,3655.0,2024
2024-560,Us Open,Hard,128,G,2024-08-26,144,202103,29.0,,Francisco Cerundolo,R,185.0,ARG,26.0,124116,,,Sebastian Ofner,R,191.0,AUT,28.2,5-7 6-4 6-4 6-2,5,R128,146.0,5.0,11.0,116.0,65.0,48.0,28.0,20.0,3.0,6.0,12.0,9.0,123.0,67.0,47.0,25.0,20.0,5.0,11.0,29.0,1495.0,58.0,904.0,2024
2024-560,Us Open,Hard,128,G,2024-08-26,221,207733,25.0,,Jack Draper,L,193.0,GBR,22.6,200282,10.0,,Alex De Minaur,R,183.0,AUS,25.5,6-3 7-5 6-2,5,QF,127.0,11.0,4.0,89.0,50.0,42.0,19.0,15.0,5.0,7.0,7.0,2.0,92.0,48.0,32.0,16.0,14.0,14.0,20.0,25.0,1695.0,10.0,3435.0,2024
2024-560,Us Open,Hard,128,G,2024-08-26,166,209113,,Q,Gabriel Diallo,R,203.0,CAN,22.9,209950,24.0,,Arthur Fils,R,185.0,FRA,20.2,7-5 6-7(3) 6-4 6-4,5,R64,209.0,12.0,5.0,129.0,74.0,57.0,32.0,22.0,1.0,3.0,12.0,3.0,136.0,77.0,53.0,32.0,22.0,5.0,10.0,143.0,413.0,24.0,1770.0,2024
2024-560,Us Open,Hard,128,G,2024-08-26,165,106331,,,Christopher Oconnell,R,183.0,AUS,30.2,208233,,Q,Mattia Bellucci,L,175.0,ITA,23.2,6-3 6-4 3-6 6-3,5,R64,168.0,17.0,2.0,105.0,56.0,47.0,28.0,19.0,1.0,3.0,23.0,9.0,138.0,95.0,67.0,17.0,18.0,14.0,18.0,87.0,671.0,101.0,555.0,2024
2024-560,Us Open,Hard,128,G,2024-08-26,164,206173,1.0,,Jannik Sinner,R,191.0,ITA,23.0,210506,,,Alex Michelsen,R,193.0,USA,20.0,6-4 6-0 6-2,5,R64,99.0,3.0,2.0,65.0,37.0,30.0,15.0,12.0,3.0,5.0,3.0,5.0,73.0,43.0,28.0,5.0,12.0,8.0,16.0,1.0,9360.0,49.0,1115.0,2024
2024-560,Us Open,Hard,128,G,2024-08-26,163,104925,2.0,,Novak Djokovic,R,188.0,SRB,37.2,105430,,Q,Radu Albot,R,175.0,MDA,34.7,6-2 6-2 6-4,5,R128,127.0,8.0,10.0,83.0,39.0,29.0,25.0,13.0,2.0,3.0,2.0,3.0,93.0,67.0,39.0,10.0,13.0,10.0,16.0,2.0,7460.0,138.0,424.0,2024
2024-560,Us Open,Hard,128,G,2024-08-26,162,111513,,,Laslo Djere,R,188.0,SRB,29.2,105526,,,Jan Lennard Struff,R,193.0,GER,34.3,6-7(7) 6-1 6-7(7) 6-4 6-2,5,R128,233.0,16.0,14.0,176.0,100.0,73.0,32.0,24.0,8.0,12.0,11.0,20.0,162.0,86.0,66.0,24.0,25.0,8.0,18.0,109.0,531.0,35.0,1320.0,2024
2024-560,Us Open,Hard,128,G,2024-08-26,161,124079,,,Pedro Martinez,R,185.0,ESP,27.3,209874,,Q,Maks Kasnikowski,R,180.0,POL,21.1,6-7(6) 6-1 6-2 3-6 7-6(6),5,R128,261.0,9.0,12.0,153.0,92.0,63.0,35.0,24.0,4.0,9.0,6.0,5.0,165.0,97.0,60.0,31.0,24.0,8.0,16.0,43.0,1168.0,194.0,308.0,2024
2024-560,Us Open,Hard,128,G,2024-08-26,160,200615,28.0,,Alexei Popyrin,R,196.0,AUS,25.0,126952,,,Soon Woo Kwon,R,180.0,KOR,26.7,7-5 6-2 6-3,5,R128,121.0,14.0,5.0,74.0,37.0,34.0,22.0,14.0,4.0,5.0,6.0,13.0,95.0,52.0,35.0,15.0,15.0,4.0,10.0,28.0,1635.0,340.0,145.0,2024
2024-560,Us Open,Hard,128,G,2024-08-26,159,126207,20.0,,Frances Tiafoe,R,188.0,USA,26.5,206499,,,Aleksandar Kovacevic,R,183.0,USA,25.9,6-4 6-3 4-6 7-5,5,R128,196.0,18.0,5.0,131.0,76.0,61.0,29.0,21.0,6.0,8.0,25.0,6.0,135.0,71.0,54.0,27.0,20.0,10.0,14.0,20.0,2120.0,76.0,738.0,2024
2024-560,Us Open,Hard,128,G,2024-08-26,158,207686,,,Alexander Shevchenko,R,185.0,KAZ,23.7,136440,,,Dominik Koepfer,L,180.0,GER,30.3,6-3 7-5 5-7 6-2,5,R128,174.0,9.0,8.0,127.0,77.0,49.0,29.0,21.0,5.0,9.0,1.0,8.0,133.0,84.0,53.0,20.0,20.0,9.0,16.0,61.0,855.0,83.0,686.0,2024
2024-560,Us Open,Hard,128,G,2024-08-26,157,105138,,,Roberto Bautista Agut,R,183.0,ESP,36.3,208134,,,Luca Nardi,R,185.0,ITA,21.0,7-5 7-6(3) 7-6(5),5,R128,196.0,10.0,12.0,136.0,67.0,51.0,31.0,18.0,9.0,14.0,5.0,11.0,124.0,65.0,45.0,25.0,18.0,5.0,11.0,67.0,791.0,90.0,612.0,2024
2024-560,Us Open,Hard,128,G,2024-08-26,156,210097,13.0,,Ben Shelton,L,193.0,USA,21.8,106233,,WC,Dominic Thiem,R,185.0,AUT,30.9,6-4 6-2 6-2,5,R128,110.0,8.0,2.0,61.0,45.0,41.0,12.0,13.0,1.0,1.0,2.0,7.0,93.0,43.0,29.0,22.0,13.0,6.0,11.0,13.0,3110.0,210.0,283.0,2024
2024-560,Us Open,Hard,128,G,2024-08-26,155,105777,9.0,,Grigor Dimitrov,R,191.0,BUL,33.2,208021,,Q,Kyrian Jacquet,R,178.0,FRA,23.2,6-3 6-4 6-2,5,R128,105.0,11.0,7.0,80.0,38.0,33.0,22.0,13.0,5.0,6.0,1.0,2.0,89.0,60.0,32.0,14.0,14.0,10.0,16.0,9.0,3655.0,209.0,285.0,2024
2024-560,Us Open,Hard,128,G,2024-08-26,154,208014,,,Rinky Hijikata,R,178.0,AUS,23.5,200221,,,Alejandro Davidovich Fokina,R,183.0,ESP,25.2,7-6(1) 3-6 6-4 6-3,5,R128,197.0,8.0,8.0,133.0,71.0,50.0,28.0,20.0,9.0,16.0,6.0,6.0,145.0,92.0,57.0,23.0,20.0,8.0,16.0,62.0,848.0,59.0,900.0,2024
2024-560,Us Open,Hard,128,G,2024-08-26,153,134868,,,Tallon Griekspoor,R,188.0,NED,28.1,111576,,,Sumit Nagal,R,178.0,IND,27.0,6-1 6-3 7-6(6),5,R128,140.0,10.0,5.0,82.0,45.0,39.0,20.0,14.0,1.0,3.0,2.0,5.0,94.0,62.0,38.0,15.0,14.0,5.0,11.0,40.0,1210.0,73.0,747.0,2024
2024-560,Us Open,Hard,128,G,2024-08-26,152,202104,21.0,,Sebastian Baez,R,170.0,ARG,23.6,209260,,,Luciano Darderi,R,183.0,ITA,22.5,6-4 6-7(3) 6-0 7-6(4),5,R128,214.0,6.0,3.0,149.0,104.0,66.0,26.0,20.0,12.0,15.0,10.0,9.0,138.0,69.0,44.0,35.0,20.0,10.0,17.0,23.0,1800.0,37.0,1291.0,2024
2024-560,Us Open,Hard,128,G,2024-08-26,151,208103,32.0,,Jiri Lehecka,R,185.0,CZE,22.7,105916,,,Marton Fucsovics,R,188.0,HUN,32.5,1-6 6-4 6-3 3-0 RET,5,R128,142.0,5.0,5.0,90.0,47.0,36.0,23.0,14.0,5.0,7.0,11.0,8.0,94.0,52.0,33.0,24.0,15.0,8.0,12.0,38.0,1255.0,81.0,694.0,2024
2024-560,Us Open,Hard,128,G,2024-08-26,150,106283,,Q,Mitchell Krueger,R,188.0,USA,30.6,126409,,Q,Hugo Grenier,R,196.0,FRA,28.4,4-6 6-3 6-4 7-5,5,R128,217.0,10.0,5.0,136.0,72.0,51.0,38.0,21.0,4.0,7.0,19.0,10.0,141.0,81.0,57.0,24.0,20.0,5.0,10.0,179.0,332.0,173.0,341.0,2024
2024-560,Us Open,Hard,128,G,2024-08-26,149,126239,,,Arthur Rinderknech,R,196.0,FRA,29.0,111153,,WC,Christopher Eubanks,R,201.0,USA,28.3,6-4 4-6 3-6 6-3 7-6(8),5,R128,229.0,21.0,4.0,146.0,88.0,70.0,37.0,25.0,2.0,4.0,17.0,7.0,173.0,111.0,85.0,33.0,25.0,7.0,9.0,56.0,915.0,106.0,545.0,2024
2024-560,Us Open,Hard,128,G,2024-08-26,148,126094,6.0,,Andrey Rublev,R,188.0,RUS,26.8,205734,,,Thiago Seyboth Wild,R,185.0,BRA,24.4,6-3 7-6(3) 7-5,5,R128,140.0,16.0,4.0,86.0,52.0,41.0,27.0,16.0,1.0,2.0,6.0,8.0,105.0,54.0,38.0,27.0,17.0,2.0,6.0,6.0,4805.0,68.0,790.0,2024
2024-560,Us Open,Hard,128,G,2024-08-26,167,126205,14.0,,Tommy Paul,R,185.0,USA,27.2,126845,,,Max Purcell,R,185.0,AUS,26.3,7-5 6-0 1-0 RET,5,R64,76.0,5.0,2.0,47.0,28.0,24.0,14.0,9.0,0.0,0.0,5.0,3.0,67.0,35.0,22.0,14.0,10.0,9.0,14.0,14.0,2985.0,97.0,585.0,2024
2024-560,Us Open,Hard,128,G,2024-08-26,147,100644,4.0,,Alexander Zverev,R,198.0,GER,27.3,109739,,LL,Maximilian Marterer,L,188.0,GER,29.1,6-2 6-7(5) 6-3 6-2,5,R128,173.0,21.0,6.0,115.0,68.0,54.0,27.0,19.0,6.0,7.0,7.0,5.0,117.0,74.0,45.0,21.0,18.0,10.0,16.0,4.0,7035.0,100.0,561.0,2024
2024-560,Us Open,Hard,128,G,2024-08-26,168,132686,,,Nuno Borges,R,185.0,POR,27.5,106423,,,Thanasi Kokkinakis,R,193.0,AUS,28.3,6-4 7-5 7-5,5,R64,169.0,9.0,3.0,100.0,58.0,45.0,28.0,17.0,5.0,6.0,10.0,6.0,114.0,51.0,43.0,26.0,17.0,8.0,12.0,34.0,1325.0,86.0,672.0,2024
2024-560,Us Open,Hard,128,G,2024-08-26,222,126203,12.0,,Taylor Fritz,R,196.0,USA,26.8,100644,4.0,,Alexander Zverev,R,198.0,GER,27.3,7-6(2) 3-6 6-4 7-6(3),5,QF,206.0,12.0,5.0,128.0,81.0,66.0,25.0,21.0,2.0,4.0,14.0,4.0,145.0,103.0,77.0,20.0,22.0,11.0,13.0,12.0,3120.0,4.0,7035.0,2024
2024-560,Us Open,Hard,128,G,2024-08-26,189,208103,32.0,,Jiri Lehecka,R,185.0,CZE,22.7,106283,,Q,Mitchell Krueger,R,188.0,USA,30.6,6-7(5) 0-6 6-4 6-4 7-5,5,R64,239.0,29.0,13.0,165.0,89.0,70.0,38.0,25.0,10.0,14.0,9.0,4.0,168.0,97.0,72.0,37.0,25.0,12.0,16.0,38.0,1255.0,179.0,332.0,2024
2024-560,Us Open,Hard,128,G,2024-08-26,188,126094,6.0,,Andrey Rublev,R,188.0,RUS,26.8,126239,,,Arthur Rinderknech,R,196.0,FRA,29.0,4-6 5-7 6-1 6-2 6-2,5,R64,246.0,26.0,8.0,165.0,89.0,68.0,35.0,23.0,19.0,24.0,18.0,7.0,145.0,78.0,53.0,26.0,22.0,14.0,23.0,6.0,4805.0,56.0,915.0,2024
2024-560,Us Open,Hard,128,G,2024-08-26,187,100644,4.0,,Alexander Zverev,R,198.0,GER,27.3,124186,,WC,Alexandre Muller,R,183.0,FRA,27.5,6-4 7-6(5) 6-1,5,R64,146.0,15.0,2.0,86.0,55.0,46.0,17.0,15.0,1.0,2.0,4.0,1.0,114.0,73.0,48.0,18.0,14.0,8.0,12.0,4.0,7035.0,77.0,732.0,2024
2024-560,Us Open,Hard,128,G,2024-08-26,186,144869,,,Tomas Martin Etcheverry,R,196.0,ARG,25.1,202103,29.0,,Francisco Cerundolo,R,185.0,ARG,26.0,6-3 4-6 6-4 1-6 6-3,5,R64,244.0,23.0,5.0,137.0,85.0,68.0,23.0,23.0,2.0,7.0,9.0,5.0,155.0,86.0,60.0,36.0,22.0,11.0,16.0,33.0,1335.0,29.0,1495.0,2024
2024-560,Us Open,Hard,128,G,2024-08-26,185,207518,18.0,,Lorenzo Musetti,R,185.0,ITA,22.4,200175,,,Miomir Kecmanovic,R,183.0,SRB,24.9,3-6 6-4 6-4 2-6 7-5,5,R64,227.0,12.0,9.0,153.0,100.0,67.0,25.0,25.0,11.0,18.0,4.0,8.0,157.0,83.0,59.0,36.0,24.0,7.0,13.0,18.0,2255.0,54.0,940.0,2024
2024-560,Us Open,Hard,128,G,2024-08-26,184,206909,,,Brandon Nakashima,R,188.0,USA,23.0,209070,,,Arthur Cazaux,R,183.0,FRA,22.0,6-4 6-4 6-2,5,R64,123.0,12.0,1.0,78.0,52.0,39.0,19.0,14.0,2.0,2.0,6.0,3.0,83.0,44.0,32.0,19.0,14.0,3.0,7.0,50.0,1105.0,91.0,609.0,2024
2024-560,Us Open,Hard,128,G,2024-08-26,183,126203,12.0,,Taylor Fritz,R,196.0,USA,26.8,126610,,,Matteo Berrettini,R,196.0,ITA,28.3,6-3 7-6(1) 6-1,5,R64,129.0,7.0,1.0,71.0,40.0,36.0,27.0,15.0,0.0,0.0,9.0,5.0,91.0,44.0,33.0,20.0,13.0,3.0,6.0,12.0,3120.0,44.0,1160.0,2024
2024-560,Us Open,Hard,128,G,2024-08-26,182,207681,,,Francisco Comesana,R,178.0,ARG,23.8,200005,17.0,,Ugo Humbert,L,188.0,FRA,26.1,5-7 6-4 6-4 6-4,5,R64,181.0,11.0,8.0,116.0,71.0,55.0,26.0,21.0,3.0,6.0,15.0,11.0,122.0,67.0,47.0,30.0,21.0,8.0,13.0,108.0,532.0,17.0,2330.0,2024
2024-560,Us Open,Hard,128,G,2024-08-26,181,209992,,,Juncheng Shang,L,180.0,CHN,19.5,106148,,,Roberto Carballes Baena,R,183.0,ESP,31.4,6-2 6-3 7-6(2),5,R64,164.0,5.0,2.0,88.0,45.0,40.0,22.0,14.0,4.0,5.0,3.0,8.0,115.0,65.0,37.0,26.0,15.0,12.0,17.0,72.0,754.0,55.0,916.0,2024
2024-560,Us Open,Hard,128,G,2024-08-26,180,134770,8.0,,Casper Ruud,R,183.0,NOR,25.6,104792,,,Gael Monfils,R,193.0,FRA,37.9,6-4 6-2 2-6 7-6(3),5,R64,175.0,7.0,1.0,107.0,72.0,52.0,21.0,19.0,0.0,4.0,14.0,13.0,120.0,61.0,46.0,27.0,19.0,5.0,10.0,8.0,3855.0,45.0,1155.0,2024
2024-560,Us Open,Hard,128,G,2024-08-26,179,111442,,,Jordan Thompson,R,183.0,AUS,30.3,128034,7.0,,Hubert Hurkacz,R,196.0,POL,27.5,7-6(2) 6-1 7-5,5,R64,143.0,13.0,2.0,104.0,51.0,42.0,26.0,16.0,5.0,7.0,6.0,2.0,92.0,53.0,33.0,19.0,15.0,5.0,10.0,32.0,1376.0,7.0,4055.0,2024
2024-560,Us Open,Hard,128,G,2024-08-26,178,208286,30.0,,Matteo Arnaldi,R,185.0,ITA,23.5,126128,,,Roman Safiullin,R,185.0,RUS,27.0,6-2 6-4 6-4,5,R64,124.0,7.0,3.0,86.0,56.0,42.0,17.0,14.0,2.0,3.0,3.0,3.0,83.0,49.0,29.0,18.0,14.0,4.0,9.0,30.0,1470.0,57.0,910.0,2024
2024-560,Us Open,Hard,128,G,2024-08-26,177,105554,,,Daniel Evans,R,175.0,GBR,34.2,208363,,,Mariano Navone,R,178.0,ARG,23.4,6-4 6-3 6-3,5,R64,157.0,3.0,4.0,87.0,48.0,38.0,19.0,14.0,5.0,8.0,5.0,3.0,103.0,59.0,35.0,16.0,14.0,9.0,16.0,184.0,324.0,36.0,1303.0,2024
2024-560,Us Open,Hard,128,G,2024-08-26,176,200282,10.0,,Alex De Minaur,R,183.0,AUS,25.5,202261,,Q,Otto Virtanen,R,193.0,FIN,23.1,7-5 6-1 7-6(3),5,R64,137.0,5.0,3.0,86.0,39.0,28.0,34.0,15.0,0.0,1.0,6.0,8.0,116.0,64.0,41.0,21.0,16.0,9.0,14.0,10.0,3435.0,125.0,476.0,2024
2024-560,Us Open,Hard,128,G,2024-08-26,175,207830,,,Tomas Machac,R,183.0,CZE,23.8,200624,16.0,,Sebastian Korda,R,196.0,USA,24.1,6-4 6-2 6-4,5,R64,125.0,4.0,4.0,94.0,58.0,39.0,22.0,14.0,6.0,8.0,6.0,4.0,89.0,51.0,28.0,20.0,14.0,5.0,11.0,39.0,1224.0,16.0,2545.0,2024
2024-560,Us Open,Hard,128,G,2024-08-26,174,105676,,,David Goffin,R,180.0,BEL,33.7,105173,,,Adrian Mannarino,L,180.0,FRA,36.1,6-7(8) 6-3 6-2 7-6(1),5,R64,227.0,9.0,10.0,146.0,86.0,61.0,26.0,21.0,12.0,19.0,5.0,7.0,145.0,73.0,41.0,34.0,20.0,16.0,26.0,78.0,725.0,42.0,1170.0,2024
2024-560,Us Open,Hard,128,G,2024-08-26,173,207733,25.0,,Jack Draper,L,193.0,GBR,22.6,207680,,,Facundo Diaz Acosta,L,183.0,ARG,23.6,6-4 6-2 6-2,5,R64,125.0,6.0,5.0,77.0,38.0,34.0,23.0,13.0,4.0,4.0,2.0,4.0,86.0,53.0,34.0,13.0,13.0,5.0,10.0,25.0,1695.0,64.0,827.0,2024
2024-560,Us Open,Hard,128,G,2024-08-26,172,122298,,,Botic Van De Zandschulp,R,191.0,NED,28.8,207989,3.0,,Carlos Alcaraz,R,183.0,ESP,21.3,6-1 7-5 6-4,5,R64,139.0,2.0,7.0,95.0,63.0,49.0,13.0,15.0,3.0,5.0,2.0,1.0,70.0,43.0,26.0,14.0,14.0,3.0,9.0,74.0,739.0,3.0,7360.0,2024
2024-560,Us Open,Hard,128,G,2024-08-26,171,106421,5.0,,Daniil Medvedev,R,198.0,RUS,28.5,206681,,,Fabian Marozsan,R,193.0,HUN,24.8,6-3 6-2 7-6(5),5,R64,124.0,8.0,10.0,95.0,45.0,30.0,27.0,14.0,2.0,6.0,2.0,3.0,99.0,64.0,41.0,10.0,15.0,6.0,14.0,5.0,6275.0,51.0,1090.0,2024
2024-560,Us Open,Hard,128,G,2024-08-26,169,210150,,,Jakub Mensik,R,193.0,CZE,18.9,209262,,WC,Tristan Schoolkate,R,183.0,AUS,23.4,6-7(4) 2-6 6-2 7-6(5) 7-6(3),5,R64,254.0,27.0,13.0,185.0,111.0,81.0,29.0,26.0,9.0,17.0,15.0,12.0,169.0,92.0,69.0,33.0,26.0,5.0,13.0,65.0,812.0,193.0,308.0,2024
2024-560,Us Open,Hard,128,G,2024-08-26,146,124186,,WC,Alexandre Muller,R,183.0,FRA,27.5,200443,,,Adam Walton,R,183.0,AUS,25.3,3-6 7-6(7) 6-3 6-4,5,R128,183.0,14.0,3.0,144.0,97.0,71.0,21.0,21.0,9.0,13.0,11.0,4.0,116.0,74.0,54.0,21.0,19.0,1.0,5.0,77.0,732.0,95.0,601.0,2024
2024-560,Us Open,Hard,128,G,2024-08-26,145,144869,,,Tomas Martin Etcheverry,R,196.0,ARG,25.1,208659,,,Giovanni Mpetshi Perricard,R,203.0,FRA,21.1,6-4 6-2 6-3,5,R128,118.0,10.0,0.0,62.0,45.0,39.0,14.0,13.0,0.0,0.0,15.0,14.0,97.0,52.0,36.0,18.0,14.0,9.0,14.0,33.0,1335.0,52.0,1062.0,2024
2024-560,Us Open,Hard,128,G,2024-08-26,143,207518,18.0,,Lorenzo Musetti,R,185.0,ITA,22.4,124187,,,Reilly Opelka,R,211.0,USA,26.9,7-6(3) 1-6 6-1 7-5,5,R128,174.0,7.0,6.0,114.0,57.0,43.0,36.0,19.0,3.0,6.0,23.0,10.0,135.0,81.0,59.0,21.0,19.0,7.0,11.0,18.0,2255.0,324.0,157.0,2024
2024-560,Us Open,Hard,128,G,2024-08-26,118,207680,,,Facundo Diaz Acosta,L,183.0,ARG,23.6,200384,,,Hugo Gaston,L,173.0,FRA,23.9,6-1 6-4 6-2,5,R128,107.0,3.0,2.0,68.0,41.0,31.0,20.0,13.0,3.0,4.0,2.0,4.0,76.0,35.0,19.0,18.0,12.0,5.0,11.0,64.0,827.0,63.0,830.0,2024
2024-560,Us Open,Hard,128,G,2024-08-26,117,122298,,,Botic Van De Zandschulp,R,191.0,NED,28.8,133430,,,Denis Shapovalov,L,185.0,CAN,25.3,6-4 7-5 6-4,5,R128,140.0,0.0,5.0,93.0,57.0,41.0,20.0,16.0,5.0,8.0,4.0,11.0,99.0,53.0,37.0,18.0,16.0,4.0,10.0,74.0,739.0,105.0,550.0,2024
2024-560,Us Open,Hard,128,G,2024-08-26,116,207989,3.0,,Carlos Alcaraz,R,183.0,ESP,21.3,111454,,Q,Li Tu,R,183.0,AUS,28.2,6-2 4-6 6-3 6-1,5,R128,162.0,8.0,4.0,90.0,55.0,44.0,23.0,17.0,4.0,6.0,2.0,6.0,121.0,67.0,40.0,23.0,17.0,12.0,19.0,3.0,7360.0,186.0,322.0,2024
2024-560,Us Open,Hard,128,G,2024-08-26,115,106421,5.0,,Daniil Medvedev,R,198.0,RUS,28.5,105583,,,Dusan Lajovic,R,183.0,SRB,34.1,6-3 3-6 6-3 6-1,5,R128,153.0,14.0,11.0,125.0,70.0,53.0,26.0,17.0,6.0,8.0,1.0,2.0,107.0,70.0,45.0,18.0,17.0,5.0,11.0,5.0,6275.0,66.0,811.0,2024
2024-560,Us Open,Hard,128,G,2024-08-26,114,206681,,,Fabian Marozsan,R,193.0,HUN,24.8,209098,,Q,Hamad Medjedovic,R,188.0,SRB,21.1,2-6 6-1 3-6 6-1 6-4,5,R128,196.0,18.0,10.0,133.0,75.0,57.0,32.0,21.0,6.0,9.0,17.0,9.0,132.0,81.0,62.0,20.0,21.0,10.0,15.0,51.0,1090.0,137.0,431.0,2024
2024-560,Us Open,Hard,128,G,2024-08-26,113,200267,,,Zizou Bergs,R,185.0,BEL,25.2,200303,,,Pavel Kotov,R,191.0,RUS,25.7,6-2 4-6 6-2 3-6 7-6(7),5,R128,263.0,8.0,5.0,148.0,86.0,60.0,30.0,23.0,6.0,12.0,9.0,6.0,174.0,100.0,65.0,33.0,24.0,14.0,22.0,80.0,697.0,60.0,864.0,2024
2024-560,Us Open,Hard,128,G,2024-08-26,112,207925,31.0,,Flavio Cobolli,R,183.0,ITA,22.3,105902,,,James Duckworth,R,183.0,AUS,32.5,6-1 4-6 6-4 6-4,5,R128,156.0,11.0,5.0,120.0,61.0,48.0,32.0,18.0,6.0,8.0,5.0,7.0,117.0,63.0,44.0,23.0,19.0,4.0,10.0,31.0,1418.0,70.0,764.0,2024
2024-560,Us Open,Hard,128,G,2024-08-26,111,210150,,,Jakub Mensik,R,193.0,CZE,18.9,200000,19.0,,Felix Auger Aliassime,R,193.0,CAN,24.0,6-2 6-4 6-2,5,R128,123.0,8.0,5.0,86.0,44.0,39.0,17.0,13.0,1.0,2.0,7.0,10.0,78.0,41.0,28.0,14.0,13.0,10.0,16.0,65.0,812.0,19.0,2170.0,2024
2024-560,Us Open,Hard,128,G,2024-08-26,110,209262,,WC,Tristan Schoolkate,R,183.0,AUS,23.4,106121,,,Taro Daniel,R,191.0,JPN,31.5,4-6 4-6 6-4 7-6(6) 6-4,5,R128,230.0,18.0,7.0,154.0,94.0,73.0,30.0,26.0,4.0,8.0,8.0,6.0,161.0,90.0,68.0,37.0,26.0,5.0,9.0,193.0,308.0,88.0,639.0,2024
2024-560,Us Open,Hard,128,G,2024-08-26,109,132686,,,Nuno Borges,R,185.0,POR,27.5,105948,,,Federico Coria,R,180.0,ARG,32.4,6-2 6-4 6-1,5,R128,101.0,8.0,8.0,72.0,35.0,29.0,19.0,13.0,1.0,3.0,2.0,7.0,86.0,53.0,33.0,8.0,12.0,8.0,15.0,34.0,1325.0,79.0,714.0,2024
2024-560,Us Open,Hard,128,G,2024-08-26,108,106423,,,Thanasi Kokkinakis,R,193.0,AUS,28.3,126774,11.0,,Stefanos Tsitsipas,R,193.0,GRE,26.0,7-6(5) 4-6 6-3 7-5,5,R128,234.0,17.0,7.0,141.0,69.0,54.0,41.0,22.0,6.0,9.0,10.0,6.0,134.0,66.0,47.0,37.0,21.0,4.0,8.0,86.0,672.0,11.0,3425.0,2024
2024-560,Us Open,Hard,128,G,2024-08-26,107,126205,14.0,,Tommy Paul,R,185.0,USA,27.2,132283,,,Lorenzo Sonego,R,191.0,ITA,29.2,6-4 6-2 5-7 6-2,5,R128,181.0,8.0,5.0,138.0,88.0,62.0,25.0,19.0,11.0,13.0,4.0,5.0,101.0,62.0,42.0,21.0,19.0,4.0,10.0,14.0,2985.0,48.0,1116.0,2024
2024-560,Us Open,Hard,128,G,2024-08-26,106,126845,,,Max Purcell,R,185.0,AUS,26.3,126846,,,Aleksandar Vukic,R,188.0,AUS,28.3,7-5 6-4 6-3,5,R128,135.0,9.0,4.0,107.0,53.0,39.0,33.0,16.0,3.0,4.0,15.0,5.0,93.0,48.0,32.0,22.0,15.0,5.0,9.0,97.0,585.0,92.0,609.0,2024
2024-560,Us Open,Hard,128,G,2024-08-26,105,209113,,Q,Gabriel Diallo,R,203.0,CAN,22.9,144719,,,Jaume Munar,R,183.0,ESP,27.3,6-4 3-6 6-3 7-5,5,R128,203.0,20.0,7.0,140.0,84.0,62.0,20.0,20.0,7.0,12.0,2.0,8.0,128.0,75.0,48.0,25.0,20.0,13.0,20.0,143.0,413.0,84.0,682.0,2024
2024-560,Us Open,Hard,128,G,2024-08-26,104,209950,24.0,,Arthur Fils,R,185.0,FRA,20.2,210530,,WC,Learner Tien,L,180.0,USA,18.7,6-4 3-6 6-1 6-2,5,R128,155.0,5.0,2.0,110.0,65.0,50.0,21.0,17.0,4.0,7.0,2.0,5.0,107.0,62.0,34.0,23.0,17.0,12.0,19.0,24.0,1770.0,191.0,309.0,2024
2024-560,Us Open,Hard,128,G,2024-08-26,103,106331,,,Christopher Oconnell,R,183.0,AUS,30.2,111797,26.0,,Nicolas Jarry,R,201.0,CHI,28.8,6-4 6-3 4-6 6-3,5,R128,176.0,11.0,4.0,114.0,58.0,46.0,32.0,19.0,4.0,5.0,13.0,7.0,118.0,71.0,55.0,23.0,19.0,12.0,16.0,87.0,671.0,26.0,1675.0,2024
2024-560,Us Open,Hard,128,G,2024-08-26,102,208233,,Q,Mattia Bellucci,L,175.0,ITA,23.2,104527,,WC,Stan Wawrinka,R,183.0,SUI,39.4,6-4 7-6(5) 6-3,5,R128,133.0,12.0,1.0,90.0,58.0,51.0,20.0,16.0,2.0,3.0,9.0,7.0,101.0,48.0,38.0,28.0,15.0,3.0,6.0,101.0,555.0,176.0,333.0,2024
2024-560,Us Open,Hard,128,G,2024-08-26,101,210506,,,Alex Michelsen,R,193.0,USA,20.0,208118,,Q,Eliot Spizzirri,R,183.0,USA,22.6,6-1 7-5 6-3,5,R128,118.0,4.0,6.0,79.0,43.0,30.0,19.0,14.0,3.0,7.0,1.0,6.0,76.0,40.0,18.0,14.0,14.0,4.0,13.0,49.0,1115.0,341.0,145.0,2024
2024-560,Us Open,Hard,128,G,2024-08-26,100,206173,1.0,,Jannik Sinner,R,191.0,ITA,23.0,111456,,,Mackenzie Mcdonald,R,178.0,USA,29.3,2-6 6-2 6-1 6-2,5,R128,144.0,11.0,5.0,94.0,52.0,39.0,21.0,16.0,7.0,11.0,4.0,6.0,98.0,57.0,31.0,18.0,15.0,7.0,15.0,1.0,9360.0,140.0,422.0,2024
2024-560,Us Open,Hard,128,G,2024-08-26,119,207733,25.0,,Jack Draper,L,193.0,GBR,22.6,111190,,,Zhizhen Zhang,R,193.0,CHN,27.8,6-3 6-0 4-0 RET,5,R128,66.0,5.0,1.0,50.0,30.0,23.0,15.0,9.0,1.0,1.0,1.0,1.0,55.0,36.0,17.0,6.0,10.0,3.0,10.0,25.0,1695.0,41.0,1185.0,2024
2024-560,Us Open,Hard,128,G,2024-08-26,120,105676,,,David Goffin,R,180.0,BEL,33.7,126214,22.0,,Alejandro Tabilo,L,188.0,CHI,27.2,7-6(7) 6-1 7-5,5,R128,141.0,16.0,9.0,99.0,57.0,44.0,19.0,16.0,4.0,7.0,9.0,8.0,117.0,59.0,42.0,22.0,15.0,13.0,19.0,78.0,725.0,21.0,1978.0,2024
2024-560,Us Open,Hard,128,G,2024-08-26,121,105173,,,Adrian Mannarino,L,180.0,FRA,36.1,106432,,,Borna Coric,R,188.0,CRO,27.7,7-5 6-2 6-3,5,R128,138.0,4.0,3.0,85.0,40.0,32.0,25.0,15.0,4.0,6.0,7.0,5.0,77.0,37.0,26.0,18.0,14.0,3.0,9.0,42.0,1170.0,98.0,582.0,2024
2024-560,Us Open,Hard,128,G,2024-08-26,122,207830,,,Tomas Machac,R,183.0,CZE,23.8,104926,,,Fabio Fognini,R,178.0,ITA,37.2,7-5 6-1 6-3,5,R128,106.0,8.0,5.0,82.0,45.0,35.0,24.0,14.0,6.0,7.0,3.0,8.0,76.0,36.0,25.0,15.0,14.0,1.0,7.0,39.0,1224.0,71.0,759.0,2024
2024-560,Us Open,Hard,128,G,2024-08-26,142,200175,,,Miomir Kecmanovic,R,183.0,SRB,24.9,106415,,,Yoshihito Nishioka,L,170.0,JPN,28.9,7-6(2) 2-6 5-7 7-5 1-0 RET,5,R128,216.0,6.0,9.0,145.0,86.0,56.0,28.0,24.0,7.0,16.0,8.0,5.0,150.0,78.0,51.0,36.0,22.0,8.0,15.0,54.0,940.0,53.0,974.0,2024
2024-560,Us Open,Hard,128,G,2024-08-26,141,209070,,,Arthur Cazaux,R,183.0,FRA,22.0,105807,,,Pablo Carreno Busta,R,188.0,ESP,33.1,6-1 6-3 6-3,5,R128,132.0,11.0,1.0,74.0,35.0,29.0,21.0,13.0,3.0,5.0,1.0,5.0,73.0,42.0,25.0,9.0,12.0,2.0,9.0,91.0,609.0,213.0,277.0,2024
2024-560,Us Open,Hard,128,G,2024-08-26,140,206909,,,Brandon Nakashima,R,188.0,USA,23.0,208029,15.0,,Holger Rune,R,188.0,DEN,21.3,6-2 6-1 6-4,5,R128,115.0,11.0,1.0,73.0,49.0,41.0,15.0,13.0,6.0,6.0,2.0,5.0,84.0,33.0,23.0,21.0,12.0,8.0,13.0,50.0,1105.0,15.0,2780.0,2024
2024-560,Us Open,Hard,128,G,2024-08-26,139,126203,12.0,,Taylor Fritz,R,196.0,USA,26.8,200116,,,Camilo Ugo Carabelli,R,185.0,ARG,25.1,7-5 6-1 6-2,5,R128,111.0,10.0,2.0,76.0,41.0,33.0,20.0,14.0,2.0,4.0,1.0,7.0,79.0,30.0,19.0,20.0,13.0,4.0,11.0,12.0,3120.0,93.0,608.0,2024
2024-560,Us Open,Hard,128,G,2024-08-26,138,126610,,,Matteo Berrettini,R,196.0,ITA,28.3,105077,,,Albert Ramos,L,188.0,ESP,36.6,7-6(2) 6-2 6-3,5,R128,141.0,16.0,6.0,83.0,48.0,42.0,20.0,14.0,1.0,2.0,1.0,4.0,105.0,57.0,34.0,29.0,15.0,4.0,9.0,44.0,1160.0,122.0,483.0,2024
2024-560,Us Open,Hard,128,G,2024-08-26,137,207681,,,Francisco Comesana,R,178.0,ARG,23.8,208502,,,Dominic Stricker,L,183.0,SUI,22.0,4-6 6-3 7-6(4) 6-3,5,R128,186.0,10.0,6.0,144.0,86.0,67.0,25.0,21.0,8.0,12.0,7.0,10.0,123.0,51.0,39.0,35.0,19.0,3.0,8.0,108.0,532.0,169.0,345.0,2024
2024-560,Us Open,Hard,128,G,2024-08-26,136,200005,17.0,,Ugo Humbert,L,188.0,FRA,26.1,106329,,,Thiago Monteiro,L,183.0,BRA,30.2,6-3 6-4 6-4,5,R128,137.0,16.0,4.0,83.0,50.0,40.0,19.0,15.0,1.0,2.0,6.0,6.0,90.0,59.0,37.0,16.0,14.0,12.0,16.0,17.0,2330.0,75.0,739.0,2024
2024-560,Us Open,Hard,128,G,2024-08-26,135,209992,,,Juncheng Shang,L,180.0,CHN,19.5,122330,27.0,,Alexander Bublik,R,196.0,KAZ,27.1,6-4 3-6 5-7 6-3 6-4,5,R128,214.0,4.0,8.0,144.0,86.0,62.0,34.0,25.0,6.0,11.0,22.0,10.0,151.0,81.0,67.0,29.0,25.0,9.0,15.0,72.0,754.0,27.0,1650.0,2024
2024-560,Us Open,Hard,128,G,2024-08-26,134,106148,,,Roberto Carballes Baena,R,183.0,ESP,31.4,123828,,Q,Jan Choinski,R,196.0,GBR,28.2,6-2 6-3 5-7 6-7(5) 6-3,5,R128,271.0,18.0,8.0,168.0,85.0,67.0,45.0,26.0,14.0,17.0,9.0,5.0,165.0,102.0,71.0,30.0,24.0,12.0,18.0,55.0,916.0,276.0,199.0,2024
2024-560,Us Open,Hard,128,G,2024-08-26,190,134868,,,Tallon Griekspoor,R,188.0,NED,28.1,202104,21.0,,Sebastian Baez,R,170.0,ARG,23.6,6-1 2-0 RET,5,R64,55.0,4.0,4.0,32.0,22.0,20.0,4.0,5.0,3.0,3.0,0.0,1.0,42.0,32.0,17.0,2.0,4.0,8.0,11.0,40.0,1210.0,23.0,1800.0,2024
2024-560,Us Open,Hard,128,G,2024-08-26,133,104792,,,Gael Monfils,R,193.0,FRA,37.9,106043,,Q,Diego Schwartzman,R,170.0,ARG,32.0,6-7(2) 6-2 6-2 6-1,5,R128,162.0,16.0,5.0,121.0,65.0,51.0,30.0,17.0,5.0,6.0,2.0,2.0,115.0,73.0,39.0,21.0,18.0,8.0,16.0,45.0,1155.0,244.0,236.0,2024
2024-560,Us Open,Hard,128,G,2024-08-26,131,128034,7.0,,Hubert Hurkacz,R,196.0,POL,27.5,207608,,Q,Timofey Skatov,R,175.0,KAZ,23.5,6-3 7-6(4) 7-6(3),5,R128,175.0,27.0,5.0,106.0,56.0,48.0,26.0,17.0,2.0,4.0,3.0,7.0,135.0,77.0,54.0,26.0,16.0,6.0,9.0,7.0,4055.0,188.0,315.0,2024
2024-560,Us Open,Hard,128,G,2024-08-26,130,111442,,,Jordan Thompson,R,183.0,AUS,30.3,106005,,,Constant Lestienne,R,180.0,FRA,32.2,6-1 6-3 6-2,5,R128,119.0,11.0,0.0,81.0,51.0,39.0,18.0,12.0,7.0,7.0,1.0,6.0,78.0,44.0,27.0,11.0,12.0,10.0,16.0,32.0,1376.0,111.0,527.0,2024
2024-560,Us Open,Hard,128,G,2024-08-26,129,126128,,,Roman Safiullin,R,185.0,RUS,27.0,212733,,WC,Matthew Forbes,U,,USA,18.3,6-4 7-6(2) 6-2,5,R128,148.0,7.0,5.0,103.0,61.0,47.0,22.0,15.0,9.0,11.0,5.0,7.0,112.0,73.0,45.0,15.0,15.0,9.0,14.0,57.0,910.0,1848.0,1.0,2024
2024-560,Us Open,Hard,128,G,2024-08-26,128,208286,30.0,,Matteo Arnaldi,R,185.0,ITA,23.5,208260,,WC,Zachary Svajda,R,175.0,USA,21.7,6-3 6-2 6-1,5,R128,104.0,12.0,6.0,89.0,49.0,41.0,16.0,12.0,8.0,9.0,1.0,4.0,70.0,33.0,19.0,15.0,12.0,5.0,12.0,30.0,1470.0,102.0,554.0,2024
2024-560,Us Open,Hard,128,G,2024-08-26,127,105554,,,Daniel Evans,R,175.0,GBR,34.2,111575,23.0,,Karen Khachanov,R,198.0,RUS,28.2,6-7(6) 7-6(2) 7-6(4) 4-6 6-4,5,R128,335.0,14.0,12.0,208.0,108.0,80.0,47.0,28.0,15.0,23.0,13.0,7.0,184.0,103.0,66.0,44.0,28.0,10.0,18.0,184.0,324.0,22.0,1930.0,2024
2024-560,Us Open,Hard,128,G,2024-08-26,126,208363,,,Mariano Navone,R,178.0,ARG,23.4,127157,,,Daniel Altmaier,R,188.0,GER,25.9,1-6 6-2 6-4 6-1,5,R128,157.0,2.0,4.0,104.0,55.0,39.0,25.0,16.0,4.0,7.0,6.0,7.0,104.0,63.0,48.0,12.0,16.0,7.0,13.0,36.0,1303.0,89.0,637.0,2024
2024-560,Us Open,Hard,128,G,2024-08-26,125,202261,,Q,Otto Virtanen,R,193.0,FIN,23.1,111460,,Q,Quentin Halys,R,191.0,FRA,27.8,6-3 6-3 6-7(4) 6-2,5,R128,163.0,10.0,4.0,104.0,57.0,49.0,31.0,19.0,2.0,2.0,18.0,12.0,142.0,80.0,58.0,26.0,19.0,11.0,16.0,125.0,476.0,119.0,498.0,2024
2024-560,Us Open,Hard,128,G,2024-08-26,124,200282,10.0,,Alex De Minaur,R,183.0,AUS,25.5,106218,,,Marcos Giron,R,180.0,USA,31.0,6-3 6-4 5-7 6-4,5,R128,210.0,9.0,12.0,139.0,57.0,38.0,48.0,21.0,9.0,13.0,2.0,6.0,138.0,68.0,43.0,34.0,20.0,8.0,14.0,10.0,3435.0,46.0,1150.0,2024
2024-560,Us Open,Hard,128,G,2024-08-26,123,200624,16.0,,Sebastian Korda,R,196.0,USA,24.1,144895,,,Corentin Moutet,L,180.0,FRA,25.3,7-6(3) 6-1 6-0,5,R128,133.0,3.0,2.0,85.0,49.0,38.0,20.0,13.0,6.0,7.0,1.0,5.0,87.0,47.0,28.0,16.0,12.0,7.0,13.0,16.0,2545.0,69.0,780.0,2024
2024-560,Us Open,Hard,128,G,2024-08-26,132,134770,8.0,,Casper Ruud,R,183.0,NOR,25.6,207352,,Q,Bu Yunchaokete,R,185.0,CHN,22.6,7-6(2) 6-2 6-2,5,R128,134.0,14.0,6.0,79.0,42.0,37.0,21.0,14.0,1.0,3.0,11.0,2.0,92.0,46.0,31.0,15.0,14.0,3.0,9.0,8.0,3855.0,123.0,483.0,2024
2024-560,Us Open,Hard,128,G,2024-08-26,191,105777,9.0,,Grigor Dimitrov,R,191.0,BUL,33.2,208014,,,Rinky Hijikata,R,178.0,AUS,23.5,6-1 6-1 7-6(4),5,R64,130.0,15.0,6.0,67.0,40.0,36.0,16.0,13.0,0.0,1.0,5.0,3.0,101.0,70.0,41.0,10.0,13.0,6.0,12.0,9.0,3655.0,62.0,848.0,2024
2024-560,Us Open,Hard,128,G,2024-08-26,170,207925,31.0,,Flavio Cobolli,R,183.0,ITA,22.3,200267,,,Zizou Bergs,R,185.0,BEL,25.2,4-6 6-3 7-5 6-3,5,R64,204.0,8.0,6.0,135.0,73.0,57.0,30.0,20.0,3.0,5.0,15.0,13.0,133.0,68.0,53.0,28.0,20.0,7.0,12.0,31.0,1418.0,80.0,697.0,2024
2024-560,Us Open,Hard,128,G,2024-08-26,193,126207,20.0,,Frances Tiafoe,R,188.0,USA,26.5,207686,,,Alexander Shevchenko,R,185.0,KAZ,23.7,6-4 6-1 1-0 RET,5,R64,96.0,5.0,1.0,64.0,41.0,27.0,14.0,9.0,4.0,5.0,3.0,7.0,56.0,24.0,12.0,14.0,9.0,6.0,11.0,20.0,2120.0,61.0,855.0,2024
2024-560,Us Open,Hard,128,G,2024-08-26,218,105777,9.0,,Grigor Dimitrov,R,191.0,BUL,33.2,126094,6.0,,Andrey Rublev,R,188.0,RUS,26.8,6-3 7-6(3) 1-6 3-6 6-3,5,R16,219.0,17.0,12.0,173.0,99.0,79.0,31.0,24.0,13.0,18.0,21.0,10.0,131.0,75.0,60.0,28.0,22.0,7.0,10.0,9.0,3655.0,6.0,4805.0,2024
2024-560,Us Open,Hard,128,G,2024-08-26,206,206909,,,Brandon Nakashima,R,188.0,USA,23.0,207518,18.0,,Lorenzo Musetti,R,185.0,ITA,22.4,6-2 3-6 6-3 7-6(4),5,R32,192.0,17.0,1.0,124.0,82.0,63.0,21.0,19.0,10.0,13.0,8.0,5.0,121.0,68.0,47.0,28.0,19.0,6.0,11.0,50.0,1105.0,18.0,2255.0,2024
2024-560,Us Open,Hard,128,G,2024-08-26,207,100644,4.0,,Alexander Zverev,R,198.0,GER,27.3,144869,,,Tomas Martin Etcheverry,R,196.0,ARG,25.1,5-7 7-5 6-1 6-3,5,R32,216.0,12.0,6.0,125.0,78.0,58.0,21.0,20.0,11.0,15.0,8.0,2.0,133.0,75.0,52.0,22.0,20.0,4.0,12.0,4.0,7035.0,33.0,1335.0,2024
2024-560,Us Open,Hard,128,G,2024-08-26,208,126094,6.0,,Andrey Rublev,R,188.0,RUS,26.8,208103,32.0,,Jiri Lehecka,R,185.0,CZE,22.7,6-3 7-5 6-4,5,R32,123.0,13.0,6.0,88.0,54.0,48.0,14.0,16.0,5.0,7.0,15.0,7.0,108.0,62.0,39.0,22.0,15.0,11.0,16.0,6.0,4805.0,38.0,1255.0,2024
2024-560,Us Open,Hard,128,G,2024-08-26,209,105777,9.0,,Grigor Dimitrov,R,191.0,BUL,33.2,134868,,,Tallon Griekspoor,R,188.0,NED,28.1,6-3 6-3 6-1,5,R32,99.0,11.0,3.0,70.0,38.0,35.0,18.0,13.0,0.0,0.0,4.0,6.0,70.0,36.0,25.0,15.0,12.0,1.0,6.0,9.0,3655.0,40.0,1210.0,2024
2024-560,Us Open,Hard,128,G,2024-08-26,210,126207,20.0,,Frances Tiafoe,R,188.0,USA,26.5,210097,13.0,,Ben Shelton,L,193.0,USA,21.8,4-6 7-5 6-7(5) 6-4 6-3,5,R32,243.0,5.0,5.0,159.0,91.0,69.0,41.0,27.0,4.0,7.0,23.0,4.0,172.0,114.0,81.0,28.0,26.0,16.0,21.0,20.0,2120.0,13.0,3110.0,2024
2024-560,Us Open,Hard,128,G,2024-08-26,211,200615,28.0,,Alexei Popyrin,R,196.0,AUS,25.0,104925,2.0,,Novak Djokovic,R,188.0,SRB,37.2,6-4 6-4 2-6 6-4,5,R32,199.0,15.0,6.0,127.0,74.0,55.0,24.0,19.0,12.0,16.0,16.0,14.0,130.0,76.0,54.0,25.0,19.0,7.0,12.0,28.0,1635.0,2.0,7460.0,2024
2024-560,Us Open,Hard,128,G,2024-08-26,212,206173,1.0,,Jannik Sinner,R,191.0,ITA,23.0,126205,14.0,,Tommy Paul,R,185.0,USA,27.2,7-6(3) 7-6(5) 6-1,5,R16,162.0,10.0,1.0,98.0,48.0,39.0,28.0,16.0,2.0,4.0,4.0,3.0,111.0,67.0,43.0,19.0,15.0,10.0,14.0,1.0,9360.0,14.0,2985.0,2024
2024-560,Us Open,Hard,128,G,2024-08-26,219,126207,20.0,,Frances Tiafoe,R,188.0,USA,26.5,200615,28.0,,Alexei Popyrin,R,196.0,AUS,25.0,6-4 7-6(3) 2-6 6-3,5,R16,182.0,14.0,1.0,117.0,61.0,47.0,32.0,20.0,6.0,9.0,24.0,9.0,120.0,66.0,55.0,24.0,19.0,2.0,5.0,20.0,2120.0,28.0,1635.0,2024
2024-560,Us Open,Hard,128,G,2024-08-26,214,207733,25.0,,Jack Draper,L,193.0,GBR,22.6,207830,,,Tomas Machac,R,183.0,CZE,23.8,6-3 6-1 6-2,5,R16,102.0,11.0,6.0,79.0,37.0,29.0,26.0,12.0,6.0,6.0,5.0,7.0,73.0,43.0,27.0,12.0,12.0,3.0,9.0,25.0,1695.0,39.0,1224.0,2024
2024-560,Us Open,Hard,128,G,2024-08-26,215,200282,10.0,,Alex De Minaur,R,183.0,AUS,25.5,111442,,,Jordan Thompson,R,183.0,AUS,30.3,6-0 3-6 6-3 7-5,5,R16,177.0,5.0,7.0,99.0,52.0,41.0,27.0,18.0,1.0,4.0,6.0,2.0,119.0,73.0,44.0,20.0,18.0,6.0,13.0,10.0,3435.0,32.0,1376.0,2024
2024-560,Us Open,Hard,128,G,2024-08-26,216,126203,12.0,,Taylor Fritz,R,196.0,USA,26.8,134770,8.0,,Casper Ruud,R,183.0,NOR,25.6,3-6 6-4 6-3 6-2,5,R16,163.0,24.0,7.0,104.0,63.0,53.0,22.0,18.0,5.0,6.0,4.0,8.0,113.0,70.0,56.0,18.0,18.0,6.0,10.0,12.0,3120.0,8.0,3855.0,2024
2024-560,Us Open,Hard,128,G,2024-08-26,217,100644,4.0,,Alexander Zverev,R,198.0,GER,27.3,206909,,,Brandon Nakashima,R,188.0,USA,23.0,3-6 6-1 6-2 6-2,5,R16,156.0,14.0,3.0,79.0,56.0,49.0,13.0,16.0,0.0,1.0,6.0,2.0,115.0,71.0,45.0,18.0,16.0,12.0,18.0,4.0,7035.0,50.0,1105.0,2024
2024-560,Us Open,Hard,128,G,2024-08-26,213,106421,5.0,,Daniil Medvedev,R,198.0,RUS,28.5,132686,,,Nuno Borges,R,185.0,POR,27.5,6-0 6-1 6-3,5,R16,111.0,9.0,5.0,73.0,46.0,36.0,14.0,11.0,4.0,5.0,5.0,10.0,90.0,37.0,20.0,19.0,11.0,8.0,16.0,5.0,6275.0,34.0,1325.0,2024
2024-560,Us Open,Hard,128,G,2024-08-26,199,106421,5.0,,Daniil Medvedev,R,198.0,RUS,28.5,207925,31.0,,Flavio Cobolli,R,183.0,ITA,22.3,6-3 6-4 6-3,5,R32,138.0,9.0,7.0,85.0,47.0,38.0,17.0,14.0,6.0,9.0,2.0,4.0,96.0,37.0,18.0,29.0,14.0,13.0,20.0,5.0,6275.0,31.0,1418.0,2024
2024-560,Us Open,Hard,128,G,2024-08-26,194,200615,28.0,,Alexei Popyrin,R,196.0,AUS,25.0,124079,,,Pedro Martinez,R,185.0,ESP,27.3,6-2 6-4 6-0,5,R64,109.0,13.0,7.0,69.0,39.0,32.0,12.0,12.0,1.0,4.0,1.0,8.0,75.0,43.0,22.0,8.0,12.0,7.0,16.0,28.0,1635.0,43.0,1168.0,2024
2024-560,Us Open,Hard,128,G,2024-08-26,195,104925,2.0,,Novak Djokovic,R,188.0,SRB,37.2,111513,,,Laslo Djere,R,188.0,SRB,29.2,6-4 6-4 2-0 RET,5,R64,136.0,3.0,8.0,89.0,42.0,33.0,23.0,11.0,7.0,8.0,11.0,1.0,73.0,43.0,28.0,11.0,11.0,6.0,10.0,2.0,7460.0,109.0,531.0,2024
2024-560,Us Open,Hard,128,G,2024-08-26,196,206173,1.0,,Jannik Sinner,R,191.0,ITA,23.0,106331,,,Christopher Oconnell,R,183.0,AUS,30.2,6-1 6-4 6-2,5,R32,113.0,15.0,2.0,69.0,45.0,37.0,16.0,13.0,0.0,0.0,5.0,4.0,80.0,45.0,26.0,15.0,12.0,5.0,10.0,1.0,9360.0,87.0,671.0,2024
2024-560,Us Open,Hard,128,G,2024-08-26,197,126205,14.0,,Tommy Paul,R,185.0,USA,27.2,209113,,Q,Gabriel Diallo,R,203.0,CAN,22.9,6-7(5) 6-3 6-1 7-6(3),5,R32,206.0,8.0,7.0,140.0,84.0,57.0,30.0,20.0,10.0,15.0,12.0,6.0,146.0,99.0,59.0,15.0,20.0,11.0,20.0,14.0,2985.0,143.0,413.0,2024
2024-560,Us Open,Hard,128,G,2024-08-26,198,132686,,,Nuno Borges,R,185.0,POR,27.5,210150,,,Jakub Mensik,R,193.0,CZE,18.9,6-7(5) 6-1 3-6 7-6(6) 6-0,5,R32,228.0,13.0,11.0,158.0,90.0,67.0,34.0,23.0,8.0,12.0,19.0,13.0,176.0,90.0,64.0,33.0,23.0,10.0,18.0,34.0,1325.0,65.0,812.0,2024
2024-560,Us Open,Hard,128,G,2024-08-26,192,210097,13.0,,Ben Shelton,L,193.0,USA,21.8,105138,,,Roberto Bautista Agut,R,183.0,ESP,36.3,6-3 6-4 6-4,5,R64,128.0,17.0,2.0,82.0,53.0,44.0,19.0,15.0,2.0,2.0,1.0,4.0,89.0,49.0,31.0,22.0,14.0,7.0,10.0,13.0,3110.0,67.0,791.0,2024
2024-560,Us Open,Hard,128,G,2024-08-26,200,207733,25.0,,Jack Draper,L,193.0,GBR,22.6,122298,,,Botic Van De Zandschulp,R,191.0,NED,28.8,6-3 6-4 6-2,5,R32,134.0,13.0,5.0,106.0,61.0,47.0,20.0,14.0,9.0,10.0,6.0,8.0,70.0,41.0,29.0,9.0,13.0,3.0,8.0,25.0,1695.0,74.0,739.0,2024
2024-560,Us Open,Hard,128,G,2024-08-26,201,207830,,,Tomas Machac,R,183.0,CZE,23.8,105676,,,David Goffin,R,180.0,BEL,33.7,6-3 6-1 6-2,5,R32,94.0,11.0,5.0,64.0,31.0,27.0,19.0,12.0,2.0,3.0,2.0,6.0,72.0,39.0,24.0,12.0,12.0,3.0,10.0,39.0,1224.0,78.0,725.0,2024
2024-560,Us Open,Hard,128,G,2024-08-26,220,206173,1.0,,Jannik Sinner,R,191.0,ITA,23.0,106421,5.0,,Daniil Medvedev,R,198.0,RUS,28.5,6-2 1-6 6-1 6-4,5,QF,159.0,4.0,1.0,97.0,51.0,39.0,28.0,16.0,6.0,8.0,5.0,6.0,109.0,61.0,41.0,20.0,16.0,10.0,15.0,1.0,9360.0,5.0,6275.0,2024
2024-560,Us Open,Hard,128,G,2024-08-26,202,200282,10.0,,Alex De Minaur,R,183.0,AUS,25.5,105554,,,Daniel Evans,R,175.0,GBR,34.2,6-3 6-7(4) 6-0 6-0,5,R32,168.0,11.0,9.0,100.0,49.0,40.0,29.0,16.0,4.0,5.0,4.0,9.0,112.0,64.0,41.0,16.0,17.0,6.0,15.0,10.0,3435.0,184.0,324.0,2024
2024-560,Us Open,Hard,128,G,2024-08-26,203,111442,,,Jordan Thompson,R,183.0,AUS,30.3,208286,30.0,,Matteo Arnaldi,R,185.0,ITA,23.5,7-5 6-2 7-6(5),5,R32,153.0,9.0,0.0,91.0,52.0,43.0,26.0,16.0,1.0,2.0,5.0,9.0,101.0,50.0,40.0,19.0,16.0,2.0,6.0,32.0,1376.0,30.0,1470.0,2024
2024-560,Us Open,Hard,128,G,2024-08-26,204,134770,8.0,,Casper Ruud,R,183.0,NOR,25.6,209992,,,Juncheng Shang,L,180.0,CHN,19.5,6-7(1) 3-6 6-0 6-3 6-1,5,R32,224.0,10.0,7.0,151.0,98.0,66.0,28.0,21.0,14.0,17.0,4.0,5.0,153.0,94.0,60.0,25.0,22.0,14.0,23.0,8.0,3855.0,72.0,754.0,2024
2024-560,Us Open,Hard,128,G,2024-08-26,205,126203,12.0,,Taylor Fritz,R,196.0,USA,26.8,207681,,,Francisco Comesana,R,178.0,ARG,23.8,6-3 6-4 6-2,5,R32,120.0,6.0,4.0,80.0,48.0,39.0,19.0,14.0,3.0,3.0,3.0,2.0,87.0,45.0,31.0,18.0,13.0,4.0,8.0,12.0,3120.0,108.0,532.0,2024
2024-M-DC-2024-FLS-2-M-B-AUS-FRA-01,Davis Cup Finals RR: AUS vs FRA,Hard,2,D,2024-09-10,1,106423,,,Thanasi Kokkinakis,R,193.0,AUS,28.4,209950,,,Arthur Fils,R,185.0,FRA,20.2,7-6(4) 7-6(3),3,RR,128.0,8.0,3.0,87.0,48.0,39.0,23.0,12.0,7.0,8.0,9.0,3.0,73.0,48.0,41.0,12.0,12.0,1.0,2.0,78.0,712.0,25.0,1775.0,2024
2024-M-DC-2024-FLS-3-M-C-GER-SVK-01,Davis Cup Finals RR: GER vs SVK,Hard,2,D,2024-09-10,1,109739,,,Maximilian Marterer,L,188.0,GER,29.2,127760,,,Lukas Klein,R,193.0,SVK,26.4,6-4 7-5,3,RR,91.0,6.0,0.0,61.0,37.0,29.0,17.0,11.0,1.0,1.0,9.0,0.0,57.0,37.0,31.0,8.0,11.0,0.0,2.0,104.0,543.0,127.0,468.0,2024
2024-M-DC-2024-FLS-3-M-C-GER-SVK-01,Davis Cup Finals RR: GER vs SVK,Hard,2,D,2024-09-10,2,105870,,,Yannick Hanfmann,R,193.0,GER,32.8,106075,,,Jozef Kovalik,R,183.0,SVK,31.8,3-6 6-3 7-6(3),3,RR,135.0,13.0,1.0,93.0,69.0,53.0,12.0,15.0,6.0,8.0,8.0,2.0,88.0,54.0,44.0,18.0,15.0,3.0,5.0,96.0,594.0,113.0,511.0,2024
2024-M-DC-2024-FLS-2-M-B-AUS-FRA-01,Davis Cup Finals RR: AUS vs FRA,Hard,2,D,2024-09-10,2,200005,,,Ugo Humbert,L,188.0,FRA,26.2,200615,,,Alexei Popyrin,R,196.0,AUS,25.0,6-3 6-2,3,RR,71.0,5.0,1.0,51.0,35.0,28.0,8.0,9.0,3.0,4.0,4.0,1.0,53.0,37.0,22.0,6.0,8.0,3.0,7.0,18.0,2370.0,24.0,1825.0,2024
2024-M-DC-2024-FLS-1-M-A-NED-BEL-01,Davis Cup Finals RR: NED vs BEL,Hard,2,D,2024-09-10,2,200267,,,Zizou Bergs,R,185.0,BEL,25.2,134868,,,Tallon Griekspoor,R,188.0,NED,28.1,6-2 6-7(2) 6-3,3,RR,132.0,20.0,1.0,84.0,54.0,44.0,20.0,15.0,1.0,1.0,6.0,1.0,90.0,67.0,45.0,13.0,14.0,4.0,7.0,72.0,747.0,39.0,1300.0,2024
2024-M-DC-2024-FLS-4-M-D-CAN-ARG-01,Davis Cup Finals RR: CAN vs ARG,Hard,2,D,2024-09-10,1,133430,,,Denis Shapovalov,L,185.0,CAN,25.4,202103,,,Francisco Cerundolo,R,185.0,ARG,26.0,7-5 6-3,3,RR,96.0,6.0,4.0,71.0,44.0,32.0,14.0,11.0,4.0,6.0,0.0,2.0,56.0,41.0,24.0,5.0,10.0,0.0,4.0,100.0,560.0,31.0,1500.0,2024
2024-M-DC-2024-FLS-4-M-D-CAN-ARG-01,Davis Cup Finals RR: CAN vs ARG,Hard,2,D,2024-09-10,2,200000,,,Felix Auger Aliassime,R,193.0,CAN,24.0,202104,,,Sebastian Baez,R,170.0,ARG,23.6,6-3 6-3,3,RR,86.0,7.0,3.0,51.0,32.0,25.0,8.0,9.0,2.0,4.0,0.0,1.0,75.0,54.0,27.0,10.0,9.0,7.0,12.0,21.0,2170.0,26.0,1760.0,2024
2024-M-DC-2024-FLS-1-M-A-NED-BEL-01,Davis Cup Finals RR: NED vs BEL,Hard,2,D,2024-09-10,1,122298,,,Botic Van De Zandschulp,R,191.0,NED,28.9,209920,,,Raphael Collignon,R,191.0,BEL,22.6,7-5 7-6(6),3,RR,119.0,2.0,3.0,81.0,57.0,40.0,16.0,12.0,3.0,4.0,4.0,3.0,75.0,58.0,45.0,9.0,12.0,2.0,4.0,68.0,794.0,194.0,309.0,2024
2024-M-DC-2024-FLS-2-M-B-CZE-ESP-01,Davis Cup Finals RR: CZE vs ESP,Hard,2,D,2024-09-11,1,105138,,,Roberto Bautista Agut,R,183.0,ESP,36.4,208103,,,Jiri Lehecka,R,185.0,CZE,22.8,7-6(1) 6-4,3,RR,108.0,5.0,0.0,70.0,50.0,36.0,11.0,11.0,2.0,4.0,10.0,2.0,71.0,42.0,32.0,10.0,11.0,5.0,8.0,62.0,841.0,37.0,1345.0,2024
2024-M-DC-2024-FLS-4-M-D-FIN-GBR-01,Davis Cup Finals RR: FIN vs GBR,Hard,2,D,2024-09-11,2,126129,,,Billy Harris,R,193.0,GBR,29.6,202261,,,Otto Virtanen,R,193.0,FIN,23.2,6-4 7-6(4),3,RR,102.0,3.0,1.0,64.0,49.0,40.0,7.0,11.0,2.0,3.0,9.0,3.0,81.0,49.0,31.0,19.0,11.0,7.0,9.0,101.0,552.0,109.0,521.0,2024
2024-M-DC-2024-FLS-4-M-D-FIN-GBR-01,Davis Cup Finals RR: FIN vs GBR,Hard,2,D,2024-09-11,1,105554,,,Daniel Evans,R,175.0,GBR,34.2,144814,,,Eero Vasa,R,185.0,FIN,27.6,7-6(3) 6-2,3,RR,98.0,1.0,0.0,59.0,36.0,33.0,12.0,10.0,2.0,2.0,6.0,4.0,79.0,49.0,32.0,12.0,10.0,4.0,6.0,178.0,334.0,703.0,39.0,2024
2024-M-DC-2024-FLS-3-M-C-USA-CHI-01,Davis Cup Finals RR: USA vs CHI,Hard,2,D,2024-09-11,2,206909,,,Brandon Nakashima,R,188.0,USA,23.1,126214,,,Alejandro Tabilo,L,188.0,CHI,27.2,7-6(5) 2-6 7-6(3),3,RR,164.0,18.0,2.0,119.0,80.0,55.0,21.0,16.0,7.0,9.0,27.0,4.0,107.0,69.0,58.0,18.0,16.0,7.0,7.0,40.0,1295.0,22.0,1963.0,2024
2024-M-DC-2024-FLS-3-M-C-USA-CHI-01,Davis Cup Finals RR: USA vs CHI,Hard,2,D,2024-09-11,1,124187,,,Reilly Opelka,R,211.0,USA,27.0,106426,,,Cristian Garin,R,185.0,CHI,28.2,6-3 4-6 7-6(3),3,RR,146.0,27.0,4.0,98.0,68.0,53.0,14.0,16.0,4.0,5.0,6.0,3.0,91.0,69.0,53.0,12.0,15.0,2.0,4.0,309.0,167.0,115.0,508.0,2024
2024-M-DC-2024-FLS-2-M-B-CZE-ESP-01,Davis Cup Finals RR: CZE vs ESP,Hard,2,D,2024-09-11,2,207989,,,Carlos Alcaraz,R,183.0,ESP,21.3,207830,,,Tomas Machac,R,183.0,CZE,23.9,6-7(3) 6-1 RET,3,RR,98.0,5.0,1.0,50.0,28.0,24.0,14.0,10.0,0.0,1.0,5.0,3.0,75.0,47.0,29.0,14.0,9.0,3.0,6.0,3.0,6690.0,35.0,1374.0,2024
2024-M-DC-2024-FLS-1-M-A-ITA-BRA-01,Davis Cup Finals RR: ITA vs BRA,Hard,2,D,2024-09-11,2,208286,,,Matteo Arnaldi,R,185.0,ITA,23.5,106329,,,Thiago Monteiro,L,183.0,BRA,30.2,7-5 6-7(4) 7-6(5),3,RR,219.0,8.0,2.0,131.0,81.0,55.0,30.0,18.0,3.0,4.0,10.0,2.0,124.0,91.0,66.0,20.0,18.0,6.0,8.0,33.0,1390.0,76.0,720.0,2024
2024-M-DC-2024-FLS-1-M-A-ITA-BRA-01,Davis Cup Finals RR: ITA vs BRA,Hard,2,D,2024-09-11,1,126610,,,Matteo Berrettini,R,196.0,ITA,28.4,211663,,,Joao Fonseca,R,185.0,BRA,18.0,6-1 7-6(5),3,RR,82.0,10.0,2.0,63.0,43.0,35.0,8.0,10.0,1.0,2.0,4.0,1.0,60.0,36.0,25.0,9.0,9.0,4.0,7.0,43.0,1165.0,158.0,374.0,2024
2024-M-DC-2024-FLS-4-M-D-CAN-FIN-01,Davis Cup Finals RR: CAN vs FIN,Hard,2,D,2024-09-12,2,200000,,,Felix Auger Aliassime,R,193.0,CAN,24.0,202261,,,Otto Virtanen,R,193.0,FIN,23.2,6-2 6-3,3,RR,71.0,7.0,1.0,53.0,37.0,32.0,7.0,9.0,3.0,3.0,3.0,4.0,54.0,30.0,21.0,9.0,8.0,3.0,6.0,21.0,2170.0,109.0,521.0,2024
2024-M-DC-2024-FLS-2-M-B-AUS-CZE-01,Davis Cup Finals RR: AUS vs CZE,Hard,2,D,2024-09-12,1,106423,,,Thanasi Kokkinakis,R,193.0,AUS,28.4,210150,,,Jakub Mensik,R,193.0,CZE,19.0,6-2 6-7(2) 6-3,3,RR,141.0,19.0,3.0,84.0,57.0,47.0,15.0,15.0,3.0,4.0,14.0,3.0,106.0,58.0,39.0,25.0,14.0,9.0,13.0,78.0,712.0,67.0,797.0,2024
2024-M-DC-2024-FLS-2-M-B-AUS-CZE-01,Davis Cup Finals RR: AUS vs CZE,Hard,2,D,2024-09-12,2,200615,,,Alexei Popyrin,R,196.0,AUS,25.0,207830,,,Tomas Machac,R,183.0,CZE,23.9,1-0 RET,3,RR,6.0,1.0,0.0,6.0,4.0,3.0,1.0,1.0,0.0,0.0,0.0,0.0,3.0,3.0,1.0,0.0,0.0,0.0,0.0,24.0,1825.0,35.0,1374.0,2024
2024-M-DC-2024-FLS-3-M-C-GER-CHI-01,Davis Cup Finals RR: GER vs CHI,Hard,2,D,2024-09-12,1,109739,,,Maximilian Marterer,L,188.0,GER,29.2,144642,,,Tomas Barrios Vera,R,191.0,CHI,26.7,6-1 6-3,3,RR,84.0,11.0,0.0,50.0,34.0,28.0,8.0,8.0,4.0,4.0,3.0,0.0,50.0,34.0,18.0,7.0,8.0,2.0,6.0,104.0,543.0,162.0,370.0,2024
2024-M-DC-2024-FLS-3-M-C-GER-CHI-01,Davis Cup Finals RR: GER vs CHI,Hard,2,D,2024-09-12,2,105870,,,Yannick Hanfmann,R,193.0,GER,32.8,126214,,,Alejandro Tabilo,L,188.0,CHI,27.2,7-5 6-4,3,RR,98.0,13.0,1.0,66.0,51.0,41.0,7.0,11.0,1.0,1.0,11.0,2.0,73.0,51.0,34.0,13.0,11.0,3.0,5.0,96.0,594.0,22.0,1963.0,2024
2024-M-DC-2024-FLS-1-M-A-NED-BRA-01,Davis Cup Finals RR: NED vs BRA,Hard,2,D,2024-09-12,2,134868,,,Tallon Griekspoor,R,188.0,NED,28.1,106329,,,Thiago Monteiro,L,183.0,BRA,30.2,7-6(2) 6-4,3,RR,88.0,14.0,0.0,58.0,46.0,42.0,6.0,11.0,0.0,0.0,9.0,0.0,67.0,44.0,30.0,18.0,11.0,3.0,4.0,39.0,1300.0,76.0,720.0,2024
2024-M-DC-2024-FLS-4-M-D-CAN-FIN-01,Davis Cup Finals RR: CAN vs FIN,Hard,2,D,2024-09-12,1,133430,,,Denis Shapovalov,L,185.0,CAN,25.4,144814,,,Eero Vasa,R,185.0,FIN,27.6,7-6(2) 6-2,3,RR,74.0,5.0,1.0,51.0,33.0,28.0,13.0,10.0,1.0,2.0,3.0,4.0,67.0,44.0,26.0,10.0,10.0,3.0,6.0,100.0,560.0,703.0,39.0,2024
2024-M-DC-2024-FLS-1-M-A-NED-BRA-01,Davis Cup Finals RR: NED vs BRA,Hard,2,D,2024-09-12,1,211663,,,Joao Fonseca,R,185.0,BRA,18.0,122298,,,Botic Van De Zandschulp,R,191.0,NED,28.9,6-4 7-6(3),3,RR,92.0,8.0,0.0,61.0,50.0,42.0,8.0,11.0,0.0,0.0,4.0,4.0,76.0,53.0,42.0,9.0,11.0,2.0,3.0,158.0,374.0,68.0,794.0,2024
2024-M-DC-2024-WG1-M-NOR-POR-01,Davis Cup WG1 R1: NOR vs POR,Hard,4,D,2024-09-13,2,210012,,,Henrique Rocha,R,180.0,POR,20.4,134770,,,Casper Ruud,R,183.0,NOR,25.7,6-3 6-4,3,RR,,,,,,,,,,,,,,,,,,,,159.0,374.0,9.0,4010.0,2024
2024-M-DC-2024-WG1-M-NOR-POR-01,Davis Cup WG1 R1: NOR vs POR,Hard,4,D,2024-09-13,1,149282,,,Nicolai Budkov Kjaer,R,188.0,NOR,18.0,210262,,,Jaime Faria,R,188.0,POR,21.0,4-6 6-3 7-6(4),3,RR,,,,,,,,,,,,,,,,,,,,737.0,34.0,157.0,376.0,2024
2024-M-DC-2024-WG1-M-ISR-UKR-01,Davis Cup WG1 R1: ISR vs UKR,Hard,4,D,2024-09-13,4,200075,,,Yshai Oliel,L,188.0,ISR,24.6,208071,,,Oleksii Krutykh,R,185.0,UKR,24.5,6-2 3-6 7-6(3),3,RR,,,,,,,,,,,,,,,,,,,,463.0,91.0,493.0,82.0,2024
2024-M-DC-2024-FLS-1-M-A-ITA-BEL-01,Davis Cup Finals RR: ITA vs BEL,Hard,2,D,2024-09-13,1,126610,,,Matteo Berrettini,R,196.0,ITA,28.4,210696,,,Alexander Blockx,R,191.0,BEL,19.4,3-6 6-2 7-5,3,RR,118.0,5.0,0.0,73.0,50.0,43.0,12.0,15.0,3.0,4.0,4.0,1.0,91.0,57.0,42.0,15.0,14.0,4.0,7.0,43.0,1165.0,253.0,224.0,2024
2024-M-DC-2024-WG1-M-ISR-UKR-01,Davis Cup WG1 R1: ISR vs UKR,Hard,4,D,2024-09-13,2,131951,,,Daniel Cukierman,R,,ISR,29.1,126964,,,Vitaliy Sachko,R,188.0,UKR,27.1,6-2 6-2,3,RR,,,,,,,,,,,,,,,,,,,,508.0,77.0,386.0,125.0,2024
2024-M-DC-2024-WG1-M-ISR-UKR-01,Davis Cup WG1 R1: ISR vs UKR,Hard,4,D,2024-09-13,1,200075,,,Yshai Oliel,L,188.0,ISR,24.6,209191,,,Oleksandr Ovcharenko,R,185.0,UKR,22.8,0-6 6-4 6-4,3,RR,,,,,,,,,,,,,,,,,,,,463.0,91.0,416.0,107.0,2024
2024-M-DC-2024-WG1-M-POL-KOR-01,Davis Cup WG1 R1: POL vs KOR,Hard,4,D,2024-09-13,2,126952,,,Soon Woo Kwon,R,180.0,KOR,26.7,111794,,,Kamil Majchrzak,R,180.0,POL,28.6,7-5 7-6(3),3,RR,,,,,,,,,,,,,,,,,,,,344.0,145.0,163.0,364.0,2024
2024-M-DC-2024-WG1-M-POL-KOR-01,Davis Cup WG1 R1: POL vs KOR,Hard,4,D,2024-09-13,4,210105,,,Martyn Pawelski,R,196.0,POL,19.8,105621,,,Min Kyu Song,R,183.0,KOR,34.0,6-3 6-4,3,RR,,,,,,,,,,,,,,,,,,,,661.0,46.0,,,2024
2024-M-DC-2024-WG1-M-EGY-HUN-01,Davis Cup WG1 R1: EGY vs HUN,Clay,4,D,2024-09-13,5,200218,,,Mate Valkusz,R,183.0,HUN,26.0,209403,,,Faris Zakaryia,R,185.0,EGY,23.3,6-3 6-4,3,RR,,,,,,,,,,,,,,,,,,,,402.0,117.0,923.0,18.0,2024
2024-M-DC-2024-WG1-M-EGY-HUN-01,Davis Cup WG1 R1: EGY vs HUN,Clay,4,D,2024-09-13,4,200436,,,Zsombor Piros,R,180.0,HUN,24.9,105633,,,Mohamed Safwat,R,180.0,EGY,33.9,7-6(3) 6-1,3,RR,,,,,,,,,,,,,,,,,,,,222.0,261.0,415.0,110.0,2024
2024-M-DC-2024-WG1-M-SUI-PER-01,Davis Cup WG1 R1: SUI vs PER,Hard,4,D,2024-09-13,1,208843,,,Jerome Kym,R,198.0,SUI,21.5,209860,,,Ignacio Buse,R,185.0,PER,20.4,6-1 6-4,3,RR,,,,,,,,,,,,,,,,,,,,151.0,383.0,212.0,282.0,2024
2024-M-DC-2024-WG1-M-EGY-HUN-01,Davis Cup WG1 R1: EGY vs HUN,Clay,4,D,2024-09-13,2,105633,,,Mohamed Safwat,R,180.0,EGY,33.9,200218,,,Mate Valkusz,R,183.0,HUN,26.0,6-3 5-7 7-6(5),3,RR,,,,,,,,,,,,,,,,,,,,415.0,110.0,402.0,117.0,2024
2024-M-DC-2024-WG1-M-NOR-POR-01,Davis Cup WG1 R1: NOR vs POR,Hard,4,D,2024-09-13,4,134770,,,Casper Ruud,R,183.0,NOR,25.7,210262,,,Jaime Faria,R,188.0,POR,21.0,7-6(3) 6-2,3,RR,,,,,,,,,,,,,,,,,,,,9.0,4010.0,157.0,376.0,2024
2024-M-DC-2024-FLS-4-M-D-GBR-ARG-01,Davis Cup Finals RR: GBR vs ARG,Hard,2,D,2024-09-13,1,144869,,,Tomas Martin Etcheverry,R,196.0,ARG,25.1,105554,,,Daniel Evans,R,175.0,GBR,34.2,6-2 7-5,3,RR,126.0,4.0,1.0,83.0,63.0,46.0,9.0,10.0,7.0,7.0,1.0,2.0,59.0,38.0,27.0,8.0,10.0,1.0,4.0,34.0,1390.0,178.0,334.0,2024
2024-M-DC-2024-FLS-4-M-D-GBR-ARG-01,Davis Cup Finals RR: GBR vs ARG,Hard,2,D,2024-09-13,2,202103,,,Francisco Cerundolo,R,185.0,ARG,26.0,207733,,,Jack Draper,L,193.0,GBR,22.7,7-6(4) 7-5,3,RR,129.0,7.0,3.0,96.0,65.0,43.0,16.0,12.0,8.0,10.0,7.0,0.0,70.0,43.0,30.0,14.0,12.0,1.0,4.0,31.0,1500.0,20.0,2315.0,2024
2024-M-DC-2024-FLS-2-M-B-FRA-ESP-01,Davis Cup Finals RR: FRA vs ESP,Hard,2,D,2024-09-13,1,105138,,,Roberto Bautista Agut,R,183.0,ESP,36.4,209950,,,Arthur Fils,R,185.0,FRA,20.2,2-6 7-5 6-3,3,RR,174.0,4.0,1.0,125.0,87.0,54.0,18.0,15.0,11.0,15.0,13.0,4.0,79.0,47.0,36.0,13.0,14.0,6.0,10.0,62.0,841.0,25.0,1775.0,2024
2024-M-DC-2024-FLS-2-M-B-FRA-ESP-01,Davis Cup Finals RR: FRA vs ESP,Hard,2,D,2024-09-13,2,207989,,,Carlos Alcaraz,R,183.0,ESP,21.3,200005,,,Ugo Humbert,L,188.0,FRA,26.2,6-3 6-3,3,RR,80.0,5.0,1.0,51.0,31.0,25.0,14.0,9.0,6.0,6.0,3.0,1.0,58.0,40.0,25.0,9.0,9.0,4.0,7.0,3.0,6690.0,18.0,2370.0,2024
2024-M-DC-2024-FLS-3-M-C-USA-SVK-01,Davis Cup Finals RR: USA vs SVK,Hard,2,D,2024-09-13,1,111456,,,Mackenzie Mcdonald,R,178.0,USA,29.4,127760,,,Lukas Klein,R,193.0,SVK,26.4,6-4 6-3,3,RR,76.0,5.0,1.0,57.0,35.0,23.0,16.0,10.0,2.0,3.0,3.0,4.0,58.0,36.0,27.0,5.0,9.0,2.0,6.0,149.0,387.0,127.0,468.0,2024
2024-M-DC-2024-FLS-3-M-C-USA-SVK-01,Davis Cup Finals RR: USA vs SVK,Hard,2,D,2024-09-13,2,206909,,,Brandon Nakashima,R,188.0,USA,23.1,106075,,,Jozef Kovalik,R,183.0,SVK,31.8,6-3 6-3,3,RR,74.0,8.0,1.0,46.0,35.0,28.0,8.0,9.0,0.0,0.0,2.0,5.0,61.0,34.0,21.0,13.0,9.0,3.0,6.0,40.0,1295.0,113.0,511.0,2024
2024-M-DC-2024-WG1-M-EGY-HUN-01,Davis Cup WG1 R1: EGY vs HUN,Clay,4,D,2024-09-13,1,200436,,,Zsombor Piros,R,180.0,HUN,24.9,209871,,,Amr Elsayed Abdou Ahmed Mohamed,R,185.0,EGY,25.5,5-7 6-3 6-4,3,RR,,,,,,,,,,,,,,,,,,,,222.0,261.0,643.0,48.0,2024
2024-M-DC-2024-WG1-M-CRO-LTU-01,Davis Cup WG1 R1: CRO vs LTU,Hard,4,D,2024-09-13,4,212063,,,Matej Dodig,R,188.0,CRO,19.1,209147,,,Vilius Gaubas,R,178.0,LTU,19.6,6-3 6-4,3,RR,,,,,,,,,,,,,,,,,,,,291.0,182.0,182.0,324.0,2024
2024-M-DC-2024-WG1-M-CRO-LTU-01,Davis Cup WG1 R1: CRO vs LTU,Hard,4,D,2024-09-13,2,207213,,,Duje Ajdukovic,R,188.0,CRO,23.5,210220,,,Edas Butvilas,R,191.0,LTU,20.1,7-5 6-7(6) 6-2,3,RR,,,,,,,,,,,,,,,,,,,,105.0,539.0,368.0,134.0,2024
2024-M-DC-2024-WG1-M-CRO-LTU-01,Davis Cup WG1 R1: CRO vs LTU,Hard,4,D,2024-09-13,1,127339,,,Borna Gojo,R,196.0,CRO,26.5,209147,,,Vilius Gaubas,R,178.0,LTU,19.6,6-4 6-2,3,RR,,,,,,,,,,,,,,,,,,,,439.0,98.0,182.0,324.0,2024
2024-M-DC-2024-WG1-M-AUT-TUR-01,Davis Cup WG1 R1: AUT vs TUR,Clay,4,D,2024-09-13,3,209903,,,Lukas Neumayer,R,183.0,AUT,22.0,117356,,,Cem Ilkel,R,185.0,TUR,29.0,7-6(3) 6-2,3,RR,,,,,,,,,,,,,,,,,,,,262.0,210.0,474.0,87.0,2024
2024-M-DC-2024-WG1-M-AUT-TUR-01,Davis Cup WG1 R1: AUT vs TUR,Clay,4,D,2024-09-13,2,209903,,,Lukas Neumayer,R,183.0,AUT,22.0,117356,,,Cem Ilkel,R,185.0,TUR,29.0,7-6(3) 6-2,3,RR,,,,,,,,,,,,,,,,,,,,262.0,210.0,474.0,87.0,2024
2024-M-DC-2024-WG1-M-AUT-TUR-01,Davis Cup WG1 R1: AUT vs TUR,Clay,4,D,2024-09-13,1,200514,,,Jurij Rodionov,L,191.0,AUT,25.3,207129,,,Yanki Erel,L,178.0,TUR,23.9,6-3 6-4,3,RR,,,,,,,,,,,,,,,,,,,,170.0,348.0,536.0,70.0,2024
2024-M-DC-2024-WG1-M-SUI-PER-01,Davis Cup WG1 R1: SUI vs PER,Hard,4,D,2024-09-13,2,144817,,,Marc Andrea Huesler,L,196.0,SUI,28.2,122669,,,Juan Pablo Varillas,R,185.0,PER,28.9,6-3 6-4,3,RR,,,,,,,,,,,,,,,,,,,,171.0,348.0,179.0,331.0,2024
2024-M-DC-2024-FLS-1-M-A-ITA-BEL-01,Davis Cup Finals RR: ITA vs BEL,Hard,2,D,2024-09-13,2,200267,,,Zizou Bergs,R,185.0,BEL,25.2,207925,,,Flavio Cobolli,R,183.0,ITA,22.3,6-3 6-7(5) 6-0,3,RR,147.0,11.0,3.0,85.0,57.0,45.0,12.0,14.0,3.0,5.0,10.0,4.0,111.0,64.0,38.0,20.0,13.0,9.0,15.0,72.0,747.0,32.0,1482.0,2024
2024-M-DC-2024-WG1-M-SUI-PER-01,Davis Cup WG1 R1: SUI vs PER,Hard,4,D,2024-09-13,4,200329,,,Remy Bertola,R,175.0,SUI,26.0,208293,,,Gonzalo Bueno,R,173.0,PER,20.4,5-7 7-5 [10-5],3,RR,,,,,,,,,,,,,,,,,,,,286.0,185.0,273.0,199.0,2024
2024-M-DC-2024-WG1-M-POL-KOR-01,Davis Cup WG1 R1: POL vs KOR,Hard,4,D,2024-09-13,1,111805,,,Seong Chan Hong,R,175.0,KOR,27.1,209874,,,Maks Kasnikowski,R,180.0,POL,21.1,7-6(8) 6-2,3,RR,,,,,,,,,,,,,,,,,,,,141.0,413.0,173.0,345.0,2024
2024-M-DC-2024-WG2-M-BOL-URU-01,Davis Cup WG2 R1: BOL vs URU,Clay,4,D,2024-09-13,2,208364,,,Franco Roncadelli,L,185.0,URU,24.5,123961,,,Murkel Alejandro Dellien Velasco,R,193.0,BOL,26.9,6-2 6-2,3,RR,104.0,1.0,1.0,80.0,56.0,34.0,14.0,8.0,11.0,12.0,1.0,3.0,51.0,33.0,15.0,6.0,8.0,1.0,6.0,366.0,136.0,183.0,324.0,2024
2024-M-DC-2024-WG2-M-UZB-EST-01,Davis Cup WG2 R1: UZB vs EST,Hard,4,D,2024-09-13,4,126939,,,Khumoun Sultanov,R,180.0,UZB,25.8,210136,,,Mark Lajal,R,191.0,EST,21.3,6-4 6-1,3,RR,74.0,7.0,1.0,57.0,34.0,23.0,16.0,9.0,5.0,6.0,1.0,2.0,41.0,22.0,10.0,10.0,8.0,0.0,4.0,236.0,243.0,224.0,260.0,2024
2024-M-DC-2024-WG2-M-UZB-EST-01,Davis Cup WG2 R1: UZB vs EST,Hard,4,D,2024-09-13,2,126939,,,Khumoun Sultanov,R,180.0,UZB,25.8,144932,,,Kristjan Tamm,R,185.0,EST,26.2,7-6(2) 6-4,3,RR,104.0,10.0,0.0,66.0,42.0,35.0,18.0,11.0,2.0,2.0,11.0,2.0,91.0,55.0,44.0,14.0,11.0,7.0,8.0,236.0,243.0,978.0,15.0,2024
2024-M-DC-2024-WG2-M-UZB-EST-01,Davis Cup WG2 R1: UZB vs EST,Hard,4,D,2024-09-13,1,210136,,,Mark Lajal,R,191.0,EST,21.3,200672,,,Sergey Fomin,R,180.0,UZB,23.6,6-4 4-6 7-6(6),3,RR,164.0,16.0,4.0,99.0,72.0,56.0,10.0,16.0,1.0,4.0,14.0,4.0,136.0,84.0,53.0,29.0,16.0,13.0,16.0,224.0,260.0,537.0,70.0,2024
2024-M-DC-2024-WG2-M-TUN-IRL-01,Davis Cup WG2 R1: TUN vs IRL,Clay,4,D,2024-09-13,5,109734,,,Skander Mansouri,R,193.0,TUN,29.1,149843,,,Conor Gannon,U,,IRL,22.2,6-3 6-1,3,RR,70.0,5.0,2.0,39.0,24.0,23.0,10.0,8.0,0.0,0.0,0.0,4.0,57.0,31.0,20.0,10.0,8.0,6.0,10.0,681.0,41.0,1294.0,5.0,2024
2024-M-DC-2024-WG2-M-ROU-CHN-01,Davis Cup WG2 R1: ROU vs CHN,Hard,4,D,2024-09-13,5,206470,,,Cezar Cretu,R,188.0,ROU,23.3,144751,,,Rigele Te,R,188.0,CHN,26.9,3-6 6-3 6-3,3,RR,158.0,10.0,4.0,100.0,60.0,42.0,20.0,14.0,7.0,9.0,5.0,3.0,93.0,48.0,34.0,22.0,13.0,7.0,11.0,292.0,182.0,636.0,48.0,2024
2024-M-DC-2024-WG2-M-ROU-CHN-01,Davis Cup WG2 R1: ROU vs CHN,Hard,4,D,2024-09-13,4,207352,,,Bu Yunchaokete,R,185.0,CHN,22.6,206589,,,Gabi Adrian Boitan,R,185.0,ROU,25.1,6-3 7-6(3),3,RR,101.0,1.0,1.0,68.0,43.0,32.0,17.0,11.0,1.0,2.0,7.0,2.0,57.0,38.0,28.0,11.0,10.0,3.0,5.0,112.0,514.0,364.0,136.0,2024
2024-M-DC-2024-WG2-M-BOL-URU-01,Davis Cup WG2 R1: BOL vs URU,Clay,4,D,2024-09-13,1,106198,,,Hugo Dellien,R,180.0,BOL,31.2,212051,,,Joaquin  Aguilar Cardozo ,U,,URU,19.4,6-2 6-3,3,RR,103.0,2.0,0.0,59.0,38.0,24.0,13.0,9.0,3.0,5.0,0.0,1.0,65.0,44.0,23.0,7.0,8.0,13.0,18.0,106.0,529.0,851.0,22.0,2024
2024-M-DC-2024-WG2-M-TUN-IRL-01,Davis Cup WG2 R1: TUN vs IRL,Clay,4,D,2024-09-13,4,210686,,,Michael Agwi,R,193.0,IRL,21.0,144826,,,Aziz Dougaz,L,188.0,TUN,27.4,6-3 6-4,3,RR,98.0,1.0,5.0,62.0,36.0,20.0,13.0,10.0,6.0,9.0,0.0,6.0,68.0,44.0,20.0,10.0,9.0,3.0,9.0,487.0,83.0,228.0,252.0,2024
2024-M-DC-2024-WG2-M-TUN-IRL-01,Davis Cup WG2 R1: TUN vs IRL,Clay,4,D,2024-09-13,2,144826,,,Aziz Dougaz,L,188.0,TUN,27.4,149843,,,Conor Gannon,U,,IRL,22.2,6-3 6-1,3,RR,63.0,1.0,3.0,42.0,25.0,19.0,13.0,8.0,0.0,0.0,2.0,4.0,44.0,25.0,16.0,7.0,8.0,3.0,7.0,228.0,252.0,1294.0,5.0,2024
2024-M-DC-2024-WG2-M-TUN-IRL-01,Davis Cup WG2 R1: TUN vs IRL,Clay,4,D,2024-09-13,1,210686,,,Michael Agwi,R,193.0,IRL,21.0,109734,,,Skander Mansouri,R,193.0,TUN,29.1,7-6(5) 6-3,3,RR,89.0,1.0,2.0,71.0,51.0,33.0,11.0,11.0,3.0,6.0,1.0,3.0,62.0,46.0,26.0,6.0,10.0,1.0,5.0,487.0,83.0,681.0,41.0,2024
2024-M-DC-2024-WG2-M-ROU-CHN-01,Davis Cup WG2 R1: ROU vs CHN,Hard,4,D,2024-09-13,2,206589,,,Gabi Adrian Boitan,R,185.0,ROU,25.1,212044,,,Yi Zhou,R,193.0,CHN,19.4,7-6(4) 6-2,3,RR,100.0,6.0,0.0,69.0,50.0,34.0,14.0,10.0,3.0,4.0,3.0,1.0,54.0,35.0,27.0,9.0,10.0,2.0,5.0,364.0,136.0,527.0,72.0,2024
2024-M-DC-2024-WG2-M-BOL-URU-01,Davis Cup WG2 R1: BOL vs URU,Clay,4,D,2024-09-13,4,208364,,,Franco Roncadelli,L,185.0,URU,24.5,106198,,,Hugo Dellien,R,180.0,BOL,31.2,2-6 6-3 6-2,3,RR,130.0,1.0,4.0,85.0,64.0,43.0,8.0,13.0,3.0,6.0,4.0,1.0,83.0,56.0,34.0,13.0,12.0,7.0,11.0,366.0,136.0,106.0,529.0,2024
2024-M-DC-2024-WG2-M-ROU-CHN-01,Davis Cup WG2 R1: ROU vs CHN,Hard,4,D,2024-09-13,1,206470,,,Cezar Cretu,R,188.0,ROU,23.3,207352,,,Bu Yunchaokete,R,185.0,CHN,22.6,3-6 6-4 7-6(4),3,RR,186.0,9.0,4.0,106.0,65.0,39.0,22.0,16.0,5.0,10.0,6.0,3.0,99.0,50.0,39.0,23.0,15.0,6.0,10.0,292.0,182.0,112.0,514.0,2024
2024-M-DC-2024-FLS-3-M-C-GER-USA-01,Davis Cup Finals RR: GER vs USA,Hard,2,D,2024-09-14,1,124187,,,Reilly Opelka,R,211.0,USA,27.0,202260,,,Henri Squire,R,196.0,GER,23.9,6-7(4) 7-6(9) 6-3,3,RR,142.0,33.0,1.0,97.0,70.0,61.0,22.0,17.0,2.0,2.0,18.0,5.0,100.0,65.0,57.0,20.0,16.0,2.0,3.0,309.0,167.0,187.0,314.0,2024
2024-M-DC-2024-FLS-1-M-A-BEL-BRA-01,Davis Cup Finals RR: BEL vs BRA,Hard,2,D,2024-09-14,1,211663,,,Joao Fonseca,R,185.0,BRA,18.0,209920,,,Raphael Collignon,R,191.0,BEL,22.6,6-3 6-7(2) 6-3,3,RR,111.0,7.0,0.0,92.0,68.0,53.0,14.0,15.0,2.0,2.0,5.0,8.0,90.0,60.0,43.0,19.0,15.0,12.0,14.0,158.0,374.0,194.0,309.0,2024
2024-M-DC-2024-WG2-M-MAR-MON-01,Davis Cup WG2 R1: MAR vs MON,Clay,4,D,2024-09-14,4,104112,,,Benjamin Balleret,R,185.0,MON,41.6,207794,,,Younes Lalami Laaroussi,R,188.0,MAR,23.3,6-3 6-3,3,RR,69.0,4.0,3.0,53.0,32.0,27.0,9.0,9.0,2.0,3.0,3.0,5.0,63.0,41.0,26.0,7.0,9.0,4.0,8.0,,,1074.0,11.0,2024
2024-M-DC-2024-WG2-M-BUL-ESA-01,Davis Cup WG2 R1: BUL vs ESA,Clay,4,D,2024-09-14,1,105656,,,Marcelo Arevalo,R,193.0,ESA,33.8,209318,,,Petr Nesterov,R,,BUL,21.5,6-3 6-3,3,RR,88.0,0.0,4.0,57.0,30.0,21.0,10.0,9.0,3.0,7.0,2.0,1.0,53.0,32.0,17.0,5.0,9.0,3.0,10.0,,,413.0,112.0,2024
2024-M-DC-2024-FLS-3-M-C-GER-USA-01,Davis Cup Finals RR: GER vs USA,Hard,2,D,2024-09-14,2,206909,,,Brandon Nakashima,R,188.0,USA,23.1,109739,,,Maximilian Marterer,L,188.0,GER,29.2,6-4 6-2,3,RR,86.0,9.0,1.0,45.0,33.0,28.0,8.0,9.0,0.0,0.0,6.0,2.0,73.0,48.0,30.0,10.0,9.0,8.0,11.0,40.0,1295.0,104.0,543.0,2024
2024-M-DC-2024-WG2-M-BAR-PAK-01,Davis Cup WG2 R1: BAR vs PAK,Hard,4,D,2024-09-14,4,105985,,,Darian King,R,188.0,BAR,32.3,207839,,,Yousaf Khalil,U,,PAK,25.4,6-3 6-0,3,RR,54.0,5.0,0.0,44.0,36.0,29.0,5.0,8.0,0.0,0.0,4.0,3.0,37.0,19.0,13.0,5.0,7.0,2.0,6.0,1230.0,6.0,,,2024
2024-M-DC-2024-WG2-M-BAR-PAK-01,Davis Cup WG2 R1: BAR vs PAK,Hard,4,D,2024-09-14,2,103499,,,Aqeel Khan,R,,PAK,44.6,209868,,,Kaipo Marshall,R,,BAR,22.4,3-6 6-1 6-4,3,RR,135.0,4.0,1.0,81.0,46.0,30.0,23.0,13.0,4.0,6.0,5.0,11.0,81.0,59.0,43.0,4.0,13.0,7.0,11.0,,,,,2024
2024-M-DC-2024-WG2-M-MAR-MON-01,Davis Cup WG2 R1: MAR vs MON,Clay,4,D,2024-09-14,2,106033,,,Romain Arneodo,R,175.0,MON,32.0,200611,,,Elliot Benchetrit,R,193.0,MAR,25.9,4-6 7-5 6-3,3,RR,150.0,3.0,3.0,94.0,67.0,49.0,15.0,16.0,4.0,6.0,3.0,6.0,99.0,50.0,35.0,28.0,15.0,4.0,7.0,,,670.0,44.0,2024
2024-M-DC-2024-WG2-M-MAR-MON-01,Davis Cup WG2 R1: MAR vs MON,Clay,4,D,2024-09-14,1,105714,,,Hugo Nys,R,185.0,MON,33.5,209120,,,Yassine Dlimi,R,191.0,MAR,21.3,6-2 7-6(4),3,RR,130.0,7.0,2.0,90.0,47.0,36.0,20.0,10.0,7.0,8.0,0.0,9.0,75.0,44.0,31.0,12.0,10.0,4.0,7.0,,,1123.0,9.0,2024
2024-M-DC-2024-WG2-M-HKG-ECU-01,Davis Cup WG2 R1: HKG vs ECU,Hard,4,D,2024-09-14,5,105271,,,Gonzalo Escobar,L,178.0,ECU,35.6,207132,,,Ki Lung Ng,R,,HKG,23.1,6-1 6-3,3,RR,101.0,3.0,1.0,44.0,27.0,20.0,11.0,8.0,0.0,1.0,2.0,4.0,70.0,52.0,28.0,5.0,8.0,6.0,11.0,,,2102.0,1.0,2024
2024-M-DC-2024-WG2-M-LBN-RSA-01,Davis Cup WG2 R1: LBN vs RSA,Clay,4,D,2024-09-14,2,200273,,,Hady Habib,R,188.0,LIB,26.0,202475,,,Philip Henning,R,,RSA,23.8,6-4 3-6 7-6(3),3,RR,133.0,13.0,5.0,90.0,54.0,44.0,21.0,16.0,3.0,6.0,5.0,1.0,97.0,65.0,47.0,17.0,15.0,4.0,6.0,268.0,205.0,360.0,137.0,2024
2024-M-DC-2024-WG2-M-BUL-ESA-01,Davis Cup WG2 R1: BUL vs ESA,Clay,4,D,2024-09-14,2,210200,,,Yanaki Milev,R,180.0,BUL,20.4,211570,,,Cesar Cruz,U,,ESA,17.9,6-3 4-6 6-3,3,RR,148.0,4.0,4.0,89.0,56.0,39.0,19.0,14.0,3.0,5.0,1.0,5.0,107.0,69.0,43.0,15.0,14.0,10.0,14.0,445.0,97.0,,,2024
2024-M-DC-2024-WG2-M-BUL-ESA-01,Davis Cup WG2 R1: BUL vs ESA,Clay,4,D,2024-09-14,4,210721,,,Iliyan Radulov,R,187.0,BUL,19.2,212720,,,Juan Carlos Fuentes Vasquez,U,,ESA,18.9,6-1 6-2,3,RR,67.0,1.0,1.0,42.0,25.0,20.0,8.0,8.0,2.0,3.0,0.0,2.0,48.0,31.0,11.0,9.0,7.0,6.0,12.0,766.0,30.0,,,2024
2024-M-DC-2024-WG2-M-BUL-ESA-01,Davis Cup WG2 R1: BUL vs ESA,Clay,4,D,2024-09-14,5,210200,,,Yanaki Milev,R,180.0,BUL,20.4,105656,,,Marcelo Arevalo,R,193.0,ESA,33.8,2-6 6-1 7-6(6),3,RR,145.0,4.0,11.0,103.0,61.0,42.0,14.0,14.0,8.0,13.0,5.0,4.0,86.0,49.0,30.0,18.0,13.0,9.0,14.0,445.0,97.0,,,2024
2024-M-DC-2024-WG2-M-GEO-MEX-01,Davis Cup WG2 R1: GEO vs MEX,Hard,4,D,2024-09-14,1,200214,,,Alan Fernando Rubio Fierros,R,175.0,MEX,25.5,208182,,,Saba Purtseladze,R,191.0,GEO,23.0,7-6(3) 6-4,3,RR,114.0,7.0,4.0,87.0,48.0,40.0,19.0,11.0,10.0,10.0,5.0,0.0,65.0,39.0,28.0,17.0,11.0,0.0,1.0,707.0,38.0,427.0,103.0,2024
2024-M-DC-2024-WG2-M-GEO-MEX-01,Davis Cup WG2 R1: GEO vs MEX,Hard,4,D,2024-09-14,2,126762,,,Aleksandre Bakshi,L,180.0,GEO,27.1,210202,,,Rodrigo Pacheco Mendez,L,188.0,MEX,19.3,7-6(2) 7-6(5),3,RR,126.0,6.0,4.0,93.0,52.0,39.0,17.0,12.0,6.0,9.0,4.0,7.0,78.0,50.0,33.0,14.0,12.0,4.0,7.0,512.0,75.0,444.0,97.0,2024
2024-M-DC-2024-WG2-M-GEO-MEX-01,Davis Cup WG2 R1: GEO vs MEX,Hard,4,D,2024-09-14,4,210202,,,Rodrigo Pacheco Mendez,L,188.0,MEX,19.3,208182,,,Saba Purtseladze,R,191.0,GEO,23.0,6-2 2-1 RET,3,RR,54.0,5.0,1.0,29.0,17.0,15.0,9.0,6.0,0.0,0.0,2.0,1.0,45.0,29.0,17.0,6.0,5.0,2.0,4.0,444.0,97.0,427.0,103.0,2024
2024-M-DC-2024-WG2-M-LBN-RSA-01,Davis Cup WG2 R1: LBN vs RSA,Clay,4,D,2024-09-14,4,133975,,,Benjamin Hassan,R,183.0,LBN,29.5,202475,,,Philip Henning,R,,RSA,23.8,6-2 6-3,3,RR,64.0,4.0,3.0,52.0,30.0,26.0,10.0,9.0,0.0,1.0,1.0,1.0,58.0,47.0,22.0,7.0,8.0,7.0,11.0,195.0,305.0,360.0,137.0,2024
2024-M-DC-2024-WG2-M-GEO-MEX-01,Davis Cup WG2 R1: GEO vs MEX,Hard,4,D,2024-09-14,5,126762,,,Aleksandre Bakshi,L,180.0,GEO,27.1,200214,,,Alan Fernando Rubio Fierros,R,175.0,MEX,25.5,6-3 7-6(5),3,RR,86.0,4.0,2.0,53.0,32.0,25.0,14.0,11.0,1.0,3.0,2.0,2.0,64.0,39.0,26.0,10.0,10.0,0.0,4.0,512.0,75.0,707.0,38.0,2024
2024-M-DC-2024-FLS-4-M-D-FIN-ARG-01,Davis Cup Finals RR: FIN vs ARG,Hard,2,D,2024-09-14,1,144869,,,Tomas Martin Etcheverry,R,196.0,ARG,25.1,144814,,,Eero Vasa,R,185.0,FIN,27.6,7-6(5) 6-3,3,RR,111.0,4.0,3.0,75.0,50.0,39.0,9.0,11.0,3.0,4.0,7.0,3.0,73.0,40.0,30.0,13.0,10.0,4.0,6.0,34.0,1390.0,703.0,39.0,2024
2024-M-DC-2024-WG2-M-HKG-ECU-01,Davis Cup WG2 R1: HKG vs ECU,Hard,4,D,2024-09-14,1,200748,,,Andres Andrade,R,180.0,ECU,25.7,212970,,,Jack Cheng,U,,HKG,15.6,6-1 6-1,3,RR,75.0,3.0,1.0,42.0,27.0,21.0,9.0,7.0,1.0,1.0,0.0,3.0,53.0,25.0,13.0,11.0,7.0,5.0,10.0,250.0,229.0,1600.0,2.0,2024
2024-M-DC-2024-WG2-M-HKG-ECU-01,Davis Cup WG2 R1: HKG vs ECU,Hard,4,D,2024-09-14,2,209409,,,Coleman Wong,R,191.0,HKG,20.2,212866,,,Marcos Lee Chan Baratau,U,,ECU,18.8,6-3 3-6 6-1,3,RR,106.0,10.0,2.0,74.0,48.0,36.0,14.0,13.0,1.0,3.0,1.0,2.0,76.0,59.0,35.0,9.0,12.0,1.0,5.0,137.0,428.0,1320.0,5.0,2024
2024-M-DC-2024-WG2-M-HKG-ECU-01,Davis Cup WG2 R1: HKG vs ECU,Hard,4,D,2024-09-14,4,209409,,,Coleman Wong,R,191.0,HKG,20.2,200748,,,Andres Andrade,R,180.0,ECU,25.7,6-4 6-2,3,RR,73.0,9.0,0.0,51.0,40.0,32.0,5.0,9.0,0.0,0.0,3.0,1.0,45.0,27.0,22.0,7.0,9.0,2.0,5.0,137.0,428.0,250.0,229.0,2024
2024-M-DC-2024-WG2-M-BAR-PAK-01,Davis Cup WG2 R1: BAR vs PAK,Hard,4,D,2024-09-14,1,105985,,,Darian King,R,188.0,BAR,32.3,207841,,,Muhammad Shoaib,U,,PAK,22.5,6-3 6-0,3,RR,85.0,2.0,1.0,44.0,27.0,21.0,10.0,8.0,1.0,1.0,0.0,2.0,61.0,25.0,10.0,19.0,7.0,3.0,8.0,1230.0,6.0,,,2024
2024-M-DC-2024-WG2-M-LBN-RSA-01,Davis Cup WG2 R1: LBN vs RSA,Clay,4,D,2024-09-14,1,133975,,,Benjamin Hassan,R,183.0,LBN,29.5,209278,,,Alec Beckley,R,183.0,RSA,23.2,6-4 6-2,3,RR,75.0,1.0,2.0,60.0,39.0,31.0,12.0,9.0,4.0,4.0,2.0,1.0,56.0,33.0,22.0,10.0,9.0,2.0,5.0,195.0,305.0,641.0,48.0,2024
2024-M-DC-2024-FLS-4-M-D-FIN-ARG-01,Davis Cup Finals RR: FIN vs ARG,Hard,2,D,2024-09-14,2,202103,,,Francisco Cerundolo,R,185.0,ARG,26.0,202261,,,Otto Virtanen,R,193.0,FIN,23.2,6-7(4) 6-1 6-0,3,RR,105.0,1.0,3.0,79.0,49.0,41.0,19.0,13.0,4.0,4.0,11.0,6.0,81.0,51.0,34.0,11.0,12.0,6.0,11.0,31.0,1500.0,109.0,521.0,2024
2024-M-DC-2024-WG2-M-NZL-LUX-01,Davis Cup WG2 R1: NZL vs LUX,Hard,4,D,2024-09-14,1,200270,,,Alex Knaff,R,193.0,LUX,26.7,208485,,,Kiranpal Pannu,R,185.0,NZL,27.6,6-1 6-7(8) 7-5,3,RR,170.0,6.0,2.0,108.0,65.0,45.0,28.0,16.0,8.0,10.0,3.0,3.0,104.0,69.0,47.0,14.0,15.0,8.0,13.0,644.0,48.0,454.0,94.0,2024
2024-M-DC-2024-WG2-M-NZL-LUX-01,Davis Cup WG2 R1: NZL vs LUX,Hard,4,D,2024-09-14,4,211638,,,Jack Loutit,L,,NZL,20.2,208210,,,Chris Rodesch,R,198.0,LUX,23.1,7-5 6-4,3,RR,91.0,0.0,3.0,75.0,45.0,36.0,16.0,11.0,4.0,4.0,11.0,4.0,62.0,41.0,30.0,13.0,11.0,4.0,6.0,790.0,27.0,507.0,77.0,2024
2024-M-DC-2024-WG2-M-TOG-LAT-01,Davis Cup WG2 R1: TOG vs LAT,Hard,4,D,2024-09-14,2,209964,,,Liova Ayite Ajavon,U,,TGO,25.2,211571,,,Daniels Tens,U,,LAT,19.0,7-5 6-3,3,RR,104.0,0.0,3.0,62.0,38.0,29.0,14.0,11.0,2.0,4.0,0.0,5.0,67.0,33.0,23.0,14.0,10.0,5.0,9.0,,,,,2024
2024-M-DC-2024-FLS-1-M-A-BEL-BRA-01,Davis Cup Finals RR: BEL vs BRA,Hard,2,D,2024-09-14,2,106329,,,Thiago Monteiro,L,183.0,BRA,30.2,200267,,,Zizou Bergs,R,185.0,BEL,25.2,4-6 7-6(5) 7-5,3,RR,164.0,4.0,2.0,104.0,65.0,51.0,25.0,17.0,6.0,7.0,10.0,4.0,97.0,61.0,52.0,21.0,17.0,1.0,2.0,76.0,720.0,72.0,747.0,2024
2024-M-DC-2024-WG1-M-TPE-BIH-01,Davis Cup WG1 R1: TPE vs BIH,Hard,4,D,2024-09-14,5,126555,,,Tung Lin Wu,R,188.0,TPE,26.3,105806,,,Mirza Basic,R,188.0,BIH,33.1,6-1 6-4,3,RR,,,,,,,,,,,,,,,,,,,,318.0,164.0,579.0,59.0,2024
2024-M-DC-2024-WG1-M-TPE-BIH-01,Davis Cup WG1 R1: TPE vs BIH,Hard,4,D,2024-09-14,4,106000,,,Damir Dzumhur,R,175.0,BIH,32.3,202358,,,Chun Hsin Tseng,R,175.0,TPE,23.0,6-4 2-6 6-2,3,RR,,,,,,,,,,,,,,,,,,,,86.0,655.0,121.0,489.0,2024
2024-M-DC-2024-WG1-M-TPE-BIH-01,Davis Cup WG1 R1: TPE vs BIH,Hard,4,D,2024-09-14,2,126555,,,Tung Lin Wu,R,188.0,TPE,26.3,106000,,,Damir Dzumhur,R,175.0,BIH,32.3,6-2 6-1,3,RR,,,,,,,,,,,,,,,,,,,,318.0,164.0,86.0,655.0,2024
2024-M-DC-2024-WG1-M-TPE-BIH-01,Davis Cup WG1 R1: TPE vs BIH,Hard,4,D,2024-09-14,1,105806,,,Mirza Basic,R,188.0,BIH,33.1,202358,,,Chun Hsin Tseng,R,175.0,TPE,23.0,3-6 7-5 6-4,3,RR,,,,,,,,,,,,,,,,,,,,579.0,59.0,121.0,489.0,2024
2024-M-DC-2024-WG1-M-SWE-IND-01,Davis Cup WG1 R1: SWE vs IND,Hard,4,D,2024-09-14,4,111200,,,Elias Ymer,R,185.0,SWE,28.4,144927,,,Siddharth Vishwakarma,L,191.0,IND,29.9,6-2 6-2,3,RR,,,,,,,,,,,,,,,,,,,,238.0,241.0,588.0,57.0,2024
2024-M-DC-2024-WG1-M-SWE-IND-01,Davis Cup WG1 R1: SWE vs IND,Hard,4,D,2024-09-14,2,209863,,,Leo Borg,R,183.0,SWE,21.3,106368,,,Ramkumar Ramanathan,R,188.0,IND,29.8,6-3 6-4,3,RR,,,,,,,,,,,,,,,,,,,,603.0,53.0,332.0,153.0,2024
2024-M-DC-2024-WG1-M-SWE-IND-01,Davis Cup WG1 R1: SWE vs IND,Hard,4,D,2024-09-14,1,111200,,,Elias Ymer,R,185.0,SWE,28.4,105502,,,N Sriram Balaji,R,180.0,IND,34.4,6-4 6-2,3,RR,,,,,,,,,,,,,,,,,,,,238.0,241.0,,,2024
2024-M-DC-2024-WG2-M-TOG-LAT-01,Davis Cup WG2 R1: TOG vs LAT,Hard,4,D,2024-09-14,4,133933,,,Thomas Yaka Kofi Setodji,R,183.0,TOG,28.9,211571,,,Daniels Tens,U,,LAT,19.0,7-6(5) 6-4,3,RR,99.0,2.0,3.0,62.0,36.0,31.0,15.0,11.0,0.0,1.0,0.0,1.0,94.0,51.0,31.0,25.0,11.0,12.0,14.0,1240.0,6.0,,,2024
2024-M-DC-2024-WG2-M-NZL-LUX-01,Davis Cup WG2 R1: NZL vs LUX,Hard,4,D,2024-09-14,2,208210,,,Chris Rodesch,R,198.0,LUX,23.1,208055,,,Ajeet Rai,R,188.0,NZL,25.6,6-2 6-4,3,RR,67.0,4.0,2.0,47.0,30.0,25.0,9.0,9.0,0.0,1.0,0.0,2.0,58.0,33.0,20.0,12.0,9.0,2.0,6.0,507.0,77.0,498.0,81.0,2024
2024-M-DC-2024-WG2-M-TOG-LAT-01,Davis Cup WG2 R1: TOG vs LAT,Hard,4,D,2024-09-14,1,133933,,,Thomas Yaka Kofi Setodji,R,183.0,TOG,28.9,212717,,,Davis Rolis,U,,LAT,19.6,6-4 6-4,3,RR,93.0,5.0,1.0,56.0,36.0,30.0,10.0,10.0,0.0,1.0,9.0,5.0,65.0,34.0,28.0,12.0,10.0,7.0,10.0,1240.0,6.0,,,2024
2024-M-DC-2024-WG1-M-SRB-GRE-01,Davis Cup WG1 R1: SRB vs GRE,Hard,4,D,2024-09-14,2,104925,,,Novak Djokovic,R,188.0,SRB,37.3,209354,,,Ioannis Xilas,U,,GRE,23.3,6-0 6-1,3,RR,,,,,,,,,,,,,,,,,,,,4.0,5560.0,770.0,29.0,2024
2024-M-DC-2024-WG1-M-SRB-GRE-01,Davis Cup WG1 R1: SRB vs GRE,Hard,4,D,2024-09-14,1,200175,,,Miomir Kecmanovic,R,183.0,SRB,25.0,209362,,,Aristotelis Thanos,R,,GRE,23.4,6-3 6-3,3,RR,,,,,,,,,,,,,,,,,,,,53.0,980.0,713.0,37.0,2024
2024-M-DC-2024-WG1-M-SRB-GRE-01,Davis Cup WG1 R1: SRB vs GRE,Hard,4,D,2024-09-14,4,206782,,,Demetris Azoides,U,,GRE,23.9,105583,,,Dusan Lajovic,R,183.0,SRB,34.1,1-6 3-2 RET,3,RR,,,,,,,,,,,,,,,,,,,,1054.0,12.0,65.0,811.0,2024
2024-M-DC-2024-WG1-M-JPN-COL-01,Davis Cup WG1 R1: JPN vs COL,Hard,4,D,2024-09-14,4,106415,,,Yoshihito Nishioka,L,170.0,JPN,28.9,200711,,,Nicolas Mejia,R,183.0,COL,24.5,7-5 6-4,3,RR,,,,,,,,,,,,,,,,,,,,54.0,974.0,237.0,242.0,2024
2024-M-DC-2024-WG2-M-NZL-LUX-01,Davis Cup WG2 R1: NZL vs LUX,Hard,4,D,2024-09-14,5,200270,,,Alex Knaff,R,193.0,LUX,26.7,104907,,,Jose Rubin Statham,R,180.0,NZL,37.3,6-3 6-2,3,RR,70.0,5.0,2.0,45.0,31.0,25.0,8.0,9.0,0.0,1.0,3.0,1.0,56.0,41.0,26.0,2.0,8.0,4.0,8.0,644.0,48.0,837.0,23.0,2024
2024-M-DC-2024-WG1-M-KAZ-DEN-01,Davis Cup WG1 R1: KAZ vs DEN,Hard,4,D,2024-09-14,4,202320,,,Beibit Zhukayev,R,198.0,KAZ,23.9,207934,,,Philip Hjorth,U,,DEN,25.5,3-6 6-4 [10-8],3,RR,,,,,,,,,,,,,,,,,,,,200.0,296.0,880.0,20.0,2024
2024-M-DC-2024-WG1-M-KAZ-DEN-01,Davis Cup WG1 R1: KAZ vs DEN,Hard,4,D,2024-09-14,2,200416,,,August Holmgren,R,188.0,DEN,26.3,207686,,,Alexander Shevchenko,R,185.0,KAZ,23.7,7-6(4) 6-3,3,RR,,,,,,,,,,,,,,,,,,,,166.0,353.0,57.0,895.0,2024
2024-M-DC-2024-FLS-2-M-B-CZE-FRA-01,Davis Cup Finals RR: CZE vs FRA,Hard,2,D,2024-09-14,2,209950,,,Arthur Fils,R,185.0,FRA,20.2,208103,,,Jiri Lehecka,R,185.0,CZE,22.8,6-7(5) 7-5 6-4,3,RR,139.0,13.0,4.0,111.0,66.0,50.0,25.0,17.0,5.0,7.0,15.0,2.0,107.0,69.0,49.0,18.0,17.0,4.0,8.0,25.0,1775.0,37.0,1345.0,2024
2024-M-DC-2024-FLS-2-M-B-CZE-FRA-01,Davis Cup Finals RR: CZE vs FRA,Hard,2,D,2024-09-14,1,210150,,,Jakub Mensik,R,193.0,CZE,19.0,126239,,,Arthur Rinderknech,R,196.0,FRA,29.1,2-6 6-3 7-5,3,RR,122.0,14.0,1.0,87.0,57.0,43.0,16.0,15.0,4.0,6.0,8.0,1.0,72.0,52.0,41.0,9.0,14.0,1.0,3.0,67.0,797.0,58.0,875.0,2024
2024-M-DC-2024-WG1-M-KAZ-DEN-01,Davis Cup WG1 R1: KAZ vs DEN,Hard,4,D,2024-09-14,1,209284,,,Elmer Moller,R,183.0,DEN,21.1,122330,,,Alexander Bublik,R,196.0,KAZ,27.2,1-6 6-2 6-2,3,RR,,,,,,,,,,,,,,,,,,,,247.0,231.0,27.0,1650.0,2024
2024-M-DC-2024-WG1-M-JPN-COL-01,Davis Cup WG1 R1: JPN vs COL,Hard,4,D,2024-09-14,1,106415,,,Yoshihito Nishioka,L,170.0,JPN,28.9,202075,,,Adria Soriano Barrera,R,191.0,COL,25.2,6-2 6-4,3,RR,,,,,,,,,,,,,,,,,,,,54.0,974.0,460.0,91.0,2024
2024-M-DC-2024-WG1-M-JPN-COL-01,Davis Cup WG1 R1: JPN vs COL,Hard,4,D,2024-09-14,2,105453,,,Kei Nishikori,R,178.0,JPN,34.6,200711,,,Nicolas Mejia,R,183.0,COL,24.5,6-4 6-4,3,RR,,,,,,,,,,,,,,,,,,,,205.0,288.0,237.0,242.0,2024
2024-M-DC-2024-FLS-1-M-A-ITA-NED-01,Davis Cup Finals RR: ITA vs NED,Hard,2,D,2024-09-15,1,126610,,,Matteo Berrettini,R,196.0,ITA,28.4,122298,,,Botic Van De Zandschulp,R,191.0,NED,28.9,3-6 6-4 6-4,3,RR,142.0,11.0,0.0,91.0,68.0,50.0,8.0,15.0,1.0,3.0,4.0,2.0,101.0,71.0,50.0,15.0,14.0,9.0,12.0,43.0,1165.0,68.0,794.0,2024
2024-M-DC-2024-FLS-1-M-A-ITA-NED-01,Davis Cup Finals RR: ITA vs NED,Hard,2,D,2024-09-15,2,207925,,,Flavio Cobolli,R,183.0,ITA,22.3,134868,,,Tallon Griekspoor,R,188.0,NED,28.1,7-6(4) 4-6 6-3,3,RR,127.0,6.0,2.0,101.0,69.0,52.0,21.0,16.0,2.0,3.0,8.0,1.0,88.0,62.0,51.0,13.0,15.0,2.0,3.0,32.0,1482.0,39.0,1300.0,2024
2024-M-DC-2024-FLS-3-M-C-SVK-CHI-01,Davis Cup Finals RR: SVK vs CHI,Hard,2,D,2024-09-15,2,106075,,,Jozef Kovalik,R,183.0,SVK,31.8,126214,,,Alejandro Tabilo,L,188.0,CHI,27.2,6-4 6-7(5) 6-1,3,RR,123.0,6.0,3.0,100.0,66.0,50.0,19.0,15.0,1.0,2.0,9.0,3.0,78.0,50.0,36.0,14.0,14.0,2.0,6.0,113.0,511.0,22.0,1963.0,2024
2024-M-DC-2024-FLS-4-M-D-CAN-GBR-01,Davis Cup Finals RR: CAN vs GBR,Hard,2,D,2024-09-15,2,200000,,,Felix Auger Aliassime,R,193.0,CAN,24.0,207733,,,Jack Draper,L,193.0,GBR,22.7,7-6(8) 7-5,3,RR,125.0,8.0,2.0,78.0,46.0,35.0,19.0,12.0,3.0,4.0,7.0,2.0,81.0,55.0,40.0,14.0,12.0,3.0,5.0,21.0,2170.0,20.0,2315.0,2024
2024-M-DC-2024-FLS-4-M-D-CAN-GBR-01,Davis Cup Finals RR: CAN vs GBR,Hard,2,D,2024-09-15,1,133430,,,Denis Shapovalov,L,185.0,CAN,25.4,105554,,,Daniel Evans,R,175.0,GBR,34.2,6-0 7-5,3,RR,81.0,6.0,2.0,47.0,35.0,31.0,7.0,9.0,2.0,2.0,2.0,2.0,56.0,33.0,22.0,9.0,9.0,1.0,5.0,100.0,560.0,178.0,334.0,2024
2024-M-DC-2024-FLS-2-M-B-AUS-ESP-01,Davis Cup Finals RR: AUS vs ESP,Hard,2,D,2024-09-15,2,200615,,,Alexei Popyrin,R,196.0,AUS,25.0,124079,,,Pedro Martinez,R,185.0,ESP,27.3,6-4 6-4,3,RR,89.0,9.0,2.0,67.0,43.0,33.0,13.0,10.0,3.0,3.0,2.0,2.0,55.0,34.0,23.0,13.0,10.0,0.0,2.0,24.0,1825.0,42.0,1167.0,2024
2024-M-DC-2024-FLS-3-M-C-SVK-CHI-01,Davis Cup Finals RR: SVK vs CHI,Hard,2,D,2024-09-15,1,106426,,,Cristian Garin,R,185.0,CHI,28.2,105613,,,Norbert Gombos,R,193.0,SVK,34.0,2-6 6-1 6-2,3,RR,95.0,10.0,3.0,62.0,46.0,34.0,9.0,12.0,2.0,4.0,4.0,3.0,61.0,36.0,24.0,11.0,11.0,1.0,5.0,115.0,508.0,408.0,114.0,2024
2024-M-DC-2024-FLS-2-M-B-AUS-ESP-01,Davis Cup Finals RR: AUS vs ESP,Hard,2,D,2024-09-15,1,105807,,,Pablo Carreno Busta,R,188.0,ESP,33.1,111442,,,Jordan Thompson,R,183.0,AUS,30.3,2-6 6-2 7-6(3),3,RR,156.0,5.0,0.0,88.0,55.0,37.0,21.0,14.0,1.0,4.0,18.0,1.0,84.0,56.0,45.0,12.0,14.0,6.0,9.0,207.0,287.0,29.0,1566.0,2024
2024-7581,Chengdu,Hard,28,A,2024-09-18,397,207518,1.0,,Lorenzo Musetti,R,185.0,ITA,22.5,105173,5.0,,Adrian Mannarino,L,180.0,FRA,36.2,6-2 5-7 6-2,3,QF,136.0,8.0,2.0,89.0,60.0,46.0,16.0,14.0,3.0,4.0,6.0,3.0,84.0,55.0,36.0,16.0,14.0,8.0,12.0,19.0,2345.0,46.0,1144.0,2024
2024-7581,Chengdu,Hard,28,A,2024-09-18,398,209992,,,Juncheng Shang,L,180.0,CHN,19.6,105870,,,Yannick Hanfmann,R,193.0,GER,32.8,6-4 6-4,3,SF,89.0,2.0,0.0,54.0,30.0,23.0,19.0,10.0,0.0,0.0,12.0,1.0,67.0,50.0,36.0,6.0,10.0,4.0,6.0,67.0,795.0,95.0,594.0,2024
2024-7581,Chengdu,Hard,28,A,2024-09-18,396,209992,,,Juncheng Shang,L,180.0,CHN,19.6,122330,2.0,,Alexander Bublik,R,196.0,KAZ,27.2,6-4 7-6(8),3,QF,111.0,7.0,0.0,79.0,59.0,47.0,12.0,11.0,5.0,5.0,18.0,4.0,84.0,51.0,46.0,12.0,11.0,2.0,3.0,67.0,795.0,27.0,1650.0,2024
2024-7581,Chengdu,Hard,28,A,2024-09-18,400,209992,,,Juncheng Shang,L,180.0,CHN,19.6,207518,1.0,,Lorenzo Musetti,R,185.0,ITA,22.5,7-6(4) 6-1,3,F,99.0,5.0,0.0,72.0,49.0,36.0,12.0,10.0,2.0,3.0,2.0,0.0,61.0,46.0,28.0,8.0,9.0,2.0,5.0,67.0,795.0,19.0,2345.0,2024
2024-7581,Chengdu,Hard,28,A,2024-09-18,399,207518,1.0,,Lorenzo Musetti,R,185.0,ITA,22.5,208230,,Q,Alibek Kachmazov,R,185.0,RUS,22.0,6-4 6-2,3,SF,101.0,3.0,1.0,73.0,52.0,34.0,14.0,9.0,3.0,3.0,6.0,1.0,62.0,35.0,24.0,12.0,9.0,5.0,8.0,19.0,2345.0,252.0,226.0,2024
2024-7581,Chengdu,Hard,28,A,2024-09-18,395,208230,,Q,Alibek Kachmazov,R,185.0,RUS,22.0,111797,3.0,,Nicolas Jarry,R,201.0,CHI,28.9,6-3 6-4,3,QF,93.0,3.0,0.0,56.0,22.0,21.0,21.0,10.0,0.0,0.0,11.0,1.0,57.0,32.0,25.0,9.0,9.0,4.0,6.0,252.0,226.0,28.0,1595.0,2024
2024-4713,Hangzhou,Hard,28,A,2024-09-18,381,208233,,,Mattia Bellucci,L,175.0,ITA,23.2,106234,,,Aslan Karatsev,R,185.0,RUS,31.0,6-4 6-0,3,R32,69.0,7.0,1.0,37.0,24.0,20.0,9.0,8.0,1.0,2.0,3.0,1.0,57.0,33.0,16.0,10.0,8.0,6.0,11.0,108.0,529.0,115.0,508.0,2024
2024-7581,Chengdu,Hard,28,A,2024-09-18,393,207518,1.0,,Lorenzo Musetti,R,185.0,ITA,22.5,106331,,,Christopher Oconnell,R,183.0,AUS,30.2,6-7(5) 6-4 7-6(4),3,R16,157.0,7.0,2.0,107.0,81.0,61.0,11.0,17.0,0.0,3.0,6.0,1.0,103.0,70.0,55.0,15.0,17.0,6.0,10.0,19.0,2345.0,75.0,720.0,2024
2024-4713,Hangzhou,Hard,28,A,2024-09-18,395,207352,,WC,Bu Yunchaokete,R,185.0,CHN,22.6,105062,,,Mikhail Kukushkin,R,183.0,KAZ,36.7,6-4 6-2,3,QF,83.0,8.0,1.0,52.0,29.0,23.0,13.0,9.0,3.0,4.0,1.0,2.0,50.0,33.0,19.0,7.0,9.0,3.0,7.0,124.0,484.0,112.0,515.0,2024
2024-4713,Hangzhou,Hard,28,A,2024-09-18,394,105227,,WC,Marin Cilic,R,198.0,CRO,35.9,106034,,Q,Yasutaka Uchiyama,R,183.0,JPN,32.1,6-2 6-7(4) 7-6(5),3,QF,165.0,19.0,5.0,102.0,59.0,49.0,25.0,16.0,8.0,9.0,9.0,3.0,105.0,63.0,50.0,20.0,16.0,3.0,6.0,777.0,28.0,160.0,370.0,2024
2024-7581,Chengdu,Hard,28,A,2024-09-18,394,105870,,,Yannick Hanfmann,R,193.0,GER,32.8,124079,4.0,,Pedro Martinez,R,185.0,ESP,27.3,7-6(1) 6-2,3,QF,112.0,6.0,1.0,57.0,37.0,27.0,14.0,10.0,0.0,1.0,2.0,5.0,90.0,60.0,33.0,16.0,10.0,7.0,10.0,95.0,594.0,42.0,1167.0,2024
2024-4713,Hangzhou,Hard,28,A,2024-09-18,392,207352,,WC,Bu Yunchaokete,R,185.0,CHN,22.6,111575,2.0,,Karen Khachanov,R,198.0,RUS,28.3,7-6(7) 4-6 6-3,3,R16,147.0,13.0,2.0,91.0,58.0,47.0,17.0,16.0,1.0,4.0,18.0,2.0,92.0,61.0,47.0,15.0,15.0,2.0,5.0,124.0,484.0,23.0,1930.0,2024
2024-4713,Hangzhou,Hard,28,A,2024-09-18,391,206909,4.0,,Brandon Nakashima,R,188.0,USA,23.1,209409,,Q,Coleman Wong,R,191.0,HKG,20.2,6-7(7) 7-6(4) 6-1,3,R16,160.0,21.0,0.0,101.0,67.0,56.0,23.0,16.0,4.0,4.0,10.0,0.0,94.0,59.0,46.0,19.0,15.0,5.0,7.0,39.0,1295.0,141.0,409.0,2024
2024-4713,Hangzhou,Hard,28,A,2024-09-18,374,209409,,Q,Coleman Wong,R,191.0,HKG,20.2,200059,,WC,Yibing Wu,R,183.0,CHN,24.9,6-3 0-0 RET,3,R32,38.0,8.0,0.0,21.0,15.0,14.0,3.0,4.0,0.0,0.0,0.0,0.0,35.0,21.0,13.0,5.0,5.0,3.0,5.0,141.0,409.0,566.0,63.0,2024
2024-4713,Hangzhou,Hard,28,A,2024-09-18,375,106034,,Q,Yasutaka Uchiyama,R,183.0,JPN,32.1,210317,,LL,James Mccabe,R,188.0,AUS,21.2,6-4 6-4,3,R32,101.0,2.0,0.0,61.0,35.0,26.0,20.0,10.0,3.0,3.0,8.0,1.0,74.0,38.0,29.0,16.0,10.0,6.0,8.0,160.0,370.0,302.0,172.0,2024
2024-4713,Hangzhou,Hard,28,A,2024-09-18,376,207686,,,Alexander Shevchenko,R,185.0,KAZ,23.7,105477,,Q,Marco Trungelliti,R,178.0,ARG,34.6,6-1 6-1,3,R32,46.0,4.0,0.0,29.0,18.0,17.0,11.0,7.0,0.0,0.0,2.0,3.0,45.0,25.0,15.0,5.0,7.0,1.0,6.0,58.0,870.0,138.0,423.0,2024
2024-4713,Hangzhou,Hard,28,A,2024-09-18,377,208014,,,Rinky Hijikata,R,178.0,AUS,23.5,106000,,,Damir Dzumhur,R,175.0,BIH,32.3,2-6 7-6(6) 6-2,3,R32,150.0,7.0,2.0,96.0,60.0,41.0,18.0,14.0,4.0,8.0,1.0,2.0,99.0,66.0,43.0,14.0,14.0,5.0,9.0,81.0,681.0,86.0,655.0,2024
2024-4713,Hangzhou,Hard,28,A,2024-09-18,396,111190,6.0,,Zhizhen Zhang,R,193.0,CHN,27.9,106148,,,Roberto Carballes Baena,R,183.0,ESP,31.4,6-3 6-3,3,QF,72.0,7.0,0.0,48.0,35.0,27.0,10.0,9.0,0.0,0.0,3.0,3.0,50.0,32.0,20.0,9.0,9.0,3.0,6.0,48.0,1105.0,55.0,921.0,2024
2024-4713,Hangzhou,Hard,28,A,2024-09-18,378,105227,,WC,Marin Cilic,R,198.0,CRO,35.9,208260,,,Zachary Svajda,R,175.0,USA,21.7,5-7 6-3 6-0,3,R32,119.0,14.0,7.0,78.0,40.0,35.0,12.0,14.0,1.0,5.0,1.0,4.0,77.0,46.0,26.0,13.0,13.0,5.0,12.0,777.0,28.0,135.0,452.0,2024
2024-4713,Hangzhou,Hard,28,A,2024-09-18,390,111190,6.0,,Zhizhen Zhang,R,193.0,CHN,27.9,208233,,,Mattia Bellucci,L,175.0,ITA,23.2,6-3 6-0,3,R16,77.0,6.0,0.0,41.0,32.0,26.0,6.0,8.0,0.0,0.0,5.0,4.0,68.0,36.0,20.0,13.0,7.0,7.0,11.0,48.0,1105.0,108.0,529.0,2024
2024-4713,Hangzhou,Hard,28,A,2024-09-18,389,208014,,,Rinky Hijikata,R,178.0,AUS,23.5,206681,7.0,,Fabian Marozsan,R,193.0,HUN,24.9,W/O,3,R16,,,,,,,,,,,,,,,,,,,,81.0,681.0,49.0,1095.0,2024
2024-4713,Hangzhou,Hard,28,A,2024-09-18,388,105227,,WC,Marin Cilic,R,198.0,CRO,35.9,106415,8.0,,Yoshihito Nishioka,L,170.0,JPN,28.9,6-4 6-1,3,R16,69.0,15.0,2.0,45.0,28.0,26.0,8.0,9.0,0.0,1.0,1.0,0.0,46.0,29.0,16.0,9.0,8.0,2.0,6.0,777.0,28.0,54.0,974.0,2024
2024-4713,Hangzhou,Hard,28,A,2024-09-18,387,106148,,,Roberto Carballes Baena,R,183.0,ESP,31.4,106283,,LL,Mitchell Krueger,R,188.0,USA,30.6,3-6 6-3 6-4,3,R16,150.0,3.0,4.0,85.0,59.0,45.0,16.0,14.0,2.0,3.0,5.0,3.0,106.0,67.0,45.0,20.0,14.0,3.0,5.0,55.0,921.0,140.0,409.0,2024
2024-4713,Hangzhou,Hard,28,A,2024-09-18,386,105062,,,Mikhail Kukushkin,R,183.0,KAZ,36.7,207686,,,Alexander Shevchenko,R,185.0,KAZ,23.7,6-4 7-6(3),3,R16,103.0,2.0,1.0,65.0,43.0,33.0,12.0,11.0,1.0,3.0,11.0,4.0,62.0,39.0,30.0,8.0,11.0,2.0,5.0,112.0,515.0,58.0,870.0,2024
2024-4713,Hangzhou,Hard,28,A,2024-09-18,385,105062,,,Mikhail Kukushkin,R,183.0,KAZ,36.7,209260,5.0,,Luciano Darderi,R,183.0,ITA,22.5,6-3 6-4,3,R32,99.0,6.0,3.0,63.0,37.0,28.0,11.0,10.0,5.0,7.0,8.0,1.0,56.0,31.0,20.0,7.0,9.0,1.0,5.0,112.0,515.0,41.0,1271.0,2024
2024-4713,Hangzhou,Hard,28,A,2024-09-18,384,111190,6.0,,Zhizhen Zhang,R,193.0,CHN,27.9,106187,,Q,Denis Yevseyev,R,188.0,KAZ,31.3,6-2 1-6 6-4,3,R32,121.0,7.0,1.0,84.0,55.0,33.0,17.0,13.0,2.0,5.0,6.0,6.0,93.0,57.0,40.0,13.0,12.0,11.0,14.0,48.0,1105.0,207.0,282.0,2024
2024-4713,Hangzhou,Hard,28,A,2024-09-18,383,206681,7.0,,Fabian Marozsan,R,193.0,HUN,24.9,208134,,,Luca Nardi,R,185.0,ITA,21.1,6-0 6-2,3,R32,70.0,2.0,0.0,43.0,25.0,17.0,13.0,7.0,2.0,3.0,0.0,8.0,57.0,38.0,17.0,6.0,7.0,6.0,12.0,49.0,1095.0,87.0,647.0,2024
2024-4713,Hangzhou,Hard,28,A,2024-09-18,382,106415,8.0,,Yoshihito Nishioka,L,170.0,JPN,28.9,109739,,,Maximilian Marterer,L,188.0,GER,29.2,6-4 6-2,3,R32,76.0,1.0,0.0,50.0,33.0,25.0,13.0,9.0,0.0,0.0,8.0,3.0,45.0,26.0,17.0,8.0,9.0,0.0,3.0,54.0,974.0,105.0,543.0,2024
2024-4713,Hangzhou,Hard,28,A,2024-09-18,379,106148,,,Roberto Carballes Baena,R,183.0,ESP,31.4,144895,,,Corentin Moutet,L,180.0,FRA,25.4,7-6(6) 6-1,3,R32,129.0,3.0,1.0,71.0,53.0,38.0,8.0,10.0,2.0,4.0,3.0,3.0,67.0,36.0,24.0,11.0,9.0,5.0,9.0,55.0,921.0,69.0,771.0,2024
2024-4713,Hangzhou,Hard,28,A,2024-09-18,397,206909,4.0,,Brandon Nakashima,R,188.0,USA,23.1,208014,,,Rinky Hijikata,R,178.0,AUS,23.5,7-5 6-3,3,QF,89.0,8.0,2.0,57.0,32.0,26.0,17.0,11.0,1.0,2.0,1.0,1.0,56.0,32.0,21.0,11.0,10.0,0.0,3.0,39.0,1295.0,81.0,681.0,2024
2024-4713,Hangzhou,Hard,28,A,2024-09-18,393,106034,,Q,Yasutaka Uchiyama,R,183.0,JPN,32.1,208029,1.0,,Holger Rune,R,188.0,DEN,21.3,7-5 6-4,3,R16,100.0,8.0,1.0,64.0,43.0,33.0,10.0,11.0,2.0,4.0,7.0,5.0,88.0,63.0,39.0,8.0,11.0,10.0,14.0,160.0,370.0,14.0,2780.0,2024
2024-4713,Hangzhou,Hard,28,A,2024-09-18,399,105227,,WC,Marin Cilic,R,198.0,CRO,35.9,206909,4.0,,Brandon Nakashima,R,188.0,USA,23.1,6-4 7-6(6),3,SF,104.0,8.0,1.0,71.0,41.0,34.0,17.0,11.0,2.0,2.0,8.0,0.0,69.0,48.0,35.0,10.0,11.0,0.0,1.0,777.0,28.0,39.0,1295.0,2024
2024-7581,Chengdu,Hard,28,A,2024-09-18,392,122330,2.0,,Alexander Bublik,R,196.0,KAZ,27.2,144870,,Q,Federico Agustin Gomez,R,191.0,ARG,27.8,6-4 6-4,3,R16,87.0,8.0,9.0,65.0,41.0,32.0,10.0,10.0,4.0,5.0,8.0,4.0,69.0,36.0,26.0,14.0,10.0,3.0,6.0,27.0,1650.0,174.0,346.0,2024
2024-7581,Chengdu,Hard,28,A,2024-09-18,391,111797,3.0,,Nicolas Jarry,R,201.0,CHI,28.9,127760,,,Lukas Klein,R,193.0,SVK,26.4,7-6(2) 3-6 6-4,3,R16,138.0,19.0,2.0,93.0,63.0,50.0,13.0,15.0,5.0,7.0,8.0,1.0,93.0,68.0,50.0,13.0,16.0,5.0,7.0,28.0,1595.0,127.0,468.0,2024
2024-7581,Chengdu,Hard,28,A,2024-09-18,390,124079,4.0,,Pedro Martinez,R,185.0,ESP,27.3,126846,,,Aleksandar Vukic,R,188.0,AUS,28.4,6-3 6-4,3,R16,84.0,8.0,2.0,52.0,38.0,31.0,8.0,10.0,1.0,2.0,12.0,1.0,61.0,39.0,26.0,9.0,9.0,8.0,11.0,42.0,1167.0,92.0,609.0,2024
2024-7581,Chengdu,Hard,28,A,2024-09-18,389,105173,5.0,,Adrian Mannarino,L,180.0,FRA,36.2,212044,,WC,Yi Zhou,R,193.0,CHN,19.5,7-6(3) 2-6 6-4,3,R16,165.0,8.0,1.0,112.0,63.0,39.0,27.0,15.0,8.0,12.0,11.0,2.0,90.0,55.0,42.0,18.0,15.0,9.0,12.0,46.0,1144.0,531.0,72.0,2024
2024-7581,Chengdu,Hard,28,A,2024-09-18,388,105870,,,Yannick Hanfmann,R,193.0,GER,32.8,208659,7.0,,Giovanni Mpetshi Perricard,R,203.0,FRA,21.1,6-4 3-6 6-3,3,R16,109.0,8.0,2.0,73.0,47.0,37.0,20.0,14.0,1.0,2.0,22.0,5.0,75.0,55.0,46.0,8.0,14.0,4.0,6.0,95.0,594.0,51.0,1048.0,2024
2024-7581,Chengdu,Hard,28,A,2024-09-18,387,209992,,,Juncheng Shang,L,180.0,CHN,19.6,126128,8.0,,Roman Safiullin,R,185.0,RUS,27.1,5-7 6-3 6-3,3,R16,138.0,7.0,3.0,98.0,70.0,48.0,13.0,15.0,6.0,9.0,12.0,3.0,80.0,43.0,33.0,17.0,15.0,3.0,8.0,67.0,795.0,56.0,915.0,2024
2024-7581,Chengdu,Hard,28,A,2024-09-18,386,208230,,Q,Alibek Kachmazov,R,185.0,RUS,22.0,106121,,,Taro Daniel,R,191.0,JPN,31.6,7-6(1) 6-1,3,R16,80.0,8.0,0.0,51.0,34.0,28.0,9.0,9.0,0.0,1.0,2.0,1.0,61.0,39.0,20.0,12.0,10.0,0.0,4.0,252.0,226.0,90.0,614.0,2024
2024-7581,Chengdu,Hard,28,A,2024-09-18,385,105173,5.0,,Adrian Mannarino,L,180.0,FRA,36.2,209279,,Q,Terence Atmane,L,193.0,FRA,22.6,6-7(9) 6-1 6-3,3,R32,151.0,6.0,3.0,105.0,64.0,51.0,14.0,14.0,7.0,9.0,10.0,9.0,104.0,52.0,33.0,21.0,14.0,5.0,11.0,46.0,1144.0,164.0,363.0,2024
2024-7581,Chengdu,Hard,28,A,2024-09-18,384,106121,,,Taro Daniel,R,191.0,JPN,31.6,132283,6.0,,Lorenzo Sonego,R,191.0,ITA,29.3,6-4 7-5,3,R32,89.0,1.0,0.0,56.0,45.0,36.0,9.0,11.0,1.0,1.0,5.0,3.0,56.0,40.0,33.0,7.0,11.0,0.0,2.0,90.0,614.0,50.0,1081.0,2024
2024-4713,Hangzhou,Hard,28,A,2024-09-18,380,207352,,WC,Bu Yunchaokete,R,185.0,CHN,22.6,200384,,,Hugo Gaston,L,173.0,FRA,23.9,7-5 6-3,3,R32,101.0,9.0,1.0,60.0,38.0,31.0,14.0,11.0,2.0,3.0,4.0,1.0,66.0,35.0,23.0,16.0,10.0,5.0,8.0,124.0,484.0,77.0,714.0,2024
2024-7581,Chengdu,Hard,28,A,2024-09-18,382,126128,8.0,,Roman Safiullin,R,185.0,RUS,27.1,104926,,,Fabio Fognini,R,178.0,ITA,37.3,6-3 4-6 6-4,3,R32,128.0,13.0,6.0,88.0,45.0,36.0,22.0,15.0,2.0,5.0,9.0,5.0,90.0,61.0,38.0,14.0,14.0,7.0,11.0,56.0,915.0,79.0,694.0,2024
2024-7581,Chengdu,Hard,28,A,2024-09-18,381,144870,,Q,Federico Agustin Gomez,R,191.0,ARG,27.8,124186,,,Alexandre Muller,R,183.0,FRA,27.6,6-4 7-5,3,R32,92.0,13.0,3.0,57.0,30.0,27.0,15.0,11.0,1.0,2.0,6.0,4.0,73.0,42.0,31.0,14.0,11.0,8.0,11.0,174.0,346.0,70.0,755.0,2024
2024-7581,Chengdu,Hard,28,A,2024-09-18,380,105870,,,Yannick Hanfmann,R,193.0,GER,32.8,208278,,Q,Shintaro Mochizuki,R,175.0,JPN,21.2,6-4 7-6(4),3,R32,106.0,10.0,1.0,73.0,47.0,34.0,16.0,11.0,2.0,3.0,2.0,3.0,74.0,44.0,32.0,15.0,11.0,5.0,7.0,95.0,594.0,147.0,395.0,2024
2024-7581,Chengdu,Hard,28,A,2024-09-18,379,208230,,Q,Alibek Kachmazov,R,185.0,RUS,22.0,206499,,,Aleksandar Kovacevic,R,183.0,USA,26.0,6-4 7-6(7),3,R32,120.0,8.0,5.0,75.0,41.0,30.0,19.0,11.0,3.0,4.0,12.0,5.0,80.0,38.0,28.0,21.0,11.0,7.0,9.0,252.0,226.0,72.0,740.0,2024
2024-7581,Chengdu,Hard,28,A,2024-09-18,378,127760,,,Lukas Klein,R,193.0,SVK,26.4,200443,,,Adam Walton,R,183.0,AUS,25.4,7-6(3) 6-4,3,R32,100.0,12.0,2.0,63.0,40.0,31.0,18.0,11.0,1.0,1.0,7.0,2.0,72.0,51.0,37.0,11.0,11.0,4.0,5.0,127.0,468.0,94.0,604.0,2024
2024-7581,Chengdu,Hard,28,A,2024-09-18,377,106331,,,Christopher Oconnell,R,183.0,AUS,30.2,200303,,,Pavel Kotov,R,191.0,RUS,25.8,6-4 7-5,3,R32,98.0,8.0,1.0,56.0,34.0,29.0,15.0,11.0,0.0,0.0,7.0,4.0,71.0,39.0,31.0,14.0,11.0,3.0,5.0,75.0,720.0,61.0,864.0,2024
2024-7581,Chengdu,Hard,28,A,2024-09-18,376,209992,,,Juncheng Shang,L,180.0,CHN,19.6,105453,,WC,Kei Nishikori,R,178.0,JPN,34.7,6-4 6-4,3,R32,103.0,5.0,3.0,71.0,42.0,33.0,13.0,10.0,8.0,9.0,8.0,3.0,64.0,39.0,26.0,12.0,10.0,5.0,8.0,67.0,795.0,201.0,288.0,2024
2024-7581,Chengdu,Hard,28,A,2024-09-18,375,126846,,,Aleksandar Vukic,R,188.0,AUS,28.4,106432,,,Borna Coric,R,188.0,CRO,27.8,3-6 7-6(9) 6-4,3,R32,156.0,21.0,3.0,94.0,51.0,44.0,24.0,15.0,3.0,4.0,9.0,3.0,100.0,62.0,50.0,22.0,16.0,2.0,3.0,92.0,609.0,97.0,582.0,2024
2024-7581,Chengdu,Hard,28,A,2024-09-18,374,212044,,WC,Yi Zhou,R,193.0,CHN,19.5,202358,,,Chun Hsin Tseng,R,175.0,TPE,23.1,2-6 6-1 3-1 RET,3,R32,86.0,4.0,1.0,51.0,30.0,24.0,12.0,10.0,2.0,4.0,5.0,3.0,63.0,30.0,21.0,13.0,9.0,3.0,6.0,531.0,72.0,121.0,489.0,2024
2024-4713,Hangzhou,Hard,28,A,2024-09-18,400,105227,,W,Marin Cilic,R,198.0,CRO,35.9,111190,6.0,,Zhizhen Zhang,R,193.0,CHN,27.9,7-6(5) 7-6(5),3,F,110.0,18.0,2.0,83.0,50.0,42.0,22.0,12.0,2.0,2.0,14.0,2.0,78.0,55.0,45.0,15.0,12.0,2.0,2.0,777.0,28.0,48.0,1105.0,2024
2024-4713,Hangzhou,Hard,28,A,2024-09-18,398,111190,6.0,,Zhizhen Zhang,R,193.0,CHN,27.9,207352,,WC,Bu Yunchaokete,R,185.0,CHN,22.6,7-6(3) 6-4,3,SF,101.0,10.0,0.0,78.0,59.0,44.0,12.0,11.0,4.0,4.0,8.0,1.0,61.0,34.0,25.0,19.0,11.0,1.0,2.0,48.0,1105.0,124.0,484.0,2024
2024-7581,Chengdu,Hard,28,A,2024-09-18,383,208659,7.0,,Giovanni Mpetshi Perricard,R,203.0,FRA,21.1,111806,,WC,Fajing Sun,R,178.0,CHN,27.9,6-7(5) 7-5 6-4,3,R32,148.0,34.0,10.0,106.0,73.0,61.0,17.0,17.0,2.0,2.0,10.0,2.0,98.0,71.0,55.0,15.0,17.0,0.0,2.0,51.0,1048.0,359.0,139.0,2024
2024-9210,Laver Cup,Hard,12,A,2024-09-20,400,207989,,,Carlos Alcaraz,R,183.0,ESP,21.3,126203,,,Taylor Fritz,R,196.0,USA,26.8,6-2 7-5,3,RR,89.0,1.0,1.0,56.0,41.0,33.0,7.0,10.0,3.0,4.0,7.0,4.0,65.0,44.0,28.0,10.0,10.0,2.0,6.0,3.0,6690.0,7.0,4060.0,2024
2024-9210,Laver Cup,Hard,12,A,2024-09-20,399,210097,,,Ben Shelton,L,193.0,USA,21.9,106421,,,Daniil Medvedev,R,198.0,RUS,28.5,6-7(6) 7-5 [10-7],3,RR,123.0,5.0,1.0,91.0,66.0,46.0,19.0,12.0,4.0,4.0,9.0,3.0,87.0,61.0,47.0,12.0,12.0,1.0,2.0,17.0,2490.0,5.0,5475.0,2024
2024-9210,Laver Cup,Hard,12,A,2024-09-20,398,100644,,,Alexander Zverev,R,198.0,GER,27.4,126207,,,Frances Tiafoe,R,188.0,USA,26.6,6-7(5) 7-5 [10-5],3,RR,154.0,12.0,0.0,85.0,63.0,50.0,10.0,12.0,1.0,2.0,7.0,2.0,96.0,53.0,39.0,21.0,12.0,7.0,9.0,2.0,7075.0,16.0,2560.0,2024
2024-9210,Laver Cup,Hard,12,A,2024-09-20,397,207989,,,Carlos Alcaraz,R,183.0,ESP,21.3,210097,,,Ben Shelton,L,193.0,USA,21.9,6-4 6-4,3,RR,103.0,0.0,0.0,59.0,46.0,36.0,8.0,10.0,5.0,5.0,4.0,3.0,70.0,50.0,33.0,12.0,10.0,9.0,11.0,3.0,6690.0,17.0,2490.0,2024
2024-9210,Laver Cup,Hard,12,A,2024-09-20,396,126203,,,Taylor Fritz,R,196.0,USA,26.8,100644,,,Alexander Zverev,R,198.0,GER,27.4,6-4 7-5,3,RR,117.0,8.0,3.0,71.0,38.0,33.0,16.0,11.0,4.0,5.0,3.0,2.0,69.0,52.0,31.0,9.0,11.0,4.0,7.0,7.0,4060.0,2.0,7075.0,2024
2024-9210,Laver Cup,Hard,12,A,2024-09-20,395,126207,,,Frances Tiafoe,R,188.0,USA,26.6,106421,,,Daniil Medvedev,R,198.0,RUS,28.5,3-6 6-4 [10-5],3,RR,95.0,2.0,0.0,61.0,34.0,28.0,15.0,10.0,2.0,4.0,4.0,3.0,68.0,45.0,30.0,13.0,9.0,2.0,3.0,16.0,2560.0,5.0,5475.0,2024
2024-9210,Laver Cup,Hard,12,A,2024-09-20,394,202103,,,Francisco Cerundolo,R,185.0,ARG,26.0,134770,,,Casper Ruud,R,183.0,NOR,25.7,6-4 6-4,3,RR,98.0,3.0,5.0,74.0,43.0,30.0,16.0,10.0,3.0,4.0,3.0,2.0,53.0,39.0,29.0,5.0,10.0,1.0,4.0,31.0,1500.0,9.0,4010.0,2024
2024-9210,Laver Cup,Hard,12,A,2024-09-20,393,105777,,,Grigor Dimitrov,R,191.0,BUL,33.3,126214,,,Alejandro Tabilo,L,188.0,CHI,27.2,7-6(4) 7-6(2),3,RR,135.0,11.0,4.0,75.0,46.0,37.0,18.0,12.0,3.0,5.0,8.0,3.0,98.0,63.0,47.0,15.0,12.0,4.0,6.0,10.0,3965.0,22.0,1963.0,2024
2024-9210,Laver Cup,Hard,12,A,2024-09-20,392,126774,,,Stefanos Tsitsipas,R,193.0,GRE,26.0,106423,,,Thanasi Kokkinakis,R,193.0,AUS,28.4,6-1 6-4,3,RR,81.0,4.0,0.0,55.0,35.0,27.0,12.0,9.0,2.0,2.0,4.0,1.0,55.0,35.0,24.0,8.0,8.0,3.0,6.0,12.0,3390.0,78.0,712.0,2024
2024-0329,Tokyo,Hard,32,A,2024-09-25,379,206909,,SE,Brandon Nakashima,R,188.0,USA,23.1,126207,7.0,,Frances Tiafoe,R,188.0,USA,26.6,7-5 6-3,3,R32,81.0,12.0,1.0,61.0,50.0,36.0,8.0,11.0,0.0,1.0,8.0,1.0,57.0,38.0,25.0,12.0,10.0,4.0,7.0,36.0,1360.0,15.0,2560.0,2024
2024-0329,Tokyo,Hard,32,A,2024-09-25,378,210097,8.0,,Ben Shelton,L,193.0,USA,21.9,124187,,PR,Reilly Opelka,R,211.0,USA,27.0,3-6 6-1 6-4,3,R32,106.0,8.0,3.0,72.0,52.0,40.0,10.0,13.0,3.0,5.0,12.0,2.0,84.0,49.0,39.0,14.0,13.0,9.0,13.0,17.0,2490.0,306.0,167.0,2024
2024-0329,Tokyo,Hard,32,A,2024-09-25,370,106331,,Q,Christopher Oconnell,R,183.0,AUS,30.3,144869,,,Tomas Martin Etcheverry,R,196.0,ARG,25.1,6-4 7-6(5),3,R32,145.0,8.0,2.0,101.0,56.0,45.0,15.0,11.0,9.0,10.0,3.0,5.0,85.0,51.0,37.0,14.0,11.0,6.0,8.0,79.0,700.0,35.0,1370.0,2024
2024-0329,Tokyo,Hard,32,A,2024-09-25,371,106415,,WC,Yoshihito Nishioka,L,170.0,JPN,28.9,200000,,,Felix Auger Aliassime,R,193.0,CAN,24.1,7-6(5) 3-6 7-6(5),3,R32,192.0,1.0,4.0,126.0,81.0,57.0,23.0,17.0,9.0,12.0,13.0,3.0,110.0,68.0,52.0,21.0,16.0,4.0,5.0,59.0,849.0,21.0,2170.0,2024
2024-0329,Tokyo,Hard,32,A,2024-09-25,372,105453,,WC,Kei Nishikori,R,178.0,JPN,34.7,105227,,PR,Marin Cilic,R,198.0,CRO,35.9,6-4 3-6 6-3,3,R32,124.0,7.0,2.0,81.0,57.0,43.0,10.0,14.0,2.0,4.0,9.0,4.0,76.0,43.0,35.0,16.0,14.0,4.0,7.0,200.0,288.0,373.0,128.0,2024
2024-0329,Tokyo,Hard,32,A,2024-09-25,373,208363,,,Mariano Navone,R,178.0,ARG,23.5,209260,,,Luciano Darderi,R,183.0,ITA,22.6,6-4 6-4,3,R32,107.0,6.0,2.0,60.0,40.0,30.0,12.0,10.0,8.0,9.0,4.0,2.0,88.0,60.0,35.0,13.0,10.0,3.0,6.0,40.0,1278.0,41.0,1265.0,2024
2024-0329,Tokyo,Hard,32,A,2024-09-25,374,207830,,,Tomas Machac,R,183.0,CZE,23.9,200615,,,Alexei Popyrin,R,196.0,AUS,25.1,6-3 6-7(5) 7-5,3,R32,149.0,10.0,1.0,101.0,71.0,60.0,18.0,17.0,4.0,4.0,21.0,2.0,112.0,76.0,58.0,18.0,16.0,4.0,6.0,34.0,1374.0,23.0,1825.0,2024
2024-0329,Tokyo,Hard,32,A,2024-09-25,375,200005,,,Ugo Humbert,L,188.0,FRA,26.2,208278,,WC,Shintaro Mochizuki,R,175.0,JPN,21.3,6-1 6-2,3,R32,76.0,2.0,1.0,48.0,28.0,21.0,12.0,8.0,2.0,2.0,2.0,2.0,55.0,27.0,15.0,12.0,7.0,4.0,8.0,18.0,2370.0,146.0,408.0,2024
2024-0329,Tokyo,Hard,32,A,2024-09-25,376,207733,,,Jack Draper,L,193.0,GBR,22.7,208233,,Q,Mattia Bellucci,L,175.0,ITA,23.3,6-4 6-2,3,R32,70.0,9.0,1.0,45.0,30.0,27.0,10.0,9.0,0.0,0.0,6.0,1.0,54.0,35.0,21.0,10.0,9.0,3.0,6.0,20.0,2315.0,103.0,554.0,2024
2024-0329,Tokyo,Hard,32,A,2024-09-25,377,126610,,,Matteo Berrettini,R,196.0,ITA,28.4,122298,,Q,Botic Van De Zandschulp,R,191.0,NED,28.9,6-3 6-4,3,R32,90.0,7.0,0.0,58.0,42.0,30.0,7.0,10.0,1.0,3.0,5.0,4.0,65.0,41.0,27.0,8.0,9.0,4.0,8.0,45.0,1165.0,67.0,794.0,2024
2024-0329,Tokyo,Hard,32,A,2024-09-25,380,208029,6.0,,Holger Rune,R,188.0,DEN,21.4,126214,,,Alejandro Tabilo,L,188.0,CHI,27.3,6-2 5-7 6-4,3,R32,135.0,10.0,2.0,92.0,60.0,47.0,15.0,15.0,3.0,5.0,7.0,3.0,96.0,66.0,44.0,16.0,15.0,5.0,9.0,14.0,2780.0,22.0,1963.0,2024
2024-0329,Tokyo,Hard,32,A,2024-09-25,381,126205,5.0,,Tommy Paul,R,185.0,USA,27.3,208286,,,Matteo Arnaldi,R,185.0,ITA,23.5,6-3 6-2,3,R32,68.0,3.0,0.0,41.0,24.0,17.0,15.0,8.0,0.0,0.0,0.0,2.0,54.0,33.0,16.0,11.0,9.0,2.0,6.0,13.0,3005.0,33.0,1390.0,2024
2024-0329,Tokyo,Hard,32,A,2024-09-25,382,210506,,Q,Alex Michelsen,R,193.0,USA,20.0,126774,4.0,,Stefanos Tsitsipas,R,193.0,GRE,26.1,4-6 6-1 6-2,3,R32,108.0,9.0,0.0,71.0,46.0,32.0,17.0,13.0,1.0,3.0,5.0,4.0,66.0,45.0,25.0,10.0,12.0,0.0,5.0,49.0,1115.0,12.0,3390.0,2024
2024-0329,Tokyo,Hard,32,A,2024-09-25,384,128034,2.0,,Hubert Hurkacz,R,196.0,POL,27.6,106218,,,Marcos Giron,R,180.0,USA,31.1,6-4 6-7(5) 6-4,3,R32,125.0,17.0,3.0,89.0,56.0,46.0,21.0,16.0,2.0,3.0,4.0,1.0,93.0,56.0,42.0,21.0,16.0,3.0,6.0,8.0,4060.0,47.0,1150.0,2024
2024-0329,Tokyo,Hard,32,A,2024-09-25,385,209950,,,Arthur Fils,R,185.0,FRA,20.2,126203,1.0,,Taylor Fritz,R,196.0,USA,26.9,6-4 3-6 6-3,3,R32,123.0,10.0,1.0,81.0,54.0,40.0,18.0,14.0,3.0,4.0,15.0,6.0,86.0,53.0,41.0,15.0,14.0,3.0,5.0,24.0,1775.0,7.0,4060.0,2024
2024-0329,Tokyo,Hard,32,A,2024-09-25,386,105453,,WC,Kei Nishikori,R,178.0,JPN,34.7,111442,,,Jordan Thompson,R,183.0,AUS,30.4,6-2 6-3,3,R16,82.0,1.0,3.0,50.0,32.0,21.0,13.0,8.0,1.0,2.0,5.0,2.0,48.0,27.0,17.0,7.0,9.0,2.0,7.0,200.0,288.0,29.0,1566.0,2024
2024-0329,Tokyo,Hard,32,A,2024-09-25,383,111442,,,Jordan Thompson,R,183.0,AUS,30.4,134770,3.0,,Casper Ruud,R,183.0,NOR,25.7,7-6(5) 6-1,3,R32,110.0,14.0,2.0,74.0,44.0,37.0,14.0,10.0,8.0,8.0,3.0,2.0,64.0,48.0,32.0,7.0,9.0,2.0,4.0,29.0,1566.0,9.0,4010.0,2024
2024-0329,Tokyo,Hard,32,A,2024-09-25,388,200005,,,Ugo Humbert,L,188.0,FRA,26.2,206909,,SE,Brandon Nakashima,R,188.0,USA,23.1,6-3 6-2,3,R16,67.0,7.0,0.0,48.0,35.0,31.0,8.0,9.0,3.0,3.0,2.0,1.0,44.0,32.0,22.0,3.0,8.0,2.0,5.0,18.0,2370.0,36.0,1360.0,2024
2024-0329,Tokyo,Hard,32,A,2024-09-25,400,209950,,,Arthur Fils,R,185.0,FRA,20.2,200005,,,Ugo Humbert,L,188.0,FRA,26.2,5-7 7-6(6) 6-3,3,F,184.0,10.0,4.0,98.0,55.0,44.0,25.0,17.0,3.0,5.0,13.0,3.0,129.0,84.0,59.0,20.0,16.0,7.0,9.0,24.0,1775.0,18.0,2370.0,2024
2024-0329,Tokyo,Hard,32,A,2024-09-25,399,209950,,,Arthur Fils,R,185.0,FRA,20.2,208029,6.0,,Holger Rune,R,188.0,DEN,21.4,7-6(8) 7-6(10),3,SF,143.0,5.0,3.0,95.0,58.0,45.0,16.0,12.0,3.0,4.0,7.0,4.0,88.0,56.0,41.0,18.0,12.0,2.0,3.0,24.0,1775.0,14.0,2780.0,2024
2024-0329,Tokyo,Hard,32,A,2024-09-25,398,200005,,,Ugo Humbert,L,188.0,FRA,26.2,207830,,,Tomas Machac,R,183.0,CZE,23.9,6-3 3-6 6-2,3,SF,106.0,8.0,2.0,73.0,39.0,31.0,21.0,13.0,0.0,1.0,5.0,3.0,71.0,38.0,26.0,19.0,13.0,5.0,8.0,18.0,2370.0,34.0,1374.0,2024
2024-0329,Tokyo,Hard,32,A,2024-09-25,397,208029,6.0,,Holger Rune,R,188.0,DEN,21.4,105453,,WC,Kei Nishikori,R,178.0,JPN,34.7,3-6 6-2 7-5,3,QF,136.0,6.0,0.0,91.0,63.0,45.0,16.0,14.0,6.0,8.0,1.0,0.0,91.0,64.0,44.0,14.0,15.0,5.0,9.0,14.0,2780.0,200.0,288.0,2024
2024-0329,Tokyo,Hard,32,A,2024-09-25,387,210506,,Q,Alex Michelsen,R,193.0,USA,20.0,106331,,Q,Christopher Oconnell,R,183.0,AUS,30.3,6-1 6-4,3,R16,79.0,4.0,2.0,62.0,48.0,35.0,9.0,9.0,3.0,3.0,2.0,1.0,48.0,28.0,15.0,11.0,8.0,2.0,5.0,49.0,1115.0,79.0,700.0,2024
2024-0329,Tokyo,Hard,32,A,2024-09-25,395,200005,,,Ugo Humbert,L,188.0,FRA,26.2,207733,,,Jack Draper,L,193.0,GBR,22.7,7-5 2-1 RET,3,QF,74.0,4.0,0.0,43.0,28.0,18.0,10.0,8.0,1.0,3.0,1.0,1.0,49.0,32.0,22.0,6.0,7.0,5.0,8.0,18.0,2370.0,20.0,2315.0,2024
2024-0329,Tokyo,Hard,32,A,2024-09-25,394,207830,,,Tomas Machac,R,183.0,CZE,23.9,210506,,Q,Alex Michelsen,R,193.0,USA,20.0,7-6(2) 6-3,3,QF,95.0,8.0,3.0,66.0,43.0,38.0,9.0,11.0,0.0,1.0,6.0,3.0,71.0,51.0,32.0,9.0,10.0,8.0,10.0,34.0,1374.0,49.0,1115.0,2024
2024-0329,Tokyo,Hard,32,A,2024-09-25,396,209950,,,Arthur Fils,R,185.0,FRA,20.2,210097,8.0,,Ben Shelton,L,193.0,USA,21.9,7-5 6-7(5) 7-6(2),3,QF,180.0,8.0,2.0,108.0,70.0,60.0,19.0,18.0,0.0,3.0,14.0,3.0,145.0,101.0,69.0,18.0,18.0,15.0,19.0,24.0,1775.0,17.0,2490.0,2024
2024-0329,Tokyo,Hard,32,A,2024-09-25,392,207830,,,Tomas Machac,R,183.0,CZE,23.9,126205,5.0,,Tommy Paul,R,185.0,USA,27.3,2-6 6-3 7-6(4),3,R16,155.0,4.0,3.0,118.0,68.0,44.0,26.0,15.0,11.0,15.0,5.0,0.0,95.0,56.0,39.0,23.0,14.0,7.0,10.0,34.0,1374.0,13.0,3005.0,2024
2024-0329,Tokyo,Hard,32,A,2024-09-25,391,208029,6.0,,Holger Rune,R,188.0,DEN,21.4,106415,,WC,Yoshihito Nishioka,L,170.0,JPN,28.9,6-2 6-4,3,R16,67.0,11.0,1.0,43.0,34.0,30.0,4.0,9.0,0.0,1.0,2.0,3.0,52.0,33.0,17.0,9.0,9.0,4.0,8.0,14.0,2780.0,59.0,849.0,2024
2024-0329,Tokyo,Hard,32,A,2024-09-25,390,210097,8.0,,Ben Shelton,L,193.0,USA,21.9,208363,,,Mariano Navone,R,178.0,ARG,23.5,6-4 6-3,3,R16,86.0,5.0,6.0,57.0,41.0,32.0,8.0,10.0,3.0,4.0,3.0,3.0,63.0,37.0,21.0,15.0,9.0,2.0,5.0,17.0,2490.0,40.0,1278.0,2024
2024-0329,Tokyo,Hard,32,A,2024-09-25,389,209950,,,Arthur Fils,R,185.0,FRA,20.2,126610,,,Matteo Berrettini,R,196.0,ITA,28.4,6-7(5) 0-0 RET,3,R16,77.0,2.0,1.0,39.0,20.0,17.0,8.0,6.0,2.0,3.0,3.0,0.0,49.0,34.0,21.0,8.0,6.0,2.0,3.0,24.0,1775.0,45.0,1165.0,2024
2024-0329,Tokyo,Hard,32,A,2024-09-25,393,207733,,,Jack Draper,L,193.0,GBR,22.7,128034,2.0,,Hubert Hurkacz,R,196.0,POL,27.6,6-4 6-4,3,R16,84.0,11.0,0.0,64.0,38.0,29.0,16.0,10.0,3.0,3.0,11.0,5.0,62.0,39.0,28.0,12.0,10.0,5.0,7.0,20.0,2315.0,8.0,4060.0,2024
2024-0747,Beijing,Hard,32,A,2024-09-26,383,106421,3.0,,Daniil Medvedev,R,198.0,RUS,28.6,104792,,,Gael Monfils,R,193.0,FRA,38.0,6-3 6-4,3,R32,92.0,2.0,6.0,64.0,32.0,23.0,18.0,9.0,4.0,6.0,1.0,8.0,69.0,43.0,24.0,8.0,10.0,5.0,10.0,5.0,5475.0,46.0,1160.0,2024
2024-0747,Beijing,Hard,32,A,2024-09-26,378,105138,,Q,Roberto Bautista Agut,R,183.0,ESP,36.4,126239,,LL,Arthur Rinderknech,R,196.0,FRA,29.1,6-3 6-4,3,R32,83.0,5.0,2.0,63.0,45.0,34.0,11.0,10.0,5.0,5.0,6.0,3.0,44.0,25.0,21.0,10.0,9.0,2.0,4.0,61.0,841.0,60.0,843.0,2024
2024-0747,Beijing,Hard,32,A,2024-09-26,382,126094,4.0,,Andrey Rublev,R,188.0,RUS,26.9,105807,,PR,Pablo Carreno Busta,R,188.0,ESP,33.2,6-0 4-6 6-4,3,R32,109.0,12.0,1.0,75.0,43.0,33.0,17.0,13.0,4.0,6.0,3.0,2.0,78.0,45.0,28.0,17.0,13.0,3.0,8.0,6.0,4645.0,201.0,287.0,2024
2024-0747,Beijing,Hard,32,A,2024-09-26,381,207518,6.0,,Lorenzo Musetti,R,185.0,ITA,22.5,200267,,Q,Zizou Bergs,R,185.0,BEL,25.3,7-5 4-6 6-3,3,R32,131.0,5.0,2.0,90.0,55.0,42.0,25.0,16.0,3.0,4.0,6.0,4.0,84.0,49.0,41.0,17.0,15.0,4.0,6.0,19.0,2355.0,74.0,738.0,2024
2024-0747,Beijing,Hard,32,A,2024-09-26,380,111575,7.0,,Karen Khachanov,R,198.0,RUS,28.3,106148,,LL,Roberto Carballes Baena,R,183.0,ESP,31.5,6-4 6-4,3,R32,101.0,4.0,0.0,56.0,35.0,28.0,11.0,10.0,0.0,1.0,5.0,3.0,76.0,44.0,31.0,13.0,10.0,7.0,10.0,27.0,1680.0,53.0,955.0,2024
2024-0747,Beijing,Hard,32,A,2024-09-26,379,207925,,,Flavio Cobolli,R,183.0,ITA,22.3,122330,8.0,,Alexander Bublik,R,196.0,KAZ,27.2,4-6 6-1 7-6(4),3,R32,123.0,6.0,4.0,109.0,62.0,50.0,21.0,15.0,3.0,5.0,8.0,4.0,83.0,57.0,42.0,12.0,14.0,2.0,5.0,32.0,1482.0,26.0,1690.0,2024
2024-0747,Beijing,Hard,32,A,2024-09-26,376,202103,,,Francisco Cerundolo,R,185.0,ARG,26.1,210150,,Q,Jakub Mensik,R,193.0,CZE,19.0,7-6(4) 6-1,3,R32,100.0,7.0,5.0,89.0,56.0,39.0,15.0,10.0,5.0,7.0,1.0,5.0,56.0,27.0,15.0,12.0,9.0,3.0,7.0,31.0,1500.0,66.0,797.0,2024
2024-0747,Beijing,Hard,32,A,2024-09-26,377,207352,,WC,Bu Yunchaokete,R,185.0,CHN,22.6,209992,,SE,Juncheng Shang,L,180.0,CHN,19.6,6-7(3) 6-2 6-4,3,R32,149.0,8.0,2.0,84.0,45.0,31.0,23.0,15.0,2.0,6.0,5.0,4.0,106.0,67.0,40.0,19.0,15.0,11.0,18.0,96.0,584.0,55.0,895.0,2024
2024-0747,Beijing,Hard,32,A,2024-09-26,374,134868,,,Tallon Griekspoor,R,188.0,NED,28.2,200175,,,Miomir Kecmanovic,R,183.0,SRB,25.0,6-7(3) 6-4 6-3,3,R32,133.0,13.0,4.0,96.0,58.0,46.0,21.0,16.0,1.0,2.0,5.0,6.0,101.0,68.0,49.0,14.0,15.0,6.0,9.0,39.0,1300.0,54.0,945.0,2024
2024-0747,Beijing,Hard,32,A,2024-09-26,373,200303,,Q,Pavel Kotov,R,191.0,RUS,25.8,212044,,WC,Yi Zhou,R,193.0,CHN,19.5,1-6 6-3 7-5,3,R32,140.0,2.0,1.0,88.0,62.0,41.0,11.0,14.0,5.0,9.0,6.0,3.0,93.0,53.0,37.0,17.0,14.0,6.0,10.0,63.0,832.0,446.0,97.0,2024
2024-0747,Beijing,Hard,32,A,2024-09-26,372,208103,,,Jiri Lehecka,R,185.0,CZE,22.8,124079,,,Pedro Martinez,R,185.0,ESP,27.4,7-6(4) 6-2,3,R32,102.0,8.0,2.0,68.0,38.0,36.0,13.0,10.0,3.0,4.0,1.0,4.0,64.0,45.0,32.0,8.0,10.0,6.0,9.0,37.0,1345.0,42.0,1207.0,2024
2024-0747,Beijing,Hard,32,A,2024-09-26,371,105173,,,Adrian Mannarino,L,180.0,FRA,36.2,132283,,,Lorenzo Sonego,R,191.0,ITA,29.3,1-6 6-2 6-3,3,R32,117.0,1.0,0.0,68.0,42.0,32.0,13.0,12.0,3.0,5.0,5.0,3.0,75.0,50.0,36.0,10.0,12.0,3.0,6.0,44.0,1184.0,50.0,1081.0,2024
2024-0747,Beijing,Hard,32,A,2024-09-26,370,126128,,LL,Roman Safiullin,R,185.0,RUS,27.1,104527,,WC,Stan Wawrinka,R,183.0,SUI,39.4,6-3 6-4,3,R32,80.0,11.0,2.0,63.0,37.0,31.0,13.0,10.0,2.0,2.0,5.0,3.0,61.0,29.0,19.0,20.0,9.0,1.0,3.0,69.0,790.0,233.0,243.0,2024
2024-0747,Beijing,Hard,32,A,2024-09-26,384,207989,2.0,,Carlos Alcaraz,R,183.0,ESP,21.3,208659,,,Giovanni Mpetshi Perricard,R,203.0,FRA,21.2,6-4 6-4,3,R32,81.0,5.0,1.0,56.0,34.0,25.0,18.0,10.0,3.0,3.0,7.0,6.0,55.0,24.0,20.0,17.0,10.0,0.0,2.0,3.0,6690.0,51.0,1073.0,2024
2024-0747,Beijing,Hard,32,A,2024-09-26,375,200221,,,Alejandro Davidovich Fokina,R,183.0,ESP,25.3,111190,,,Zhizhen Zhang,R,193.0,CHN,27.9,6-3 4-6 6-3,3,R32,121.0,7.0,1.0,92.0,68.0,46.0,15.0,14.0,7.0,9.0,7.0,1.0,76.0,43.0,31.0,17.0,14.0,0.0,4.0,64.0,820.0,43.0,1205.0,2024
2024-0747,Beijing,Hard,32,A,2024-09-26,385,206173,1.0,,Jannik Sinner,R,191.0,ITA,23.1,111797,,,Nicolas Jarry,R,201.0,CHI,28.9,4-6 6-3 6-1,3,R32,115.0,1.0,1.0,66.0,45.0,37.0,14.0,13.0,4.0,5.0,12.0,2.0,78.0,52.0,40.0,5.0,13.0,4.0,8.0,1.0,11180.0,28.0,1635.0,2024
2024-0747,Beijing,Hard,32,A,2024-09-26,390,126094,4.0,,Andrey Rublev,R,188.0,RUS,26.9,200221,,,Alejandro Davidovich Fokina,R,183.0,ESP,25.3,6-4 7-5,3,R16,103.0,6.0,4.0,67.0,43.0,30.0,10.0,11.0,1.0,4.0,1.0,1.0,77.0,56.0,28.0,11.0,11.0,6.0,11.0,6.0,4645.0,64.0,820.0,2024
2024-0747,Beijing,Hard,32,A,2024-09-26,387,207925,,,Flavio Cobolli,R,183.0,ITA,22.3,200303,,Q,Pavel Kotov,R,191.0,RUS,25.8,6-4 6-2,3,R16,76.0,3.0,2.0,50.0,31.0,27.0,11.0,9.0,1.0,1.0,2.0,4.0,54.0,31.0,24.0,9.0,9.0,4.0,7.0,32.0,1482.0,63.0,832.0,2024
2024-0747,Beijing,Hard,32,A,2024-09-26,386,208103,,,Jiri Lehecka,R,185.0,CZE,22.8,105138,,Q,Roberto Bautista Agut,R,183.0,ESP,36.4,3-6 6-2 6-1,3,R16,100.0,12.0,1.0,70.0,36.0,30.0,21.0,12.0,5.0,6.0,3.0,2.0,64.0,42.0,28.0,13.0,12.0,2.0,6.0,37.0,1345.0,61.0,841.0,2024
2024-0747,Beijing,Hard,32,A,2024-09-26,400,207989,2.0,,Carlos Alcaraz,R,183.0,ESP,21.3,206173,1.0,,Jannik Sinner,R,191.0,ITA,23.1,6-7(6) 6-4 7-6(3),3,F,201.0,6.0,2.0,123.0,74.0,54.0,27.0,17.0,4.0,6.0,6.0,4.0,129.0,71.0,47.0,31.0,17.0,12.0,15.0,3.0,6690.0,1.0,11180.0,2024
2024-0747,Beijing,Hard,32,A,2024-09-26,399,206173,1.0,,Jannik Sinner,R,191.0,ITA,23.1,207352,,WC,Bu Yunchaokete,R,185.0,CHN,22.6,6-3 7-6(3),3,SF,125.0,11.0,0.0,77.0,52.0,38.0,17.0,11.0,3.0,3.0,3.0,3.0,79.0,41.0,28.0,20.0,10.0,8.0,9.0,1.0,11180.0,96.0,584.0,2024
2024-0747,Beijing,Hard,32,A,2024-09-26,398,207989,2.0,,Carlos Alcaraz,R,183.0,ESP,21.3,106421,3.0,,Daniil Medvedev,R,198.0,RUS,28.6,7-5 6-3,3,SF,87.0,3.0,1.0,53.0,36.0,27.0,9.0,10.0,0.0,2.0,3.0,2.0,66.0,42.0,23.0,12.0,11.0,6.0,11.0,3.0,6690.0,5.0,5475.0,2024
2024-0747,Beijing,Hard,32,A,2024-09-26,396,207989,2.0,,Carlos Alcaraz,R,183.0,ESP,21.3,111575,7.0,,Karen Khachanov,R,198.0,RUS,28.3,7-5 6-2,3,QF,96.0,2.0,2.0,52.0,33.0,25.0,13.0,10.0,1.0,2.0,3.0,1.0,82.0,53.0,34.0,11.0,10.0,8.0,12.0,3.0,6690.0,27.0,1680.0,2024
2024-0747,Beijing,Hard,32,A,2024-09-26,395,106421,3.0,,Daniil Medvedev,R,198.0,RUS,28.6,207925,,,Flavio Cobolli,R,183.0,ITA,22.3,6-2 6-4,3,QF,88.0,5.0,4.0,71.0,37.0,29.0,16.0,9.0,10.0,11.0,1.0,5.0,54.0,28.0,20.0,6.0,9.0,4.0,8.0,5.0,5475.0,32.0,1482.0,2024
2024-0747,Beijing,Hard,32,A,2024-09-26,394,207352,,WC,Bu Yunchaokete,R,185.0,CHN,22.6,126094,4.0,,Andrey Rublev,R,188.0,RUS,26.9,7-5 6-4,3,QF,93.0,6.0,1.0,71.0,40.0,32.0,19.0,11.0,4.0,4.0,6.0,0.0,60.0,37.0,28.0,12.0,11.0,1.0,3.0,96.0,584.0,6.0,4645.0,2024
2024-0747,Beijing,Hard,32,A,2024-09-26,397,206173,1.0,,Jannik Sinner,R,191.0,ITA,23.1,208103,,,Jiri Lehecka,R,185.0,CZE,22.8,6-2 7-6(6),3,QF,104.0,7.0,3.0,67.0,40.0,35.0,15.0,10.0,2.0,2.0,2.0,0.0,67.0,29.0,19.0,23.0,10.0,2.0,4.0,1.0,11180.0,37.0,1345.0,2024
2024-0747,Beijing,Hard,32,A,2024-09-26,393,206173,1.0,,Jannik Sinner,R,191.0,ITA,23.1,126128,,LL,Roman Safiullin,R,185.0,RUS,27.1,3-6 6-2 6-3,3,R16,141.0,4.0,3.0,77.0,45.0,36.0,15.0,13.0,4.0,6.0,6.0,2.0,93.0,51.0,34.0,19.0,13.0,9.0,13.0,1.0,11180.0,69.0,790.0,2024
2024-0747,Beijing,Hard,32,A,2024-09-26,392,207989,2.0,,Carlos Alcaraz,R,183.0,ESP,21.3,134868,,,Tallon Griekspoor,R,188.0,NED,28.2,6-1 6-2,3,R16,56.0,4.0,0.0,41.0,23.0,23.0,9.0,8.0,0.0,0.0,0.0,1.0,43.0,25.0,15.0,5.0,7.0,3.0,7.0,3.0,6690.0,39.0,1300.0,2024
2024-0747,Beijing,Hard,32,A,2024-09-26,391,106421,3.0,,Daniil Medvedev,R,198.0,RUS,28.6,105173,,,Adrian Mannarino,L,180.0,FRA,36.2,7-6(6) 6-2,3,R16,101.0,8.0,6.0,68.0,45.0,36.0,10.0,10.0,5.0,7.0,1.0,3.0,68.0,41.0,23.0,15.0,10.0,2.0,6.0,5.0,5475.0,44.0,1184.0,2024
2024-0747,Beijing,Hard,32,A,2024-09-26,389,207352,,WC,Bu Yunchaokete,R,185.0,CHN,22.6,207518,6.0,,Lorenzo Musetti,R,185.0,ITA,22.5,6-2 6-4,3,R16,89.0,5.0,1.0,55.0,29.0,23.0,13.0,9.0,3.0,5.0,0.0,3.0,56.0,30.0,14.0,12.0,9.0,3.0,8.0,96.0,584.0,19.0,2355.0,2024
2024-0747,Beijing,Hard,32,A,2024-09-26,388,111575,7.0,,Karen Khachanov,R,198.0,RUS,28.3,202103,,,Francisco Cerundolo,R,185.0,ARG,26.1,7-6(4) 7-6(9),3,R16,129.0,3.0,5.0,85.0,49.0,40.0,17.0,12.0,3.0,6.0,2.0,3.0,80.0,45.0,33.0,19.0,12.0,2.0,5.0,27.0,1680.0,31.0,1500.0,2024
2024-5014,Shanghai Masters,Hard,96,M,2024-10-02,307,100644,2.0,,Alexander Zverev,R,198.0,GER,27.4,208233,,Q,Mattia Bellucci,L,175.0,ITA,23.3,6-4 6-2,3,R64,96.0,7.0,2.0,51.0,36.0,30.0,8.0,9.0,1.0,1.0,7.0,2.0,73.0,46.0,29.0,12.0,9.0,7.0,10.0,3.0,6705.0,101.0,574.0,2024
2024-5014,Shanghai Masters,Hard,96,M,2024-10-02,299,205734,,,Thiago Seyboth Wild,R,185.0,BRA,24.5,105554,,Q,Daniel Evans,R,175.0,GBR,34.3,6-2 4-6 7-6(3),3,R128,159.0,13.0,3.0,94.0,64.0,44.0,16.0,15.0,2.0,5.0,6.0,4.0,101.0,65.0,42.0,19.0,15.0,6.0,10.0,88.0,656.0,170.0,341.0,2024
2024-5014,Shanghai Masters,Hard,96,M,2024-10-02,301,124186,,,Alexandre Muller,R,183.0,FRA,27.6,208134,,,Luca Nardi,R,185.0,ITA,21.1,4-6 6-1 6-1,3,R128,95.0,6.0,2.0,69.0,53.0,42.0,6.0,12.0,5.0,7.0,1.0,2.0,67.0,38.0,25.0,7.0,12.0,0.0,6.0,74.0,748.0,89.0,649.0,2024
2024-5014,Shanghai Masters,Hard,96,M,2024-10-02,302,105453,,WC,Kei Nishikori,R,178.0,JPN,34.7,208363,,,Mariano Navone,R,178.0,ARG,23.5,3-6 6-4 6-3,3,R128,136.0,1.0,0.0,82.0,56.0,38.0,16.0,14.0,5.0,7.0,4.0,4.0,107.0,60.0,40.0,23.0,14.0,13.0,16.0,153.0,388.0,38.0,1328.0,2024
2024-5014,Shanghai Masters,Hard,96,M,2024-10-02,303,133430,,Q,Denis Shapovalov,L,185.0,CAN,25.4,132283,,,Lorenzo Sonego,R,191.0,ITA,29.3,7-6(5) 7-6(8),3,R128,129.0,2.0,3.0,81.0,60.0,46.0,9.0,12.0,0.0,2.0,3.0,2.0,88.0,56.0,39.0,17.0,12.0,4.0,6.0,102.0,568.0,49.0,1081.0,2024
2024-5014,Shanghai Masters,Hard,96,M,2024-10-02,304,106148,,,Roberto Carballes Baena,R,183.0,ESP,31.5,105138,,,Roberto Bautista Agut,R,183.0,ESP,36.4,3-6 6-3 6-2,3,R128,157.0,6.0,2.0,87.0,59.0,43.0,10.0,13.0,2.0,5.0,2.0,2.0,96.0,66.0,39.0,12.0,13.0,9.0,14.0,54.0,955.0,57.0,896.0,2024
2024-5014,Shanghai Masters,Hard,96,M,2024-10-02,305,122298,,,Botic Van De Zandschulp,R,191.0,NED,28.9,105807,,PR,Pablo Carreno Busta,R,188.0,ESP,33.2,7-6(5) 6-2,3,R128,101.0,5.0,0.0,68.0,43.0,33.0,15.0,10.0,1.0,1.0,4.0,1.0,60.0,43.0,29.0,12.0,10.0,1.0,3.0,67.0,799.0,203.0,287.0,2024
2024-5014,Shanghai Masters,Hard,96,M,2024-10-02,306,106121,,,Taro Daniel,R,191.0,JPN,31.6,106078,,Q,Egor Gerasimov,R,196.0,BLR,31.8,6-7(5) 6-3 6-4,3,R128,135.0,6.0,0.0,85.0,61.0,47.0,20.0,16.0,0.0,0.0,10.0,1.0,101.0,66.0,47.0,20.0,15.0,4.0,6.0,93.0,619.0,304.0,170.0,2024
2024-5014,Shanghai Masters,Hard,96,M,2024-10-02,300,208260,,Q,Zachary Svajda,R,175.0,USA,21.8,105173,,,Adrian Mannarino,L,180.0,FRA,36.2,6-3 1-6 6-0,3,R128,94.0,5.0,0.0,59.0,40.0,28.0,11.0,11.0,1.0,3.0,2.0,1.0,74.0,44.0,25.0,16.0,11.0,6.0,10.0,131.0,452.0,53.0,984.0,2024
2024-5014,Shanghai Masters,Hard,96,M,2024-10-02,308,134868,,,Tallon Griekspoor,R,188.0,NED,28.2,111442,26.0,,Jordan Thompson,R,183.0,AUS,30.4,6-3 6-2,3,R64,74.0,10.0,1.0,61.0,42.0,32.0,11.0,9.0,4.0,4.0,4.0,2.0,47.0,29.0,21.0,7.0,8.0,4.0,7.0,40.0,1305.0,28.0,1571.0,2024
2024-5014,Shanghai Masters,Hard,96,M,2024-10-02,315,104925,4.0,,Novak Djokovic,R,188.0,SRB,37.3,210506,,,Alex Michelsen,R,193.0,USA,20.0,7-6(3) 7-6(9),3,R64,115.0,7.0,3.0,76.0,52.0,40.0,15.0,12.0,3.0,5.0,10.0,0.0,86.0,59.0,43.0,11.0,12.0,5.0,7.0,4.0,5560.0,43.0,1215.0,2024
2024-5014,Shanghai Masters,Hard,96,M,2024-10-02,310,105676,,,David Goffin,R,180.0,BEL,33.8,207518,15.0,,Lorenzo Musetti,R,185.0,ITA,22.5,1-6 7-6(6) 6-2,3,R64,147.0,6.0,4.0,108.0,77.0,51.0,11.0,13.0,11.0,15.0,4.0,0.0,89.0,58.0,43.0,13.0,14.0,6.0,10.0,66.0,800.0,18.0,2425.0,2024
2024-5014,Shanghai Masters,Hard,96,M,2024-10-02,311,208029,12.0,,Holger Rune,R,188.0,DEN,21.4,126610,,,Matteo Berrettini,R,196.0,ITA,28.4,4-6 6-4 6-3,3,R64,119.0,7.0,0.0,82.0,51.0,42.0,21.0,15.0,2.0,3.0,16.0,1.0,79.0,51.0,38.0,17.0,14.0,3.0,5.0,14.0,2935.0,44.0,1215.0,2024
2024-5014,Shanghai Masters,Hard,96,M,2024-10-02,312,208103,,,Jiri Lehecka,R,185.0,CZE,22.8,144719,,,Jaume Munar,R,183.0,ESP,27.4,7-6(6) 6-4,3,R64,112.0,6.0,2.0,79.0,50.0,36.0,15.0,11.0,4.0,5.0,4.0,2.0,88.0,56.0,37.0,17.0,11.0,3.0,5.0,34.0,1400.0,63.0,839.0,2024
2024-5014,Shanghai Masters,Hard,96,M,2024-10-02,313,133297,,Q,Yosuke Watanuki,R,180.0,JPN,26.4,206909,32.0,,Brandon Nakashima,R,188.0,USA,23.1,7-6(4) 6-3,3,R64,93.0,5.0,6.0,70.0,43.0,32.0,17.0,11.0,3.0,4.0,4.0,0.0,68.0,44.0,29.0,13.0,10.0,4.0,6.0,336.0,149.0,35.0,1375.0,2024
2024-5014,Shanghai Masters,Hard,96,M,2024-10-02,314,126203,7.0,,Taylor Fritz,R,196.0,USA,26.9,209279,,Q,Terence Atmane,L,193.0,FRA,22.7,7-6(4) 7-6(5),3,R64,122.0,6.0,0.0,82.0,52.0,38.0,17.0,12.0,2.0,3.0,14.0,1.0,81.0,54.0,41.0,15.0,12.0,5.0,6.0,7.0,4060.0,161.0,369.0,2024
2024-5014,Shanghai Masters,Hard,96,M,2024-10-02,316,207925,28.0,,Flavio Cobolli,R,183.0,ITA,22.4,104527,,WC,Stan Wawrinka,R,183.0,SUI,39.5,6-7(6) 7-6(4) 6-3,3,R64,150.0,7.0,1.0,114.0,65.0,51.0,33.0,17.0,3.0,3.0,18.0,2.0,98.0,61.0,51.0,20.0,16.0,3.0,4.0,30.0,1552.0,236.0,243.0,2024
2024-5014,Shanghai Masters,Hard,96,M,2024-10-02,317,126128,,,Roman Safiullin,R,185.0,RUS,27.1,122330,23.0,,Alexander Bublik,R,196.0,KAZ,27.2,6-4 6-2,3,R64,80.0,7.0,1.0,53.0,35.0,27.0,13.0,9.0,3.0,3.0,5.0,7.0,68.0,38.0,27.0,11.0,9.0,3.0,6.0,61.0,853.0,27.0,1690.0,2024
2024-5014,Shanghai Masters,Hard,96,M,2024-10-02,318,126207,13.0,,Frances Tiafoe,R,188.0,USA,26.6,212044,,WC,Yi Zhou,R,193.0,CHN,19.5,6-2 6-4,3,R64,64.0,5.0,1.0,48.0,36.0,32.0,6.0,9.0,1.0,1.0,3.0,0.0,48.0,31.0,18.0,11.0,9.0,1.0,4.0,17.0,2560.0,440.0,97.0,2024
2024-5014,Shanghai Masters,Hard,96,M,2024-10-02,319,105777,9.0,,Grigor Dimitrov,R,191.0,BUL,33.3,200267,,,Zizou Bergs,R,185.0,BEL,25.3,6-3 3-6 6-2,3,R64,148.0,4.0,6.0,97.0,58.0,42.0,16.0,13.0,9.0,12.0,7.0,4.0,82.0,50.0,31.0,14.0,13.0,2.0,7.0,10.0,3840.0,73.0,763.0,2024
2024-5014,Shanghai Masters,Hard,96,M,2024-10-02,298,209992,,,Juncheng Shang,L,180.0,CHN,19.6,209409,,WC,Coleman Wong,R,191.0,HKG,20.3,6-4 6-4,3,R128,96.0,4.0,1.0,56.0,28.0,23.0,15.0,10.0,1.0,3.0,8.0,2.0,70.0,44.0,32.0,6.0,10.0,6.0,10.0,51.0,1045.0,128.0,460.0,2024
2024-5014,Shanghai Masters,Hard,96,M,2024-10-02,309,106218,,,Marcos Giron,R,180.0,USA,31.1,111575,24.0,,Karen Khachanov,R,198.0,RUS,28.3,6-4 6-3,3,R64,81.0,8.0,0.0,60.0,37.0,29.0,13.0,9.0,3.0,3.0,4.0,2.0,57.0,32.0,21.0,13.0,10.0,3.0,6.0,47.0,1140.0,25.0,1780.0,2024
2024-5014,Shanghai Masters,Hard,96,M,2024-10-02,297,200059,,WC,Yibing Wu,R,183.0,CHN,24.9,111576,,,Sumit Nagal,R,178.0,IND,27.1,6-3 6-3,3,R128,79.0,7.0,4.0,52.0,28.0,22.0,14.0,9.0,1.0,2.0,0.0,1.0,57.0,40.0,22.0,7.0,9.0,3.0,7.0,560.0,63.0,83.0,681.0,2024
2024-5014,Shanghai Masters,Hard,96,M,2024-10-02,350,207989,3.0,,Carlos Alcaraz,R,183.0,ESP,21.4,200059,,WC,Yibing Wu,R,183.0,CHN,24.9,7-6(5) 6-3,3,R32,100.0,11.0,1.0,70.0,43.0,35.0,15.0,11.0,0.0,0.0,7.0,1.0,69.0,49.0,36.0,10.0,10.0,2.0,3.0,2.0,7010.0,560.0,63.0,2024
2024-5014,Shanghai Masters,Hard,96,M,2024-10-02,295,209070,,,Arthur Cazaux,R,183.0,FRA,22.1,105227,,PR,Marin Cilic,R,198.0,CRO,36.0,6-4 6-4,3,R128,96.0,6.0,1.0,65.0,34.0,29.0,16.0,10.0,2.0,3.0,8.0,5.0,53.0,27.0,21.0,13.0,10.0,6.0,9.0,92.0,622.0,211.0,278.0,2024
2024-5014,Shanghai Masters,Hard,96,M,2024-10-02,320,200615,20.0,,Alexei Popyrin,R,196.0,AUS,25.1,200175,,,Miomir Kecmanovic,R,183.0,SRB,25.0,6-3 6-2,3,R64,61.0,13.0,2.0,53.0,37.0,32.0,6.0,9.0,4.0,4.0,4.0,1.0,43.0,23.0,16.0,11.0,8.0,0.0,3.0,24.0,1825.0,55.0,945.0,2024
2024-5014,Shanghai Masters,Hard,96,M,2024-10-02,275,208233,,Q,Mattia Bellucci,L,175.0,ITA,23.3,126129,,LL,Billy Harris,R,193.0,GBR,29.6,6-3 6-4,3,R128,78.0,3.0,1.0,57.0,35.0,26.0,13.0,10.0,1.0,2.0,4.0,0.0,51.0,33.0,20.0,10.0,9.0,5.0,8.0,101.0,574.0,106.0,552.0,2024
2024-5014,Shanghai Masters,Hard,96,M,2024-10-02,276,134868,,,Tallon Griekspoor,R,188.0,NED,28.2,207680,,,Facundo Diaz Acosta,L,183.0,ARG,23.7,6-4 6-7(6) 6-3,3,R128,134.0,2.0,4.0,100.0,75.0,58.0,12.0,16.0,3.0,4.0,6.0,4.0,89.0,63.0,45.0,16.0,15.0,3.0,6.0,40.0,1305.0,59.0,865.0,2024
2024-5014,Shanghai Masters,Hard,96,M,2024-10-02,277,106218,,,Marcos Giron,R,180.0,USA,31.1,111454,,Q,Li Tu,R,183.0,AUS,28.3,6-1 7-6(4),3,R128,87.0,1.0,1.0,53.0,36.0,25.0,9.0,9.0,1.0,3.0,4.0,2.0,73.0,45.0,29.0,9.0,10.0,6.0,11.0,47.0,1140.0,191.0,304.0,2024
2024-5014,Shanghai Masters,Hard,96,M,2024-10-02,278,105676,,,David Goffin,R,180.0,BEL,33.8,105902,,,James Duckworth,R,183.0,AUS,32.6,6-4 6-2,3,R128,87.0,6.0,2.0,76.0,44.0,31.0,17.0,9.0,3.0,4.0,4.0,1.0,54.0,36.0,23.0,5.0,9.0,3.0,7.0,66.0,800.0,75.0,748.0,2024
2024-5014,Shanghai Masters,Hard,96,M,2024-10-02,279,126610,,,Matteo Berrettini,R,196.0,ITA,28.4,106331,,,Christopher Oconnell,R,183.0,AUS,30.3,7-6(9) 7-6(6),3,R128,133.0,11.0,0.0,84.0,53.0,40.0,19.0,12.0,2.0,4.0,5.0,1.0,85.0,51.0,35.0,23.0,12.0,3.0,5.0,44.0,1215.0,71.0,765.0,2024
2024-5014,Shanghai Masters,Hard,96,M,2024-10-02,280,144719,,,Jaume Munar,R,183.0,ESP,27.4,200384,,,Hugo Gaston,L,173.0,FRA,24.0,6-3 6-3,3,R128,106.0,1.0,4.0,80.0,58.0,37.0,10.0,9.0,10.0,12.0,0.0,4.0,60.0,34.0,21.0,10.0,9.0,6.0,11.0,63.0,839.0,80.0,703.0,2024
2024-5014,Shanghai Masters,Hard,96,M,2024-10-02,281,133297,,Q,Yosuke Watanuki,R,180.0,JPN,26.4,200303,,,Pavel Kotov,R,191.0,RUS,25.8,6-7(6) 6-4 7-5,3,R128,187.0,7.0,5.0,121.0,70.0,51.0,30.0,17.0,4.0,5.0,6.0,1.0,137.0,97.0,63.0,22.0,17.0,14.0,17.0,336.0,149.0,56.0,907.0,2024
2024-5014,Shanghai Masters,Hard,96,M,2024-10-02,282,209279,,Q,Terence Atmane,L,193.0,FRA,22.7,206499,,,Aleksandar Kovacevic,R,183.0,USA,26.0,6-4 7-6(4),3,R128,98.0,8.0,4.0,68.0,40.0,28.0,17.0,11.0,1.0,3.0,7.0,3.0,75.0,40.0,26.0,19.0,11.0,9.0,12.0,161.0,369.0,76.0,740.0,2024
2024-5014,Shanghai Masters,Hard,96,M,2024-10-02,283,210506,,,Alex Michelsen,R,193.0,USA,20.0,207352,,SE,Bu Yunchaokete,R,185.0,CHN,22.6,6-3 6-4,3,R128,77.0,6.0,2.0,53.0,34.0,28.0,13.0,10.0,2.0,2.0,2.0,3.0,50.0,24.0,18.0,14.0,9.0,3.0,5.0,43.0,1215.0,69.0,780.0,2024
2024-5014,Shanghai Masters,Hard,96,M,2024-10-02,284,104527,,WC,Stan Wawrinka,R,183.0,SUI,39.5,208659,,,Giovanni Mpetshi Perricard,R,203.0,FRA,21.2,7-6(2) 7-6(6),3,R128,108.0,13.0,4.0,81.0,40.0,36.0,26.0,12.0,3.0,3.0,10.0,4.0,86.0,52.0,45.0,17.0,12.0,6.0,6.0,236.0,243.0,50.0,1073.0,2024
2024-5014,Shanghai Masters,Hard,96,M,2024-10-02,285,126128,,,Roman Safiullin,R,185.0,RUS,27.1,202320,,Q,Beibit Zhukayev,R,198.0,KAZ,23.9,7-6(0) 6-4,3,R128,100.0,5.0,2.0,66.0,45.0,36.0,13.0,11.0,2.0,3.0,14.0,1.0,66.0,45.0,31.0,11.0,11.0,1.0,3.0,61.0,853.0,196.0,298.0,2024
2024-5014,Shanghai Masters,Hard,96,M,2024-10-02,286,212044,,WC,Yi Zhou,R,193.0,CHN,19.5,106415,,,Yoshihito Nishioka,L,170.0,JPN,29.0,2-4 RET,3,R128,32.0,0.0,1.0,23.0,13.0,8.0,3.0,3.0,0.0,2.0,1.0,0.0,17.0,12.0,7.0,4.0,3.0,1.0,2.0,440.0,97.0,60.0,854.0,2024
2024-5014,Shanghai Masters,Hard,96,M,2024-10-02,287,200267,,,Zizou Bergs,R,185.0,BEL,25.3,111190,,,Zhizhen Zhang,R,193.0,CHN,27.9,6-4 6-3,3,R128,79.0,8.0,2.0,65.0,45.0,32.0,11.0,10.0,5.0,6.0,3.0,1.0,50.0,32.0,22.0,8.0,9.0,2.0,5.0,73.0,763.0,41.0,1270.0,2024
2024-5014,Shanghai Masters,Hard,96,M,2024-10-02,288,200175,,,Miomir Kecmanovic,R,183.0,SRB,25.0,208014,,,Rinky Hijikata,R,178.0,AUS,23.6,6-2 6-2,3,R128,79.0,2.0,0.0,47.0,28.0,21.0,13.0,8.0,0.0,0.0,3.0,5.0,58.0,26.0,20.0,9.0,8.0,6.0,10.0,55.0,945.0,78.0,718.0,2024
2024-5014,Shanghai Masters,Hard,96,M,2024-10-02,289,207686,,,Alexander Shevchenko,R,185.0,KAZ,23.8,106368,,Q,Ramkumar Ramanathan,R,188.0,IND,29.8,6-1 7-6(3),3,R128,72.0,3.0,2.0,60.0,39.0,32.0,15.0,10.0,4.0,4.0,8.0,8.0,65.0,39.0,27.0,11.0,9.0,2.0,4.0,58.0,875.0,332.0,153.0,2024
2024-5014,Shanghai Masters,Hard,96,M,2024-10-02,290,210150,,,Jakub Mensik,R,193.0,CZE,19.0,124079,,,Pedro Martinez,R,185.0,ESP,27.4,6-1 5-7 6-4,3,R128,118.0,14.0,4.0,81.0,53.0,41.0,16.0,15.0,2.0,4.0,3.0,3.0,81.0,58.0,35.0,12.0,14.0,2.0,6.0,65.0,822.0,45.0,1207.0,2024
2024-5014,Shanghai Masters,Hard,96,M,2024-10-02,291,126846,,Q,Aleksandar Vukic,R,188.0,AUS,28.4,144895,,,Corentin Moutet,L,180.0,FRA,25.4,2-6 6-3 6-4,3,R128,121.0,6.0,1.0,85.0,46.0,32.0,24.0,14.0,3.0,6.0,3.0,1.0,84.0,59.0,36.0,15.0,13.0,3.0,6.0,91.0,624.0,72.0,764.0,2024
2024-5014,Shanghai Masters,Hard,96,M,2024-10-02,292,200221,,,Alejandro Davidovich Fokina,R,183.0,ESP,25.3,209113,,Q,Gabriel Diallo,R,203.0,CAN,23.0,7-5 7-6(7),3,R128,111.0,3.0,5.0,80.0,58.0,40.0,11.0,12.0,10.0,13.0,9.0,0.0,78.0,54.0,37.0,12.0,12.0,1.0,5.0,64.0,825.0,105.0,557.0,2024
2024-5014,Shanghai Masters,Hard,96,M,2024-10-02,293,126239,,,Arthur Rinderknech,R,196.0,FRA,29.1,124187,,PR,Reilly Opelka,R,211.0,USA,27.0,6-4 7-6(5),3,R128,112.0,6.0,0.0,71.0,51.0,40.0,12.0,11.0,1.0,1.0,13.0,2.0,86.0,51.0,37.0,18.0,11.0,11.0,12.0,62.0,843.0,309.0,167.0,2024
2024-5014,Shanghai Masters,Hard,96,M,2024-10-02,294,104926,,,Fabio Fognini,R,178.0,ITA,37.3,209260,,,Luciano Darderi,R,183.0,ITA,22.6,6-4 6-7(5) 6-4,3,R128,141.0,9.0,2.0,101.0,50.0,42.0,29.0,16.0,3.0,4.0,11.0,3.0,99.0,59.0,43.0,22.0,16.0,5.0,8.0,81.0,691.0,42.0,1265.0,2024
2024-5014,Shanghai Masters,Hard,96,M,2024-10-02,296,104792,,,Gael Monfils,R,193.0,FRA,38.0,106000,,,Damir Dzumhur,R,175.0,BIH,32.3,6-4 6-3,3,R128,81.0,4.0,2.0,63.0,46.0,31.0,10.0,9.0,7.0,8.0,0.0,2.0,62.0,37.0,24.0,11.0,10.0,3.0,7.0,46.0,1160.0,96.0,599.0,2024
2024-5014,Shanghai Masters,Hard,96,M,2024-10-02,321,207686,,,Alexander Shevchenko,R,185.0,KAZ,23.8,202103,27.0,,Francisco Cerundolo,R,185.0,ARG,26.1,7-6(7) 7-5,3,R64,111.0,7.0,2.0,73.0,53.0,41.0,9.0,12.0,3.0,5.0,1.0,3.0,88.0,64.0,42.0,11.0,12.0,4.0,7.0,58.0,875.0,31.0,1550.0,2024
2024-5014,Shanghai Masters,Hard,96,M,2024-10-02,322,210150,,,Jakub Mensik,R,193.0,CZE,19.0,126094,6.0,,Andrey Rublev,R,188.0,RUS,26.9,6-7(7) 6-4 6-3,3,R64,150.0,11.0,2.0,107.0,58.0,41.0,26.0,15.0,8.0,12.0,14.0,4.0,116.0,72.0,51.0,16.0,16.0,12.0,19.0,65.0,822.0,6.0,4700.0,2024
2024-5014,Shanghai Masters,Hard,96,M,2024-10-02,323,126846,,Q,Aleksandar Vukic,R,188.0,AUS,28.4,134770,8.0,,Casper Ruud,R,183.0,NOR,25.7,6-4 6-4,3,R64,78.0,7.0,3.0,55.0,40.0,34.0,9.0,10.0,3.0,3.0,5.0,1.0,56.0,41.0,31.0,7.0,10.0,0.0,2.0,91.0,624.0,9.0,3965.0,2024
2024-5014,Shanghai Masters,Hard,96,M,2024-10-02,348,126205,11.0,,Tommy Paul,R,185.0,USA,27.3,126214,19.0,,Alejandro Tabilo,L,188.0,CHI,27.3,6-7(2) 7-6(6) 6-2,3,R32,163.0,13.0,1.0,109.0,71.0,52.0,20.0,16.0,1.0,3.0,11.0,2.0,124.0,87.0,61.0,15.0,16.0,9.0,13.0,13.0,3045.0,23.0,1963.0,2024
2024-5014,Shanghai Masters,Hard,96,M,2024-10-02,349,104792,,,Gael Monfils,R,193.0,FRA,38.0,200005,16.0,,Ugo Humbert,L,188.0,FRA,26.2,7-6(7) 2-6 6-1,3,R32,135.0,10.0,3.0,96.0,63.0,47.0,15.0,14.0,6.0,9.0,5.0,2.0,84.0,50.0,36.0,20.0,13.0,5.0,8.0,46.0,1160.0,15.0,2645.0,2024
2024-5014,Shanghai Masters,Hard,96,M,2024-10-02,351,106421,5.0,,Daniil Medvedev,R,198.0,RUS,28.6,208286,29.0,,Matteo Arnaldi,R,185.0,ITA,23.6,5-7 6-4 6-4,3,R32,164.0,10.0,6.0,110.0,71.0,49.0,18.0,16.0,5.0,8.0,9.0,2.0,106.0,77.0,49.0,15.0,16.0,8.0,12.0,5.0,5375.0,36.0,1350.0,2024
2024-5014,Shanghai Masters,Hard,96,M,2024-10-02,352,126774,10.0,,Stefanos Tsitsipas,R,193.0,GRE,26.1,124186,,,Alexandre Muller,R,183.0,FRA,27.6,6-3 7-5,3,R32,88.0,7.0,0.0,54.0,33.0,25.0,15.0,10.0,3.0,4.0,3.0,0.0,73.0,53.0,32.0,9.0,11.0,3.0,7.0,12.0,3390.0,74.0,748.0,2024
2024-5014,Shanghai Masters,Hard,96,M,2024-10-02,353,210097,14.0,,Ben Shelton,L,193.0,USA,21.9,106148,,,Roberto Carballes Baena,R,183.0,ESP,31.5,6-3 6-4,3,R32,67.0,8.0,2.0,49.0,35.0,32.0,8.0,10.0,0.0,0.0,2.0,1.0,51.0,34.0,26.0,9.0,9.0,1.0,3.0,16.0,2580.0,54.0,955.0,2024
2024-5014,Shanghai Masters,Hard,96,M,2024-10-02,354,206173,1.0,,Jannik Sinner,R,191.0,ITA,23.1,144869,31.0,,Tomas Martin Etcheverry,R,196.0,ARG,25.2,6-7(3) 6-4 6-2,3,R32,159.0,12.0,1.0,92.0,64.0,50.0,15.0,15.0,4.0,5.0,11.0,1.0,94.0,49.0,41.0,17.0,15.0,9.0,13.0,1.0,11010.0,37.0,1335.0,2024
2024-5014,Shanghai Masters,Hard,96,M,2024-10-02,355,105676,,,David Goffin,R,180.0,BEL,33.8,100644,2.0,,Alexander Zverev,R,198.0,GER,27.4,6-4 7-5,3,R16,116.0,3.0,2.0,80.0,52.0,34.0,15.0,11.0,5.0,7.0,8.0,2.0,72.0,48.0,32.0,9.0,11.0,7.0,11.0,66.0,800.0,3.0,6705.0,2024
2024-5014,Shanghai Masters,Hard,96,M,2024-10-02,356,126203,7.0,,Taylor Fritz,R,196.0,USA,26.9,208029,12.0,,Holger Rune,R,188.0,DEN,21.4,6-1 6-2,3,R16,55.0,9.0,0.0,48.0,35.0,30.0,6.0,8.0,1.0,1.0,2.0,5.0,40.0,23.0,14.0,5.0,7.0,0.0,4.0,7.0,4060.0,14.0,2935.0,2024
2024-5014,Shanghai Masters,Hard,96,M,2024-10-02,357,104925,4.0,,Novak Djokovic,R,188.0,SRB,37.3,126128,,,Roman Safiullin,R,185.0,RUS,27.1,6-3 6-2,3,R16,73.0,4.0,1.0,51.0,33.0,29.0,9.0,9.0,3.0,3.0,2.0,2.0,43.0,24.0,15.0,8.0,8.0,2.0,5.0,4.0,5560.0,61.0,853.0,2024
2024-5014,Shanghai Masters,Hard,96,M,2024-10-02,347,207830,30.0,,Tomas Machac,R,183.0,CZE,23.9,126846,,Q,Aleksandar Vukic,R,188.0,AUS,28.4,6-4 6-2,3,R32,86.0,5.0,2.0,49.0,27.0,25.0,13.0,9.0,4.0,4.0,9.0,1.0,71.0,40.0,30.0,11.0,9.0,4.0,7.0,33.0,1449.0,91.0,624.0,2024
2024-5014,Shanghai Masters,Hard,96,M,2024-10-02,358,210150,,,Jakub Mensik,R,193.0,CZE,19.0,105777,9.0,,Grigor Dimitrov,R,191.0,BUL,33.3,6-3 3-6 6-4,3,R16,123.0,10.0,6.0,89.0,54.0,42.0,14.0,14.0,2.0,4.0,5.0,3.0,91.0,53.0,35.0,22.0,14.0,12.0,15.0,65.0,822.0,10.0,3840.0,2024
2024-5014,Shanghai Masters,Hard,96,M,2024-10-02,360,207989,3.0,,Carlos Alcaraz,R,183.0,ESP,21.4,104792,,,Gael Monfils,R,193.0,FRA,38.0,6-4 7-5,3,R16,87.0,5.0,0.0,59.0,41.0,32.0,14.0,11.0,1.0,1.0,10.0,1.0,70.0,49.0,36.0,10.0,11.0,4.0,6.0,2.0,7010.0,46.0,1160.0,2024
2024-5014,Shanghai Masters,Hard,96,M,2024-10-02,362,206173,1.0,,Jannik Sinner,R,191.0,ITA,23.1,210097,14.0,,Ben Shelton,L,193.0,USA,21.9,6-4 7-6(1),3,R16,88.0,7.0,0.0,66.0,46.0,40.0,13.0,11.0,7.0,7.0,7.0,1.0,58.0,43.0,37.0,6.0,11.0,0.0,1.0,1.0,11010.0,16.0,2580.0,2024
2024-5014,Shanghai Masters,Hard,96,M,2024-10-02,363,126203,7.0,,Taylor Fritz,R,196.0,USA,26.9,105676,,,David Goffin,R,180.0,BEL,33.8,6-3 6-4,3,QF,82.0,10.0,0.0,61.0,41.0,28.0,14.0,10.0,3.0,4.0,3.0,1.0,59.0,42.0,28.0,6.0,9.0,4.0,7.0,7.0,4060.0,66.0,800.0,2024
2024-5014,Shanghai Masters,Hard,96,M,2024-10-02,364,104925,4.0,,Novak Djokovic,R,188.0,SRB,37.3,210150,,,Jakub Mensik,R,193.0,CZE,19.0,6-7(4) 6-1 6-4,3,QF,139.0,7.0,1.0,82.0,52.0,43.0,17.0,15.0,0.0,1.0,17.0,6.0,109.0,65.0,51.0,15.0,14.0,5.0,9.0,4.0,5560.0,65.0,822.0,2024
2024-5014,Shanghai Masters,Hard,96,M,2024-10-02,365,207830,30.0,,Tomas Machac,R,183.0,CZE,23.9,207989,3.0,,Carlos Alcaraz,R,183.0,ESP,21.4,7-6(5) 7-5,3,QF,114.0,5.0,2.0,93.0,54.0,39.0,21.0,12.0,7.0,8.0,8.0,1.0,67.0,45.0,34.0,12.0,12.0,2.0,4.0,33.0,1449.0,2.0,7010.0,2024
2024-5014,Shanghai Masters,Hard,96,M,2024-10-02,366,206173,1.0,,Jannik Sinner,R,191.0,ITA,23.1,106421,5.0,,Daniil Medvedev,R,198.0,RUS,28.6,6-1 6-4,3,QF,84.0,9.0,0.0,50.0,33.0,28.0,10.0,9.0,1.0,1.0,3.0,4.0,58.0,31.0,25.0,6.0,8.0,1.0,4.0,1.0,11010.0,5.0,5375.0,2024
2024-5014,Shanghai Masters,Hard,96,M,2024-10-02,367,104925,4.0,,Novak Djokovic,R,188.0,SRB,37.3,126203,7.0,,Taylor Fritz,R,196.0,USA,26.9,6-4 7-6(6),3,SF,116.0,7.0,0.0,71.0,50.0,39.0,13.0,11.0,2.0,2.0,6.0,5.0,84.0,49.0,35.0,19.0,11.0,8.0,9.0,4.0,5560.0,7.0,4060.0,2024
2024-5014,Shanghai Masters,Hard,96,M,2024-10-02,368,206173,1.0,,Jannik Sinner,R,191.0,ITA,23.1,207830,30.0,,Tomas Machac,R,183.0,CZE,23.9,6-4 7-5,3,SF,103.0,10.0,1.0,69.0,46.0,34.0,14.0,11.0,2.0,3.0,5.0,1.0,69.0,45.0,29.0,12.0,11.0,4.0,7.0,1.0,11010.0,33.0,1449.0,2024
2024-5014,Shanghai Masters,Hard,96,M,2024-10-02,369,206173,1.0,,Jannik Sinner,R,191.0,ITA,23.1,104925,4.0,,Novak Djokovic,R,188.0,SRB,37.3,7-6(4) 6-3,3,F,97.0,8.0,0.0,67.0,41.0,31.0,17.0,11.0,0.0,0.0,4.0,0.0,58.0,38.0,29.0,12.0,10.0,1.0,2.0,1.0,11010.0,4.0,5560.0,2024
2024-5014,Shanghai Masters,Hard,96,M,2024-10-02,359,207830,30.0,,Tomas Machac,R,183.0,CZE,23.9,126205,11.0,,Tommy Paul,R,185.0,USA,27.3,3-6 6-4 6-3,3,R16,122.0,5.0,5.0,87.0,55.0,41.0,18.0,14.0,8.0,10.0,2.0,3.0,93.0,55.0,40.0,18.0,14.0,6.0,9.0,33.0,1449.0,13.0,3045.0,2024
2024-5014,Shanghai Masters,Hard,96,M,2024-10-02,346,210150,,,Jakub Mensik,R,193.0,CZE,19.0,207686,,,Alexander Shevchenko,R,185.0,KAZ,23.8,6-1 6-7(5) 6-2,3,R32,116.0,9.0,1.0,81.0,47.0,39.0,20.0,14.0,1.0,2.0,4.0,2.0,88.0,50.0,30.0,19.0,13.0,4.0,9.0,65.0,822.0,58.0,875.0,2024
2024-5014,Shanghai Masters,Hard,96,M,2024-10-02,361,106421,5.0,,Daniil Medvedev,R,198.0,RUS,28.6,126774,10.0,,Stefanos Tsitsipas,R,193.0,GRE,26.1,7-6(3) 6-3,3,R16,110.0,10.0,3.0,63.0,42.0,35.0,13.0,11.0,0.0,1.0,4.0,4.0,83.0,52.0,37.0,13.0,10.0,9.0,11.0,5.0,5375.0,12.0,3390.0,2024
2024-5014,Shanghai Masters,Hard,96,M,2024-10-02,344,126128,,,Roman Safiullin,R,185.0,RUS,27.1,126207,13.0,,Frances Tiafoe,R,188.0,USA,26.6,5-7 7-5 7-6(5),3,R32,184.0,17.0,4.0,118.0,81.0,64.0,12.0,18.0,7.0,10.0,6.0,1.0,127.0,82.0,56.0,26.0,18.0,6.0,9.0,61.0,853.0,17.0,2560.0,2024
2024-5014,Shanghai Masters,Hard,96,M,2024-10-02,345,105777,9.0,,Grigor Dimitrov,R,191.0,BUL,33.3,200615,20.0,,Alexei Popyrin,R,196.0,AUS,25.1,7-6(5) 6-2,3,R32,88.0,7.0,1.0,53.0,34.0,33.0,13.0,10.0,0.0,0.0,13.0,1.0,72.0,49.0,33.0,13.0,10.0,4.0,6.0,10.0,3840.0,24.0,1825.0,2024
2024-5014,Shanghai Masters,Hard,96,M,2024-10-02,324,207830,30.0,,Tomas Machac,R,183.0,CZE,23.9,200221,,,Alejandro Davidovich Fokina,R,183.0,ESP,25.3,1-6 7-6(3) 6-4,3,R64,125.0,10.0,6.0,91.0,45.0,32.0,22.0,14.0,3.0,7.0,6.0,1.0,84.0,65.0,44.0,10.0,15.0,0.0,3.0,33.0,1449.0,64.0,825.0,2024
2024-5014,Shanghai Masters,Hard,96,M,2024-10-02,325,126214,19.0,,Alejandro Tabilo,L,188.0,CHI,27.3,126239,,,Arthur Rinderknech,R,196.0,FRA,29.1,6-3 6-2,3,R64,76.0,3.0,1.0,46.0,25.0,20.0,13.0,9.0,1.0,2.0,4.0,2.0,61.0,37.0,21.0,10.0,8.0,8.0,12.0,23.0,1963.0,62.0,843.0,2024
2024-5014,Shanghai Masters,Hard,96,M,2024-10-02,326,126205,11.0,,Tommy Paul,R,185.0,USA,27.3,104926,,,Fabio Fognini,R,178.0,ITA,37.3,6-1 6-3,3,R64,60.0,7.0,0.0,42.0,26.0,20.0,13.0,8.0,0.0,0.0,0.0,4.0,50.0,30.0,17.0,7.0,8.0,0.0,4.0,13.0,3045.0,81.0,691.0,2024
2024-5014,Shanghai Masters,Hard,96,M,2024-10-02,327,200005,16.0,,Ugo Humbert,L,188.0,FRA,26.2,209070,,,Arthur Cazaux,R,183.0,FRA,22.1,6-3 6-2,3,R64,82.0,7.0,4.0,57.0,37.0,31.0,9.0,9.0,1.0,1.0,8.0,2.0,58.0,31.0,23.0,10.0,8.0,5.0,8.0,15.0,2645.0,92.0,622.0,2024
2024-5014,Shanghai Masters,Hard,96,M,2024-10-02,329,200059,,WC,Yibing Wu,R,183.0,CHN,24.9,111797,25.0,,Nicolas Jarry,R,201.0,CHI,28.9,6-2 6-1,3,R64,61.0,2.0,1.0,49.0,31.0,29.0,7.0,8.0,2.0,2.0,2.0,3.0,43.0,29.0,17.0,3.0,7.0,4.0,8.0,560.0,63.0,29.0,1555.0,2024
2024-5014,Shanghai Masters,Hard,96,M,2024-10-02,330,207989,3.0,,Carlos Alcaraz,R,183.0,ESP,21.4,209992,,,Juncheng Shang,L,180.0,CHN,19.6,6-2 6-2,3,R64,76.0,3.0,0.0,48.0,24.0,19.0,16.0,8.0,1.0,1.0,1.0,2.0,51.0,27.0,15.0,9.0,8.0,3.0,7.0,2.0,7010.0,51.0,1045.0,2024
2024-5014,Shanghai Masters,Hard,96,M,2024-10-02,331,106421,5.0,,Daniil Medvedev,R,198.0,RUS,28.6,205734,,,Thiago Seyboth Wild,R,185.0,BRA,24.5,7-5 7-5,3,R64,116.0,6.0,3.0,68.0,44.0,32.0,11.0,12.0,1.0,3.0,2.0,1.0,91.0,62.0,37.0,12.0,12.0,8.0,12.0,5.0,5375.0,88.0,656.0,2024
2024-5014,Shanghai Masters,Hard,96,M,2024-10-02,332,208286,29.0,,Matteo Arnaldi,R,185.0,ITA,23.6,208260,,Q,Zachary Svajda,R,175.0,USA,21.8,6-7(2) 6-2 6-4,3,R64,155.0,11.0,3.0,99.0,55.0,45.0,23.0,15.0,4.0,5.0,3.0,4.0,117.0,75.0,50.0,20.0,15.0,9.0,13.0,36.0,1350.0,131.0,452.0,2024
2024-5014,Shanghai Masters,Hard,96,M,2024-10-02,333,124186,,,Alexandre Muller,R,183.0,FRA,27.6,200000,18.0,,Felix Auger Aliassime,R,193.0,CAN,24.1,6-3 6-2,3,R64,79.0,2.0,0.0,61.0,39.0,27.0,15.0,9.0,3.0,3.0,6.0,4.0,43.0,30.0,20.0,7.0,8.0,5.0,8.0,74.0,748.0,22.0,2170.0,2024
2024-5014,Shanghai Masters,Hard,96,M,2024-10-02,328,104792,,,Gael Monfils,R,193.0,FRA,38.0,202104,22.0,,Sebastian Baez,R,170.0,ARG,23.7,6-3 4-6 6-4,3,R64,132.0,15.0,6.0,95.0,63.0,45.0,15.0,15.0,10.0,13.0,2.0,2.0,93.0,75.0,50.0,5.0,14.0,11.0,15.0,46.0,1160.0,26.0,1760.0,2024
2024-5014,Shanghai Masters,Hard,96,M,2024-10-02,335,210097,14.0,,Ben Shelton,L,193.0,USA,21.9,133430,,Q,Denis Shapovalov,L,185.0,CAN,25.4,6-3 7-5,3,R64,77.0,11.0,1.0,55.0,42.0,32.0,12.0,11.0,0.0,0.0,2.0,5.0,57.0,40.0,28.0,9.0,10.0,3.0,5.0,16.0,2580.0,102.0,568.0,2024
2024-5014,Shanghai Masters,Hard,96,M,2024-10-02,336,106148,,,Roberto Carballes Baena,R,183.0,ESP,31.5,209950,21.0,,Arthur Fils,R,185.0,FRA,20.3,7-6(4) 7-6(5),3,R64,126.0,3.0,2.0,78.0,52.0,43.0,14.0,12.0,1.0,3.0,7.0,3.0,86.0,54.0,43.0,13.0,12.0,7.0,9.0,54.0,955.0,21.0,2250.0,2024
2024-5014,Shanghai Masters,Hard,96,M,2024-10-02,337,144869,31.0,,Tomas Martin Etcheverry,R,196.0,ARG,25.2,122298,,,Botic Van De Zandschulp,R,191.0,NED,28.9,7-6(5) 3-6 7-5,3,R64,223.0,9.0,2.0,133.0,83.0,57.0,27.0,16.0,13.0,16.0,6.0,5.0,124.0,75.0,59.0,20.0,17.0,7.0,10.0,37.0,1335.0,67.0,799.0,2024
2024-5014,Shanghai Masters,Hard,96,M,2024-10-02,338,206173,1.0,,Jannik Sinner,R,191.0,ITA,23.1,106121,,,Taro Daniel,R,191.0,JPN,31.6,6-1 6-4,3,R64,77.0,12.0,1.0,49.0,38.0,32.0,5.0,9.0,0.0,0.0,5.0,0.0,64.0,44.0,28.0,6.0,8.0,6.0,9.0,1.0,11010.0,93.0,619.0,2024
2024-5014,Shanghai Masters,Hard,96,M,2024-10-02,339,100644,2.0,,Alexander Zverev,R,198.0,GER,27.4,134868,,,Tallon Griekspoor,R,188.0,NED,28.2,7-6(6) 2-6 7-6(5),3,R32,168.0,11.0,2.0,105.0,81.0,60.0,11.0,16.0,7.0,10.0,11.0,1.0,115.0,84.0,61.0,15.0,16.0,9.0,10.0,3.0,6705.0,40.0,1305.0,2024
2024-5014,Shanghai Masters,Hard,96,M,2024-10-02,340,105676,,,David Goffin,R,180.0,BEL,33.8,106218,,,Marcos Giron,R,180.0,USA,31.1,1-6 6-3 7-5,3,R32,131.0,4.0,1.0,97.0,65.0,46.0,14.0,14.0,5.0,8.0,8.0,2.0,91.0,53.0,41.0,15.0,14.0,6.0,9.0,66.0,800.0,47.0,1140.0,2024
2024-5014,Shanghai Masters,Hard,96,M,2024-10-02,341,208029,12.0,,Holger Rune,R,188.0,DEN,21.4,208103,,,Jiri Lehecka,R,185.0,CZE,22.8,6-4 7-5,3,R32,109.0,3.0,1.0,69.0,36.0,27.0,23.0,11.0,2.0,2.0,11.0,4.0,73.0,44.0,31.0,14.0,11.0,4.0,6.0,14.0,2935.0,34.0,1400.0,2024
2024-5014,Shanghai Masters,Hard,96,M,2024-10-02,342,126203,7.0,,Taylor Fritz,R,196.0,USA,26.9,133297,,Q,Yosuke Watanuki,R,180.0,JPN,26.4,6-3 6-4,3,R32,75.0,10.0,0.0,60.0,39.0,30.0,10.0,10.0,3.0,4.0,5.0,2.0,53.0,32.0,24.0,7.0,9.0,1.0,4.0,7.0,4060.0,336.0,149.0,2024
2024-5014,Shanghai Masters,Hard,96,M,2024-10-02,334,126774,10.0,,Stefanos Tsitsipas,R,193.0,GRE,26.1,105453,,WC,Kei Nishikori,R,178.0,JPN,34.7,7-6(6) 6-4,3,R64,105.0,14.0,3.0,75.0,43.0,37.0,18.0,11.0,3.0,3.0,1.0,0.0,67.0,43.0,35.0,14.0,11.0,5.0,6.0,12.0,3390.0,153.0,388.0,2024
2024-5014,Shanghai Masters,Hard,96,M,2024-10-02,343,104925,4.0,,Novak Djokovic,R,188.0,SRB,37.3,207925,28.0,,Flavio Cobolli,R,183.0,ITA,22.4,6-1 6-2,3,R32,63.0,3.0,2.0,40.0,24.0,20.0,13.0,8.0,0.0,0.0,3.0,1.0,55.0,35.0,20.0,6.0,7.0,5.0,9.0,4.0,5560.0,30.0,1552.0,2024
2024-7485,Antwerp,Hard,28,A,2024-10-14,369,200384,,,Hugo Gaston,L,173.0,FRA,24.0,106072,,Q,Alexey Vatutin,R,178.0,RUS,31.9,3-6 6-3 6-3,3,R32,107.0,7.0,0.0,99.0,61.0,42.0,16.0,14.0,9.0,12.0,1.0,2.0,72.0,47.0,24.0,18.0,13.0,2.0,6.0,77.0,693.0,336.0,148.0,2024
2024-7485,Antwerp,Hard,28,A,2024-10-14,370,106148,,,Roberto Carballes Baena,R,183.0,ESP,31.5,136440,,,Dominik Koepfer,L,180.0,GER,30.4,6-4 6-0,3,R32,73.0,4.0,3.0,53.0,38.0,30.0,5.0,8.0,4.0,5.0,1.0,3.0,50.0,30.0,18.0,5.0,8.0,1.0,6.0,54.0,980.0,81.0,686.0,2024
2024-7485,Antwerp,Hard,28,A,2024-10-14,371,126774,2.0,,Stefanos Tsitsipas,R,193.0,GRE,26.1,205734,,Q,Thiago Seyboth Wild,R,185.0,BRA,24.5,7-6(5) 4-6 7-5,3,R16,140.0,5.0,6.0,104.0,66.0,53.0,21.0,17.0,3.0,4.0,14.0,2.0,97.0,57.0,46.0,25.0,17.0,1.0,2.0,11.0,3445.0,80.0,686.0,2024
2024-7485,Antwerp,Hard,28,A,2024-10-14,372,208103,5.0,,Jiri Lehecka,R,185.0,CZE,22.9,127157,,,Daniel Altmaier,R,188.0,GER,26.0,6-4 6-3,3,R16,73.0,6.0,4.0,57.0,33.0,30.0,10.0,9.0,3.0,3.0,9.0,1.0,54.0,33.0,28.0,8.0,10.0,2.0,5.0,33.0,1440.0,84.0,672.0,2024
2024-7485,Antwerp,Hard,28,A,2024-10-14,373,200267,,,Zizou Bergs,R,185.0,BEL,25.3,202104,4.0,,Sebastian Baez,R,170.0,ARG,23.7,6-3 6-4,3,R16,93.0,8.0,0.0,60.0,43.0,29.0,7.0,9.0,4.0,6.0,1.0,4.0,75.0,52.0,27.0,11.0,10.0,5.0,10.0,69.0,793.0,27.0,1725.0,2024
2024-7485,Antwerp,Hard,28,A,2024-10-14,374,106218,8.0,,Marcos Giron,R,180.0,USA,31.2,126239,,,Arthur Rinderknech,R,196.0,FRA,29.2,7-6(6) 7-6(4),3,R16,114.0,12.0,0.0,82.0,56.0,49.0,14.0,12.0,1.0,1.0,9.0,0.0,86.0,63.0,50.0,11.0,12.0,4.0,4.0,47.0,1165.0,62.0,860.0,2024
2024-7485,Antwerp,Hard,28,A,2024-10-14,378,200282,1.0,,Alex De Minaur,R,183.0,AUS,25.6,106148,,,Roberto Carballes Baena,R,183.0,ESP,31.5,2-6 6-4 6-2,3,R16,138.0,1.0,1.0,85.0,46.0,34.0,17.0,13.0,2.0,5.0,7.0,2.0,80.0,38.0,28.0,21.0,13.0,3.0,7.0,9.0,3610.0,54.0,980.0,2024
2024-7485,Antwerp,Hard,28,A,2024-10-14,376,200000,3.0,,Felix Auger Aliassime,R,193.0,CAN,24.1,105916,,,Marton Fucsovics,R,188.0,HUN,32.6,6-7(4) 6-4 6-2,3,R16,154.0,13.0,2.0,96.0,66.0,51.0,17.0,15.0,3.0,3.0,9.0,4.0,111.0,72.0,51.0,20.0,15.0,10.0,13.0,21.0,2155.0,93.0,614.0,2024
2024-7485,Antwerp,Hard,28,A,2024-10-14,377,200384,,,Hugo Gaston,L,173.0,FRA,24.0,208363,7.0,,Mariano Navone,R,178.0,ARG,23.6,6-4 6-7(3) 7-6(4),3,R16,169.0,3.0,2.0,111.0,67.0,48.0,22.0,17.0,4.0,8.0,4.0,3.0,115.0,69.0,48.0,26.0,17.0,8.0,13.0,77.0,693.0,43.0,1238.0,2024
2024-7485,Antwerp,Hard,28,A,2024-10-14,379,208103,5.0,,Jiri Lehecka,R,185.0,CZE,22.9,126774,2.0,,Stefanos Tsitsipas,R,193.0,GRE,26.1,6-4 6-4,3,QF,84.0,8.0,0.0,52.0,32.0,29.0,12.0,10.0,0.0,0.0,8.0,1.0,72.0,41.0,27.0,18.0,10.0,5.0,7.0,33.0,1440.0,11.0,3445.0,2024
2024-7485,Antwerp,Hard,28,A,2024-10-14,368,208363,7.0,,Mariano Navone,R,178.0,ARG,23.6,106329,,,Thiago Monteiro,L,183.0,BRA,30.3,6-3 4-6 7-6(6),3,R32,161.0,10.0,1.0,96.0,59.0,47.0,24.0,16.0,3.0,4.0,15.0,3.0,110.0,74.0,58.0,15.0,15.0,4.0,5.0,43.0,1238.0,88.0,636.0,2024
2024-7485,Antwerp,Hard,28,A,2024-10-14,380,106218,8.0,,Marcos Giron,R,180.0,USA,31.2,200267,,,Zizou Bergs,R,185.0,BEL,25.3,6-2 6-2,3,QF,74.0,3.0,0.0,45.0,32.0,30.0,5.0,8.0,2.0,2.0,3.0,2.0,63.0,39.0,24.0,8.0,8.0,7.0,11.0,47.0,1165.0,69.0,793.0,2024
2024-7485,Antwerp,Hard,28,A,2024-10-14,375,105138,,,Roberto Bautista Agut,R,183.0,ESP,36.5,144869,6.0,,Tomas Martin Etcheverry,R,196.0,ARG,25.2,7-6(2) 6-4,3,R16,110.0,2.0,0.0,57.0,38.0,34.0,12.0,11.0,0.0,1.0,17.0,2.0,74.0,42.0,35.0,11.0,11.0,2.0,4.0,60.0,906.0,35.0,1375.0,2024
2024-7485,Antwerp,Hard,28,A,2024-10-14,367,105916,,,Marton Fucsovics,R,188.0,HUN,32.6,209920,,WC,Raphael Collignon,R,191.0,BEL,22.7,6-2 6-0,3,R32,62.0,7.0,1.0,46.0,34.0,29.0,4.0,7.0,2.0,2.0,1.0,12.0,39.0,17.0,10.0,4.0,7.0,1.0,6.0,93.0,614.0,164.0,358.0,2024
2024-0429,Stockholm,Hard,28,A,2024-10-14,382,104527,,WC,Stan Wawrinka,R,183.0,SUI,39.5,126094,1.0,,Andrey Rublev,R,188.0,RUS,26.9,7-6(5) 7-6(5),3,QF,112.0,14.0,2.0,91.0,53.0,41.0,19.0,12.0,3.0,4.0,10.0,2.0,78.0,45.0,33.0,19.0,12.0,2.0,3.0,217.0,263.0,7.0,4110.0,2024
2024-7485,Antwerp,Hard,28,A,2024-10-14,365,144869,6.0,,Tomas Martin Etcheverry,R,196.0,ARG,25.2,104755,,WC,Richard Gasquet,R,183.0,FRA,38.3,7-6(4) 6-4,3,R32,108.0,7.0,1.0,62.0,41.0,29.0,13.0,11.0,2.0,4.0,8.0,1.0,80.0,43.0,29.0,16.0,11.0,1.0,4.0,35.0,1375.0,135.0,446.0,2024
2024-7485,Antwerp,Hard,28,A,2024-10-14,364,106218,8.0,,Marcos Giron,R,180.0,USA,31.2,122298,,,Botic Van De Zandschulp,R,191.0,NED,29.0,6-4 6-1,3,R32,79.0,4.0,1.0,46.0,27.0,25.0,10.0,8.0,0.0,0.0,4.0,2.0,71.0,37.0,24.0,13.0,9.0,4.0,8.0,47.0,1165.0,68.0,804.0,2024
2024-7485,Antwerp,Hard,28,A,2024-10-14,363,126239,,,Arthur Rinderknech,R,196.0,FRA,29.2,210696,,WC,Alexander Blockx,R,191.0,BEL,19.5,6-3 6-1,3,R32,80.0,5.0,0.0,68.0,50.0,35.0,6.0,8.0,8.0,9.0,3.0,4.0,50.0,33.0,17.0,5.0,8.0,3.0,8.0,62.0,860.0,231.0,247.0,2024
2024-7485,Antwerp,Hard,28,A,2024-10-14,362,200267,,,Zizou Bergs,R,185.0,BEL,25.3,207680,,,Facundo Diaz Acosta,L,183.0,ARG,23.8,7-5 6-4,3,R32,105.0,7.0,2.0,64.0,39.0,31.0,13.0,11.0,2.0,3.0,4.0,1.0,72.0,48.0,36.0,6.0,11.0,5.0,8.0,69.0,793.0,67.0,830.0,2024
2024-7485,Antwerp,Hard,28,A,2024-10-14,361,208103,5.0,,Jiri Lehecka,R,185.0,CZE,22.9,144719,,,Jaume Munar,R,183.0,ESP,27.4,6-1 6-4,3,R32,85.0,6.0,2.0,50.0,28.0,21.0,14.0,8.0,2.0,2.0,1.0,4.0,60.0,38.0,22.0,8.0,9.0,5.0,9.0,33.0,1440.0,65.0,844.0,2024
2024-7485,Antwerp,Hard,28,A,2024-10-14,360,127157,,,Daniel Altmaier,R,188.0,GER,26.0,211451,,Q,Gilles Arnaud Bailly,R,180.0,BEL,19.0,6-4 6-3,3,R32,76.0,16.0,2.0,58.0,39.0,34.0,12.0,10.0,4.0,4.0,1.0,0.0,52.0,42.0,27.0,8.0,9.0,3.0,5.0,84.0,672.0,869.0,21.0,2024
2024-7485,Antwerp,Hard,28,A,2024-10-14,359,205734,,Q,Thiago Seyboth Wild,R,185.0,BRA,24.5,208659,,,Giovanni Mpetshi Perricard,R,203.0,FRA,21.2,7-6(4) 6-3,3,R32,78.0,11.0,1.0,68.0,46.0,39.0,14.0,11.0,0.0,0.0,12.0,0.0,60.0,43.0,31.0,12.0,10.0,2.0,3.0,80.0,686.0,48.0,1076.0,2024
2024-0429,Stockholm,Hard,28,A,2024-10-14,385,126205,4.0,,Tommy Paul,R,185.0,USA,27.4,105777,3.0,,Grigor Dimitrov,R,191.0,BUL,33.4,6-4 6-3,3,F,85.0,6.0,1.0,63.0,40.0,26.0,16.0,10.0,2.0,4.0,2.0,4.0,58.0,33.0,20.0,9.0,9.0,4.0,8.0,13.0,3055.0,10.0,3580.0,2024
2024-0429,Stockholm,Hard,28,A,2024-10-14,383,105777,3.0,,Grigor Dimitrov,R,191.0,BUL,33.4,134868,7.0,,Tallon Griekspoor,R,188.0,NED,28.2,2-6 7-5 6-4,3,SF,145.0,8.0,5.0,92.0,58.0,40.0,19.0,15.0,3.0,6.0,11.0,5.0,103.0,69.0,52.0,12.0,15.0,10.0,13.0,10.0,3580.0,37.0,1345.0,2024
2024-0429,Stockholm,Hard,28,A,2024-10-14,381,126205,4.0,,Tommy Paul,R,185.0,USA,27.4,200175,,,Miomir Kecmanovic,R,183.0,SRB,25.1,7-6(9) 6-2,3,QF,102.0,10.0,2.0,74.0,40.0,32.0,18.0,10.0,2.0,4.0,1.0,0.0,74.0,49.0,34.0,10.0,10.0,4.0,8.0,13.0,3055.0,55.0,965.0,2024
2024-0429,Stockholm,Hard,28,A,2024-10-14,380,105777,3.0,,Grigor Dimitrov,R,191.0,BUL,33.4,208502,,PR,Dominic Stricker,L,183.0,SUI,22.1,6-3 6-2,3,QF,71.0,6.0,4.0,60.0,43.0,35.0,7.0,9.0,7.0,7.0,8.0,2.0,49.0,26.0,21.0,8.0,8.0,3.0,6.0,10.0,3580.0,317.0,162.0,2024
2024-0429,Stockholm,Hard,28,A,2024-10-14,379,134868,7.0,,Tallon Griekspoor,R,188.0,NED,28.2,134770,2.0,,Casper Ruud,R,183.0,NOR,25.8,7-5 7-6(5),3,QF,117.0,13.0,2.0,86.0,58.0,45.0,15.0,12.0,3.0,3.0,6.0,2.0,84.0,59.0,40.0,17.0,12.0,2.0,3.0,37.0,1345.0,8.0,3885.0,2024
2024-7485,Antwerp,Hard,28,A,2024-10-14,381,105138,,,Roberto Bautista Agut,R,183.0,ESP,36.5,200000,3.0,,Felix Auger Aliassime,R,193.0,CAN,24.1,3-6 6-2 7-6(6),3,QF,162.0,2.0,5.0,102.0,64.0,43.0,20.0,14.0,4.0,6.0,19.0,5.0,108.0,71.0,49.0,17.0,15.0,8.0,11.0,60.0,906.0,21.0,2155.0,2024
2024-7485,Antwerp,Hard,28,A,2024-10-14,366,105138,,,Roberto Bautista Agut,R,183.0,ESP,36.5,209414,,Q,Luca Van Assche,R,178.0,FRA,20.4,6-2 6-1,3,R32,73.0,5.0,0.0,48.0,36.0,29.0,6.0,8.0,3.0,3.0,2.0,1.0,41.0,21.0,13.0,8.0,7.0,3.0,7.0,60.0,906.0,119.0,496.0,2024
2024-7485,Antwerp,Hard,28,A,2024-10-14,382,200384,,,Hugo Gaston,L,173.0,FRA,24.0,200282,1.0,,Alex De Minaur,R,183.0,AUS,25.6,6-3 3-6 7-5,3,QF,129.0,6.0,0.0,98.0,64.0,42.0,19.0,15.0,2.0,4.0,8.0,3.0,81.0,53.0,41.0,12.0,15.0,1.0,4.0,77.0,693.0,9.0,3610.0,2024
2024-9410,Almaty,Hard,28,A,2024-10-14,378,126207,1.0,,Frances Tiafoe,R,188.0,USA,26.7,105554,,Q,Daniel Evans,R,175.0,GBR,34.3,6-7(10) 7-6(4) 6-3,3,R16,159.0,21.0,0.0,105.0,71.0,52.0,24.0,16.0,1.0,2.0,15.0,5.0,128.0,87.0,65.0,15.0,17.0,3.0,6.0,15.0,2600.0,180.0,326.0,2024
2024-7485,Antwerp,Hard,28,A,2024-10-14,384,105138,,,Roberto Bautista Agut,R,183.0,ESP,36.5,200384,,,Hugo Gaston,L,173.0,FRA,24.0,6-3 6-4,3,SF,88.0,1.0,0.0,53.0,33.0,25.0,15.0,10.0,0.0,0.0,5.0,2.0,65.0,40.0,27.0,13.0,9.0,6.0,8.0,60.0,906.0,77.0,693.0,2024
2024-9410,Almaty,Hard,28,A,2024-10-14,385,111575,3.0,,Karen Khachanov,R,198.0,RUS,28.3,209113,,,Gabriel Diallo,R,203.0,CAN,23.0,6-2 5-7 6-3,3,F,142.0,6.0,1.0,81.0,58.0,40.0,13.0,14.0,3.0,6.0,7.0,0.0,111.0,78.0,51.0,11.0,15.0,13.0,19.0,26.0,1745.0,118.0,497.0,2024
2024-9410,Almaty,Hard,28,A,2024-10-14,384,111575,3.0,,Karen Khachanov,R,198.0,RUS,28.3,126846,,,Aleksandar Vukic,R,188.0,AUS,28.5,6-7(3) 6-3 6-4,3,SF,134.0,15.0,1.0,91.0,59.0,46.0,17.0,16.0,3.0,5.0,13.0,2.0,107.0,69.0,48.0,14.0,15.0,5.0,9.0,26.0,1745.0,85.0,669.0,2024
2024-9410,Almaty,Hard,28,A,2024-10-14,383,209113,,,Gabriel Diallo,R,203.0,CAN,23.0,202103,4.0,,Francisco Cerundolo,R,185.0,ARG,26.1,6-4 6-2,3,SF,67.0,5.0,0.0,52.0,38.0,30.0,8.0,9.0,1.0,1.0,1.0,6.0,47.0,26.0,20.0,8.0,9.0,0.0,3.0,118.0,497.0,31.0,1470.0,2024
2024-9410,Almaty,Hard,28,A,2024-10-14,382,126846,,,Aleksandar Vukic,R,188.0,AUS,28.5,126207,1.0,,Frances Tiafoe,R,188.0,USA,26.7,6-2 7-6(11),3,QF,88.0,13.0,2.0,67.0,47.0,37.0,13.0,10.0,0.0,0.0,6.0,2.0,74.0,42.0,30.0,18.0,10.0,6.0,8.0,85.0,669.0,15.0,2600.0,2024
2024-9410,Almaty,Hard,28,A,2024-10-14,381,111575,3.0,,Karen Khachanov,R,198.0,RUS,28.3,202320,,WC,Beibit Zhukayev,R,198.0,KAZ,24.0,6-2 6-4,3,QF,83.0,2.0,0.0,48.0,34.0,28.0,9.0,9.0,0.0,0.0,14.0,1.0,62.0,36.0,28.0,8.0,9.0,7.0,10.0,26.0,1745.0,213.0,272.0,2024
2024-9410,Almaty,Hard,28,A,2024-10-14,380,202103,4.0,,Francisco Cerundolo,R,185.0,ARG,26.1,207686,,,Alexander Shevchenko,R,185.0,KAZ,23.8,6-2 6-3,3,QF,64.0,4.0,2.0,50.0,26.0,24.0,13.0,9.0,1.0,1.0,4.0,1.0,53.0,34.0,24.0,7.0,8.0,3.0,6.0,31.0,1470.0,61.0,900.0,2024
2024-9410,Almaty,Hard,28,A,2024-10-14,379,209113,,,Gabriel Diallo,R,203.0,CAN,23.0,126214,2.0,,Alejandro Tabilo,L,188.0,CHI,27.3,3-6 6-3 6-4,3,QF,119.0,6.0,0.0,82.0,62.0,44.0,14.0,14.0,3.0,4.0,9.0,2.0,88.0,54.0,39.0,18.0,14.0,4.0,6.0,118.0,497.0,23.0,1983.0,2024
2024-0429,Stockholm,Hard,28,A,2024-10-14,378,126094,1.0,,Andrey Rublev,R,188.0,RUS,26.9,124186,,,Alexandre Muller,R,183.0,FRA,27.6,6-4 6-1,3,R16,64.0,6.0,0.0,48.0,28.0,24.0,11.0,8.0,3.0,3.0,1.0,0.0,57.0,33.0,17.0,13.0,9.0,6.0,10.0,7.0,4110.0,70.0,785.0,2024
2024-9410,Almaty,Hard,28,A,2024-10-14,377,126846,,,Aleksandar Vukic,R,188.0,AUS,28.5,105173,8.0,,Adrian Mannarino,L,180.0,FRA,36.2,7-6(4) 6-3,3,R16,94.0,9.0,0.0,70.0,37.0,30.0,20.0,10.0,3.0,3.0,4.0,3.0,66.0,41.0,31.0,12.0,11.0,1.0,3.0,85.0,669.0,56.0,949.0,2024
2024-9410,Almaty,Hard,28,A,2024-10-14,376,111575,3.0,,Karen Khachanov,R,198.0,RUS,28.3,202261,,,Otto Virtanen,R,193.0,FIN,23.3,7-6(2) 7-6(3),3,R16,96.0,5.0,1.0,67.0,42.0,37.0,17.0,12.0,1.0,2.0,14.0,5.0,71.0,44.0,37.0,11.0,12.0,0.0,1.0,26.0,1745.0,116.0,499.0,2024
2024-9410,Almaty,Hard,28,A,2024-10-14,375,202320,,WC,Beibit Zhukayev,R,198.0,KAZ,24.0,207830,5.0,,Tomas Machac,R,183.0,CZE,24.0,3-1 RET,3,R16,17.0,4.0,0.0,9.0,8.0,8.0,1.0,2.0,0.0,0.0,0.0,0.0,18.0,10.0,4.0,5.0,2.0,2.0,3.0,213.0,272.0,25.0,1749.0,2024
2024-9410,Almaty,Hard,28,A,2024-10-14,374,207686,,,Alexander Shevchenko,R,185.0,KAZ,23.8,106234,,Q,Aslan Karatsev,R,185.0,RUS,31.1,6-1 6-7(5) 7-5,3,R16,140.0,7.0,0.0,93.0,60.0,47.0,20.0,16.0,1.0,2.0,3.0,1.0,89.0,57.0,40.0,19.0,15.0,3.0,7.0,61.0,900.0,139.0,425.0,2024
2024-9410,Almaty,Hard,28,A,2024-10-14,373,202103,4.0,,Francisco Cerundolo,R,185.0,ARG,26.1,211514,,WC,Justin Engel,U,,GER,17.0,6-4 7-6(3),3,R16,89.0,6.0,2.0,62.0,36.0,29.0,17.0,11.0,0.0,1.0,4.0,1.0,73.0,46.0,33.0,14.0,11.0,2.0,4.0,31.0,1470.0,458.0,91.0,2024
2024-7485,Antwerp,Hard,28,A,2024-10-14,383,208103,5.0,,Jiri Lehecka,R,185.0,CZE,22.9,106218,8.0,,Marcos Giron,R,180.0,USA,31.2,6-3 4-6 6-2,3,SF,116.0,7.0,1.0,81.0,55.0,39.0,19.0,14.0,3.0,4.0,8.0,0.0,89.0,62.0,43.0,12.0,13.0,3.0,6.0,33.0,1440.0,47.0,1165.0,2024
2024-9410,Almaty,Hard,28,A,2024-10-14,372,209113,,,Gabriel Diallo,R,203.0,CAN,23.0,106432,,,Borna Coric,R,188.0,CRO,27.9,7-6(1) 6-4,3,R16,104.0,8.0,2.0,67.0,48.0,40.0,9.0,11.0,2.0,2.0,3.0,1.0,70.0,47.0,29.0,18.0,11.0,3.0,4.0,118.0,497.0,96.0,595.0,2024
2024-9410,Almaty,Hard,28,A,2024-10-14,370,105554,,Q,Daniel Evans,R,175.0,GBR,34.3,106121,,,Taro Daniel,R,191.0,JPN,31.7,6-2 7-6(4),3,R32,111.0,9.0,2.0,77.0,41.0,33.0,17.0,10.0,4.0,5.0,2.0,2.0,73.0,50.0,27.0,12.0,10.0,5.0,8.0,180.0,326.0,89.0,636.0,2024
2024-9410,Almaty,Hard,28,A,2024-10-14,369,126846,,,Aleksandar Vukic,R,188.0,AUS,28.5,105902,,,James Duckworth,R,183.0,AUS,32.7,6-4 7-5,3,R32,82.0,14.0,2.0,68.0,49.0,39.0,10.0,11.0,3.0,3.0,4.0,2.0,67.0,44.0,33.0,11.0,11.0,2.0,4.0,85.0,669.0,63.0,848.0,2024
2024-9410,Almaty,Hard,28,A,2024-10-14,368,105173,8.0,,Adrian Mannarino,L,180.0,FRA,36.2,126128,,,Roman Safiullin,R,185.0,RUS,27.1,5-7 7-6(4) 6-3,3,R32,165.0,2.0,5.0,112.0,61.0,41.0,29.0,17.0,7.0,10.0,9.0,2.0,95.0,62.0,43.0,17.0,16.0,3.0,6.0,56.0,949.0,58.0,908.0,2024
2024-9410,Almaty,Hard,28,A,2024-10-14,367,202261,,,Otto Virtanen,R,193.0,FIN,23.3,104926,,,Fabio Fognini,R,178.0,ITA,37.3,6-3 7-6(4),3,R32,83.0,9.0,3.0,61.0,31.0,25.0,21.0,11.0,1.0,2.0,2.0,1.0,70.0,53.0,34.0,8.0,10.0,1.0,3.0,116.0,499.0,76.0,721.0,2024
2024-9410,Almaty,Hard,28,A,2024-10-14,366,202320,,WC,Beibit Zhukayev,R,198.0,KAZ,24.0,133975,,Q,Benjamin Hassan,R,183.0,LBN,29.6,6-4 6-1,3,R32,65.0,8.0,2.0,50.0,33.0,28.0,10.0,9.0,0.0,0.0,1.0,1.0,50.0,27.0,20.0,10.0,8.0,5.0,8.0,213.0,272.0,245.0,227.0,2024
2024-9410,Almaty,Hard,28,A,2024-10-14,365,207830,5.0,,Tomas Machac,R,183.0,CZE,24.0,207608,,WC,Timofey Skatov,R,175.0,KAZ,23.7,6-3 6-4,3,R32,79.0,8.0,4.0,54.0,29.0,26.0,12.0,10.0,2.0,3.0,3.0,2.0,51.0,25.0,16.0,14.0,9.0,1.0,4.0,25.0,1749.0,192.0,299.0,2024
2024-9410,Almaty,Hard,28,A,2024-10-14,364,106234,,Q,Aslan Karatsev,R,185.0,RUS,31.1,111190,6.0,,Zhizhen Zhang,R,193.0,CHN,27.9,6-4 7-6(2),3,R32,90.0,13.0,2.0,69.0,47.0,38.0,11.0,11.0,1.0,1.0,6.0,0.0,65.0,45.0,36.0,9.0,11.0,0.0,1.0,139.0,425.0,46.0,1190.0,2024
2024-9410,Almaty,Hard,28,A,2024-10-14,363,207686,,,Alexander Shevchenko,R,185.0,KAZ,23.8,105062,,Q,Mikhail Kukushkin,R,183.0,KAZ,36.8,7-6(5) 7-6(4),3,R32,142.0,9.0,1.0,75.0,48.0,36.0,15.0,12.0,2.0,4.0,4.0,1.0,112.0,74.0,49.0,17.0,12.0,8.0,10.0,61.0,900.0,111.0,524.0,2024
2024-9410,Almaty,Hard,28,A,2024-10-14,362,211514,,WC,Justin Engel,U,,GER,17.0,209409,,,Coleman Wong,R,191.0,HKG,20.3,7-5 6-4,3,R32,94.0,5.0,2.0,74.0,56.0,40.0,8.0,11.0,9.0,10.0,10.0,2.0,81.0,51.0,34.0,13.0,11.0,6.0,9.0,458.0,91.0,133.0,452.0,2024
2024-9410,Almaty,Hard,28,A,2024-10-14,361,106432,,,Borna Coric,R,188.0,CRO,27.9,206681,7.0,,Fabian Marozsan,R,193.0,HUN,25.0,6-4 7-6(4),3,R32,111.0,5.0,4.0,65.0,39.0,28.0,15.0,11.0,1.0,4.0,1.0,1.0,89.0,53.0,32.0,16.0,11.0,5.0,9.0,96.0,595.0,57.0,940.0,2024
2024-9410,Almaty,Hard,28,A,2024-10-14,360,209113,,,Gabriel Diallo,R,203.0,CAN,23.0,106331,,,Christopher Oconnell,R,183.0,AUS,30.3,7-6(5) 6-2,3,R32,96.0,9.0,3.0,62.0,52.0,43.0,4.0,10.0,1.0,1.0,2.0,1.0,68.0,38.0,27.0,18.0,10.0,4.0,6.0,118.0,497.0,72.0,762.0,2024
2024-9410,Almaty,Hard,28,A,2024-10-14,359,109739,,,Maximilian Marterer,L,188.0,GER,29.3,106000,,,Damir Dzumhur,R,175.0,BIH,32.4,7-5 6-4,3,R32,81.0,4.0,3.0,57.0,25.0,20.0,19.0,11.0,0.0,2.0,1.0,4.0,58.0,33.0,22.0,10.0,11.0,0.0,4.0,114.0,507.0,100.0,584.0,2024
2024-7485,Antwerp,Hard,28,A,2024-10-14,385,105138,,,Roberto Bautista Agut,R,183.0,ESP,36.5,208103,5.0,,Jiri Lehecka,R,185.0,CZE,22.9,7-5 6-1,3,F,75.0,1.0,1.0,50.0,38.0,30.0,9.0,10.0,1.0,2.0,12.0,2.0,57.0,41.0,25.0,5.0,9.0,2.0,6.0,60.0,906.0,33.0,1440.0,2024
2024-9410,Almaty,Hard,28,A,2024-10-14,371,126214,2.0,,Alejandro Tabilo,L,188.0,CHI,27.3,109739,,,Maximilian Marterer,L,188.0,GER,29.3,6-2 6-4,3,R16,65.0,4.0,2.0,43.0,27.0,24.0,12.0,9.0,0.0,0.0,8.0,3.0,58.0,44.0,28.0,8.0,9.0,3.0,6.0,23.0,1983.0,114.0,507.0,2024
2024-0429,Stockholm,Hard,28,A,2024-10-14,377,104527,,WC,Stan Wawrinka,R,183.0,SUI,39.5,200221,,,Alejandro Davidovich Fokina,R,183.0,ESP,25.3,6-4 3-6 7-5,3,R16,132.0,10.0,2.0,99.0,63.0,47.0,15.0,15.0,6.0,9.0,10.0,1.0,83.0,51.0,39.0,15.0,16.0,0.0,4.0,217.0,263.0,64.0,845.0,2024
2024-0429,Stockholm,Hard,28,A,2024-10-14,384,126205,4.0,,Tommy Paul,R,185.0,USA,27.4,104527,,WC,Stan Wawrinka,R,183.0,SUI,39.5,6-3 6-2,3,SF,80.0,2.0,0.0,60.0,40.0,30.0,12.0,9.0,3.0,3.0,8.0,2.0,60.0,37.0,25.0,7.0,8.0,4.0,7.0,13.0,3055.0,217.0,263.0,2024
2024-0429,Stockholm,Hard,28,A,2024-10-14,375,200175,,,Miomir Kecmanovic,R,183.0,SRB,25.1,111797,5.0,,Nicolas Jarry,R,201.0,CHI,29.0,6-4 4-6 7-6(2),3,R16,141.0,4.0,1.0,97.0,70.0,53.0,13.0,16.0,5.0,7.0,14.0,2.0,98.0,67.0,51.0,13.0,16.0,1.0,3.0,55.0,965.0,34.0,1385.0,2024
2024-0429,Stockholm,Hard,28,A,2024-10-14,359,132283,,,Lorenzo Sonego,R,191.0,ITA,29.4,144817,,Q,Marc Andrea Huesler,L,196.0,SUI,28.3,7-6(1) 7-5,3,R32,110.0,8.0,1.0,67.0,40.0,33.0,20.0,12.0,1.0,1.0,3.0,1.0,76.0,49.0,33.0,17.0,12.0,0.0,1.0,50.0,1046.0,152.0,383.0,2024
2024-0429,Stockholm,Hard,28,A,2024-10-14,360,207985,,Q,Jacob Fearnley,R,183.0,GBR,23.2,144895,,,Corentin Moutet,L,180.0,FRA,25.4,6-2 7-6(5),3,R32,111.0,4.0,5.0,76.0,43.0,30.0,15.0,10.0,4.0,7.0,3.0,3.0,77.0,47.0,27.0,14.0,10.0,8.0,13.0,99.0,588.0,71.0,764.0,2024
2024-0429,Stockholm,Hard,28,A,2024-10-14,361,134868,7.0,,Tallon Griekspoor,R,188.0,NED,28.2,200303,,,Pavel Kotov,R,191.0,RUS,25.9,6-4 6-3,3,R32,72.0,8.0,1.0,47.0,28.0,25.0,13.0,10.0,1.0,2.0,1.0,1.0,58.0,37.0,26.0,7.0,9.0,6.0,9.0,37.0,1345.0,59.0,907.0,2024
2024-0429,Stockholm,Hard,28,A,2024-10-14,362,111460,,,Quentin Halys,R,191.0,FRA,27.9,111576,,,Sumit Nagal,R,178.0,IND,27.1,6-0 6-4,3,R32,63.0,14.0,1.0,47.0,25.0,21.0,15.0,8.0,3.0,3.0,1.0,2.0,54.0,38.0,20.0,6.0,8.0,3.0,7.0,95.0,603.0,78.0,691.0,2024
2024-0429,Stockholm,Hard,28,A,2024-10-14,363,208502,,PR,Dominic Stricker,L,183.0,SUI,22.1,206499,,,Aleksandar Kovacevic,R,183.0,USA,26.1,6-4 5-7 6-4,3,R32,139.0,16.0,1.0,85.0,46.0,41.0,21.0,16.0,1.0,2.0,8.0,3.0,120.0,75.0,58.0,18.0,16.0,9.0,11.0,317.0,162.0,90.0,624.0,2024
2024-0429,Stockholm,Hard,28,A,2024-10-14,364,126610,,,Matteo Berrettini,R,196.0,ITA,28.5,209260,8.0,,Luciano Darderi,R,183.0,ITA,22.6,6-4 6-3,3,R32,77.0,11.0,1.0,51.0,35.0,31.0,8.0,10.0,0.0,1.0,0.0,1.0,48.0,31.0,20.0,8.0,9.0,2.0,5.0,42.0,1245.0,44.0,1228.0,2024
2024-0429,Stockholm,Hard,28,A,2024-10-14,365,111797,5.0,,Nicolas Jarry,R,201.0,CHI,29.0,111200,,WC,Elias Ymer,R,185.0,SWE,28.5,2-6 6-4 7-6(7),3,R32,146.0,8.0,4.0,96.0,66.0,49.0,18.0,15.0,6.0,9.0,12.0,3.0,97.0,67.0,46.0,18.0,15.0,2.0,4.0,34.0,1385.0,252.0,219.0,2024
2024-0429,Stockholm,Hard,28,A,2024-10-14,366,200175,,,Miomir Kecmanovic,R,183.0,SRB,25.1,111815,,,Cameron Norrie,L,188.0,GBR,29.1,6-4 6-4,3,R32,77.0,4.0,0.0,51.0,35.0,30.0,11.0,10.0,0.0,0.0,2.0,1.0,73.0,47.0,35.0,10.0,10.0,4.0,6.0,55.0,965.0,52.0,989.0,2024
2024-0429,Stockholm,Hard,28,A,2024-10-14,376,126205,4.0,,Tommy Paul,R,185.0,USA,27.4,111513,,Q,Laslo Djere,R,188.0,SRB,29.3,6-2 7-6(2),3,R16,98.0,7.0,1.0,64.0,37.0,29.0,17.0,10.0,1.0,2.0,2.0,2.0,72.0,40.0,27.0,14.0,10.0,9.0,12.0,13.0,3055.0,113.0,516.0,2024
2024-0429,Stockholm,Hard,28,A,2024-10-14,368,104527,,WC,Stan Wawrinka,R,183.0,SUI,39.5,206909,6.0,,Brandon Nakashima,R,188.0,USA,23.1,6-4 6-4,3,R32,80.0,4.0,1.0,54.0,32.0,28.0,13.0,10.0,1.0,1.0,6.0,1.0,61.0,44.0,33.0,6.0,10.0,5.0,7.0,217.0,263.0,38.0,1340.0,2024
2024-0429,Stockholm,Hard,28,A,2024-10-14,369,200221,,,Alejandro Davidovich Fokina,R,183.0,ESP,25.3,202058,,Q,Thiago Agustin Tirante,R,185.0,ARG,23.5,7-6(2) 6-2,3,R32,102.0,3.0,0.0,69.0,50.0,38.0,12.0,10.0,3.0,3.0,10.0,1.0,76.0,45.0,32.0,13.0,10.0,7.0,9.0,64.0,845.0,121.0,484.0,2024
2024-0429,Stockholm,Hard,28,A,2024-10-14,370,124186,,,Alexandre Muller,R,183.0,FRA,27.6,209863,,WC,Leo Borg,R,183.0,SWE,21.4,6-3 7-6(5),3,R32,90.0,4.0,1.0,53.0,32.0,27.0,15.0,10.0,0.0,1.0,5.0,3.0,76.0,51.0,36.0,9.0,11.0,4.0,7.0,70.0,785.0,590.0,57.0,2024
2024-0429,Stockholm,Hard,28,A,2024-10-14,371,134770,2.0,,Casper Ruud,R,183.0,NOR,25.8,132283,,,Lorenzo Sonego,R,191.0,ITA,29.4,6-3 7-6(3),3,R16,104.0,8.0,2.0,66.0,39.0,27.0,22.0,11.0,0.0,0.0,8.0,2.0,68.0,45.0,31.0,11.0,10.0,2.0,3.0,8.0,3885.0,50.0,1046.0,2024
2024-0429,Stockholm,Hard,28,A,2024-10-14,372,134868,7.0,,Tallon Griekspoor,R,188.0,NED,28.2,207985,,Q,Jacob Fearnley,R,183.0,GBR,23.2,7-6(0) 6-3,3,R16,89.0,9.0,1.0,55.0,38.0,32.0,8.0,10.0,0.0,1.0,1.0,6.0,77.0,42.0,27.0,15.0,11.0,7.0,10.0,37.0,1345.0,99.0,588.0,2024
2024-0429,Stockholm,Hard,28,A,2024-10-14,373,105777,3.0,,Grigor Dimitrov,R,191.0,BUL,33.4,111460,,,Quentin Halys,R,191.0,FRA,27.9,7-6(1) 6-3,3,R16,99.0,8.0,4.0,79.0,45.0,37.0,14.0,11.0,3.0,4.0,19.0,4.0,70.0,45.0,34.0,8.0,10.0,7.0,9.0,10.0,3580.0,95.0,603.0,2024
2024-0429,Stockholm,Hard,28,A,2024-10-14,374,208502,,PR,Dominic Stricker,L,183.0,SUI,22.1,126610,,,Matteo Berrettini,R,196.0,ITA,28.5,7-6(6) 6-4,3,R16,107.0,5.0,6.0,85.0,52.0,37.0,20.0,11.0,5.0,5.0,8.0,1.0,73.0,42.0,34.0,14.0,11.0,3.0,4.0,317.0,162.0,42.0,1245.0,2024
2024-0429,Stockholm,Hard,28,A,2024-10-14,367,111513,,Q,Laslo Djere,R,188.0,SRB,29.3,124079,,,Pedro Martinez,R,185.0,ESP,27.4,6-2 6-0,3,R32,51.0,6.0,1.0,33.0,20.0,18.0,10.0,7.0,0.0,0.0,0.0,2.0,37.0,21.0,12.0,3.0,7.0,3.0,8.0,113.0,516.0,39.0,1321.0,2024
2024-0337,Vienna,Hard,32,A,2024-10-21,370,100644,1.0,,Alexander Zverev,R,198.0,GER,27.5,212082,,WC,Joel Schwaerzler,L,188.0,AUT,18.7,6-2 6-2,3,R32,68.0,6.0,1.0,38.0,24.0,23.0,9.0,8.0,0.0,0.0,1.0,1.0,54.0,33.0,20.0,6.0,8.0,4.0,8.0,3.0,6795.0,347.0,141.0,2024
2024-0337,Vienna,Hard,32,A,2024-10-21,371,200282,2.0,,Alex De Minaur,R,183.0,AUS,25.6,207925,,,Flavio Cobolli,R,183.0,ITA,22.4,7-6(2) 3-1 RET,3,R16,74.0,2.0,3.0,51.0,31.0,28.0,8.0,8.0,1.0,2.0,0.0,4.0,58.0,28.0,20.0,14.0,8.0,5.0,7.0,10.0,3570.0,31.0,1482.0,2024
2024-0337,Vienna,Hard,32,A,2024-10-21,372,210150,,Q,Jakub Mensik,R,193.0,CZE,19.1,200175,,,Miomir Kecmanovic,R,183.0,SRB,25.1,6-3 7-6(7),3,R16,113.0,23.0,2.0,78.0,56.0,48.0,9.0,11.0,4.0,4.0,3.0,5.0,96.0,48.0,35.0,25.0,10.0,7.0,8.0,51.0,1022.0,58.0,925.0,2024
2024-0337,Vienna,Hard,32,A,2024-10-21,373,111575,,,Karen Khachanov,R,198.0,RUS,28.4,206909,,,Brandon Nakashima,R,188.0,USA,23.2,1-6 6-3 6-4,3,R16,110.0,11.0,1.0,67.0,48.0,37.0,12.0,13.0,0.0,2.0,9.0,1.0,80.0,60.0,47.0,6.0,13.0,8.0,10.0,24.0,1985.0,38.0,1340.0,2024
2024-0337,Vienna,Hard,32,A,2024-10-21,377,207518,6.0,,Lorenzo Musetti,R,185.0,ITA,22.6,104792,,,Gael Monfils,R,193.0,FRA,38.1,W/O,3,R16,,,,,,,,,,,,,,,,,,,,17.0,2425.0,52.0,1010.0,2024
2024-0337,Vienna,Hard,32,A,2024-10-21,375,207733,7.0,,Jack Draper,L,193.0,GBR,22.8,209260,,,Luciano Darderi,R,183.0,ITA,22.6,7-5 6-1,3,R16,76.0,15.0,2.0,46.0,34.0,31.0,6.0,9.0,1.0,1.0,8.0,1.0,71.0,52.0,32.0,8.0,10.0,6.0,10.0,18.0,2310.0,42.0,1228.0,2024
2024-0337,Vienna,Hard,32,A,2024-10-21,376,207830,,,Tomas Machac,R,183.0,CZE,24.0,105777,3.0,,Grigor Dimitrov,R,191.0,BUL,33.4,6-7(5) 6-4 6-3,3,R16,151.0,9.0,5.0,108.0,67.0,48.0,22.0,16.0,2.0,4.0,12.0,4.0,103.0,57.0,44.0,22.0,15.0,5.0,9.0,27.0,1723.0,9.0,3735.0,2024
2024-0337,Vienna,Hard,32,A,2024-10-21,369,106218,,,Marcos Giron,R,180.0,USA,31.2,210506,,,Alex Michelsen,R,193.0,USA,20.1,7-6(4) 6-3,3,R32,112.0,1.0,0.0,79.0,53.0,36.0,15.0,11.0,5.0,7.0,2.0,4.0,83.0,57.0,36.0,12.0,10.0,3.0,6.0,48.0,1065.0,43.0,1220.0,2024
2024-0337,Vienna,Hard,32,A,2024-10-21,378,100644,1.0,,Alexander Zverev,R,198.0,GER,27.5,106218,,,Marcos Giron,R,180.0,USA,31.2,6-2 7-5,3,R16,72.0,10.0,0.0,44.0,36.0,32.0,8.0,10.0,0.0,0.0,5.0,1.0,61.0,38.0,28.0,8.0,10.0,0.0,3.0,3.0,6795.0,48.0,1065.0,2024
2024-0337,Vienna,Hard,32,A,2024-10-21,374,126610,,,Matteo Berrettini,R,196.0,ITA,28.5,126207,5.0,,Frances Tiafoe,R,188.0,USA,26.7,6-3 6-7(6) 6-3,3,R16,182.0,16.0,3.0,131.0,89.0,63.0,16.0,16.0,15.0,17.0,7.0,1.0,106.0,66.0,43.0,19.0,14.0,6.0,10.0,41.0,1270.0,15.0,2625.0,2024
2024-0337,Vienna,Hard,32,A,2024-10-21,368,104792,,,Gael Monfils,R,193.0,FRA,38.1,111460,,Q,Quentin Halys,R,191.0,FRA,27.9,7-6(5) 6-3,3,R32,86.0,4.0,1.0,54.0,31.0,24.0,17.0,10.0,0.0,1.0,6.0,4.0,75.0,43.0,31.0,15.0,11.0,4.0,7.0,52.0,1010.0,90.0,628.0,2024
2024-0337,Vienna,Hard,32,A,2024-10-21,365,207830,,,Tomas Machac,R,183.0,CZE,24.0,206681,,,Fabian Marozsan,R,193.0,HUN,25.0,7-6(5) 6-1,3,R32,72.0,10.0,1.0,56.0,31.0,28.0,16.0,10.0,0.0,0.0,2.0,1.0,60.0,37.0,24.0,14.0,9.0,1.0,3.0,27.0,1723.0,56.0,940.0,2024
2024-0337,Vienna,Hard,32,A,2024-10-21,366,105777,3.0,,Grigor Dimitrov,R,191.0,BUL,33.4,111190,,,Zhizhen Zhang,R,193.0,CHN,28.0,6-4 7-5,3,R32,97.0,12.0,3.0,68.0,41.0,34.0,14.0,11.0,6.0,7.0,4.0,3.0,68.0,34.0,25.0,16.0,11.0,5.0,8.0,9.0,3735.0,46.0,1145.0,2024
2024-0337,Vienna,Hard,32,A,2024-10-21,379,200282,2.0,,Alex De Minaur,R,183.0,AUS,25.6,210150,,Q,Jakub Mensik,R,193.0,CZE,19.1,6-7(2) 6-3 6-4,3,QF,154.0,3.0,6.0,114.0,69.0,54.0,24.0,16.0,4.0,4.0,15.0,2.0,101.0,64.0,49.0,17.0,15.0,3.0,5.0,10.0,3570.0,51.0,1022.0,2024
2024-0337,Vienna,Hard,32,A,2024-10-21,364,209260,,,Luciano Darderi,R,183.0,ITA,22.6,106233,,WC,Dominic Thiem,R,185.0,AUT,31.1,7-6(6) 6-2,3,R32,91.0,6.0,2.0,64.0,40.0,33.0,14.0,10.0,4.0,5.0,11.0,1.0,60.0,36.0,25.0,13.0,10.0,2.0,5.0,42.0,1228.0,318.0,162.0,2024
2024-0337,Vienna,Hard,32,A,2024-10-21,363,207733,7.0,,Jack Draper,L,193.0,GBR,22.8,105453,,WC,Kei Nishikori,R,178.0,JPN,34.8,7-6(5) 7-5,3,R32,96.0,11.0,2.0,71.0,48.0,41.0,10.0,12.0,0.0,1.0,1.0,0.0,77.0,51.0,35.0,14.0,12.0,2.0,4.0,18.0,2310.0,141.0,418.0,2024
2024-0337,Vienna,Hard,32,A,2024-10-21,362,126207,5.0,,Frances Tiafoe,R,188.0,USA,26.7,111815,,,Cameron Norrie,L,188.0,GBR,29.1,6-4 7-6(4),3,R32,87.0,11.0,0.0,63.0,38.0,31.0,18.0,11.0,2.0,3.0,11.0,3.0,65.0,44.0,36.0,8.0,11.0,0.0,2.0,15.0,2625.0,53.0,989.0,2024
2024-0337,Vienna,Hard,32,A,2024-10-21,361,126610,,,Matteo Berrettini,R,196.0,ITA,28.5,105916,,Q,Marton Fucsovics,R,188.0,HUN,32.7,7-5 6-4,3,R32,107.0,7.0,0.0,58.0,37.0,32.0,13.0,11.0,0.0,0.0,0.0,3.0,66.0,37.0,25.0,16.0,11.0,2.0,4.0,41.0,1270.0,88.0,639.0,2024
2024-0337,Vienna,Hard,32,A,2024-10-21,360,111575,,,Karen Khachanov,R,198.0,RUS,28.4,205734,,Q,Thiago Seyboth Wild,R,185.0,BRA,24.6,6-2 6-4,3,R32,87.0,3.0,1.0,52.0,33.0,27.0,11.0,9.0,1.0,1.0,4.0,1.0,63.0,39.0,24.0,10.0,9.0,0.0,3.0,24.0,1985.0,78.0,717.0,2024
2024-0337,Vienna,Hard,32,A,2024-10-21,359,206909,,,Brandon Nakashima,R,188.0,USA,23.2,126205,4.0,,Tommy Paul,R,185.0,USA,27.4,6-4 6-4,3,R32,106.0,5.0,0.0,57.0,44.0,33.0,8.0,10.0,1.0,1.0,2.0,0.0,85.0,47.0,33.0,18.0,10.0,9.0,11.0,38.0,1340.0,12.0,3215.0,2024
2024-0337,Vienna,Hard,32,A,2024-10-21,358,210150,,Q,Jakub Mensik,R,193.0,CZE,19.1,200615,8.0,,Alexei Popyrin,R,196.0,AUS,25.2,7-6(3) 6-2,3,R32,102.0,5.0,3.0,63.0,35.0,29.0,17.0,10.0,5.0,5.0,4.0,2.0,83.0,48.0,29.0,18.0,10.0,4.0,6.0,51.0,1022.0,25.0,1775.0,2024
2024-0337,Vienna,Hard,32,A,2024-10-21,357,200175,,,Miomir Kecmanovic,R,183.0,SRB,25.1,208363,,,Mariano Navone,R,178.0,ARG,23.6,6-2 6-4,3,R32,73.0,8.0,1.0,48.0,32.0,27.0,10.0,9.0,1.0,1.0,7.0,3.0,59.0,30.0,23.0,11.0,9.0,4.0,7.0,58.0,925.0,44.0,1188.0,2024
2024-0337,Vienna,Hard,32,A,2024-10-21,356,207925,,,Flavio Cobolli,R,183.0,ITA,22.4,200221,,,Alejandro Davidovich Fokina,R,183.0,ESP,25.3,7-6(1) 6-3,3,R32,94.0,5.0,0.0,70.0,49.0,35.0,16.0,11.0,3.0,3.0,0.0,3.0,75.0,52.0,38.0,10.0,10.0,6.0,7.0,31.0,1482.0,62.0,860.0,2024
2024-0337,Vienna,Hard,32,A,2024-10-21,367,207518,6.0,,Lorenzo Musetti,R,185.0,ITA,22.6,132283,,,Lorenzo Sonego,R,191.0,ITA,29.4,6-3 6-2,3,R32,72.0,2.0,0.0,43.0,35.0,29.0,7.0,9.0,0.0,0.0,2.0,1.0,56.0,37.0,23.0,7.0,8.0,6.0,9.0,17.0,2425.0,49.0,1061.0,2024
2024-0337,Vienna,Hard,32,A,2024-10-21,380,111575,,,Karen Khachanov,R,198.0,RUS,28.4,126610,,,Matteo Berrettini,R,196.0,ITA,28.5,6-1 6-4,3,QF,78.0,5.0,0.0,52.0,33.0,26.0,13.0,9.0,2.0,2.0,6.0,0.0,51.0,37.0,25.0,5.0,8.0,9.0,12.0,24.0,1985.0,41.0,1270.0,2024
2024-0337,Vienna,Hard,32,A,2024-10-21,384,207733,7.0,,Jack Draper,L,193.0,GBR,22.8,207518,6.0,,Lorenzo Musetti,R,185.0,ITA,22.6,6-2 6-4,3,SF,108.0,8.0,5.0,92.0,62.0,44.0,9.0,9.0,8.0,10.0,2.0,2.0,60.0,40.0,22.0,6.0,9.0,6.0,11.0,18.0,2310.0,17.0,2425.0,2024
2024-0337,Vienna,Hard,32,A,2024-10-21,382,207518,6.0,,Lorenzo Musetti,R,185.0,ITA,22.6,100644,1.0,,Alexander Zverev,R,198.0,GER,27.5,2-6 7-6(5) 6-4,3,QF,157.0,2.0,1.0,101.0,71.0,46.0,14.0,15.0,8.0,12.0,10.0,5.0,99.0,69.0,49.0,14.0,15.0,6.0,9.0,17.0,2425.0,3.0,6795.0,2024
2024-0328,Basel,Hard,32,A,2024-10-21,375,209950,7.0,,Arthur Fils,R,185.0,FRA,20.3,124079,,,Pedro Martinez,R,185.0,ESP,27.4,7-5 6-3,3,R16,90.0,13.0,1.0,64.0,42.0,36.0,8.0,11.0,2.0,3.0,5.0,4.0,60.0,37.0,27.0,8.0,10.0,4.0,7.0,20.0,2090.0,39.0,1320.0,2024
2024-0328,Basel,Hard,32,A,2024-10-21,374,105676,,LL,David Goffin,R,180.0,BEL,33.8,200005,5.0,,Ugo Humbert,L,188.0,FRA,26.3,3-6 6-1 7-6(7),3,R16,147.0,5.0,3.0,97.0,57.0,42.0,22.0,14.0,4.0,5.0,9.0,2.0,101.0,56.0,40.0,26.0,14.0,6.0,8.0,54.0,980.0,16.0,2515.0,2024
2024-0328,Basel,Hard,32,A,2024-10-21,373,208029,4.0,,Holger Rune,R,188.0,DEN,21.4,208502,,WC,Dominic Stricker,L,183.0,SUI,22.1,6-3 7-6(2),3,R16,87.0,10.0,2.0,74.0,48.0,39.0,13.0,11.0,1.0,2.0,7.0,0.0,62.0,36.0,25.0,14.0,10.0,2.0,4.0,14.0,2985.0,258.0,212.0,2024
2024-0328,Basel,Hard,32,A,2024-10-21,372,208659,,,Giovanni Mpetshi Perricard,R,203.0,FRA,21.2,200000,8.0,,Felix Auger Aliassime,R,193.0,CAN,24.2,6-1 7-6(6),3,R16,82.0,22.0,2.0,56.0,39.0,32.0,14.0,10.0,0.0,0.0,8.0,3.0,61.0,38.0,28.0,12.0,9.0,5.0,7.0,50.0,1026.0,19.0,2130.0,2024
2024-0328,Basel,Hard,32,A,2024-10-21,371,133430,,WC,Denis Shapovalov,L,185.0,CAN,25.5,105138,,SE,Roberto Bautista Agut,R,183.0,ESP,36.5,6-3 7-6(4),3,R16,99.0,18.0,2.0,66.0,39.0,31.0,17.0,11.0,1.0,2.0,2.0,4.0,80.0,62.0,39.0,6.0,10.0,6.0,8.0,95.0,618.0,45.0,1146.0,2024
2024-0328,Basel,Hard,32,A,2024-10-21,370,126094,1.0,,Andrey Rublev,R,188.0,RUS,27.0,132686,,,Nuno Borges,R,185.0,POR,27.6,6-3 6-2,3,R32,64.0,4.0,0.0,47.0,26.0,25.0,10.0,9.0,0.0,1.0,5.0,3.0,56.0,30.0,19.0,11.0,8.0,6.0,10.0,7.0,4150.0,33.0,1446.0,2024
2024-0328,Basel,Hard,32,A,2024-10-21,369,126214,,,Alejandro Tabilo,L,188.0,CHI,27.3,105227,,PR,Marin Cilic,R,198.0,CRO,36.0,7-6(4) 7-6(2),3,R32,125.0,11.0,3.0,78.0,52.0,41.0,11.0,12.0,0.0,2.0,7.0,2.0,95.0,53.0,34.0,24.0,12.0,7.0,9.0,21.0,2023.0,202.0,288.0,2024
2024-0328,Basel,Hard,32,A,2024-10-21,368,104527,,WC,Stan Wawrinka,R,183.0,SUI,39.5,105173,,,Adrian Mannarino,L,180.0,FRA,36.3,6-3 3-6 7-5,3,R32,121.0,13.0,1.0,83.0,51.0,44.0,15.0,15.0,1.0,3.0,6.0,3.0,86.0,46.0,31.0,24.0,15.0,1.0,4.0,169.0,343.0,57.0,929.0,2024
2024-0328,Basel,Hard,32,A,2024-10-21,367,210097,6.0,,Ben Shelton,L,193.0,USA,22.0,144869,,,Tomas Martin Etcheverry,R,196.0,ARG,25.2,6-3 6-4,3,R32,73.0,8.0,0.0,52.0,38.0,32.0,9.0,10.0,1.0,1.0,7.0,2.0,51.0,26.0,23.0,10.0,9.0,0.0,2.0,23.0,2010.0,36.0,1375.0,2024
2024-0328,Basel,Hard,32,A,2024-10-21,366,126774,3.0,,Stefanos Tsitsipas,R,193.0,GRE,26.1,202103,,,Francisco Cerundolo,R,185.0,ARG,26.1,6-3 6-7(3) 7-6(4),3,R32,152.0,6.0,1.0,120.0,73.0,56.0,22.0,17.0,5.0,7.0,9.0,3.0,111.0,70.0,43.0,26.0,16.0,9.0,12.0,11.0,3405.0,30.0,1570.0,2024
2024-0328,Basel,Hard,32,A,2024-10-21,365,122298,,Q,Botic Van De Zandschulp,R,191.0,NED,29.0,122330,,,Alexander Bublik,R,196.0,KAZ,27.3,3-6 6-4 4-0 RET,3,R32,106.0,5.0,2.0,81.0,57.0,42.0,10.0,11.0,3.0,4.0,16.0,11.0,86.0,42.0,32.0,18.0,12.0,5.0,8.0,67.0,804.0,32.0,1460.0,2024
2024-0328,Basel,Hard,32,A,2024-10-21,364,124079,,,Pedro Martinez,R,185.0,ESP,27.4,208103,,,Jiri Lehecka,R,185.0,CZE,22.9,6-2 6-2,3,R32,67.0,4.0,0.0,46.0,31.0,26.0,8.0,8.0,1.0,1.0,3.0,3.0,47.0,31.0,20.0,5.0,8.0,4.0,8.0,39.0,1320.0,28.0,1605.0,2024
2024-0328,Basel,Hard,32,A,2024-10-21,363,209950,7.0,,Arthur Fils,R,185.0,FRA,20.3,127157,,Q,Daniel Altmaier,R,188.0,GER,26.1,7-6(5) 6-3,3,R32,99.0,7.0,3.0,72.0,44.0,33.0,14.0,11.0,5.0,6.0,7.0,3.0,64.0,36.0,28.0,11.0,10.0,2.0,4.0,20.0,2090.0,82.0,690.0,2024
2024-0328,Basel,Hard,32,A,2024-10-21,362,200005,5.0,,Ugo Humbert,L,188.0,FRA,26.3,208843,,Q,Jerome Kym,R,198.0,SUI,21.6,6-4 6-7(5) 7-5,3,R32,149.0,13.0,1.0,93.0,68.0,56.0,18.0,17.0,1.0,1.0,8.0,3.0,109.0,74.0,53.0,21.0,17.0,7.0,9.0,16.0,2515.0,140.0,421.0,2024
2024-0328,Basel,Hard,32,A,2024-10-21,361,105676,,LL,David Goffin,R,180.0,BEL,33.8,208286,,,Matteo Arnaldi,R,185.0,ITA,23.6,6-7(5) 6-3 6-2,3,R32,150.0,4.0,2.0,101.0,59.0,42.0,25.0,15.0,4.0,6.0,10.0,4.0,99.0,59.0,37.0,20.0,14.0,5.0,10.0,54.0,980.0,37.0,1355.0,2024
2024-0328,Basel,Hard,32,A,2024-10-21,360,208502,,WC,Dominic Stricker,L,183.0,SUI,22.1,134868,,,Tallon Griekspoor,R,188.0,NED,28.3,6-4 6-4,3,R32,66.0,14.0,1.0,53.0,35.0,31.0,10.0,10.0,2.0,2.0,8.0,3.0,57.0,39.0,30.0,8.0,10.0,2.0,4.0,258.0,212.0,35.0,1400.0,2024
2024-0328,Basel,Hard,32,A,2024-10-21,359,208029,4.0,,Holger Rune,R,188.0,DEN,21.4,111797,,,Nicolas Jarry,R,201.0,CHI,29.0,6-4 7-6(3),3,R32,86.0,9.0,4.0,60.0,38.0,34.0,14.0,11.0,0.0,0.0,11.0,4.0,62.0,38.0,33.0,11.0,11.0,1.0,2.0,14.0,2985.0,34.0,1400.0,2024
2024-0337,Vienna,Hard,32,A,2024-10-21,355,200282,2.0,,Alex De Minaur,R,183.0,AUS,25.6,105526,,,Jan Lennard Struff,R,193.0,GER,34.4,2-6 6-2 6-2,3,R32,101.0,7.0,3.0,77.0,36.0,27.0,22.0,12.0,4.0,6.0,5.0,6.0,68.0,36.0,26.0,14.0,12.0,2.0,6.0,10.0,3570.0,40.0,1285.0,2024
2024-0328,Basel,Hard,32,A,2024-10-21,357,208659,,,Giovanni Mpetshi Perricard,R,203.0,FRA,21.2,105902,,Q,James Duckworth,R,183.0,AUS,32.7,7-6(4) 6-3,3,R32,79.0,21.0,3.0,65.0,44.0,37.0,12.0,11.0,0.0,0.0,2.0,3.0,68.0,40.0,31.0,13.0,10.0,3.0,4.0,50.0,1026.0,69.0,781.0,2024
2024-0328,Basel,Hard,32,A,2024-10-21,356,133430,,WC,Denis Shapovalov,L,185.0,CAN,25.5,209992,,,Juncheng Shang,L,180.0,CHN,19.7,6-1 6-4,3,R32,68.0,11.0,3.0,55.0,28.0,25.0,16.0,9.0,1.0,1.0,4.0,2.0,52.0,35.0,23.0,6.0,8.0,3.0,6.0,95.0,618.0,47.0,1075.0,2024
2024-0328,Basel,Hard,32,A,2024-10-21,355,105138,,SE,Roberto Bautista Agut,R,183.0,ESP,36.5,134770,2.0,,Casper Ruud,R,183.0,NOR,25.8,6-3 3-6 6-3,3,R32,123.0,5.0,0.0,71.0,51.0,41.0,14.0,14.0,3.0,4.0,11.0,5.0,87.0,51.0,42.0,13.0,13.0,4.0,6.0,45.0,1146.0,8.0,3890.0,2024
2024-0337,Vienna,Hard,32,A,2024-10-21,385,207733,7.0,,Jack Draper,L,193.0,GBR,22.8,111575,,,Karen Khachanov,R,198.0,RUS,28.4,6-4 7-5,3,F,95.0,6.0,2.0,58.0,40.0,32.0,7.0,11.0,3.0,5.0,6.0,3.0,67.0,45.0,29.0,9.0,11.0,4.0,8.0,18.0,2310.0,24.0,1985.0,2024
2024-0337,Vienna,Hard,32,A,2024-10-21,383,111575,,,Karen Khachanov,R,198.0,RUS,28.4,200282,2.0,,Alex De Minaur,R,183.0,AUS,25.6,6-2 6-4,3,SF,90.0,9.0,0.0,52.0,36.0,28.0,9.0,9.0,2.0,3.0,4.0,2.0,58.0,35.0,21.0,9.0,9.0,2.0,6.0,24.0,1985.0,10.0,3570.0,2024
2024-0337,Vienna,Hard,32,A,2024-10-21,381,207733,7.0,,Jack Draper,L,193.0,GBR,22.8,207830,,,Tomas Machac,R,183.0,CZE,24.0,6-3 3-6 6-1,3,QF,127.0,11.0,2.0,88.0,61.0,48.0,12.0,13.0,7.0,8.0,7.0,2.0,92.0,53.0,33.0,21.0,12.0,5.0,8.0,18.0,2310.0,27.0,1723.0,2024
2024-0328,Basel,Hard,32,A,2024-10-21,358,200000,8.0,,Felix Auger Aliassime,R,193.0,CAN,24.2,202104,,,Sebastian Baez,R,170.0,ARG,23.8,7-5 6-1,3,R32,74.0,8.0,1.0,51.0,36.0,31.0,11.0,10.0,2.0,2.0,2.0,0.0,55.0,43.0,30.0,4.0,9.0,1.0,4.0,19.0,2130.0,26.0,1725.0,2024
2024-0328,Basel,Hard,32,A,2024-10-21,376,126774,3.0,,Stefanos Tsitsipas,R,193.0,GRE,26.1,122298,,Q,Botic Van De Zandschulp,R,191.0,NED,29.0,7-6(3) 7-5,3,R16,106.0,8.0,2.0,79.0,51.0,37.0,16.0,12.0,4.0,5.0,5.0,3.0,77.0,54.0,39.0,11.0,12.0,2.0,4.0,11.0,3405.0,67.0,804.0,2024
2024-0328,Basel,Hard,32,A,2024-10-21,377,210097,6.0,,Ben Shelton,L,193.0,USA,22.0,104527,,WC,Stan Wawrinka,R,183.0,SUI,39.5,7-6(2) 7-5,3,R16,95.0,9.0,1.0,73.0,54.0,45.0,13.0,12.0,5.0,5.0,4.0,2.0,65.0,34.0,29.0,18.0,12.0,0.0,1.0,23.0,2010.0,169.0,343.0,2024
2024-0328,Basel,Hard,32,A,2024-10-21,385,208659,,,Giovanni Mpetshi Perricard,R,203.0,FRA,21.2,210097,6.0,,Ben Shelton,L,193.0,USA,22.0,6-4 7-6(4),3,F,86.0,22.0,2.0,64.0,39.0,33.0,18.0,11.0,0.0,0.0,10.0,2.0,74.0,51.0,38.0,13.0,11.0,2.0,3.0,50.0,1026.0,23.0,2010.0,2024
2024-0328,Basel,Hard,32,A,2024-10-21,384,210097,6.0,,Ben Shelton,L,193.0,USA,22.0,209950,7.0,,Arthur Fils,R,185.0,FRA,20.3,6-3 7-6(9),3,SF,77.0,8.0,2.0,61.0,51.0,45.0,7.0,11.0,0.0,0.0,9.0,2.0,58.0,36.0,32.0,13.0,10.0,1.0,2.0,23.0,2010.0,20.0,2090.0,2024
2024-0328,Basel,Hard,32,A,2024-10-21,383,208659,,,Giovanni Mpetshi Perricard,R,203.0,FRA,21.2,208029,4.0,,Holger Rune,R,188.0,DEN,21.4,7-6(6) 6-4,3,SF,78.0,17.0,2.0,63.0,38.0,33.0,18.0,11.0,0.0,0.0,5.0,2.0,59.0,31.0,25.0,22.0,11.0,1.0,2.0,50.0,1026.0,14.0,2985.0,2024
2024-0328,Basel,Hard,32,A,2024-10-21,382,210097,6.0,,Ben Shelton,L,193.0,USA,22.0,126094,1.0,,Andrey Rublev,R,188.0,RUS,27.0,7-5 6-7(3) 6-4,3,QF,135.0,13.0,2.0,111.0,79.0,58.0,22.0,17.0,6.0,6.0,12.0,3.0,87.0,63.0,55.0,15.0,17.0,0.0,2.0,23.0,2010.0,7.0,4150.0,2024
2024-0328,Basel,Hard,32,A,2024-10-21,381,209950,7.0,,Arthur Fils,R,185.0,FRA,20.3,126774,3.0,,Stefanos Tsitsipas,R,193.0,GRE,26.1,7-6(5) 6-3,3,QF,83.0,10.0,3.0,54.0,33.0,29.0,16.0,10.0,0.0,0.0,9.0,2.0,73.0,46.0,37.0,12.0,11.0,4.0,6.0,20.0,2090.0,11.0,3405.0,2024
2024-0328,Basel,Hard,32,A,2024-10-21,380,208029,4.0,,Holger Rune,R,188.0,DEN,21.4,105676,,LL,David Goffin,R,180.0,BEL,33.8,6-2 6-4,3,QF,80.0,6.0,5.0,57.0,31.0,24.0,15.0,9.0,1.0,2.0,5.0,3.0,63.0,33.0,22.0,9.0,9.0,7.0,11.0,14.0,2985.0,54.0,980.0,2024
2024-0328,Basel,Hard,32,A,2024-10-21,379,208659,,,Giovanni Mpetshi Perricard,R,203.0,FRA,21.2,133430,,WC,Denis Shapovalov,L,185.0,CAN,25.5,6-7(7) 6-3 7-6(3),3,QF,126.0,27.0,6.0,110.0,72.0,58.0,24.0,17.0,3.0,3.0,7.0,6.0,99.0,56.0,45.0,28.0,16.0,2.0,3.0,50.0,1026.0,95.0,618.0,2024
2024-0328,Basel,Hard,32,A,2024-10-21,378,126094,1.0,,Andrey Rublev,R,188.0,RUS,27.0,126214,,,Alejandro Tabilo,L,188.0,CHI,27.3,7-6(3) 6-1,3,R16,73.0,14.0,4.0,66.0,47.0,39.0,8.0,10.0,1.0,1.0,12.0,3.0,57.0,42.0,31.0,5.0,9.0,1.0,3.0,7.0,4150.0,21.0,2023.0,2024
2024-0352,Paris Masters,Hard,56,M,2024-10-28,350,111442,,,Jordan Thompson,R,183.0,AUS,30.5,134770,7.0,,Casper Ruud,R,183.0,NOR,25.8,7-6(3) 3-6 6-4,3,R32,153.0,10.0,1.0,99.0,50.0,37.0,26.0,16.0,2.0,6.0,7.0,5.0,86.0,49.0,36.0,19.0,15.0,1.0,4.0,28.0,1571.0,8.0,3855.0,2024
2024-0352,Paris Masters,Hard,56,M,2024-10-28,339,209950,,,Arthur Fils,R,185.0,FRA,20.3,105227,,PR,Marin Cilic,R,198.0,CRO,36.0,7-6(5) 6-4,3,R64,94.0,8.0,3.0,63.0,34.0,31.0,12.0,11.0,2.0,4.0,7.0,2.0,64.0,34.0,22.0,17.0,11.0,0.0,3.0,20.0,2265.0,201.0,288.0,2024
2024-0352,Paris Masters,Hard,56,M,2024-10-28,340,134868,,,Tallon Griekspoor,R,188.0,NED,28.3,209260,,,Luciano Darderi,R,183.0,ITA,22.7,6-3 6-4,3,R64,57.0,19.0,6.0,49.0,36.0,35.0,5.0,10.0,0.0,0.0,5.0,2.0,51.0,23.0,20.0,14.0,9.0,1.0,3.0,39.0,1320.0,43.0,1263.0,2024
2024-0352,Paris Masters,Hard,56,M,2024-10-28,341,207733,,,Jack Draper,L,193.0,GBR,22.8,208103,,,Jiri Lehecka,R,185.0,CZE,22.9,7-5 6-2,3,R64,68.0,6.0,4.0,49.0,26.0,25.0,15.0,10.0,0.0,0.0,5.0,4.0,55.0,27.0,22.0,12.0,10.0,4.0,7.0,15.0,2800.0,30.0,1560.0,2024
2024-0352,Paris Masters,Hard,56,M,2024-10-28,342,200175,,LL,Miomir Kecmanovic,R,183.0,SRB,25.1,202104,,,Sebastian Baez,R,170.0,ARG,23.8,6-4 6-7(6) 7-5,3,R64,148.0,12.0,2.0,108.0,56.0,44.0,28.0,17.0,2.0,4.0,1.0,1.0,95.0,60.0,44.0,19.0,17.0,5.0,9.0,55.0,965.0,26.0,1690.0,2024
2024-0352,Paris Masters,Hard,56,M,2024-10-28,343,200282,9.0,,Alex De Minaur,R,183.0,AUS,25.6,208363,,,Mariano Navone,R,178.0,ARG,23.6,7-5 6-1,3,R64,79.0,7.0,1.0,64.0,30.0,22.0,22.0,10.0,5.0,6.0,4.0,3.0,49.0,27.0,19.0,6.0,9.0,3.0,7.0,10.0,3725.0,45.0,1188.0,2024
2024-0352,Paris Masters,Hard,56,M,2024-10-28,348,200005,15.0,,Ugo Humbert,L,188.0,FRA,26.3,106218,,Q,Marcos Giron,R,180.0,USA,31.2,6-3 6-2,3,R32,59.0,9.0,0.0,48.0,31.0,24.0,10.0,9.0,0.0,1.0,3.0,3.0,48.0,29.0,20.0,3.0,8.0,1.0,5.0,18.0,2385.0,49.0,1105.0,2024
2024-0352,Paris Masters,Hard,56,M,2024-10-28,345,122330,,,Alexander Bublik,R,196.0,KAZ,27.3,104926,,Q,Fabio Fognini,R,178.0,ITA,37.4,7-5 7-5,3,R64,88.0,15.0,7.0,70.0,40.0,35.0,15.0,12.0,2.0,3.0,3.0,3.0,68.0,39.0,25.0,16.0,12.0,2.0,5.0,33.0,1460.0,79.0,721.0,2024
2024-0352,Paris Masters,Hard,56,M,2024-10-28,346,210097,,,Ben Shelton,L,193.0,USA,22.0,144895,,Q,Corentin Moutet,L,180.0,FRA,25.5,6-3 6-7(8) 6-3,3,R64,150.0,4.0,2.0,96.0,72.0,56.0,16.0,16.0,2.0,2.0,0.0,4.0,106.0,71.0,52.0,17.0,14.0,4.0,6.0,19.0,2330.0,70.0,764.0,2024
2024-0352,Paris Masters,Hard,56,M,2024-10-28,347,207989,2.0,,Carlos Alcaraz,R,183.0,ESP,21.4,111797,,,Nicolas Jarry,R,201.0,CHI,29.0,7-5 6-1,3,R32,90.0,9.0,0.0,60.0,42.0,32.0,9.0,10.0,5.0,6.0,6.0,1.0,58.0,34.0,22.0,10.0,9.0,1.0,5.0,2.0,7120.0,37.0,1365.0,2024
2024-0352,Paris Masters,Hard,56,M,2024-10-28,338,105526,,,Jan Lennard Struff,R,193.0,GER,34.5,207518,16.0,,Lorenzo Musetti,R,185.0,ITA,22.6,6-4 6-2,3,R64,76.0,9.0,4.0,72.0,45.0,37.0,6.0,9.0,3.0,4.0,5.0,2.0,52.0,36.0,21.0,7.0,9.0,1.0,5.0,42.0,1265.0,16.0,2600.0,2024
2024-0352,Paris Masters,Hard,56,M,2024-10-28,344,208029,13.0,,Holger Rune,R,188.0,DEN,21.5,208286,,,Matteo Arnaldi,R,185.0,ITA,23.6,6-4 6-4,3,R64,89.0,7.0,3.0,77.0,48.0,34.0,18.0,10.0,5.0,5.0,4.0,5.0,57.0,25.0,22.0,16.0,10.0,1.0,3.0,13.0,3005.0,38.0,1335.0,2024
2024-0352,Paris Masters,Hard,56,M,2024-10-28,337,126774,10.0,,Stefanos Tsitsipas,R,193.0,GRE,26.2,106148,,LL,Roberto Carballes Baena,R,183.0,ESP,31.6,4-6 6-3 6-3,3,R64,119.0,11.0,4.0,79.0,45.0,36.0,17.0,14.0,4.0,6.0,4.0,2.0,79.0,52.0,35.0,16.0,14.0,6.0,10.0,11.0,3325.0,54.0,980.0,2024
2024-0352,Paris Masters,Hard,56,M,2024-10-28,325,200005,15.0,,Ugo Humbert,L,188.0,FRA,26.3,206909,,,Brandon Nakashima,R,188.0,USA,23.2,6-3 4-6 6-4,3,R64,124.0,9.0,1.0,84.0,51.0,43.0,20.0,15.0,2.0,3.0,5.0,1.0,82.0,48.0,35.0,21.0,14.0,2.0,4.0,18.0,2385.0,35.0,1375.0,2024
2024-0352,Paris Masters,Hard,56,M,2024-10-28,335,202103,,,Francisco Cerundolo,R,185.0,ARG,26.2,111460,,Q,Quentin Halys,R,191.0,FRA,28.0,7-6(5) 6-3,3,R64,88.0,4.0,3.0,76.0,43.0,34.0,17.0,11.0,2.0,3.0,6.0,0.0,58.0,34.0,27.0,13.0,10.0,0.0,2.0,29.0,1570.0,90.0,653.0,2024
2024-0352,Paris Masters,Hard,56,M,2024-10-28,323,111797,,,Nicolas Jarry,R,201.0,CHI,29.0,132283,,Q,Lorenzo Sonego,R,191.0,ITA,29.4,7-6(4) 6-3,3,R64,100.0,7.0,2.0,73.0,46.0,35.0,20.0,11.0,8.0,8.0,9.0,1.0,53.0,35.0,29.0,12.0,10.0,1.0,2.0,37.0,1365.0,52.0,1022.0,2024
2024-0352,Paris Masters,Hard,56,M,2024-10-28,324,106218,,Q,Marcos Giron,R,180.0,USA,31.2,209992,,Q,Juncheng Shang,L,180.0,CHN,19.7,7-6(6) 7-6(6),3,R64,125.0,9.0,3.0,96.0,47.0,34.0,29.0,12.0,5.0,6.0,6.0,2.0,82.0,45.0,35.0,20.0,12.0,1.0,2.0,49.0,1105.0,51.0,1075.0,2024
2024-0352,Paris Masters,Hard,56,M,2024-10-28,349,105173,,WC,Adrian Mannarino,L,180.0,FRA,36.3,200267,,LL,Zizou Bergs,R,185.0,BEL,25.4,3-6 6-2 6-4,3,R32,132.0,5.0,3.0,84.0,41.0,32.0,25.0,14.0,4.0,6.0,5.0,4.0,86.0,47.0,31.0,23.0,13.0,9.0,12.0,58.0,929.0,65.0,833.0,2024
2024-0352,Paris Masters,Hard,56,M,2024-10-28,326,105173,,WC,Adrian Mannarino,L,180.0,FRA,36.3,126205,11.0,,Tommy Paul,R,185.0,USA,27.4,6-3 7-5,3,R64,102.0,4.0,0.0,58.0,41.0,27.0,10.0,10.0,2.0,4.0,5.0,1.0,69.0,39.0,26.0,10.0,11.0,6.0,11.0,58.0,929.0,12.0,3180.0,2024
2024-0352,Paris Masters,Hard,56,M,2024-10-28,327,200267,,LL,Zizou Bergs,R,185.0,BEL,25.4,104755,,WC,Richard Gasquet,R,183.0,FRA,38.3,6-3 6-4,3,R64,80.0,8.0,5.0,67.0,38.0,31.0,16.0,10.0,5.0,5.0,0.0,3.0,46.0,22.0,15.0,16.0,9.0,2.0,4.0,65.0,833.0,133.0,452.0,2024
2024-0352,Paris Masters,Hard,56,M,2024-10-28,328,111442,,,Jordan Thompson,R,183.0,AUS,30.5,124079,,,Pedro Martinez,R,185.0,ESP,27.5,6-4 6-4,3,R64,106.0,9.0,1.0,65.0,31.0,26.0,21.0,10.0,3.0,3.0,7.0,4.0,62.0,33.0,25.0,15.0,10.0,3.0,5.0,28.0,1571.0,41.0,1270.0,2024
2024-0352,Paris Masters,Hard,56,M,2024-10-28,329,200615,,,Alexei Popyrin,R,196.0,AUS,25.2,126610,,,Matteo Berrettini,R,196.0,ITA,28.5,7-5 7-6(2),3,R64,116.0,11.0,2.0,86.0,53.0,42.0,18.0,12.0,5.0,6.0,7.0,1.0,80.0,52.0,35.0,17.0,12.0,11.0,13.0,24.0,1775.0,36.0,1370.0,2024
2024-0352,Paris Masters,Hard,56,M,2024-10-28,330,111575,,,Karen Khachanov,R,198.0,RUS,28.4,106331,,LL,Christopher Oconnell,R,183.0,AUS,30.4,6-4 3-6 7-6(6),3,R64,142.0,10.0,3.0,98.0,60.0,48.0,17.0,15.0,5.0,7.0,17.0,1.0,94.0,54.0,45.0,21.0,16.0,4.0,6.0,21.0,2225.0,71.0,755.0,2024
2024-0352,Paris Masters,Hard,56,M,2024-10-28,331,208659,,WC,Giovanni Mpetshi Perricard,R,203.0,FRA,21.3,126207,14.0,,Frances Tiafoe,R,188.0,USA,26.7,6-7(5) 7-6(4) 6-3,3,R64,121.0,28.0,13.0,110.0,61.0,56.0,23.0,17.0,2.0,2.0,10.0,1.0,87.0,57.0,45.0,23.0,16.0,0.0,1.0,31.0,1519.0,17.0,2585.0,2024
2024-0352,Paris Masters,Hard,56,M,2024-10-28,332,210506,,,Alex Michelsen,R,193.0,USA,20.1,128034,12.0,,Hubert Hurkacz,R,196.0,POL,27.7,6-1 6-3,3,R64,51.0,5.0,1.0,41.0,28.0,24.0,8.0,8.0,0.0,0.0,6.0,2.0,53.0,35.0,21.0,4.0,8.0,9.0,13.0,44.0,1220.0,14.0,2810.0,2024
2024-0352,Paris Masters,Hard,56,M,2024-10-28,336,126214,,,Alejandro Tabilo,L,188.0,CHI,27.4,132686,,,Nuno Borges,R,185.0,POR,27.6,3-6 7-6(5) 6-3,3,R64,130.0,10.0,6.0,111.0,64.0,48.0,21.0,16.0,5.0,7.0,9.0,2.0,93.0,59.0,46.0,15.0,14.0,1.0,2.0,22.0,2043.0,34.0,1446.0,2024
2024-0352,Paris Masters,Hard,56,M,2024-10-28,351,200615,,,Alexei Popyrin,R,196.0,AUS,25.2,106421,4.0,,Daniil Medvedev,R,198.0,RUS,28.7,6-4 2-6 7-6(4),3,R32,150.0,5.0,2.0,116.0,77.0,54.0,16.0,15.0,9.0,13.0,11.0,14.0,101.0,58.0,44.0,20.0,15.0,7.0,10.0,24.0,1775.0,5.0,5230.0,2024
2024-0352,Paris Masters,Hard,56,M,2024-10-28,355,202103,,,Francisco Cerundolo,R,185.0,ARG,26.2,126094,6.0,,Andrey Rublev,R,188.0,RUS,27.0,7-6(6) 7-6(5),3,R32,138.0,8.0,4.0,99.0,54.0,36.0,20.0,12.0,9.0,13.0,4.0,4.0,112.0,72.0,46.0,14.0,12.0,12.0,16.0,29.0,1570.0,7.0,4070.0,2024
2024-0352,Paris Masters,Hard,56,M,2024-10-28,365,111575,,,Karen Khachanov,R,198.0,RUS,28.4,200615,,,Alexei Popyrin,R,196.0,AUS,25.2,7-6(5) 6-4,3,R16,116.0,10.0,2.0,68.0,51.0,38.0,11.0,11.0,3.0,5.0,10.0,2.0,89.0,52.0,38.0,16.0,11.0,8.0,11.0,21.0,2225.0,24.0,1775.0,2024
2024-0352,Paris Masters,Hard,56,M,2024-10-28,377,100644,3.0,,Alexander Zverev,R,198.0,GER,27.5,200005,15.0,,Ugo Humbert,L,188.0,FRA,26.3,6-2 6-2,3,F,75.0,4.0,0.0,37.0,23.0,21.0,11.0,8.0,0.0,0.0,3.0,4.0,52.0,27.0,17.0,9.0,8.0,2.0,6.0,3.0,6805.0,18.0,2385.0,2024
2024-0352,Paris Masters,Hard,56,M,2024-10-28,376,100644,3.0,,Alexander Zverev,R,198.0,GER,27.5,208029,13.0,,Holger Rune,R,188.0,DEN,21.5,6-3 7-6(4),3,SF,106.0,9.0,3.0,67.0,45.0,37.0,13.0,11.0,2.0,3.0,9.0,2.0,75.0,46.0,33.0,14.0,10.0,3.0,5.0,3.0,6805.0,13.0,3005.0,2024
2024-0352,Paris Masters,Hard,56,M,2024-10-28,375,200005,15.0,,Ugo Humbert,L,188.0,FRA,26.3,111575,,,Karen Khachanov,R,198.0,RUS,28.4,6-7(6) 6-4 6-3,3,SF,165.0,9.0,4.0,98.0,65.0,45.0,18.0,15.0,2.0,4.0,11.0,1.0,100.0,65.0,44.0,14.0,16.0,5.0,10.0,18.0,2385.0,21.0,2225.0,2024
2024-0352,Paris Masters,Hard,56,M,2024-10-28,374,208029,13.0,,Holger Rune,R,188.0,DEN,21.5,200282,9.0,,Alex De Minaur,R,183.0,AUS,25.6,6-4 4-6 7-5,3,QF,146.0,5.0,1.0,87.0,58.0,46.0,15.0,16.0,2.0,4.0,5.0,5.0,94.0,44.0,34.0,27.0,16.0,6.0,9.0,13.0,3005.0,10.0,3725.0,2024
2024-0352,Paris Masters,Hard,56,M,2024-10-28,373,100644,3.0,,Alexander Zverev,R,198.0,GER,27.5,126774,10.0,,Stefanos Tsitsipas,R,193.0,GRE,26.2,7-5 6-4,3,QF,101.0,9.0,2.0,61.0,43.0,34.0,13.0,11.0,1.0,1.0,3.0,2.0,70.0,34.0,24.0,22.0,11.0,5.0,7.0,3.0,6805.0,11.0,3325.0,2024
2024-0352,Paris Masters,Hard,56,M,2024-10-28,372,111575,,,Karen Khachanov,R,198.0,RUS,28.4,105777,8.0,,Grigor Dimitrov,R,191.0,BUL,33.4,6-2 6-3,3,QF,68.0,6.0,0.0,45.0,34.0,27.0,7.0,8.0,0.0,0.0,4.0,2.0,50.0,24.0,21.0,6.0,9.0,2.0,6.0,21.0,2225.0,9.0,3740.0,2024
2024-0352,Paris Masters,Hard,56,M,2024-10-28,371,200005,15.0,,Ugo Humbert,L,188.0,FRA,26.3,111442,,,Jordan Thompson,R,183.0,AUS,30.5,6-2 7-6(4),3,QF,96.0,8.0,2.0,61.0,43.0,34.0,10.0,10.0,1.0,2.0,4.0,0.0,58.0,35.0,25.0,10.0,10.0,4.0,7.0,18.0,2385.0,28.0,1571.0,2024
2024-0352,Paris Masters,Hard,56,M,2024-10-28,370,208029,13.0,,Holger Rune,R,188.0,DEN,21.5,209070,,LL,Arthur Cazaux,R,183.0,FRA,22.1,3-6 6-3 6-4,3,R16,125.0,14.0,5.0,84.0,55.0,40.0,16.0,14.0,2.0,4.0,9.0,1.0,83.0,53.0,37.0,16.0,14.0,2.0,5.0,13.0,3005.0,85.0,678.0,2024
2024-0352,Paris Masters,Hard,56,M,2024-10-28,369,200282,9.0,,Alex De Minaur,R,183.0,AUS,25.6,207733,,,Jack Draper,L,193.0,GBR,22.8,5-7 6-2 6-3,3,R16,125.0,4.0,1.0,79.0,39.0,30.0,20.0,14.0,1.0,4.0,10.0,5.0,85.0,46.0,31.0,15.0,15.0,3.0,9.0,10.0,3725.0,15.0,2800.0,2024
2024-0352,Paris Masters,Hard,56,M,2024-10-28,368,100644,3.0,,Alexander Zverev,R,198.0,GER,27.5,209950,,,Arthur Fils,R,185.0,FRA,20.3,6-4 3-6 6-3,3,R16,129.0,16.0,2.0,86.0,58.0,43.0,16.0,14.0,4.0,5.0,9.0,6.0,89.0,52.0,46.0,13.0,14.0,4.0,6.0,3.0,6805.0,20.0,2265.0,2024
2024-0352,Paris Masters,Hard,56,M,2024-10-28,367,126774,10.0,,Stefanos Tsitsipas,R,193.0,GRE,26.2,202103,,,Francisco Cerundolo,R,185.0,ARG,26.2,6-7(1) 6-4 6-2,3,R16,141.0,9.0,3.0,92.0,58.0,49.0,17.0,15.0,3.0,3.0,3.0,2.0,101.0,55.0,40.0,24.0,15.0,8.0,11.0,11.0,3325.0,29.0,1570.0,2024
2024-0352,Paris Masters,Hard,56,M,2024-10-28,366,105777,8.0,,Grigor Dimitrov,R,191.0,BUL,33.4,126239,,WC,Arthur Rinderknech,R,196.0,FRA,29.2,6-2 4-6 7-6(5),3,R16,123.0,17.0,1.0,79.0,51.0,47.0,18.0,15.0,0.0,1.0,13.0,0.0,93.0,62.0,46.0,19.0,15.0,2.0,4.0,9.0,3740.0,60.0,872.0,2024
2024-0352,Paris Masters,Hard,56,M,2024-10-28,334,144869,,,Tomas Martin Etcheverry,R,196.0,ARG,25.2,111190,,,Zhizhen Zhang,R,193.0,CHN,28.0,6-3 7-6(6),3,R64,96.0,14.0,2.0,76.0,55.0,43.0,11.0,11.0,5.0,5.0,9.0,2.0,68.0,41.0,30.0,14.0,10.0,6.0,7.0,40.0,1310.0,47.0,1145.0,2024
2024-0352,Paris Masters,Hard,56,M,2024-10-28,364,111442,,,Jordan Thompson,R,183.0,AUS,30.5,105173,,WC,Adrian Mannarino,L,180.0,FRA,36.3,7-5 7-6(5),3,R16,140.0,7.0,1.0,72.0,37.0,33.0,16.0,12.0,4.0,6.0,4.0,4.0,89.0,55.0,38.0,13.0,12.0,2.0,5.0,28.0,1571.0,58.0,929.0,2024
2024-0352,Paris Masters,Hard,56,M,2024-10-28,363,200005,15.0,,Ugo Humbert,L,188.0,FRA,26.3,207989,2.0,,Carlos Alcaraz,R,183.0,ESP,21.4,6-1 3-6 7-5,3,R16,136.0,8.0,3.0,96.0,54.0,39.0,25.0,14.0,3.0,4.0,7.0,5.0,75.0,46.0,38.0,12.0,14.0,3.0,6.0,18.0,2385.0,2.0,7120.0,2024
2024-0352,Paris Masters,Hard,56,M,2024-10-28,362,209070,,LL,Arthur Cazaux,R,183.0,FRA,22.1,210097,,,Ben Shelton,L,193.0,USA,22.0,6-3 7-6(4),3,R32,81.0,9.0,0.0,60.0,40.0,36.0,14.0,11.0,1.0,1.0,5.0,1.0,54.0,41.0,33.0,8.0,10.0,0.0,1.0,85.0,678.0,19.0,2330.0,2024
2024-0352,Paris Masters,Hard,56,M,2024-10-28,361,208029,13.0,,Holger Rune,R,188.0,DEN,21.5,122330,,,Alexander Bublik,R,196.0,KAZ,27.3,6-4 6-2,3,R32,71.0,3.0,1.0,53.0,35.0,29.0,10.0,9.0,2.0,2.0,9.0,10.0,68.0,45.0,32.0,8.0,9.0,4.0,7.0,13.0,3005.0,33.0,1460.0,2024
2024-0352,Paris Masters,Hard,56,M,2024-10-28,360,200282,9.0,,Alex De Minaur,R,183.0,AUS,25.6,200175,,LL,Miomir Kecmanovic,R,183.0,SRB,25.1,6-4 7-6(5),3,R32,104.0,6.0,5.0,82.0,49.0,36.0,15.0,11.0,4.0,7.0,1.0,3.0,71.0,36.0,23.0,18.0,11.0,0.0,4.0,10.0,3725.0,55.0,965.0,2024
2024-0352,Paris Masters,Hard,56,M,2024-10-28,359,207733,,,Jack Draper,L,193.0,GBR,22.8,126203,5.0,,Taylor Fritz,R,196.0,USA,27.0,7-6(6) 4-6 6-4,3,R32,142.0,14.0,3.0,90.0,52.0,40.0,23.0,16.0,0.0,2.0,8.0,4.0,120.0,63.0,43.0,34.0,16.0,8.0,10.0,15.0,2800.0,6.0,4335.0,2024
2024-0352,Paris Masters,Hard,56,M,2024-10-28,358,100644,3.0,,Alexander Zverev,R,198.0,GER,27.5,134868,,,Tallon Griekspoor,R,188.0,NED,28.3,7-6(2) 6-3,3,R32,92.0,9.0,2.0,68.0,42.0,36.0,16.0,11.0,3.0,3.0,8.0,4.0,62.0,40.0,33.0,10.0,10.0,0.0,1.0,3.0,6805.0,39.0,1320.0,2024
2024-0352,Paris Masters,Hard,56,M,2024-10-28,357,209950,,,Arthur Fils,R,185.0,FRA,20.3,105526,,,Jan Lennard Struff,R,193.0,GER,34.5,6-3 6-4,3,R32,93.0,11.0,3.0,81.0,51.0,39.0,14.0,10.0,8.0,8.0,10.0,4.0,66.0,35.0,29.0,12.0,9.0,2.0,4.0,20.0,2265.0,42.0,1265.0,2024
2024-0352,Paris Masters,Hard,56,M,2024-10-28,356,126774,10.0,,Stefanos Tsitsipas,R,193.0,GRE,26.2,126214,,,Alejandro Tabilo,L,188.0,CHI,27.4,6-3 6-4,3,R32,66.0,7.0,5.0,61.0,36.0,27.0,14.0,10.0,3.0,4.0,3.0,3.0,48.0,30.0,21.0,9.0,9.0,1.0,4.0,11.0,3325.0,22.0,2043.0,2024
2024-0352,Paris Masters,Hard,56,M,2024-10-28,333,126239,,WC,Arthur Rinderknech,R,196.0,FRA,29.2,207830,,,Tomas Machac,R,183.0,CZE,24.0,6-7(3) 5-3 RET,3,R64,96.0,11.0,1.0,58.0,37.0,29.0,14.0,10.0,1.0,2.0,2.0,2.0,73.0,47.0,32.0,14.0,10.0,5.0,7.0,60.0,872.0,25.0,1758.0,2024
2024-0352,Paris Masters,Hard,56,M,2024-10-28,354,105777,8.0,,Grigor Dimitrov,R,191.0,BUL,33.4,144869,,,Tomas Martin Etcheverry,R,196.0,ARG,25.2,6-7(9) 6-3 7-5,3,R32,164.0,10.0,5.0,106.0,70.0,55.0,23.0,16.0,3.0,3.0,17.0,2.0,112.0,69.0,52.0,22.0,17.0,6.0,9.0,9.0,3740.0,40.0,1310.0,2024
2024-0352,Paris Masters,Hard,56,M,2024-10-28,353,126239,,WC,Arthur Rinderknech,R,196.0,FRA,29.2,210506,,,Alex Michelsen,R,193.0,USA,20.1,7-6(6) 7-6(7),3,R32,134.0,4.0,3.0,92.0,58.0,41.0,17.0,12.0,3.0,5.0,2.0,3.0,94.0,51.0,37.0,20.0,12.0,5.0,7.0,60.0,872.0,44.0,1220.0,2024
2024-0352,Paris Masters,Hard,56,M,2024-10-28,352,111575,,,Karen Khachanov,R,198.0,RUS,28.4,208659,,WC,Giovanni Mpetshi Perricard,R,203.0,FRA,21.3,6-7(12) 6-1 6-4,3,R32,114.0,6.0,0.0,81.0,56.0,52.0,19.0,15.0,0.0,0.0,20.0,8.0,92.0,52.0,45.0,19.0,14.0,0.0,3.0,21.0,2225.0,31.0,1519.0,2024
2024-0341,Metz,Hard,28,A,2024-11-04,359,126127,,Q,Benjamin Bonzi,R,183.0,FRA,28.4,105138,,,Roberto Bautista Agut,R,183.0,ESP,36.5,7-6(3) 6-3,3,R32,98.0,9.0,3.0,68.0,43.0,35.0,12.0,11.0,0.0,2.0,3.0,2.0,74.0,54.0,34.0,10.0,10.0,5.0,8.0,124.0,473.0,47.0,1151.0,2024
2024-0341,Metz,Hard,28,A,2024-11-04,360,111460,,Q,Quentin Halys,R,191.0,FRA,28.0,210494,,LL,Theo Papamalamis,R,183.0,FRA,18.8,6-3 6-1,3,R32,64.0,3.0,0.0,37.0,21.0,20.0,12.0,8.0,0.0,0.0,1.0,2.0,58.0,27.0,13.0,14.0,8.0,6.0,10.0,84.0,693.0,721.0,37.0,2024
2024-4787,Belgrade,Hard,28,A,2024-11-04,384,209098,,WC,Hamad Medjedovic,R,188.0,SRB,21.3,111513,,WC,Laslo Djere,R,188.0,SRB,29.4,6-2 3-6 7-6(2),3,SF,147.0,9.0,2.0,101.0,71.0,51.0,18.0,14.0,9.0,10.0,14.0,3.0,104.0,73.0,49.0,17.0,15.0,5.0,7.0,156.0,378.0,141.0,419.0,2024
2024-0341,Metz,Hard,28,A,2024-11-04,382,144895,,,Corentin Moutet,L,180.0,FRA,25.5,126094,1.0,,Andrey Rublev,R,188.0,RUS,27.0,W/O,3,QF,,,,,,,,,,,,,,,,,,,,66.0,804.0,9.0,3720.0,2024
2024-0341,Metz,Hard,28,A,2024-11-04,381,111815,,,Cameron Norrie,L,188.0,GBR,29.2,200267,,,Zizou Bergs,R,185.0,BEL,25.4,6-3 6-7(6) 6-1,3,QF,128.0,3.0,1.0,90.0,63.0,47.0,16.0,15.0,3.0,4.0,5.0,2.0,81.0,61.0,40.0,11.0,13.0,4.0,8.0,57.0,962.0,61.0,886.0,2024
2024-0341,Metz,Hard,28,A,2024-11-04,380,210506,8.0,,Alex Michelsen,R,193.0,USA,20.1,207352,,,Bu Yunchaokete,R,185.0,CHN,22.7,6-7(6) 6-2 6-4,3,QF,142.0,10.0,4.0,96.0,72.0,52.0,13.0,15.0,7.0,9.0,8.0,3.0,110.0,75.0,50.0,15.0,15.0,9.0,14.0,44.0,1245.0,72.0,749.0,2024
2024-0341,Metz,Hard,28,A,2024-11-04,379,126127,,Q,Benjamin Bonzi,R,183.0,FRA,28.4,111460,,Q,Quentin Halys,R,191.0,FRA,28.0,6-3 7-6(1),3,QF,78.0,0.0,1.0,55.0,35.0,30.0,15.0,10.0,2.0,2.0,13.0,0.0,65.0,35.0,29.0,14.0,11.0,4.0,6.0,124.0,473.0,84.0,693.0,2024
2024-0341,Metz,Hard,28,A,2024-11-04,378,126094,1.0,,Andrey Rublev,R,188.0,RUS,27.0,132283,,,Lorenzo Sonego,R,191.0,ITA,29.4,7-6(3) 7-5,3,R16,112.0,6.0,1.0,82.0,50.0,38.0,20.0,12.0,5.0,5.0,12.0,0.0,84.0,63.0,44.0,10.0,12.0,5.0,6.0,9.0,3720.0,51.0,1046.0,2024
2024-0341,Metz,Hard,28,A,2024-11-04,377,144895,,,Corentin Moutet,L,180.0,FRA,25.5,105526,7.0,,Jan Lennard Struff,R,193.0,GER,34.5,7-6(2) 5-7 6-3,3,R16,154.0,4.0,2.0,106.0,78.0,57.0,11.0,17.0,6.0,9.0,9.0,4.0,115.0,66.0,45.0,28.0,16.0,11.0,14.0,66.0,804.0,40.0,1290.0,2024
2024-0341,Metz,Hard,28,A,2024-11-04,376,111815,,,Cameron Norrie,L,188.0,GBR,29.2,209414,,LL,Luca Van Assche,R,178.0,FRA,20.4,6-3 3-6 6-1,3,R16,112.0,5.0,2.0,75.0,53.0,39.0,15.0,13.0,3.0,4.0,6.0,3.0,77.0,51.0,36.0,10.0,12.0,3.0,6.0,57.0,962.0,112.0,509.0,2024
2024-0341,Metz,Hard,28,A,2024-11-04,375,200267,,,Zizou Bergs,R,185.0,BEL,25.4,200384,,,Hugo Gaston,L,173.0,FRA,24.1,6-4 7-5,3,R16,78.0,3.0,1.0,55.0,30.0,24.0,17.0,11.0,0.0,1.0,1.0,2.0,64.0,41.0,30.0,9.0,11.0,1.0,4.0,61.0,886.0,81.0,712.0,2024
2024-0341,Metz,Hard,28,A,2024-11-04,374,210506,8.0,,Alex Michelsen,R,193.0,USA,20.1,104755,,WC,Richard Gasquet,R,183.0,FRA,38.3,6-7(4) 7-6(3) 7-6(8),3,R16,164.0,13.0,2.0,124.0,98.0,71.0,14.0,18.0,2.0,3.0,4.0,3.0,125.0,74.0,57.0,26.0,18.0,5.0,6.0,44.0,1245.0,133.0,445.0,2024
2024-0341,Metz,Hard,28,A,2024-11-04,373,207352,,,Bu Yunchaokete,R,185.0,CHN,22.7,207411,,Q,Jesper De Jong,R,180.0,NED,24.4,6-4 7-6(1),3,R16,100.0,7.0,1.0,61.0,40.0,31.0,17.0,11.0,0.0,0.0,11.0,2.0,74.0,45.0,34.0,14.0,11.0,5.0,6.0,72.0,749.0,109.0,541.0,2024
2024-0341,Metz,Hard,28,A,2024-11-04,372,111460,,Q,Quentin Halys,R,191.0,FRA,28.0,105732,,LL,Pierre Hugues Herbert,R,188.0,FRA,33.6,6-1 4-6 6-4,3,R16,128.0,10.0,7.0,100.0,57.0,45.0,19.0,14.0,6.0,7.0,11.0,3.0,93.0,64.0,45.0,14.0,13.0,2.0,5.0,84.0,693.0,127.0,471.0,2024
2024-0341,Metz,Hard,28,A,2024-11-04,371,126127,,Q,Benjamin Bonzi,R,183.0,FRA,28.4,134770,2.0,,Casper Ruud,R,183.0,NOR,25.8,6-4 6-4,3,R16,77.0,7.0,0.0,55.0,39.0,33.0,9.0,10.0,1.0,1.0,6.0,4.0,62.0,44.0,30.0,9.0,10.0,3.0,5.0,124.0,473.0,7.0,3855.0,2024
2024-0341,Metz,Hard,28,A,2024-11-04,370,132283,,,Lorenzo Sonego,R,191.0,ITA,29.4,106296,,LL,Gregoire Barrere,R,183.0,FRA,30.7,6-4 7-5,3,R32,95.0,7.0,0.0,61.0,45.0,32.0,10.0,11.0,4.0,5.0,3.0,0.0,71.0,53.0,31.0,11.0,11.0,3.0,6.0,51.0,1046.0,166.0,362.0,2024
2024-4787,Belgrade,Hard,28,A,2024-11-04,385,133430,,Q,Denis Shapovalov,L,185.0,CAN,25.5,209098,,W,Hamad Medjedovic,R,188.0,SRB,21.3,6-4 6-4,3,F,74.0,13.0,3.0,54.0,34.0,28.0,13.0,10.0,2.0,2.0,3.0,2.0,61.0,46.0,30.0,8.0,10.0,0.0,2.0,78.0,718.0,156.0,378.0,2024
2024-0341,Metz,Hard,28,A,2024-11-04,369,144895,,,Corentin Moutet,L,180.0,FRA,25.5,111576,,,Sumit Nagal,R,178.0,IND,27.2,7-5 4-0 RET,3,R32,97.0,1.0,1.0,65.0,44.0,26.0,13.0,8.0,4.0,6.0,3.0,2.0,66.0,43.0,20.0,11.0,8.0,9.0,14.0,66.0,804.0,83.0,697.0,2024
2024-0341,Metz,Hard,28,A,2024-11-04,368,105526,7.0,,Jan Lennard Struff,R,193.0,GER,34.5,207686,,,Alexander Shevchenko,R,185.0,KAZ,23.9,3-6 6-4 6-4,3,R32,101.0,10.0,3.0,82.0,57.0,44.0,11.0,15.0,5.0,8.0,8.0,7.0,106.0,54.0,37.0,26.0,14.0,6.0,9.0,40.0,1290.0,64.0,840.0,2024
2024-0341,Metz,Hard,28,A,2024-11-04,367,111815,,,Cameron Norrie,L,188.0,GBR,29.2,106148,,,Roberto Carballes Baena,R,183.0,ESP,31.6,3-6 6-4 6-3,3,R32,136.0,9.0,2.0,112.0,81.0,49.0,16.0,14.0,12.0,15.0,4.0,1.0,79.0,58.0,38.0,10.0,14.0,4.0,8.0,57.0,962.0,56.0,981.0,2024
2024-0341,Metz,Hard,28,A,2024-11-04,366,200267,,,Zizou Bergs,R,185.0,BEL,25.4,131905,,LL,Manuel Guinard,R,198.0,FRA,28.9,6-4 6-4,3,R32,82.0,4.0,2.0,56.0,36.0,27.0,15.0,10.0,0.0,0.0,5.0,1.0,72.0,47.0,35.0,10.0,10.0,6.0,8.0,61.0,886.0,264.0,204.0,2024
2024-0341,Metz,Hard,28,A,2024-11-04,365,200384,,,Hugo Gaston,L,173.0,FRA,24.1,208169,,LL,Titouan Droguet,R,191.0,FRA,23.3,7-6(6) 4-6 6-3,3,R32,122.0,4.0,1.0,97.0,51.0,37.0,26.0,16.0,1.0,5.0,16.0,3.0,98.0,65.0,45.0,15.0,15.0,4.0,8.0,81.0,712.0,174.0,338.0,2024
2024-0341,Metz,Hard,28,A,2024-11-04,364,210506,8.0,,Alex Michelsen,R,193.0,USA,20.1,208004,,WC,Harold Mayot,R,180.0,FRA,22.7,6-3 6-1,3,R32,76.0,7.0,2.0,68.0,47.0,35.0,9.0,8.0,9.0,9.0,2.0,1.0,49.0,23.0,11.0,15.0,8.0,1.0,5.0,44.0,1245.0,107.0,567.0,2024
2024-0341,Metz,Hard,28,A,2024-11-04,363,104755,,WC,Richard Gasquet,R,183.0,FRA,38.3,106329,,,Thiago Monteiro,L,183.0,BRA,30.4,4-6 6-4 7-6(6),3,R32,139.0,14.0,4.0,90.0,55.0,49.0,20.0,16.0,1.0,2.0,10.0,2.0,97.0,63.0,52.0,18.0,16.0,2.0,3.0,133.0,445.0,100.0,609.0,2024
2024-0341,Metz,Hard,28,A,2024-11-04,362,207352,,,Bu Yunchaokete,R,185.0,CHN,22.7,105173,,,Adrian Mannarino,L,180.0,FRA,36.3,7-6(4) 6-4,3,R32,95.0,8.0,0.0,66.0,43.0,32.0,17.0,11.0,3.0,3.0,9.0,0.0,63.0,37.0,28.0,15.0,11.0,0.0,1.0,72.0,749.0,54.0,1019.0,2024
2024-0341,Metz,Hard,28,A,2024-11-04,361,105732,,LL,Pierre Hugues Herbert,R,188.0,FRA,33.6,124079,6.0,,Pedro Martinez,R,185.0,ESP,27.5,6-3 3-6 7-6(4),3,R32,151.0,12.0,5.0,97.0,61.0,46.0,12.0,15.0,5.0,9.0,4.0,5.0,106.0,82.0,51.0,10.0,15.0,10.0,14.0,127.0,471.0,42.0,1270.0,2024
2024-0341,Metz,Hard,28,A,2024-11-04,383,126127,,Q,Benjamin Bonzi,R,183.0,FRA,28.4,210506,8.0,,Alex Michelsen,R,193.0,USA,20.1,4-6 6-0 7-5,3,SF,121.0,9.0,0.0,81.0,57.0,37.0,16.0,14.0,7.0,10.0,2.0,2.0,104.0,71.0,40.0,15.0,14.0,8.0,14.0,124.0,473.0,44.0,1245.0,2024
2024-0341,Metz,Hard,28,A,2024-11-04,384,111815,,,Cameron Norrie,L,188.0,GBR,29.2,144895,,,Corentin Moutet,L,180.0,FRA,25.5,6-2 7-6(5),3,SF,92.0,3.0,0.0,65.0,49.0,30.0,12.0,10.0,2.0,4.0,0.0,0.0,56.0,42.0,24.0,6.0,10.0,1.0,5.0,57.0,962.0,66.0,804.0,2024
2024-4787,Belgrade,Hard,28,A,2024-11-04,378,111513,,WC,Laslo Djere,R,188.0,SRB,29.4,207213,,LL,Duje Ajdukovic,R,188.0,CRO,23.7,6-1 7-6(8),3,R16,85.0,12.0,2.0,66.0,41.0,32.0,13.0,10.0,1.0,2.0,5.0,0.0,59.0,39.0,26.0,10.0,9.0,4.0,7.0,141.0,419.0,115.0,506.0,2024
2024-4787,Belgrade,Hard,28,A,2024-11-04,359,133430,,Q,Denis Shapovalov,L,185.0,CAN,25.5,105916,,Q,Marton Fucsovics,R,188.0,HUN,32.7,6-7(6) 7-5 6-1,3,R32,156.0,8.0,9.0,116.0,72.0,52.0,20.0,15.0,6.0,7.0,4.0,1.0,99.0,70.0,45.0,16.0,16.0,3.0,8.0,78.0,718.0,91.0,629.0,2024
2024-4787,Belgrade,Hard,28,A,2024-11-04,375,209098,,WC,Hamad Medjedovic,R,188.0,SRB,21.3,206499,,,Aleksandar Kovacevic,R,183.0,USA,26.1,7-6(5) 6-4,3,R16,80.0,10.0,1.0,57.0,46.0,39.0,9.0,11.0,0.0,0.0,16.0,2.0,69.0,52.0,40.0,8.0,11.0,1.0,2.0,156.0,378.0,101.0,607.0,2024
2024-4787,Belgrade,Hard,28,A,2024-11-04,376,202103,3.0,,Francisco Cerundolo,R,185.0,ARG,26.2,126128,,,Roman Safiullin,R,185.0,RUS,27.2,6-4 6-4,3,R16,91.0,6.0,1.0,59.0,33.0,28.0,13.0,10.0,2.0,2.0,4.0,1.0,63.0,42.0,29.0,11.0,10.0,2.0,4.0,29.0,1580.0,60.0,898.0,2024
2024-4787,Belgrade,Hard,28,A,2024-11-04,377,206681,,,Fabian Marozsan,R,193.0,HUN,25.0,105583,,,Dusan Lajovic,R,183.0,SRB,34.3,6-3 7-5,3,R16,73.0,6.0,1.0,60.0,51.0,39.0,6.0,11.0,0.0,0.0,9.0,2.0,65.0,49.0,35.0,6.0,10.0,3.0,5.0,59.0,930.0,86.0,685.0,2024
2024-4787,Belgrade,Hard,28,A,2024-11-04,374,127760,,Q,Lukas Klein,R,193.0,SVK,26.6,144869,7.0,,Tomas Martin Etcheverry,R,196.0,ARG,25.3,6-4 7-6(6),3,R16,106.0,7.0,2.0,66.0,47.0,35.0,13.0,11.0,0.0,1.0,8.0,1.0,83.0,56.0,38.0,13.0,11.0,5.0,7.0,153.0,380.0,39.0,1315.0,2024
2024-4787,Belgrade,Hard,28,A,2024-11-04,379,133430,,Q,Denis Shapovalov,L,185.0,CAN,25.5,106331,,,Christopher Oconnell,R,183.0,AUS,30.4,6-2 6-2,3,QF,71.0,12.0,2.0,43.0,32.0,29.0,5.0,8.0,2.0,2.0,2.0,1.0,62.0,42.0,23.0,9.0,8.0,2.0,6.0,78.0,718.0,71.0,765.0,2024
2024-4787,Belgrade,Hard,28,A,2024-11-04,380,208103,4.0,,Jiri Lehecka,R,185.0,CZE,22.9,127760,,Q,Lukas Klein,R,193.0,SVK,26.6,3-6 7-6(3) 6-3,3,QF,120.0,11.0,2.0,99.0,63.0,49.0,16.0,16.0,3.0,6.0,12.0,1.0,96.0,70.0,48.0,13.0,14.0,8.0,10.0,31.0,1560.0,153.0,380.0,2024
2024-4787,Belgrade,Hard,28,A,2024-11-04,381,209098,,WC,Hamad Medjedovic,R,188.0,SRB,21.3,202103,3.0,,Francisco Cerundolo,R,185.0,ARG,26.2,6-4 6-2,3,QF,73.0,5.0,1.0,44.0,29.0,23.0,11.0,9.0,3.0,4.0,1.0,4.0,58.0,34.0,21.0,10.0,9.0,6.0,10.0,156.0,378.0,29.0,1580.0,2024
2024-4787,Belgrade,Hard,28,A,2024-11-04,382,111513,,WC,Laslo Djere,R,188.0,SRB,29.4,206681,,,Fabian Marozsan,R,193.0,HUN,25.0,6-4 6-2,3,QF,68.0,12.0,1.0,53.0,36.0,29.0,10.0,9.0,1.0,1.0,2.0,0.0,58.0,46.0,31.0,4.0,9.0,4.0,7.0,141.0,419.0,59.0,930.0,2024
2024-4787,Belgrade,Hard,28,A,2024-11-04,383,133430,,Q,Denis Shapovalov,L,185.0,CAN,25.5,208103,4.0,,Jiri Lehecka,R,185.0,CZE,22.9,6-2 6-1,3,SF,56.0,4.0,4.0,38.0,26.0,25.0,7.0,8.0,0.0,0.0,3.0,2.0,51.0,33.0,20.0,3.0,7.0,7.0,11.0,78.0,718.0,31.0,1560.0,2024
2024-4787,Belgrade,Hard,28,A,2024-11-04,373,208103,4.0,,Jiri Lehecka,R,185.0,CZE,22.9,105227,,PR,Marin Cilic,R,198.0,CRO,36.1,6-4 7-6(4),3,R16,103.0,5.0,0.0,60.0,37.0,33.0,16.0,11.0,0.0,0.0,15.0,2.0,77.0,47.0,40.0,12.0,11.0,4.0,5.0,31.0,1560.0,196.0,298.0,2024
2024-0341,Metz,Hard,28,A,2024-11-04,385,126127,,Q,Benjamin Bonzi,R,183.0,FRA,28.4,111815,,,Cameron Norrie,L,188.0,GBR,29.2,7-6(6) 6-4,3,F,114.0,10.0,0.0,89.0,60.0,45.0,15.0,11.0,13.0,14.0,5.0,2.0,68.0,47.0,34.0,13.0,11.0,4.0,6.0,124.0,473.0,57.0,962.0,2024
2024-4787,Belgrade,Hard,28,A,2024-11-04,372,106331,,,Christopher Oconnell,R,183.0,AUS,30.4,127157,,,Daniel Altmaier,R,188.0,GER,26.1,6-3 6-1,3,R16,78.0,2.0,0.0,50.0,30.0,24.0,13.0,8.0,1.0,1.0,5.0,1.0,65.0,36.0,22.0,10.0,8.0,7.0,11.0,71.0,765.0,93.0,625.0,2024
2024-4787,Belgrade,Hard,28,A,2024-11-04,370,111513,,WC,Laslo Djere,R,188.0,SRB,29.4,104527,,WC,Stan Wawrinka,R,183.0,SUI,39.6,6-4 6-4,3,R32,83.0,10.0,0.0,56.0,41.0,32.0,10.0,10.0,3.0,3.0,10.0,0.0,74.0,47.0,34.0,10.0,10.0,6.0,8.0,141.0,419.0,148.0,391.0,2024
2024-4787,Belgrade,Hard,28,A,2024-11-04,369,206681,,,Fabian Marozsan,R,193.0,HUN,25.0,209992,,,Juncheng Shang,L,180.0,CHN,19.7,2-6 7-6(5) 7-5,3,R32,127.0,6.0,1.0,116.0,82.0,53.0,18.0,16.0,5.0,8.0,5.0,2.0,90.0,58.0,47.0,15.0,16.0,1.0,3.0,59.0,930.0,50.0,1115.0,2024
2024-4787,Belgrade,Hard,28,A,2024-11-04,368,105583,,,Dusan Lajovic,R,183.0,SRB,34.3,208363,9.0,,Mariano Navone,R,178.0,ARG,23.6,6-0 7-6(3),3,R32,84.0,5.0,0.0,60.0,38.0,29.0,14.0,9.0,4.0,4.0,2.0,2.0,62.0,36.0,23.0,12.0,9.0,4.0,7.0,86.0,685.0,45.0,1198.0,2024
2024-4787,Belgrade,Hard,28,A,2024-11-04,367,126128,,,Roman Safiullin,R,185.0,RUS,27.2,104926,,,Fabio Fognini,R,178.0,ITA,37.4,6-3 6-3,3,R32,74.0,9.0,2.0,47.0,29.0,28.0,7.0,9.0,0.0,1.0,2.0,0.0,59.0,35.0,21.0,10.0,9.0,3.0,7.0,60.0,898.0,74.0,745.0,2024
2024-4787,Belgrade,Hard,28,A,2024-11-04,366,206499,,,Aleksandar Kovacevic,R,183.0,USA,26.1,210025,,Q,Branko Djuric,R,188.0,SRB,19.7,6-2 6-2,3,R32,62.0,11.0,1.0,38.0,26.0,22.0,10.0,8.0,0.0,0.0,9.0,2.0,53.0,32.0,20.0,8.0,8.0,3.0,7.0,101.0,607.0,781.0,30.0,2024
2024-4787,Belgrade,Hard,28,A,2024-11-04,365,209098,,WC,Hamad Medjedovic,R,188.0,SRB,21.3,206909,6.0,,Brandon Nakashima,R,188.0,USA,23.2,3-6 7-5 6-3,3,R32,119.0,16.0,3.0,81.0,59.0,46.0,14.0,15.0,2.0,3.0,14.0,0.0,93.0,69.0,49.0,13.0,15.0,3.0,5.0,156.0,378.0,37.0,1350.0,2024
2024-4787,Belgrade,Hard,28,A,2024-11-04,364,144869,7.0,,Tomas Martin Etcheverry,R,196.0,ARG,25.3,200303,,,Pavel Kotov,R,191.0,RUS,25.9,6-3 6-4,3,R32,84.0,5.0,1.0,58.0,46.0,37.0,6.0,10.0,4.0,4.0,3.0,3.0,56.0,40.0,26.0,7.0,9.0,5.0,7.0,39.0,1315.0,75.0,745.0,2024
2024-4787,Belgrade,Hard,28,A,2024-11-04,363,127760,,Q,Lukas Klein,R,193.0,SVK,26.6,105902,,,James Duckworth,R,183.0,AUS,32.7,6-4 6-2,3,R32,77.0,5.0,2.0,45.0,27.0,19.0,11.0,9.0,2.0,4.0,4.0,3.0,73.0,44.0,27.0,7.0,9.0,16.0,21.0,153.0,380.0,77.0,731.0,2024
2024-4787,Belgrade,Hard,28,A,2024-11-04,362,105227,,PR,Marin Cilic,R,198.0,CRO,36.1,124186,,,Alexandre Muller,R,183.0,FRA,27.7,7-6(2) 6-3,3,R32,93.0,11.0,2.0,65.0,40.0,31.0,14.0,10.0,2.0,3.0,1.0,2.0,70.0,47.0,31.0,11.0,11.0,5.0,8.0,196.0,298.0,68.0,790.0,2024
2024-4787,Belgrade,Hard,28,A,2024-11-04,361,127157,,,Daniel Altmaier,R,188.0,GER,26.1,209260,8.0,,Luciano Darderi,R,183.0,ITA,22.7,7-6(1) 6-3,3,R32,76.0,10.0,1.0,60.0,43.0,35.0,12.0,11.0,0.0,0.0,2.0,0.0,52.0,29.0,21.0,15.0,10.0,0.0,1.0,93.0,625.0,43.0,1248.0,2024
2024-4787,Belgrade,Hard,28,A,2024-11-04,360,106331,,,Christopher Oconnell,R,183.0,AUS,30.4,200175,,,Miomir Kecmanovic,R,183.0,SRB,25.1,6-1 6-1,3,R32,62.0,8.0,2.0,47.0,30.0,25.0,8.0,7.0,5.0,5.0,0.0,0.0,50.0,29.0,16.0,6.0,7.0,5.0,10.0,71.0,765.0,53.0,1021.0,2024
2024-4787,Belgrade,Hard,28,A,2024-11-04,371,133430,,Q,Denis Shapovalov,L,185.0,CAN,25.5,132686,5.0,,Nuno Borges,R,185.0,POR,27.7,6-2 6-4,3,R16,64.0,9.0,4.0,47.0,34.0,31.0,7.0,9.0,1.0,1.0,1.0,2.0,52.0,37.0,21.0,8.0,9.0,2.0,5.0,78.0,718.0,33.0,1446.0,2024
2024-0605,Tour Finals,Hard,8,F,2024-11-11,385,206173,1.0,,Jannik Sinner,R,191.0,ITA,23.2,126203,5.0,,Taylor Fritz,R,196.0,USA,27.0,6-4 6-4,3,F,84.0,14.0,0.0,56.0,40.0,33.0,10.0,10.0,1.0,1.0,8.0,2.0,61.0,46.0,32.0,9.0,10.0,4.0,6.0,1.0,10330.0,5.0,4300.0,2024
2024-0605,Tour Finals,Hard,8,F,2024-11-11,371,134770,6.0,,Casper Ruud,R,183.0,NOR,25.8,126094,8.0,,Andrey Rublev,R,188.0,RUS,27.0,6-4 5-7 6-2,3,RR,104.0,15.0,1.0,85.0,64.0,51.0,8.0,15.0,3.0,4.0,10.0,3.0,76.0,43.0,33.0,17.0,15.0,1.0,4.0,7.0,3855.0,8.0,3760.0,2024
2024-0605,Tour Finals,Hard,8,F,2024-11-11,379,126203,5.0,,Taylor Fritz,R,196.0,USA,27.0,106421,4.0,,Daniil Medvedev,R,198.0,RUS,28.7,6-4 6-3,3,RR,80.0,9.0,0.0,58.0,40.0,34.0,10.0,10.0,3.0,3.0,8.0,8.0,60.0,38.0,30.0,6.0,9.0,2.0,4.0,5.0,4300.0,4.0,4830.0,2024
2024-0605,Tour Finals,Hard,8,F,2024-11-11,373,134770,6.0,,Casper Ruud,R,183.0,NOR,25.8,207989,3.0,,Carlos Alcaraz,R,183.0,ESP,21.5,6-1 7-5,3,RR,85.0,5.0,0.0,74.0,50.0,34.0,14.0,10.0,5.0,6.0,4.0,2.0,44.0,29.0,17.0,8.0,9.0,0.0,4.0,7.0,3855.0,3.0,6810.0,2024
2024-0605,Tour Finals,Hard,8,F,2024-11-11,384,206173,1.0,,Jannik Sinner,R,191.0,ITA,23.2,134770,6.0,,Casper Ruud,R,183.0,NOR,25.8,6-1 6-2,3,SF,69.0,9.0,0.0,46.0,27.0,22.0,12.0,8.0,2.0,2.0,1.0,0.0,39.0,22.0,14.0,4.0,7.0,3.0,7.0,1.0,10330.0,7.0,3855.0,2024
2024-0605,Tour Finals,Hard,8,F,2024-11-11,383,126203,5.0,,Taylor Fritz,R,196.0,USA,27.0,100644,2.0,,Alexander Zverev,R,198.0,GER,27.5,6-3 3-6 7-6(3),3,SF,141.0,15.0,1.0,104.0,74.0,63.0,10.0,15.0,6.0,7.0,10.0,2.0,90.0,70.0,56.0,10.0,15.0,5.0,6.0,5.0,4300.0,2.0,7315.0,2024
2024-0605,Tour Finals,Hard,8,F,2024-11-11,382,206173,1.0,,Jannik Sinner,R,191.0,ITA,23.2,106421,4.0,,Daniil Medvedev,R,198.0,RUS,28.7,6-3 6-4,3,RR,73.0,4.0,0.0,49.0,28.0,23.0,15.0,10.0,1.0,2.0,6.0,0.0,52.0,33.0,24.0,8.0,9.0,2.0,5.0,1.0,10330.0,4.0,4830.0,2024
2024-0605,Tour Finals,Hard,8,F,2024-11-11,381,206173,1.0,,Jannik Sinner,R,191.0,ITA,23.2,126203,5.0,,Taylor Fritz,R,196.0,USA,27.0,6-4 6-4,3,RR,100.0,6.0,0.0,66.0,39.0,30.0,16.0,10.0,1.0,1.0,7.0,0.0,64.0,38.0,30.0,10.0,10.0,4.0,6.0,1.0,10330.0,5.0,4300.0,2024
2024-0605,Tour Finals,Hard,8,F,2024-11-11,372,207989,3.0,,Carlos Alcaraz,R,183.0,ESP,21.5,126094,8.0,,Andrey Rublev,R,188.0,RUS,27.0,6-3 7-6(8),3,RR,96.0,10.0,3.0,63.0,44.0,37.0,12.0,10.0,0.0,0.0,7.0,1.0,76.0,53.0,40.0,12.0,11.0,2.0,4.0,3.0,6810.0,8.0,3760.0,2024
2024-0605,Tour Finals,Hard,8,F,2024-11-11,378,106421,4.0,,Daniil Medvedev,R,198.0,RUS,28.7,200282,7.0,,Alex De Minaur,R,183.0,AUS,25.7,6-2 6-4,3,RR,78.0,3.0,3.0,47.0,32.0,27.0,11.0,9.0,0.0,0.0,1.0,1.0,62.0,42.0,24.0,13.0,9.0,1.0,4.0,4.0,4830.0,9.0,3745.0,2024
2024-0605,Tour Finals,Hard,8,F,2024-11-11,377,126203,5.0,,Taylor Fritz,R,196.0,USA,27.0,200282,7.0,,Alex De Minaur,R,183.0,AUS,25.7,5-7 6-4 6-3,3,RR,128.0,6.0,1.0,97.0,62.0,52.0,16.0,16.0,4.0,6.0,6.0,3.0,75.0,44.0,37.0,15.0,15.0,3.0,6.0,5.0,4300.0,9.0,3745.0,2024
2024-0605,Tour Finals,Hard,8,F,2024-11-11,376,100644,2.0,,Alexander Zverev,R,198.0,GER,27.5,207989,3.0,,Carlos Alcaraz,R,183.0,ESP,21.5,7-6(5) 6-4,3,RR,117.0,9.0,1.0,70.0,55.0,40.0,10.0,11.0,2.0,2.0,6.0,0.0,87.0,58.0,39.0,15.0,11.0,7.0,8.0,2.0,7315.0,3.0,6810.0,2024
2024-0605,Tour Finals,Hard,8,F,2024-11-11,375,100644,2.0,,Alexander Zverev,R,198.0,GER,27.5,134770,6.0,,Casper Ruud,R,183.0,NOR,25.8,7-6(3) 6-3,3,RR,86.0,11.0,1.0,61.0,47.0,41.0,9.0,11.0,0.0,0.0,3.0,0.0,56.0,45.0,33.0,7.0,10.0,0.0,1.0,2.0,7315.0,7.0,3855.0,2024
2024-0605,Tour Finals,Hard,8,F,2024-11-11,380,206173,1.0,,Jannik Sinner,R,191.0,ITA,23.2,200282,7.0,,Alex De Minaur,R,183.0,AUS,25.7,6-3 6-4,3,RR,85.0,8.0,1.0,49.0,32.0,26.0,13.0,10.0,0.0,1.0,3.0,2.0,55.0,36.0,24.0,7.0,9.0,4.0,7.0,1.0,10330.0,9.0,3745.0,2024
2024-0605,Tour Finals,Hard,8,F,2024-11-11,374,100644,2.0,,Alexander Zverev,R,198.0,GER,27.5,126094,8.0,,Andrey Rublev,R,188.0,RUS,27.0,6-4 6-4,3,RR,72.0,9.0,0.0,50.0,35.0,28.0,12.0,10.0,0.0,0.0,3.0,0.0,49.0,34.0,26.0,8.0,10.0,0.0,2.0,2.0,7315.0,8.0,3760.0,2024
2024-M-DC-2024-FLS-M-NED-ESP-01,Davis Cup Finals QF: NED vs ESP,Hard,2,D,2024-11-19,1,122298,,,Botic Van De Zandschulp,R,191.0,NED,29.1,104745,,,Rafael Nadal,L,185.0,ESP,38.4,6-4 6-4,3,RR,113.0,8.0,9.0,66.0,45.0,35.0,8.0,10.0,2.0,3.0,2.0,3.0,72.0,42.0,28.0,13.0,10.0,3.0,6.0,80.0,712.0,154.0,380.0,2024
2024-M-DC-2024-FLS-M-NED-ESP-01,Davis Cup Finals QF: NED vs ESP,Hard,2,D,2024-11-19,2,207989,,,Carlos Alcaraz,R,183.0,ESP,21.5,134868,,,Tallon Griekspoor,R,188.0,NED,28.3,7-6(0) 6-3,3,RR,85.0,11.0,1.0,51.0,29.0,28.0,16.0,11.0,0.0,1.0,11.0,1.0,64.0,41.0,30.0,9.0,10.0,3.0,5.0,3.0,7010.0,40.0,1280.0,2024
2024-M-DC-2024-FLS-M-GER-CAN-01,Davis Cup Finals QF: GER vs CAN,Hard,2,D,2024-11-20,1,127157,,,Daniel Altmaier,R,188.0,GER,26.1,209113,,,Gabriel Diallo,R,203.0,CAN,23.1,7-6(5) 6-4,3,RR,117.0,10.0,1.0,74.0,48.0,36.0,14.0,11.0,5.0,6.0,9.0,6.0,90.0,62.0,39.0,13.0,11.0,6.0,8.0,88.0,640.0,86.0,643.0,2024
2024-M-DC-2024-FLS-M-GER-CAN-01,Davis Cup Finals QF: GER vs CAN,Hard,2,D,2024-11-20,2,105526,,,Jan Lennard Struff,R,193.0,GER,34.5,133430,,,Denis Shapovalov,L,185.0,CAN,25.5,4-6 7-5 7-6(5),3,RR,127.0,8.0,4.0,109.0,66.0,51.0,22.0,17.0,6.0,8.0,27.0,13.0,106.0,58.0,52.0,23.0,17.0,6.0,8.0,43.0,1240.0,56.0,981.0,2024
2024-M-DC-2024-FLS-M-ITA-ARG-01,Davis Cup Finals QF: ITA vs ARG,Hard,2,D,2024-11-21,2,206173,,,Jannik Sinner,R,191.0,ITA,23.2,202104,,,Sebastian Baez,R,170.0,ARG,23.8,6-2 6-1,3,RR,72.0,7.0,2.0,58.0,31.0,22.0,17.0,8.0,4.0,4.0,1.0,0.0,49.0,35.0,16.0,5.0,7.0,5.0,9.0,1.0,11830.0,27.0,1690.0,2024
2024-M-DC-2024-FLS-M-ITA-ARG-01,Davis Cup Finals QF: ITA vs ARG,Hard,2,D,2024-11-21,1,202103,,,Francisco Cerundolo,R,185.0,ARG,26.2,207518,,,Lorenzo Musetti,R,185.0,ITA,22.7,6-4 6-1,3,RR,90.0,3.0,2.0,51.0,27.0,19.0,13.0,9.0,6.0,8.0,0.0,2.0,64.0,31.0,16.0,12.0,8.0,7.0,13.0,30.0,1620.0,17.0,2600.0,2024
2024-M-DC-2024-FLS-M-USA-AUS-01,Davis Cup Finals QF: USA vs AUS,Hard,2,D,2024-11-21,1,106423,,,Thanasi Kokkinakis,R,193.0,AUS,28.6,210097,,,Ben Shelton,L,193.0,USA,22.1,6-1 4-6 7-6(14),3,RR,137.0,18.0,1.0,97.0,66.0,55.0,16.0,15.0,3.0,4.0,21.0,2.0,110.0,87.0,60.0,12.0,14.0,8.0,11.0,77.0,716.0,21.0,2330.0,2024
2024-M-DC-2024-FLS-M-USA-AUS-01,Davis Cup Finals QF: USA vs AUS,Hard,2,D,2024-11-21,2,126203,,,Taylor Fritz,R,196.0,USA,27.0,200282,,,Alex De Minaur,R,183.0,AUS,25.7,6-3 6-4,3,RR,69.0,10.0,0.0,59.0,34.0,27.0,15.0,10.0,3.0,4.0,12.0,3.0,55.0,29.0,23.0,10.0,9.0,6.0,9.0,4.0,5100.0,9.0,3745.0,2024
2024-M-DC-2024-FLS-M-GER-NED-01,Davis Cup Finals SF: GER vs NED,Hard,2,D,2024-11-22,2,134868,,,Tallon Griekspoor,R,188.0,NED,28.3,105526,,,Jan Lennard Struff,R,193.0,GER,34.5,6-7(4) 7-5 6-4,3,RR,121.0,25.0,1.0,95.0,65.0,54.0,20.0,17.0,2.0,2.0,13.0,1.0,97.0,63.0,48.0,23.0,17.0,2.0,4.0,40.0,1280.0,43.0,1240.0,2024
2024-M-DC-2024-FLS-M-GER-NED-01,Davis Cup Finals SF: GER vs NED,Hard,2,D,2024-11-22,1,122298,,,Botic Van De Zandschulp,R,191.0,NED,29.1,127157,,,Daniel Altmaier,R,188.0,GER,26.1,6-4 6-7(12) 6-3,3,RR,162.0,4.0,4.0,124.0,86.0,58.0,21.0,16.0,7.0,9.0,16.0,3.0,99.0,61.0,45.0,19.0,15.0,6.0,10.0,80.0,712.0,88.0,640.0,2024
2024-M-DC-2024-FLS-M-ITA-AUS-01,Davis Cup Finals SF: ITA vs AUS,Hard,2,D,2024-11-23,2,206173,,,Jannik Sinner,R,191.0,ITA,23.2,200282,,,Alex De Minaur,R,183.0,AUS,25.7,6-3 6-4,3,RR,88.0,4.0,0.0,57.0,37.0,30.0,9.0,10.0,0.0,1.0,5.0,1.0,59.0,34.0,21.0,12.0,9.0,3.0,6.0,1.0,11830.0,9.0,3745.0,2024
2024-M-DC-2024-FLS-M-ITA-AUS-01,Davis Cup Finals SF: ITA vs AUS,Hard,2,D,2024-11-23,1,126610,,,Matteo Berrettini,R,196.0,ITA,28.6,106423,,,Thanasi Kokkinakis,R,193.0,AUS,28.6,6-7(6) 6-3 7-5,3,RR,163.0,14.0,0.0,103.0,76.0,62.0,14.0,17.0,1.0,2.0,12.0,4.0,102.0,60.0,47.0,20.0,16.0,7.0,10.0,35.0,1380.0,77.0,716.0,2024
2024-M-DC-2024-FLS-M-ITA-NED-01,Davis Cup Finals F: ITA vs NED,Hard,2,D,2024-11-24,1,126610,,,Matteo Berrettini,R,196.0,ITA,28.6,122298,,,Botic Van De Zandschulp,R,191.0,NED,29.1,6-4 6-2,3,RR,76.0,16.0,1.0,51.0,35.0,30.0,8.0,9.0,0.0,0.0,3.0,1.0,56.0,36.0,25.0,7.0,9.0,1.0,4.0,35.0,1380.0,80.0,712.0,2024
2024-M-DC-2024-FLS-M-ITA-NED-01,Davis Cup Finals F: ITA vs NED,Hard,2,D,2024-11-24,2,206173,,,Jannik Sinner,R,191.0,ITA,23.2,134868,,,Tallon Griekspoor,R,188.0,NED,28.3,7-6(2) 6-2,3,RR,91.0,15.0,1.0,60.0,44.0,35.0,9.0,10.0,2.0,3.0,6.0,3.0,59.0,39.0,28.0,9.0,10.0,2.0,5.0,1.0,11830.0,40.0,1280.0,2024
2024-7696,Next Gen Finals,Hard,8,F,2024-12-18,397,209950,1.0,,Arthur Fils,R,185.0,FRA,20.5,210150,3.0,,Jakub Mensik,R,193.0,CZE,19.2,4-2 4-3(4) 4-2,5,RR,77.0,6.0,2.0,55.0,33.0,25.0,13.0,9.0,4.0,5.0,2.0,4.0,57.0,33.0,24.0,8.0,9.0,4.0,7.0,20.0,2355.0,48.0,1136.0,2024
2024-7696,Next Gen Finals,Hard,8,F,2024-12-18,398,210530,5.0,,Learner Tien,L,180.0,USA,19.0,210506,2.0,,Alex Michelsen,R,193.0,USA,20.3,2-4 4-2 1-4 4-0 4-1,5,SF,95.0,5.0,3.0,67.0,41.0,31.0,16.0,13.0,2.0,4.0,7.0,0.0,73.0,55.0,38.0,7.0,13.0,5.0,9.0,122.0,493.0,41.0,1245.0,2024
2024-7696,Next Gen Finals,Hard,8,F,2024-12-18,399,211663,8.0,,Joao Fonseca,R,185.0,BRA,18.3,209414,6.0,,Luca Van Assche,R,178.0,FRA,20.5,4-2 4-2 4-1,5,SF,60.0,6.0,0.0,38.0,27.0,23.0,9.0,8.0,0.0,0.0,7.0,2.0,51.0,35.0,19.0,7.0,9.0,10.0,14.0,145.0,409.0,128.0,471.0,2024
2024-7696,Next Gen Finals,Hard,8,F,2024-12-18,400,211663,8.0,,Joao Fonseca,R,185.0,BRA,18.3,210530,5.0,,Learner Tien,L,180.0,USA,19.0,2-4 4-3(8) 4-0 4-2,5,F,87.0,8.0,0.0,63.0,41.0,34.0,15.0,11.0,2.0,3.0,4.0,1.0,72.0,51.0,33.0,10.0,11.0,6.0,9.0,145.0,409.0,122.0,493.0,2024
2024-7696,Next Gen Finals,Hard,8,F,2024-12-18,390,210506,2.0,,Alex Michelsen,R,193.0,USA,20.3,209414,6.0,,Luca Van Assche,R,178.0,FRA,20.5,1-4 4-2 4-3(6) 4-3(5),5,RR,102.0,6.0,0.0,81.0,55.0,39.0,14.0,12.0,3.0,6.0,4.0,3.0,71.0,48.0,31.0,15.0,11.0,1.0,3.0,41.0,1245.0,128.0,471.0,2024
2024-7696,Next Gen Finals,Hard,8,F,2024-12-18,396,210530,5.0,,Learner Tien,L,180.0,USA,19.0,209950,1.0,,Arthur Fils,R,185.0,FRA,20.5,4-2 4-2 3-4(4) 4-3(5),5,RR,102.0,6.0,1.0,80.0,53.0,43.0,12.0,12.0,3.0,3.0,9.0,3.0,77.0,49.0,40.0,9.0,12.0,4.0,6.0,122.0,493.0,20.0,2355.0,2024
2024-7696,Next Gen Finals,Hard,8,F,2024-12-18,394,210530,5.0,,Learner Tien,L,180.0,USA,19.0,210150,3.0,,Jakub Mensik,R,193.0,CZE,19.2,4-3(6) 4-3(3) 2-4 2-4 4-3(8),5,RR,137.0,1.0,1.0,113.0,76.0,51.0,21.0,15.0,6.0,9.0,24.0,2.0,93.0,61.0,51.0,18.0,15.0,0.0,1.0,122.0,493.0,48.0,1136.0,2024
2024-7696,Next Gen Finals,Hard,8,F,2024-12-18,393,211663,8.0,,Joao Fonseca,R,185.0,BRA,18.3,210150,3.0,,Jakub Mensik,R,193.0,CZE,19.2,3-4(4) 4-3(8) 4-3(5) 3-4(4) 4-3(5),5,RR,131.0,11.0,2.0,111.0,81.0,62.0,18.0,15.0,4.0,5.0,22.0,4.0,113.0,76.0,61.0,18.0,15.0,3.0,4.0,145.0,409.0,48.0,1136.0,2024
2024-7696,Next Gen Finals,Hard,8,F,2024-12-18,392,211663,8.0,,Joao Fonseca,R,185.0,BRA,18.3,210530,5.0,,Learner Tien,L,180.0,USA,19.0,4-0 4-0 1-4 4-2,5,RR,67.0,3.0,0.0,43.0,30.0,23.0,9.0,9.0,0.0,1.0,4.0,2.0,59.0,43.0,28.0,5.0,10.0,10.0,15.0,145.0,409.0,122.0,493.0,2024
2024-7696,Next Gen Finals,Hard,8,F,2024-12-18,386,209414,6.0,,Luca Van Assche,R,178.0,FRA,20.5,210460,7.0,,Nishesh Basavareddy,R,180.0,USA,19.6,3-4(2) 4-3(7) 4-2 4-2,5,RR,120.0,11.0,3.0,73.0,45.0,39.0,14.0,12.0,2.0,3.0,3.0,3.0,86.0,50.0,35.0,14.0,12.0,11.0,14.0,128.0,471.0,138.0,440.0,2024
2024-7696,Next Gen Finals,Hard,8,F,2024-12-18,387,210460,7.0,,Nishesh Basavareddy,R,180.0,USA,19.6,209992,4.0,,Juncheng Shang,L,180.0,CHN,19.8,3-4(4) 4-2 4-2 4-1,5,RR,93.0,14.0,2.0,64.0,45.0,35.0,9.0,11.0,5.0,6.0,6.0,3.0,78.0,44.0,27.0,18.0,12.0,6.0,11.0,138.0,440.0,50.0,1115.0,2024
2024-7696,Next Gen Finals,Hard,8,F,2024-12-18,388,209414,6.0,,Luca Van Assche,R,178.0,FRA,20.5,209992,4.0,,Juncheng Shang,L,180.0,CHN,19.8,4-3(3) 2-4 4-1 4-3(5),5,RR,116.0,8.0,1.0,76.0,57.0,39.0,11.0,12.0,2.0,4.0,7.0,3.0,78.0,50.0,35.0,9.0,11.0,11.0,13.0,128.0,471.0,50.0,1115.0,2024
2024-7696,Next Gen Finals,Hard,8,F,2024-12-18,389,210506,2.0,,Alex Michelsen,R,193.0,USA,20.3,210460,7.0,,Nishesh Basavareddy,R,180.0,USA,19.6,2-4 4-3(5) 4-3(4) 4-2,5,RR,112.0,9.0,4.0,79.0,47.0,39.0,12.0,12.0,2.0,5.0,3.0,4.0,76.0,48.0,35.0,15.0,12.0,4.0,7.0,41.0,1245.0,138.0,440.0,2024
2024-7696,Next Gen Finals,Hard,8,F,2024-12-18,391,210506,2.0,,Alex Michelsen,R,193.0,USA,20.3,209992,4.0,,Juncheng Shang,L,180.0,CHN,19.8,4-1 1-1 RET,5,RR,20.0,4.0,1.0,21.0,16.0,13.0,3.0,4.0,0.0,0.0,0.0,0.0,17.0,14.0,9.0,0.0,3.0,1.0,2.0,41.0,1245.0,50.0,1115.0,2024
2024-7696,Next Gen Finals,Hard,8,F,2024-12-18,395,211663,8.0,,Joao Fonseca,R,185.0,BRA,18.3,209950,1.0,,Arthur Fils,R,185.0,FRA,20.5,3-4(9) 4-2 4-1 1-4 4-1,5,RR,110.0,7.0,3.0,84.0,56.0,41.0,18.0,14.0,3.0,5.0,12.0,6.0,84.0,45.0,34.0,22.0,13.0,7.0,11.0,145.0,409.0,20.0,2355.0,2024
