tourney_id,tourney_name,surface,draw_size,tourney_level,tourney_date,match_num,winner_id,winner_seed,winner_entry,winner_name,winner_hand,winner_ht,winner_ioc,winner_age,loser_id,loser_seed,loser_entry,loser_name,loser_hand,loser_ht,loser_ioc,loser_age,score,best_of,round,minutes,w_ace,w_df,w_svpt,w_1stIn,w_1stWon,w_2ndWon,w_SvGms,w_bpSaved,w_bpFaced,l_ace,l_df,l_svpt,l_1stIn,l_1stWon,l_2ndWon,l_SvGms,l_bpSaved,l_bpFaced,winner_rank,winner_rank_points,loser_rank,loser_rank_points,year,winner_overall_elo,loser_overall_elo,overall_elo_difference,winner_grass_elo,loser_grass_elo,grass_elo_difference,winner_grass_win_pct,loser_grass_win_pct,winner_recent_form,loser_recent_form,higher_overall_elo_won,higher_grass_elo_won,winner_grass_first_serve_in_pct,winner_grass_first_serve_won_pct,winner_grass_second_serve_won_pct,winner_grass_ace_rate,loser_grass_first_serve_in_pct,loser_grass_first_serve_won_pct,loser_grass_second_serve_won_pct,loser_grass_ace_rate,tour
2024-540,Wimbledon,Grass,128.0,G,2024-07-01,224.0,207989.0,3.0,,Carlos Alcaraz,R,183.0,ESP,21.1,106421.0,5.0,,Daniil Medvedev,R,198.0,RUS,28.3,6-7(1) 6-3 6-4 6-4,5.0,SF,175.0,6.0,2.0,113.0,64.0,47.0,30.0,21.0,0.0,3.0,5.0,6.0,131.0,90.0,59.0,22.0,20.0,9.0,15.0,3.0,8130.0,5.0,6445.0,2024.0,,,,,,,,,,,,,0.6391,0.7629,0.5529,0.0706,0.6594,0.7567,0.5121,0.1217,ATP
2024-540,Wimbledon,Grass,128.0,G,2024-07-01,226.0,207989.0,3.0,,Carlos Alcaraz,R,183.0,ESP,21.1,104925.0,2.0,,Novak Djokovic,R,188.0,SRB,37.1,6-2 6-2 7-6(4),5.0,F,147.0,5.0,6.0,95.0,56.0,47.0,20.0,14.0,2.0,3.0,8.0,4.0,101.0,71.0,47.0,12.0,14.0,9.0,14.0,3.0,8130.0,2.0,8360.0,2024.0,,,,,,,,,,,,,0.6391,0.7629,0.5529,0.0706,0.6585,0.7922,0.5938,0.1021,ATP
2024-540,Wimbledon,Grass,128.0,G,2024-07-01,225.0,104925.0,2.0,,Novak Djokovic,R,188.0,SRB,37.1,207518.0,25.0,,Lorenzo Musetti,R,185.0,ITA,22.3,6-4 7-6(2) 6-4,5.0,SF,168.0,6.0,4.0,103.0,69.0,52.0,15.0,16.0,2.0,4.0,2.0,1.0,111.0,82.0,50.0,12.0,16.0,9.0,13.0,2.0,8360.0,25.0,1620.0,2024.0,,,,,,,,,,,,,0.6585,0.7922,0.5938,0.1021,0.6501,0.7428,0.5469,0.0612,ATP
2024-540,Wimbledon,Grass,128.0,G,2024-07-01,223.0,104925.0,2.0,,Novak Djokovic,R,188.0,SRB,37.1,200282.0,9.0,,Alex De Minaur,R,183.0,AUS,25.3,W/O,5.0,QF,,,,,,,,,,,,,,,,,,,,2.0,8360.0,9.0,3830.0,2024.0,,,,,,,,,,,,,0.6585,0.7922,0.5938,0.1021,0.563,0.7641,0.5454,0.0517,ATP
2024-540,Wimbledon,Grass,128.0,G,2024-07-01,211.0,104925.0,2.0,,Novak Djokovic,R,188.0,SRB,37.1,200615.0,,,Alexei Popyrin,R,196.0,AUS,24.9,4-6 6-3 6-4 7-6(3),5.0,R32,185.0,19.0,3.0,113.0,78.0,69.0,21.0,21.0,1.0,2.0,19.0,4.0,133.0,98.0,72.0,16.0,20.0,6.0,8.0,2.0,8360.0,47.0,981.0,2024.0,,,,,,,,,,,,,0.6585,0.7922,0.5938,0.1021,0.6706,0.7691,0.5008,0.126,ATP
2024-540,Wimbledon,Grass,128.0,G,2024-07-01,221.0,207989.0,3.0,,Carlos Alcaraz,R,183.0,ESP,21.1,126205.0,12.0,,Tommy Paul,R,185.0,USA,27.1,5-7 6-4 6-2 6-2,5.0,QF,191.0,7.0,2.0,119.0,73.0,48.0,29.0,19.0,6.0,10.0,2.0,2.0,136.0,82.0,47.0,27.0,19.0,19.0,27.0,3.0,8130.0,13.0,3100.0,2024.0,,,,,,,,,,,,,0.6391,0.7629,0.5529,0.0706,0.6177,0.7615,0.5594,0.0888,ATP
2024-540,Wimbledon,Grass,128.0,G,2024-07-01,185.0,126214.0,24.0,,Alejandro Tabilo,L,188.0,CHI,27.0,207925.0,,,Flavio Cobolli,R,183.0,ITA,22.1,7-6(4) 7-6(4) 4-6 4-6 6-4,5.0,R64,233.0,15.0,5.0,176.0,112.0,87.0,35.0,27.0,7.0,10.0,15.0,8.0,168.0,83.0,65.0,52.0,27.0,5.0,7.0,19.0,1904.0,48.0,980.0,2024.0,,,,,,,,,,,,,0.6478,0.7942,0.4934,0.0993,0.5339,0.7625,0.559,0.0874,ATP
2024-540,Wimbledon,Grass,128.0,G,2024-07-01,184.0,126203.0,13.0,,Taylor Fritz,R,196.0,USA,26.6,126239.0,,,Arthur Rinderknech,R,196.0,FRA,28.9,6-3 6-4 3-6 6-4,5.0,R64,137.0,15.0,2.0,101.0,60.0,49.0,27.0,19.0,3.0,4.0,17.0,6.0,115.0,70.0,58.0,18.0,19.0,5.0,8.0,12.0,3350.0,76.0,754.0,2024.0,,,,,,,,,,,,,0.6391,0.8299,0.588,0.1689,0.6368,0.8011,0.4471,0.1486,ATP
2024-540,Wimbledon,Grass,128.0,G,2024-07-01,183.0,200325.0,,,Emil Ruusuvuori,R,188.0,FIN,25.2,126774.0,11.0,,Stefanos Tsitsipas,R,193.0,GRE,25.8,7-6(6) 7-6(10) 3-6 6-3,5.0,R64,167.0,7.0,5.0,132.0,89.0,71.0,23.0,20.0,1.0,3.0,20.0,6.0,135.0,91.0,73.0,22.0,21.0,4.0,6.0,87.0,683.0,11.0,3745.0,2024.0,,,,,,,,,,,,,0.6273,0.7424,0.5702,0.0774,0.6539,0.7899,0.5843,0.1099,ATP
2024-540,Wimbledon,Grass,128.0,G,2024-07-01,182.0,208659.0,,LL,Giovanni Mpetshi Perricard,R,203.0,FRA,20.9,106415.0,,,Yoshihito Nishioka,L,170.0,JPN,28.7,6-4 6-1 6-2,5.0,R64,71.0,27.0,4.0,65.0,45.0,40.0,13.0,13.0,2.0,2.0,2.0,0.0,67.0,50.0,29.0,8.0,12.0,2.0,7.0,58.0,853.0,90.0,659.0,2024.0,,,,,,,,,,,,,0.6825,0.8215,0.5071,0.2389,0.656,0.6857,0.5699,0.0383,ATP
2024-540,Wimbledon,Grass,128.0,G,2024-07-01,181.0,207518.0,25.0,,Lorenzo Musetti,R,185.0,ITA,22.3,209260.0,,,Luciano Darderi,R,183.0,ITA,22.3,6-4 4-6 6-7(5) 6-4 6-4,5.0,R64,227.0,13.0,4.0,141.0,105.0,83.0,22.0,26.0,4.0,7.0,10.0,7.0,191.0,121.0,83.0,34.0,26.0,11.0,16.0,25.0,1620.0,37.0,1236.0,2024.0,,,,,,,,,,,,,0.6501,0.7428,0.5469,0.0612,0.5798,0.7456,0.4849,0.0894,ATP
2024-540,Wimbledon,Grass,128.0,G,2024-07-01,180.0,207681.0,,,Francisco Comesana,R,178.0,ARG,23.7,200443.0,,,Adam Walton,R,183.0,AUS,25.2,7-5 1-6 6-7(12) 6-1 7-6(8),5.0,R64,248.0,19.0,6.0,169.0,101.0,74.0,39.0,26.0,5.0,9.0,9.0,5.0,172.0,121.0,83.0,28.0,24.0,7.0,11.0,122.0,529.0,101.0,607.0,2024.0,,,,,,,,,,,,,0.6428,0.7177,0.5513,0.0997,0.6156,0.6927,0.5782,0.0441,ATP
2024-540,Wimbledon,Grass,128.0,G,2024-07-01,179.0,104926.0,,,Fabio Fognini,R,178.0,ITA,37.1,134770.0,8.0,,Casper Ruud,R,183.0,NOR,25.5,6-4 7-5 6-7(1) 6-3,5.0,R64,198.0,8.0,10.0,169.0,95.0,68.0,37.0,22.0,11.0,13.0,15.0,2.0,134.0,81.0,58.0,29.0,21.0,3.0,8.0,94.0,635.0,8.0,4025.0,2024.0,,,,,,,,,,,,,0.5781,0.7557,0.4953,0.0914,0.6066,0.7655,0.5274,0.1036,ATP
2024-540,Wimbledon,Grass,128.0,G,2024-07-01,178.0,105138.0,,,Roberto Bautista Agut,R,183.0,ESP,36.2,132283.0,,,Lorenzo Sonego,R,191.0,ITA,29.1,6-3 3-6 6-3 6-4,5.0,R64,167.0,3.0,4.0,120.0,80.0,59.0,24.0,19.0,10.0,12.0,18.0,4.0,114.0,84.0,57.0,14.0,18.0,4.0,8.0,112.0,555.0,54.0,881.0,2024.0,,,,,,,,,,,,,0.684,0.7147,0.5967,0.0404,0.7231,0.7535,0.5196,0.1052,ATP
2024-540,Wimbledon,Grass,128.0,G,2024-07-01,177.0,122330.0,23.0,,Alexander Bublik,R,196.0,KAZ,27.0,209070.0,,,Arthur Cazaux,R,183.0,FRA,21.8,6-4 7-6(1) 6-4,5.0,R64,124.0,19.0,4.0,81.0,52.0,49.0,18.0,16.0,0.0,0.0,7.0,9.0,95.0,53.0,42.0,17.0,16.0,2.0,4.0,23.0,1730.0,98.0,616.0,2024.0,,,,,,,,,,,,,0.6134,0.8313,0.4915,0.2051,0.5391,0.7911,0.4423,0.094,ATP
2024-540,Wimbledon,Grass,128.0,G,2024-07-01,176.0,126205.0,12.0,,Tommy Paul,R,185.0,USA,27.1,202261.0,,Q,Otto Virtanen,R,193.0,FIN,23.0,4-6 6-3 5-7 7-5 6-4,5.0,R64,199.0,9.0,2.0,151.0,104.0,82.0,27.0,27.0,8.0,11.0,11.0,5.0,149.0,82.0,58.0,41.0,26.0,7.0,11.0,13.0,3100.0,147.0,401.0,2024.0,,,,,,,,,,,,,0.6177,0.7615,0.5594,0.0888,0.6169,0.7518,0.586,0.1572,ATP
2024-540,Wimbledon,Grass,128.0,G,2024-07-01,175.0,200005.0,16.0,,Ugo Humbert,L,188.0,FRA,26.0,122298.0,,,Botic Van De Zandschulp,R,191.0,NED,28.7,7-6(9) 6-1 6-3,5.0,R64,134.0,5.0,1.0,84.0,51.0,42.0,21.0,14.0,2.0,3.0,12.0,6.0,103.0,57.0,41.0,18.0,14.0,8.0,13.0,16.0,2300.0,97.0,618.0,2024.0,,,,,,,,,,,,,0.6082,0.7325,0.5301,0.0986,0.6057,0.7201,0.4252,0.0904,ATP
2024-540,Wimbledon,Grass,128.0,G,2024-07-01,174.0,206909.0,,,Brandon Nakashima,R,188.0,USA,22.9,111442.0,,,Jordan Thompson,R,183.0,AUS,30.1,6-3 6-2 6-2,5.0,R64,97.0,9.0,1.0,69.0,50.0,41.0,12.0,13.0,2.0,2.0,4.0,3.0,78.0,44.0,29.0,12.0,12.0,7.0,12.0,65.0,825.0,40.0,1206.0,2024.0,,,,,,,,,,,,,0.6634,0.747,0.5346,0.1017,0.6074,0.7661,0.593,0.1108,ATP
2024-540,Wimbledon,Grass,128.0,G,2024-07-01,173.0,126207.0,29.0,,Frances Tiafoe,R,188.0,USA,26.4,106432.0,,,Borna Coric,R,188.0,CRO,27.6,7-6(5) 6-1 6-3,5.0,R64,120.0,10.0,3.0,85.0,52.0,45.0,16.0,14.0,3.0,4.0,6.0,1.0,91.0,58.0,34.0,19.0,14.0,5.0,10.0,29.0,1355.0,89.0,664.0,2024.0,,,,,,,,,,,,,0.5917,0.7764,0.5326,0.1017,0.6202,0.7165,0.4549,0.0831,ATP
2024-540,Wimbledon,Grass,128.0,G,2024-07-01,172.0,207989.0,3.0,,Carlos Alcaraz,R,183.0,ESP,21.1,126846.0,,,Aleksandar Vukic,R,188.0,AUS,28.2,7-6(5) 6-2 6-2,5.0,R64,108.0,11.0,2.0,74.0,49.0,40.0,14.0,14.0,1.0,3.0,2.0,2.0,87.0,54.0,32.0,14.0,14.0,5.0,11.0,3.0,8130.0,69.0,789.0,2024.0,,,,,,,,,,,,,0.6391,0.7629,0.5529,0.0706,0.6231,0.7618,0.5528,0.1113,ATP
2024-540,Wimbledon,Grass,128.0,G,2024-07-01,171.0,106421.0,5.0,,Daniil Medvedev,R,198.0,RUS,28.3,124186.0,,,Alexandre Muller,R,183.0,FRA,27.4,6-7(3) 7-6(4) 6-4 7-5,5.0,R64,208.0,14.0,5.0,148.0,95.0,71.0,32.0,23.0,5.0,7.0,5.0,4.0,162.0,104.0,74.0,26.0,23.0,8.0,12.0,5.0,6445.0,102.0,601.0,2024.0,,,,,,,,,,,,,0.6594,0.7567,0.5121,0.1217,0.6809,0.6265,0.5526,0.0423,ATP
2024-540,Wimbledon,Grass,128.0,G,2024-07-01,170.0,105526.0,,,Jan Lennard Struff,R,193.0,GER,34.1,111190.0,32.0,,Zhizhen Zhang,R,193.0,CHN,27.7,5-7 6-3 7-6(1) 7-6(8),5.0,R64,173.0,20.0,9.0,137.0,74.0,62.0,39.0,23.0,4.0,6.0,19.0,2.0,146.0,96.0,79.0,22.0,22.0,8.0,10.0,41.0,1135.0,38.0,1221.0,2024.0,,,,,,,,,,,,,0.5938,0.8233,0.5819,0.1829,0.6563,0.7197,0.4789,0.1139,ATP
2024-540,Wimbledon,Grass,128.0,G,2024-07-01,169.0,104792.0,,,Gael Monfils,R,193.0,FRA,37.8,104527.0,,,Stan Wawrinka,R,183.0,SUI,39.2,7-6(5) 6-4 7-6(3),5.0,R64,123.0,13.0,1.0,100.0,62.0,51.0,29.0,17.0,2.0,2.0,5.0,0.0,105.0,60.0,44.0,30.0,17.0,9.0,10.0,33.0,1260.0,95.0,633.0,2024.0,,,,,,,,,,,,,0.5944,0.8153,0.5376,0.1561,0.5543,0.774,0.5525,0.0657,ATP
2024-540,Wimbledon,Grass,128.0,G,2024-07-01,168.0,105777.0,10.0,,Grigor Dimitrov,R,191.0,BUL,33.1,209992.0,,,Juncheng Shang,L,180.0,CHN,19.4,5-7 6-7(4) 6-4 6-2 6-4,5.0,R64,206.0,19.0,9.0,138.0,83.0,74.0,29.0,26.0,1.0,3.0,18.0,9.0,164.0,98.0,73.0,36.0,26.0,7.0,12.0,10.0,3750.0,91.0,658.0,2024.0,,,,,,,,,,,,,0.5853,0.8277,0.5293,0.1412,0.6541,0.7654,0.6046,0.1069,ATP
2024-540,Wimbledon,Grass,128.0,G,2024-07-01,167.0,210097.0,14.0,,Ben Shelton,L,193.0,USA,21.7,144750.0,,Q,Lloyd Harris,R,193.0,RSA,27.3,4-6 7-6(5) 6-7(5) 6-3 7-6(7),5.0,R64,229.0,14.0,6.0,182.0,124.0,101.0,32.0,28.0,6.0,7.0,31.0,3.0,171.0,125.0,98.0,26.0,27.0,4.0,5.0,14.0,2595.0,118.0,541.0,2024.0,,,,,,,,,,,,,0.6766,0.7698,0.5077,0.1396,0.6661,0.8031,0.5614,0.199,ATP
2024-540,Wimbledon,Grass,128.0,G,2024-07-01,166.0,133430.0,,,Denis Shapovalov,L,185.0,CAN,25.2,127157.0,,,Daniel Altmaier,R,188.0,GER,25.8,7-6(3) 6-3 1-6 6-7(3) 6-4,5.0,R64,209.0,9.0,16.0,149.0,86.0,68.0,32.0,25.0,4.0,8.0,5.0,2.0,148.0,85.0,68.0,35.0,25.0,5.0,9.0,121.0,530.0,80.0,731.0,2024.0,,,,,,,,,,,,,0.5825,0.7914,0.5273,0.0885,0.6084,0.6978,0.478,0.0778,ATP
2024-540,Wimbledon,Grass,128.0,G,2024-07-01,165.0,200175.0,,,Miomir Kecmanovic,R,183.0,SRB,24.8,134868.0,27.0,,Tallon Griekspoor,R,188.0,NED,27.9,4-6 7-6(7) 1-6 6-2 6-3,5.0,R64,171.0,15.0,2.0,138.0,85.0,65.0,31.0,23.0,8.0,12.0,17.0,9.0,157.0,91.0,65.0,32.0,23.0,12.0,16.0,52.0,925.0,27.0,1470.0,2024.0,,,,,,,,,,,,,0.6385,0.7138,0.5053,0.0694,0.6283,0.7564,0.5524,0.114,ATP
2024-540,Wimbledon,Grass,128.0,G,2024-07-01,164.0,206173.0,1.0,,Jannik Sinner,R,191.0,ITA,22.8,126610.0,,,Matteo Berrettini,R,196.0,ITA,28.2,7-6(3) 7-6(4) 2-6 7-6(4),5.0,R64,222.0,10.0,2.0,135.0,88.0,72.0,25.0,22.0,3.0,7.0,28.0,3.0,162.0,116.0,82.0,21.0,22.0,8.0,10.0,1.0,9890.0,59.0,845.0,2024.0,,,,,,,,,,,,,0.6163,0.8038,0.5889,0.1194,0.6675,0.7843,0.5388,0.1437,ATP
2024-540,Wimbledon,Grass,128.0,G,2024-07-01,163.0,104925.0,2.0,,Novak Djokovic,R,188.0,SRB,37.1,200240.0,,Q,Vit Kopriva,R,178.0,CZE,27.0,6-1 6-2 6-2,5.0,R128,118.0,10.0,2.0,58.0,39.0,35.0,13.0,12.0,0.0,0.0,4.0,5.0,96.0,53.0,29.0,17.0,11.0,9.0,15.0,2.0,8360.0,123.0,523.0,2024.0,,,,,,,,,,,,,0.6585,0.7922,0.5938,0.1021,0.5521,0.5472,0.3953,0.0417,ATP
2024-540,Wimbledon,Grass,128.0,G,2024-07-01,162.0,207985.0,,WC,Jacob Fearnley,R,183.0,GBR,22.9,208279.0,,Q,Alejandro Moro Canas,R,183.0,ESP,23.5,7-5 6-4 7-6(12),5.0,R128,167.0,8.0,4.0,107.0,67.0,57.0,24.0,17.0,3.0,3.0,1.0,1.0,129.0,91.0,65.0,19.0,17.0,8.0,10.0,277.0,206.0,188.0,321.0,2024.0,,,,,,,,,,,,,0.613,0.7687,0.5897,0.07,0.7054,0.7143,0.5,0.0078,ATP
2024-540,Wimbledon,Grass,128.0,G,2024-07-01,161.0,200615.0,,,Alexei Popyrin,R,196.0,AUS,24.9,106329.0,,,Thiago Monteiro,L,183.0,BRA,30.0,6-4 6-7(8) 6-3 6-4,5.0,R128,157.0,24.0,0.0,104.0,83.0,75.0,14.0,21.0,0.0,0.0,7.0,4.0,117.0,70.0,52.0,31.0,20.0,1.0,4.0,47.0,981.0,86.0,690.0,2024.0,,,,,,,,,,,,,0.6706,0.7691,0.5008,0.126,0.5581,0.7594,0.6724,0.0746,ATP
2024-540,Wimbledon,Grass,128.0,G,2024-07-01,186.0,111815.0,,,Cameron Norrie,L,188.0,GBR,28.8,207733.0,28.0,,Jack Draper,L,193.0,GBR,22.5,7-6(3) 6-4 7-6(6),5.0,R64,154.0,10.0,4.0,119.0,78.0,58.0,22.0,17.0,3.0,5.0,18.0,7.0,112.0,68.0,57.0,13.0,17.0,1.0,4.0,42.0,1070.0,28.0,1461.0,2024.0,,,,,,,,,,,,,0.6675,0.754,0.5184,0.0734,0.6321,0.849,0.5411,0.1594,ATP
2024-540,Wimbledon,Grass,128.0,G,2024-07-01,187.0,100644.0,4.0,,Alexander Zverev,R,198.0,GER,27.1,106218.0,,,Marcos Giron,R,180.0,USA,30.9,6-2 6-1 6-4,5.0,R64,94.0,12.0,2.0,61.0,41.0,36.0,13.0,12.0,0.0,0.0,1.0,1.0,73.0,41.0,26.0,12.0,13.0,2.0,8.0,4.0,6905.0,46.0,1020.0,2024.0,,,,,,,,,,,,,0.7048,0.8268,0.5889,0.153,0.6024,0.7685,0.516,0.0797,ATP
2024-540,Wimbledon,Grass,128.0,G,2024-07-01,188.0,209950.0,,,Arthur Fils,R,185.0,FRA,20.0,128034.0,7.0,,Hubert Hurkacz,R,196.0,POL,27.3,7-6(2) 6-4 2-6 6-6 RET,5.0,R64,210.0,7.0,12.0,152.0,95.0,71.0,27.0,21.0,13.0,17.0,12.0,2.0,136.0,83.0,59.0,35.0,21.0,7.0,10.0,34.0,1250.0,7.0,4235.0,2024.0,,,,,,,,,,,,,0.6046,0.7514,0.5058,0.0822,0.6822,0.8145,0.5482,0.2042,ATP
2024-540,Wimbledon,Grass,128.0,G,2024-07-01,189.0,126128.0,,,Roman Safiullin,R,185.0,RUS,26.8,207830.0,,,Tomas Machac,R,183.0,CZE,23.7,6-2 6-4 5-7 6-3,5.0,R64,154.0,8.0,8.0,116.0,77.0,61.0,15.0,20.0,7.0,12.0,3.0,2.0,121.0,77.0,44.0,23.0,19.0,4.0,12.0,44.0,1045.0,39.0,1214.0,2024.0,,,,,,,,,,,,,0.655,0.753,0.5475,0.091,0.6778,0.5867,0.4886,0.0508,ATP
2024-540,Wimbledon,Grass,128.0,G,2024-07-01,216.0,207518.0,25.0,,Lorenzo Musetti,R,185.0,ITA,22.3,208659.0,,LL,Giovanni Mpetshi Perricard,R,203.0,FRA,20.9,4-6 6-3 6-3 6-2,5.0,R16,123.0,3.0,0.0,88.0,63.0,50.0,21.0,18.0,0.0,1.0,10.0,8.0,108.0,70.0,47.0,20.0,18.0,10.0,15.0,25.0,1620.0,58.0,853.0,2024.0,,,,,,,,,,,,,0.6501,0.7428,0.5469,0.0612,0.6825,0.8215,0.5071,0.2389,ATP
2024-540,Wimbledon,Grass,128.0,G,2024-07-01,215.0,126205.0,12.0,,Tommy Paul,R,185.0,USA,27.1,105138.0,,,Roberto Bautista Agut,R,183.0,ESP,36.2,6-2 7-6(3) 6-2,5.0,R16,122.0,11.0,2.0,88.0,54.0,43.0,21.0,14.0,3.0,4.0,0.0,0.0,88.0,67.0,36.0,13.0,14.0,2.0,7.0,13.0,3100.0,112.0,555.0,2024.0,,,,,,,,,,,,,0.6177,0.7615,0.5594,0.0888,0.684,0.7147,0.5967,0.0404,ATP
2024-540,Wimbledon,Grass,128.0,G,2024-07-01,214.0,207989.0,3.0,,Carlos Alcaraz,R,183.0,ESP,21.1,200005.0,16.0,,Ugo Humbert,L,188.0,FRA,26.0,6-3 6-4 1-6 7-5,5.0,R16,180.0,14.0,6.0,135.0,95.0,63.0,17.0,19.0,8.0,13.0,10.0,1.0,103.0,67.0,45.0,17.0,19.0,2.0,8.0,3.0,8130.0,16.0,2300.0,2024.0,,,,,,,,,,,,,0.6391,0.7629,0.5529,0.0706,0.6082,0.7325,0.5301,0.0986,ATP
2024-540,Wimbledon,Grass,128.0,G,2024-07-01,213.0,106421.0,5.0,,Daniil Medvedev,R,198.0,RUS,28.3,105777.0,10.0,,Grigor Dimitrov,R,191.0,BUL,33.1,5-3 RET,5.0,R16,40.0,6.0,1.0,23.0,14.0,9.0,6.0,4.0,1.0,2.0,1.0,0.0,25.0,14.0,8.0,4.0,4.0,1.0,3.0,5.0,6445.0,10.0,3750.0,2024.0,,,,,,,,,,,,,0.6594,0.7567,0.5121,0.1217,0.5853,0.8277,0.5293,0.1412,ATP
2024-540,Wimbledon,Grass,128.0,G,2024-07-01,212.0,206173.0,1.0,,Jannik Sinner,R,191.0,ITA,22.8,210097.0,14.0,,Ben Shelton,L,193.0,USA,21.7,6-2 6-4 7-6(9),5.0,R16,129.0,7.0,0.0,90.0,63.0,48.0,19.0,15.0,1.0,2.0,15.0,4.0,96.0,69.0,48.0,11.0,15.0,2.0,6.0,1.0,9890.0,14.0,2595.0,2024.0,,,,,,,,,,,,,0.6163,0.8038,0.5889,0.1194,0.6766,0.7698,0.5077,0.1396,ATP
2024-540,Wimbledon,Grass,128.0,G,2024-07-01,210.0,208029.0,15.0,,Holger Rune,R,188.0,DEN,21.1,111460.0,,Q,Quentin Halys,R,191.0,FRA,27.6,1-6 6-7(4) 6-4 7-6(4) 6-1,5.0,R32,179.0,16.0,5.0,147.0,94.0,70.0,35.0,24.0,4.0,6.0,29.0,4.0,148.0,89.0,75.0,29.0,24.0,6.0,9.0,15.0,2370.0,220.0,272.0,2024.0,,,,,,,,,,,,,0.6286,0.776,0.5492,0.0959,0.6034,0.833,0.5781,0.1877,ATP
2024-540,Wimbledon,Grass,128.0,G,2024-07-01,209.0,200282.0,9.0,,Alex De Minaur,R,183.0,AUS,25.3,106298.0,,Q,Lucas Pouille,R,185.0,FRA,30.3,W/O,5.0,R32,,,,,,,,,,,,,,,,,,,,9.0,3830.0,212.0,284.0,2024.0,,,,,,,,,,,,,0.563,0.7641,0.5454,0.0517,0.632,0.7158,0.5132,0.0751,ATP
2024-540,Wimbledon,Grass,128.0,G,2024-07-01,208.0,209950.0,,,Arthur Fils,R,185.0,FRA,20.0,126128.0,,,Roman Safiullin,R,185.0,RUS,26.8,4-6 6-3 1-6 6-4 6-3,5.0,R32,198.0,7.0,5.0,139.0,83.0,64.0,29.0,23.0,8.0,12.0,5.0,1.0,133.0,83.0,57.0,29.0,22.0,9.0,13.0,34.0,1250.0,44.0,1045.0,2024.0,,,,,,,,,,,,,0.6046,0.7514,0.5058,0.0822,0.655,0.753,0.5475,0.091,ATP
2024-540,Wimbledon,Grass,128.0,G,2024-07-01,207.0,100644.0,4.0,,Alexander Zverev,R,198.0,GER,27.1,111815.0,,,Cameron Norrie,L,188.0,GBR,28.8,6-4 6-4 7-6(15),5.0,R32,151.0,15.0,2.0,96.0,73.0,66.0,15.0,16.0,0.0,0.0,10.0,1.0,117.0,90.0,64.0,16.0,16.0,6.0,8.0,4.0,6905.0,42.0,1070.0,2024.0,,,,,,,,,,,,,0.7048,0.8268,0.5889,0.153,0.6675,0.754,0.5184,0.0734,ATP
2024-540,Wimbledon,Grass,128.0,G,2024-07-01,206.0,126203.0,13.0,,Taylor Fritz,R,196.0,USA,26.6,126214.0,24.0,,Alejandro Tabilo,L,188.0,CHI,27.0,7-6(3) 6-3 7-5,5.0,R32,114.0,20.0,1.0,85.0,61.0,56.0,17.0,17.0,0.0,0.0,8.0,3.0,121.0,81.0,57.0,20.0,16.0,12.0,14.0,12.0,3350.0,19.0,1904.0,2024.0,,,,,,,,,,,,,0.6391,0.8299,0.588,0.1689,0.6478,0.7942,0.4934,0.0993,ATP
2024-540,Wimbledon,Grass,128.0,G,2024-07-01,205.0,208659.0,,LL,Giovanni Mpetshi Perricard,R,203.0,FRA,20.9,200325.0,,,Emil Ruusuvuori,R,188.0,FIN,25.2,4-6 6-2 7-6(5) 6-4,5.0,R32,132.0,27.0,5.0,112.0,77.0,65.0,20.0,20.0,0.0,1.0,9.0,3.0,133.0,90.0,62.0,24.0,20.0,8.0,11.0,58.0,853.0,87.0,683.0,2024.0,,,,,,,,,,,,,0.6825,0.8215,0.5071,0.2389,0.6273,0.7424,0.5702,0.0774,ATP
2024-540,Wimbledon,Grass,128.0,G,2024-07-01,204.0,207518.0,25.0,,Lorenzo Musetti,R,185.0,ITA,22.3,207681.0,,,Francisco Comesana,R,178.0,ARG,23.7,6-2 6-7(4) 7-6(3) 6-3,5.0,R32,209.0,4.0,1.0,141.0,96.0,69.0,32.0,21.0,4.0,4.0,5.0,3.0,155.0,98.0,67.0,31.0,20.0,13.0,16.0,25.0,1620.0,122.0,529.0,2024.0,,,,,,,,,,,,,0.6501,0.7428,0.5469,0.0612,0.6428,0.7177,0.5513,0.0997,ATP
2024-540,Wimbledon,Grass,128.0,G,2024-07-01,160.0,144869.0,30.0,,Tomas Martin Etcheverry,R,196.0,ARG,24.9,208134.0,,,Luca Nardi,R,185.0,ITA,20.9,6-1 6-4 6-2,5.0,R128,107.0,3.0,1.0,68.0,48.0,41.0,12.0,13.0,0.0,0.0,8.0,3.0,68.0,44.0,31.0,6.0,12.0,2.0,7.0,31.0,1290.0,75.0,760.0,2024.0,,,,,,,,,,,,,0.6907,0.7407,0.5214,0.0791,0.6427,0.6576,0.3925,0.0468,ATP
2024-540,Wimbledon,Grass,128.0,G,2024-07-01,203.0,105138.0,,,Roberto Bautista Agut,R,183.0,ESP,36.2,104926.0,,,Fabio Fognini,R,178.0,ITA,37.1,7-6(6) 3-6 5-7 7-6(1) 6-4,5.0,R32,266.0,4.0,4.0,180.0,131.0,89.0,23.0,27.0,9.0,15.0,23.0,15.0,197.0,110.0,91.0,29.0,28.0,11.0,16.0,112.0,555.0,94.0,635.0,2024.0,,,,,,,,,,,,,0.684,0.7147,0.5967,0.0404,0.5781,0.7557,0.4953,0.0914,ATP
2024-540,Wimbledon,Grass,128.0,G,2024-07-01,201.0,200005.0,16.0,,Ugo Humbert,L,188.0,FRA,26.0,206909.0,,,Brandon Nakashima,R,188.0,USA,22.9,7-6(9) 6-3 6-7(5) 7-6(6),5.0,R32,217.0,25.0,4.0,151.0,92.0,73.0,38.0,23.0,2.0,2.0,18.0,3.0,155.0,106.0,79.0,28.0,22.0,7.0,8.0,16.0,2300.0,65.0,825.0,2024.0,,,,,,,,,,,,,0.6082,0.7325,0.5301,0.0986,0.6634,0.747,0.5346,0.1017,ATP
2024-540,Wimbledon,Grass,128.0,G,2024-07-01,200.0,207989.0,3.0,,Carlos Alcaraz,R,183.0,ESP,21.1,126207.0,29.0,,Frances Tiafoe,R,188.0,USA,26.4,5-7 6-2 4-6 7-6(2) 6-2,5.0,R32,230.0,16.0,5.0,163.0,106.0,75.0,35.0,25.0,7.0,10.0,9.0,6.0,151.0,91.0,70.0,30.0,25.0,3.0,8.0,3.0,8130.0,29.0,1355.0,2024.0,,,,,,,,,,,,,0.6391,0.7629,0.5529,0.0706,0.5917,0.7764,0.5326,0.1017,ATP
2024-540,Wimbledon,Grass,128.0,G,2024-07-01,199.0,106421.0,5.0,,Daniil Medvedev,R,198.0,RUS,28.3,105526.0,,,Jan Lennard Struff,R,193.0,GER,34.1,6-1 6-3 4-6 7-6(3),5.0,R32,137.0,13.0,5.0,104.0,75.0,59.0,17.0,19.0,2.0,4.0,10.0,9.0,126.0,76.0,55.0,22.0,19.0,6.0,11.0,5.0,6445.0,41.0,1135.0,2024.0,,,,,,,,,,,,,0.6594,0.7567,0.5121,0.1217,0.5938,0.8233,0.5819,0.1829,ATP
2024-540,Wimbledon,Grass,128.0,G,2024-07-01,198.0,105777.0,10.0,,Grigor Dimitrov,R,191.0,BUL,33.1,104792.0,,,Gael Monfils,R,193.0,FRA,37.8,6-3 6-4 6-3,5.0,R32,107.0,6.0,1.0,65.0,39.0,37.0,20.0,14.0,2.0,2.0,16.0,8.0,101.0,59.0,44.0,15.0,14.0,6.0,10.0,10.0,3750.0,33.0,1260.0,2024.0,,,,,,,,,,,,,0.5853,0.8277,0.5293,0.1412,0.5944,0.8153,0.5376,0.1561,ATP
2024-540,Wimbledon,Grass,128.0,G,2024-07-01,197.0,210097.0,14.0,,Ben Shelton,L,193.0,USA,21.7,133430.0,,,Denis Shapovalov,L,185.0,CAN,25.2,6-7(4) 6-2 6-4 4-6 6-2,5.0,R32,185.0,7.0,4.0,137.0,90.0,73.0,29.0,24.0,3.0,4.0,6.0,13.0,154.0,94.0,69.0,31.0,24.0,11.0,16.0,14.0,2595.0,121.0,530.0,2024.0,,,,,,,,,,,,,0.6766,0.7698,0.5077,0.1396,0.5825,0.7914,0.5273,0.0885,ATP
2024-540,Wimbledon,Grass,128.0,G,2024-07-01,196.0,206173.0,1.0,,Jannik Sinner,R,191.0,ITA,22.8,200175.0,,,Miomir Kecmanovic,R,183.0,SRB,24.8,6-1 6-4 6-2,5.0,R32,96.0,11.0,2.0,69.0,42.0,36.0,18.0,13.0,1.0,1.0,2.0,1.0,71.0,45.0,33.0,8.0,12.0,2.0,7.0,1.0,9890.0,52.0,925.0,2024.0,,,,,,,,,,,,,0.6163,0.8038,0.5889,0.1194,0.6385,0.7138,0.5053,0.0694,ATP
2024-540,Wimbledon,Grass,128.0,G,2024-07-01,195.0,104925.0,2.0,,Novak Djokovic,R,188.0,SRB,37.1,207985.0,,WC,Jacob Fearnley,R,183.0,GBR,22.9,6-3 6-4 5-7 7-5,5.0,R64,180.0,14.0,3.0,123.0,82.0,66.0,23.0,22.0,4.0,6.0,13.0,5.0,122.0,80.0,59.0,22.0,21.0,3.0,7.0,2.0,8360.0,277.0,206.0,2024.0,,,,,,,,,,,,,0.6585,0.7922,0.5938,0.1021,0.613,0.7687,0.5897,0.07,ATP
2024-540,Wimbledon,Grass,128.0,G,2024-07-01,194.0,200615.0,,,Alexei Popyrin,R,196.0,AUS,24.9,144869.0,30.0,,Tomas Martin Etcheverry,R,196.0,ARG,24.9,3-6 6-4 4-6 6-4 6-3,5.0,R64,238.0,17.0,8.0,152.0,108.0,82.0,22.0,24.0,10.0,13.0,10.0,2.0,162.0,106.0,75.0,30.0,24.0,3.0,7.0,47.0,981.0,31.0,1290.0,2024.0,,,,,,,,,,,,,0.6706,0.7691,0.5008,0.126,0.6907,0.7407,0.5214,0.0791,ATP
2024-540,Wimbledon,Grass,128.0,G,2024-07-01,193.0,111460.0,,Q,Quentin Halys,R,191.0,FRA,27.6,111575.0,21.0,,Karen Khachanov,R,198.0,RUS,28.1,4-6 6-3 3-6 6-3 6-4,5.0,R64,164.0,24.0,5.0,138.0,90.0,77.0,22.0,24.0,9.0,11.0,10.0,4.0,129.0,87.0,66.0,23.0,23.0,4.0,7.0,220.0,272.0,22.0,1780.0,2024.0,,,,,,,,,,,,,0.6034,0.833,0.5781,0.1877,0.6561,0.7911,0.5119,0.0839,ATP
2024-540,Wimbledon,Grass,128.0,G,2024-07-01,192.0,208029.0,15.0,,Holger Rune,R,188.0,DEN,21.1,205734.0,,,Thiago Seyboth Wild,R,185.0,BRA,24.3,3-6 6-3 6-2 6-2,5.0,R64,130.0,16.0,4.0,95.0,60.0,49.0,21.0,17.0,6.0,7.0,7.0,6.0,112.0,70.0,46.0,23.0,16.0,8.0,13.0,15.0,2370.0,74.0,767.0,2024.0,,,,,,,,,,,,,0.6286,0.776,0.5492,0.0959,0.6316,0.6872,0.5463,0.0834,ATP
2024-540,Wimbledon,Grass,128.0,G,2024-07-01,191.0,200282.0,9.0,,Alex De Minaur,R,183.0,AUS,25.3,144719.0,,,Jaume Munar,R,183.0,ESP,27.1,6-2 6-2 7-5,5.0,R64,125.0,8.0,0.0,81.0,45.0,32.0,20.0,14.0,3.0,6.0,3.0,9.0,88.0,41.0,26.0,15.0,14.0,9.0,17.0,9.0,3830.0,63.0,835.0,2024.0,,,,,,,,,,,,,0.563,0.7641,0.5454,0.0517,0.6138,0.6948,0.4674,0.0535,ATP
2024-540,Wimbledon,Grass,128.0,G,2024-07-01,190.0,106298.0,,Q,Lucas Pouille,R,185.0,FRA,30.3,106423.0,,,Thanasi Kokkinakis,R,193.0,AUS,28.2,2-6 7-5 5-2 RET,5.0,R64,131.0,7.0,5.0,101.0,69.0,49.0,16.0,14.0,6.0,8.0,16.0,5.0,87.0,56.0,47.0,11.0,13.0,7.0,9.0,212.0,284.0,93.0,639.0,2024.0,,,,,,,,,,,,,0.632,0.7158,0.5132,0.0751,0.6347,0.8269,0.4447,0.1532,ATP
2024-540,Wimbledon,Grass,128.0,G,2024-07-01,202.0,126205.0,12.0,,Tommy Paul,R,185.0,USA,27.1,122330.0,23.0,,Alexander Bublik,R,196.0,KAZ,27.0,6-3 6-4 6-2,5.0,R32,85.0,9.0,3.0,75.0,52.0,44.0,14.0,14.0,1.0,1.0,15.0,2.0,79.0,51.0,36.0,9.0,13.0,5.0,9.0,13.0,3100.0,23.0,1730.0,2024.0,,,,,,,,,,,,,0.6177,0.7615,0.5594,0.0888,0.6134,0.8313,0.4915,0.2051,ATP
2024-540,Wimbledon,Grass,128.0,G,2024-07-01,159.0,111575.0,21.0,,Karen Khachanov,R,198.0,RUS,28.1,106234.0,,,Aslan Karatsev,R,185.0,RUS,30.8,6-3 6-7(4) 7-6(11) 2-0 RET,5.0,R128,173.0,15.0,4.0,118.0,86.0,72.0,16.0,18.0,5.0,5.0,4.0,5.0,127.0,81.0,61.0,22.0,17.0,4.0,6.0,22.0,1780.0,99.0,615.0,2024.0,,,,,,,,,,,,,0.6561,0.7911,0.5119,0.0839,0.5914,0.7431,0.4944,0.0719,ATP
2024-540,Wimbledon,Grass,128.0,G,2024-07-01,158.0,111460.0,,Q,Quentin Halys,R,191.0,FRA,27.6,111153.0,,,Christopher Eubanks,R,201.0,USA,28.1,6-4 6-4 6-2,5.0,R128,79.0,17.0,3.0,64.0,42.0,40.0,16.0,14.0,0.0,0.0,9.0,4.0,80.0,50.0,32.0,15.0,14.0,2.0,6.0,220.0,272.0,62.0,835.0,2024.0,,,,,,,,,,,,,0.6034,0.833,0.5781,0.1877,0.7091,0.7599,0.5118,0.1487,ATP
2024-540,Wimbledon,Grass,128.0,G,2024-07-01,157.0,205734.0,,,Thiago Seyboth Wild,R,185.0,BRA,24.3,206703.0,,WC,Paul Jubb,R,180.0,GBR,24.6,1-6 3-6 7-6(6) 6-4 7-5,5.0,R128,241.0,17.0,7.0,160.0,101.0,69.0,27.0,25.0,7.0,14.0,10.0,8.0,181.0,103.0,70.0,41.0,25.0,14.0,19.0,74.0,767.0,201.0,301.0,2024.0,,,,,,,,,,,,,0.6316,0.6872,0.5463,0.0834,0.5967,0.7971,0.5291,0.0661,ATP
2024-540,Wimbledon,Grass,128.0,G,2024-07-01,125.0,202261.0,,Q,Otto Virtanen,R,193.0,FIN,23.0,126845.0,,,Max Purcell,R,185.0,AUS,26.2,6-3 6-2 6-2,5.0,R128,89.0,19.0,3.0,79.0,54.0,43.0,14.0,13.0,6.0,6.0,4.0,3.0,77.0,50.0,35.0,9.0,12.0,7.0,12.0,147.0,401.0,68.0,795.0,2024.0,,,,,,,,,,,,,0.6169,0.7518,0.586,0.1572,0.6306,0.7231,0.5084,0.0813,ATP
2024-540,Wimbledon,Grass,128.0,G,2024-07-01,124.0,126205.0,12.0,,Tommy Paul,R,185.0,USA,27.1,124079.0,,,Pedro Martinez,R,185.0,ESP,27.1,6-2 6-1 4-6 6-3,5.0,R128,136.0,10.0,0.0,91.0,48.0,39.0,25.0,17.0,2.0,4.0,1.0,9.0,107.0,71.0,46.0,13.0,17.0,4.0,11.0,13.0,3100.0,49.0,975.0,2024.0,,,,,,,,,,,,,0.6177,0.7615,0.5594,0.0888,0.6945,0.633,0.3634,0.0333,ATP
2024-540,Wimbledon,Grass,128.0,G,2024-07-01,123.0,200005.0,16.0,,Ugo Humbert,L,188.0,FRA,26.0,207686.0,,,Alexander Shevchenko,R,185.0,KAZ,23.5,6-1 4-6 7-6(2) 6-7(3) 6-1,5.0,R128,198.0,16.0,0.0,134.0,86.0,68.0,28.0,25.0,7.0,10.0,11.0,8.0,161.0,89.0,57.0,40.0,23.0,9.0,16.0,16.0,2300.0,57.0,860.0,2024.0,,,,,,,,,,,,,0.6082,0.7325,0.5301,0.0986,0.6497,0.673,0.3967,0.0623,ATP
2024-540,Wimbledon,Grass,128.0,G,2024-07-01,122.0,122298.0,,,Botic Van De Zandschulp,R,191.0,NED,28.7,106281.0,,WC,Liam Broady,L,183.0,GBR,30.4,6-2 4-6 6-3 6-2,5.0,R128,148.0,9.0,11.0,104.0,59.0,51.0,20.0,18.0,5.0,8.0,2.0,9.0,110.0,61.0,38.0,22.0,17.0,13.0,20.0,97.0,618.0,156.0,384.0,2024.0,,,,,,,,,,,,,0.6057,0.7201,0.4252,0.0904,0.5476,0.6998,0.4822,0.05,ATP
2024-540,Wimbledon,Grass,128.0,G,2024-07-01,121.0,111442.0,,,Jordan Thompson,R,183.0,AUS,30.1,200303.0,,,Pavel Kotov,R,191.0,RUS,25.6,5-7 5-7 6-4 6-4 6-4,5.0,R128,246.0,13.0,3.0,143.0,92.0,74.0,29.0,27.0,0.0,3.0,11.0,4.0,173.0,117.0,80.0,33.0,27.0,14.0,18.0,40.0,1206.0,53.0,893.0,2024.0,,,,,,,,,,,,,0.6074,0.7661,0.593,0.1108,0.6211,0.7439,0.4956,0.0596,ATP
2024-540,Wimbledon,Grass,128.0,G,2024-07-01,120.0,206909.0,,,Brandon Nakashima,R,188.0,USA,22.9,202104.0,18.0,,Sebastian Baez,R,170.0,ARG,23.5,6-2 6-3 6-4,5.0,R128,115.0,14.0,0.0,80.0,56.0,42.0,16.0,14.0,2.0,2.0,0.0,2.0,87.0,64.0,38.0,12.0,13.0,7.0,11.0,65.0,825.0,18.0,2020.0,2024.0,,,,,,,,,,,,,0.6634,0.747,0.5346,0.1017,0.7342,0.615,0.5389,0.0207,ATP
2024-540,Wimbledon,Grass,128.0,G,2024-07-01,119.0,126207.0,29.0,,Frances Tiafoe,R,188.0,USA,26.4,208286.0,,,Matteo Arnaldi,R,185.0,ITA,23.3,6-7(5) 2-6 6-1 6-3 6-3,5.0,R128,189.0,12.0,3.0,137.0,83.0,66.0,25.0,22.0,4.0,8.0,15.0,3.0,137.0,93.0,59.0,24.0,23.0,4.0,11.0,29.0,1355.0,35.0,1245.0,2024.0,,,,,,,,,,,,,0.5917,0.7764,0.5326,0.1017,0.5773,0.6845,0.5557,0.0942,ATP
2024-540,Wimbledon,Grass,128.0,G,2024-07-01,118.0,106432.0,,,Borna Coric,R,188.0,CRO,27.6,200335.0,,Q,Felipe Meligeni Alves,R,185.0,BRA,26.3,6-3 7-6(2) 6-3,5.0,R128,132.0,13.0,2.0,103.0,62.0,50.0,26.0,15.0,6.0,6.0,5.0,3.0,88.0,57.0,43.0,13.0,15.0,2.0,4.0,89.0,664.0,145.0,403.0,2024.0,,,,,,,,,,,,,0.6202,0.7165,0.4549,0.0831,0.6477,0.7544,0.4194,0.0568,ATP
2024-540,Wimbledon,Grass,128.0,G,2024-07-01,117.0,126846.0,,,Aleksandar Vukic,R,188.0,AUS,28.2,124116.0,,,Sebastian Ofner,R,191.0,AUT,28.1,6-7(9) 6-4 6-4 3-6 7-6(8),5.0,R128,229.0,16.0,5.0,195.0,118.0,85.0,37.0,27.0,16.0,22.0,24.0,9.0,180.0,100.0,76.0,38.0,26.0,9.0,16.0,69.0,789.0,45.0,1038.0,2024.0,,,,,,,,,,,,,0.6231,0.7618,0.5528,0.1113,0.56,0.7903,0.5266,0.1421,ATP
2024-540,Wimbledon,Grass,128.0,G,2024-07-01,116.0,207989.0,3.0,,Carlos Alcaraz,R,183.0,ESP,21.1,210136.0,,Q,Mark Lajal,R,191.0,EST,21.1,7-6(3) 7-5 6-2,5.0,R128,142.0,4.0,4.0,89.0,56.0,47.0,18.0,16.0,2.0,4.0,7.0,2.0,102.0,69.0,40.0,19.0,16.0,5.0,10.0,3.0,8130.0,269.0,212.0,2024.0,,,,,,,,,,,,,0.6391,0.7629,0.5529,0.0706,0.6765,0.5797,0.5758,0.0686,ATP
2024-540,Wimbledon,Grass,128.0,G,2024-07-01,115.0,106421.0,5.0,,Daniil Medvedev,R,198.0,RUS,28.3,206499.0,,,Aleksandar Kovacevic,R,183.0,USA,25.8,6-3 6-4 6-2,5.0,R128,106.0,16.0,4.0,81.0,53.0,42.0,17.0,14.0,3.0,3.0,9.0,4.0,84.0,53.0,38.0,11.0,13.0,4.0,8.0,5.0,6445.0,88.0,681.0,2024.0,,,,,,,,,,,,,0.6594,0.7567,0.5121,0.1217,0.6212,0.6767,0.4878,0.1023,ATP
2024-540,Wimbledon,Grass,128.0,G,2024-07-01,114.0,124186.0,,,Alexandre Muller,R,183.0,FRA,27.4,200384.0,,Q,Hugo Gaston,L,173.0,FRA,23.7,6-4 7-6(2) 7-6(5),5.0,R128,139.0,6.0,1.0,111.0,82.0,51.0,16.0,17.0,7.0,12.0,2.0,2.0,109.0,62.0,39.0,21.0,17.0,4.0,10.0,102.0,601.0,71.0,783.0,2024.0,,,,,,,,,,,,,0.6809,0.6265,0.5526,0.0423,0.5688,0.629,0.4468,0.0183,ATP
2024-540,Wimbledon,Grass,128.0,G,2024-07-01,126.0,209070.0,,,Arthur Cazaux,R,183.0,FRA,21.8,200267.0,,Q,Zizou Bergs,R,185.0,BEL,25.0,6-1 6-4 6-7(2) 6-7(4) 7-6(8),5.0,R128,274.0,22.0,10.0,198.0,108.0,89.0,47.0,26.0,7.0,7.0,13.0,4.0,160.0,107.0,88.0,29.0,27.0,9.0,12.0,98.0,616.0,82.0,722.0,2024.0,,,,,,,,,,,,,0.5391,0.7911,0.4423,0.094,0.6581,0.7561,0.5046,0.0318,ATP
2024-540,Wimbledon,Grass,128.0,G,2024-07-01,113.0,105526.0,,,Jan Lennard Struff,R,193.0,GER,34.1,206681.0,,,Fabian Marozsan,R,193.0,HUN,24.7,6-4 6-7(4) 6-2 6-3,5.0,R128,125.0,23.0,9.0,124.0,68.0,56.0,30.0,20.0,4.0,6.0,10.0,4.0,118.0,69.0,46.0,24.0,19.0,8.0,14.0,41.0,1135.0,43.0,1047.0,2024.0,,,,,,,,,,,,,0.5938,0.8233,0.5819,0.1829,0.6112,0.7078,0.5072,0.1035,ATP
2024-540,Wimbledon,Grass,128.0,G,2024-07-01,111.0,104792.0,,,Gael Monfils,R,193.0,FRA,37.8,105173.0,22.0,,Adrian Mannarino,L,180.0,FRA,36.0,6-4 3-6 7-5 6-4,5.0,R128,175.0,16.0,2.0,119.0,77.0,62.0,22.0,21.0,1.0,3.0,1.0,5.0,141.0,88.0,57.0,32.0,20.0,8.0,11.0,33.0,1260.0,24.0,1625.0,2024.0,,,,,,,,,,,,,0.5944,0.8153,0.5376,0.1561,0.6042,0.6893,0.5461,0.0511,ATP
2024-540,Wimbledon,Grass,128.0,G,2024-07-01,110.0,104527.0,,,Stan Wawrinka,R,183.0,SUI,39.2,200277.0,,WC,Charles Broom,R,178.0,GBR,26.1,6-3 7-5 6-4,5.0,R128,109.0,11.0,1.0,98.0,56.0,43.0,22.0,16.0,4.0,6.0,6.0,2.0,93.0,62.0,39.0,17.0,15.0,7.0,12.0,95.0,633.0,248.0,242.0,2024.0,,,,,,,,,,,,,0.5543,0.774,0.5525,0.0657,0.6944,0.6145,0.4742,0.0434,ATP
2024-540,Wimbledon,Grass,128.0,G,2024-07-01,109.0,209992.0,,,Juncheng Shang,L,180.0,CHN,19.4,106426.0,,Q,Cristian Garin,R,185.0,CHI,28.0,7-5 6-4 6-4,5.0,R128,123.0,13.0,2.0,95.0,63.0,55.0,19.0,16.0,5.0,5.0,14.0,2.0,92.0,58.0,45.0,16.0,16.0,6.0,9.0,91.0,658.0,106.0,570.0,2024.0,,,,,,,,,,,,,0.6541,0.7654,0.6046,0.1069,0.6304,0.7759,0.4706,0.1522,ATP
2024-540,Wimbledon,Grass,128.0,G,2024-07-01,108.0,105777.0,10.0,,Grigor Dimitrov,R,191.0,BUL,33.1,105583.0,,,Dusan Lajovic,R,183.0,SRB,34.0,6-3 6-4 7-5,5.0,R128,104.0,16.0,2.0,84.0,48.0,44.0,21.0,16.0,3.0,4.0,3.0,0.0,82.0,58.0,38.0,10.0,15.0,0.0,4.0,10.0,3750.0,56.0,871.0,2024.0,,,,,,,,,,,,,0.5853,0.8277,0.5293,0.1412,0.6789,0.6401,0.4525,0.0467,ATP
2024-540,Wimbledon,Grass,128.0,G,2024-07-01,107.0,210097.0,14.0,,Ben Shelton,L,193.0,USA,21.7,208233.0,,Q,Mattia Bellucci,L,175.0,ITA,23.0,4-6 6-3 3-6 6-3 6-4,5.0,R128,209.0,19.0,5.0,149.0,108.0,80.0,22.0,24.0,12.0,14.0,11.0,6.0,147.0,76.0,60.0,40.0,23.0,9.0,12.0,14.0,2595.0,148.0,401.0,2024.0,,,,,,,,,,,,,0.6766,0.7698,0.5077,0.1396,0.517,0.7895,0.5634,0.0748,ATP
2024-540,Wimbledon,Grass,128.0,G,2024-07-01,106.0,144750.0,,Q,Lloyd Harris,R,193.0,RSA,27.3,210506.0,,,Alex Michelsen,R,193.0,USA,19.8,3-6 4-6 7-6(5) 6-2 7-6(9),5.0,R128,208.0,34.0,6.0,151.0,93.0,81.0,24.0,25.0,5.0,9.0,9.0,1.0,175.0,131.0,94.0,22.0,26.0,11.0,15.0,118.0,541.0,55.0,881.0,2024.0,,,,,,,,,,,,,0.6661,0.8031,0.5614,0.199,0.6954,0.731,0.5635,0.0529,ATP
2024-540,Wimbledon,Grass,128.0,G,2024-07-01,105.0,127157.0,,,Daniel Altmaier,R,188.0,GER,25.8,209259.0,,WC,Arthur Fery,R,175.0,GBR,21.9,4-6 7-6(6) 1-6 6-3 6-1,5.0,R128,223.0,13.0,9.0,142.0,78.0,62.0,24.0,22.0,7.0,14.0,6.0,4.0,167.0,106.0,63.0,34.0,23.0,13.0,21.0,80.0,731.0,247.0,243.0,2024.0,,,,,,,,,,,,,0.6084,0.6978,0.478,0.0778,0.6243,0.5956,0.5223,0.0279,ATP
2024-540,Wimbledon,Grass,128.0,G,2024-07-01,104.0,133430.0,,,Denis Shapovalov,L,185.0,CAN,25.2,111797.0,19.0,,Nicolas Jarry,R,201.0,CHI,28.7,6-1 7-5 6-4,5.0,R128,113.0,9.0,3.0,81.0,52.0,43.0,22.0,15.0,2.0,2.0,5.0,3.0,81.0,48.0,32.0,16.0,14.0,6.0,10.0,121.0,530.0,20.0,1825.0,2024.0,,,,,,,,,,,,,0.5825,0.7914,0.5273,0.0885,0.6774,0.7457,0.522,0.1113,ATP
2024-540,Wimbledon,Grass,128.0,G,2024-07-01,103.0,134868.0,27.0,,Tallon Griekspoor,R,188.0,NED,27.9,123755.0,,LL,Daniel Elahi Galan,R,191.0,COL,28.0,7-6(3) 6-3 6-4,5.0,R128,121.0,14.0,9.0,97.0,54.0,45.0,28.0,16.0,0.0,0.0,10.0,2.0,88.0,59.0,45.0,18.0,15.0,7.0,9.0,27.0,1470.0,103.0,592.0,2024.0,,,,,,,,,,,,,0.6283,0.7564,0.5524,0.114,0.6394,0.7321,0.4994,0.093,ATP
2024-540,Wimbledon,Grass,128.0,G,2024-07-01,102.0,200175.0,,,Miomir Kecmanovic,R,183.0,SRB,24.8,111576.0,,,Sumit Nagal,R,178.0,IND,26.8,6-2 3-6 6-3 6-4,5.0,R128,159.0,6.0,2.0,105.0,63.0,43.0,25.0,18.0,7.0,11.0,3.0,4.0,121.0,79.0,52.0,15.0,18.0,12.0,19.0,52.0,925.0,73.0,768.0,2024.0,,,,,,,,,,,,,0.6385,0.7138,0.5053,0.0694,0.6529,0.6582,0.3571,0.0248,ATP
2024-540,Wimbledon,Grass,128.0,G,2024-07-01,101.0,126610.0,,,Matteo Berrettini,R,196.0,ITA,28.2,105916.0,,,Marton Fucsovics,R,188.0,HUN,32.3,7-6(3) 6-2 3-6 6-1,5.0,R128,176.0,11.0,0.0,111.0,73.0,59.0,22.0,18.0,9.0,10.0,13.0,4.0,121.0,75.0,49.0,25.0,18.0,9.0,13.0,59.0,845.0,70.0,785.0,2024.0,,,,,,,,,,,,,0.6675,0.7843,0.5388,0.1437,0.5888,0.7587,0.5334,0.0912,ATP
2024-540,Wimbledon,Grass,128.0,G,2024-07-01,100.0,206173.0,1.0,,Jannik Sinner,R,191.0,ITA,22.8,105870.0,,,Yannick Hanfmann,R,193.0,GER,32.6,6-3 6-4 3-6 6-3,5.0,R128,178.0,16.0,3.0,126.0,73.0,58.0,26.0,19.0,9.0,11.0,12.0,3.0,114.0,78.0,53.0,17.0,18.0,1.0,5.0,1.0,9890.0,110.0,556.0,2024.0,,,,,,,,,,,,,0.6163,0.8038,0.5889,0.1194,0.7046,0.7147,0.5635,0.098,ATP
2024-540,Wimbledon,Grass,128.0,G,2024-07-01,112.0,111190.0,32.0,,Zhizhen Zhang,R,193.0,CHN,27.7,126125.0,,Q,Maxime Janvier,R,196.0,FRA,27.7,7-6(4) 6-3 6-2,5.0,R128,117.0,14.0,1.0,97.0,58.0,46.0,22.0,15.0,4.0,5.0,6.0,0.0,87.0,64.0,41.0,12.0,14.0,3.0,7.0,38.0,1221.0,225.0,269.0,2024.0,,,,,,,,,,,,,0.6563,0.7197,0.4789,0.1139,0.7356,0.6406,0.5217,0.069,ATP
2024-540,Wimbledon,Grass,128.0,G,2024-07-01,217.0,126203.0,13.0,,Taylor Fritz,R,196.0,USA,26.6,100644.0,4.0,,Alexander Zverev,R,198.0,GER,27.1,4-6 6-7(4) 6-4 7-6(3) 6-3,5.0,R16,209.0,15.0,0.0,145.0,96.0,80.0,34.0,27.0,1.0,2.0,19.0,3.0,153.0,115.0,92.0,18.0,26.0,2.0,4.0,12.0,3350.0,4.0,6905.0,2024.0,,,,,,,,,,,,,0.6391,0.8299,0.588,0.1689,0.7048,0.8268,0.5889,0.153,ATP
2024-540,Wimbledon,Grass,128.0,G,2024-07-01,127.0,122330.0,23.0,,Alexander Bublik,R,196.0,KAZ,27.0,210150.0,,,Jakub Mensik,R,193.0,CZE,18.8,4-6 6-7(2) 6-4 6-4 6-2,5.0,R128,209.0,32.0,6.0,140.0,95.0,79.0,22.0,26.0,5.0,7.0,14.0,8.0,188.0,108.0,77.0,38.0,24.0,18.0,23.0,23.0,1730.0,78.0,738.0,2024.0,,,,,,,,,,,,,0.6134,0.8313,0.4915,0.2051,0.5652,0.7505,0.4576,0.1195,ATP
2024-540,Wimbledon,Grass,128.0,G,2024-07-01,129.0,105138.0,,,Roberto Bautista Agut,R,183.0,ESP,36.2,109739.0,,,Maximilian Marterer,L,188.0,GER,29.0,6-3 6-1 6-4,5.0,R128,109.0,9.0,2.0,86.0,59.0,43.0,17.0,13.0,7.0,7.0,8.0,4.0,78.0,49.0,33.0,11.0,13.0,5.0,10.0,112.0,555.0,85.0,692.0,2024.0,,,,,,,,,,,,,0.684,0.7147,0.5967,0.0404,0.6398,0.6978,0.4862,0.0887,ATP
2024-540,Wimbledon,Grass,128.0,G,2024-07-01,156.0,208029.0,15.0,,Holger Rune,R,188.0,DEN,21.1,126952.0,,,Soon Woo Kwon,R,180.0,KOR,26.5,6-1 6-4 6-4,5.0,R128,96.0,16.0,2.0,68.0,42.0,40.0,16.0,14.0,0.0,0.0,2.0,3.0,86.0,53.0,35.0,14.0,13.0,9.0,13.0,15.0,2370.0,367.0,135.0,2024.0,,,,,,,,,,,,,0.6286,0.776,0.5492,0.0959,0.6163,0.6604,0.4242,0.0233,ATP
2024-540,Wimbledon,Grass,128.0,G,2024-07-01,155.0,200282.0,9.0,,Alex De Minaur,R,183.0,AUS,25.3,105902.0,,LL,James Duckworth,R,183.0,AUS,32.4,7-6(1) 7-6(3) 7-6(4),5.0,R128,184.0,16.0,7.0,124.0,63.0,51.0,30.0,17.0,4.0,7.0,9.0,4.0,173.0,100.0,64.0,34.0,19.0,16.0,19.0,9.0,3830.0,81.0,728.0,2024.0,,,,,,,,,,,,,0.563,0.7641,0.5454,0.0517,0.5829,0.7285,0.5309,0.0882,ATP
2024-540,Wimbledon,Grass,128.0,G,2024-07-01,154.0,144719.0,,,Jaume Munar,R,183.0,ESP,27.1,126129.0,,WC,Billy Harris,R,193.0,GBR,29.4,6-4 6-4 3-6 6-3,5.0,R128,166.0,12.0,3.0,102.0,67.0,57.0,21.0,19.0,4.0,5.0,9.0,3.0,147.0,98.0,68.0,22.0,19.0,15.0,18.0,63.0,835.0,116.0,545.0,2024.0,,,,,,,,,,,,,0.6138,0.6948,0.4674,0.0535,0.6399,0.7462,0.5823,0.0871,ATP
2024-540,Wimbledon,Grass,128.0,G,2024-07-01,153.0,106298.0,,Q,Lucas Pouille,R,185.0,FRA,30.3,111513.0,,,Laslo Djere,R,188.0,SRB,29.0,3-6 7-6(4) 3-6 6-3 6-1,5.0,R128,170.0,11.0,4.0,136.0,79.0,57.0,30.0,24.0,8.0,14.0,12.0,7.0,137.0,86.0,58.0,26.0,22.0,9.0,15.0,212.0,284.0,51.0,936.0,2024.0,,,,,,,,,,,,,0.632,0.7158,0.5132,0.0751,0.6101,0.7489,0.524,0.0796,ATP
2024-540,Wimbledon,Grass,128.0,G,2024-07-01,152.0,106423.0,,,Thanasi Kokkinakis,R,193.0,AUS,28.2,200000.0,17.0,,Felix Auger Aliassime,R,193.0,CAN,23.8,4-6 5-7 7-6(9) 6-4 6-4,5.0,R128,278.0,19.0,4.0,155.0,97.0,79.0,31.0,27.0,5.0,8.0,22.0,8.0,169.0,111.0,89.0,28.0,27.0,7.0,10.0,93.0,639.0,17.0,2075.0,2024.0,,,,,,,,,,,,,0.6347,0.8269,0.4447,0.1532,0.6634,0.7891,0.4998,0.1835,ATP
2024-540,Wimbledon,Grass,128.0,G,2024-07-01,151.0,126128.0,,,Roman Safiullin,R,185.0,RUS,26.8,202103.0,26.0,,Francisco Cerundolo,R,185.0,ARG,25.8,6-7(5) 3-6 7-5 6-3 6-4,5.0,R128,206.0,11.0,3.0,148.0,100.0,76.0,29.0,26.0,7.0,10.0,13.0,8.0,179.0,109.0,78.0,33.0,26.0,14.0,19.0,44.0,1045.0,30.0,1315.0,2024.0,,,,,,,,,,,,,0.655,0.753,0.5475,0.091,0.6357,0.693,0.4695,0.0429,ATP
2024-540,Wimbledon,Grass,128.0,G,2024-07-01,150.0,207830.0,,,Tomas Machac,R,183.0,CZE,23.7,105676.0,,LL,David Goffin,R,180.0,BEL,33.5,3-6 3-6 6-4 6-1 7-6(5),5.0,R128,197.0,6.0,2.0,164.0,103.0,60.0,30.0,24.0,6.0,15.0,10.0,8.0,159.0,91.0,58.0,28.0,23.0,16.0,25.0,39.0,1214.0,83.0,694.0,2024.0,,,,,,,,,,,,,0.6778,0.5867,0.4886,0.0508,0.5907,0.6942,0.4918,0.0634,ATP
2024-540,Wimbledon,Grass,128.0,G,2024-07-01,149.0,209950.0,,,Arthur Fils,R,185.0,FRA,20.0,208502.0,,,Dominic Stricker,L,183.0,SUI,21.8,6-3 6-2 3-6 6-4,5.0,R128,126.0,15.0,2.0,110.0,79.0,63.0,16.0,18.0,5.0,6.0,11.0,6.0,105.0,62.0,48.0,19.0,18.0,6.0,10.0,34.0,1250.0,149.0,400.0,2024.0,,,,,,,,,,,,,0.6046,0.7514,0.5058,0.0822,0.5641,0.7762,0.4802,0.1049,ATP
2024-540,Wimbledon,Grass,128.0,G,2024-07-01,148.0,128034.0,7.0,,Hubert Hurkacz,R,196.0,POL,27.3,105430.0,,Q,Radu Albot,R,175.0,MDA,34.6,5-7 6-4 6-3 6-4,5.0,R128,169.0,24.0,3.0,122.0,78.0,66.0,20.0,21.0,3.0,5.0,0.0,7.0,111.0,68.0,48.0,24.0,20.0,1.0,5.0,7.0,4235.0,144.0,406.0,2024.0,,,,,,,,,,,,,0.6822,0.8145,0.5482,0.2042,0.6159,0.647,0.4824,0.0082,ATP
2024-540,Wimbledon,Grass,128.0,G,2024-07-01,147.0,100644.0,4.0,,Alexander Zverev,R,198.0,GER,27.1,106148.0,,,Roberto Carballes Baena,R,183.0,ESP,31.2,6-2 6-4 6-2,5.0,R128,113.0,18.0,2.0,69.0,51.0,44.0,11.0,13.0,5.0,5.0,7.0,3.0,95.0,53.0,30.0,22.0,13.0,9.0,14.0,4.0,6905.0,64.0,826.0,2024.0,,,,,,,,,,,,,0.7048,0.8268,0.5889,0.153,0.5822,0.6862,0.5486,0.0477,ATP
2024-540,Wimbledon,Grass,128.0,G,2024-07-01,146.0,106218.0,,,Marcos Giron,R,180.0,USA,30.9,211902.0,,WC,Henry Searle,L,193.0,GBR,18.2,3-6 6-3 6-4 6-4,5.0,R128,147.0,10.0,1.0,114.0,73.0,60.0,21.0,19.0,5.0,6.0,17.0,5.0,122.0,70.0,53.0,25.0,19.0,9.0,12.0,46.0,1020.0,539.0,73.0,2024.0,,,,,,,,,,,,,0.6024,0.7685,0.516,0.0797,0.5924,0.6816,0.4071,0.0697,ATP
2024-540,Wimbledon,Grass,128.0,G,2024-07-01,145.0,111815.0,,,Cameron Norrie,L,188.0,GBR,28.8,207680.0,,,Facundo Diaz Acosta,L,183.0,ARG,23.5,7-5 7-5 6-3,5.0,R128,137.0,4.0,5.0,80.0,54.0,41.0,14.0,16.0,1.0,5.0,3.0,7.0,108.0,70.0,38.0,17.0,17.0,5.0,13.0,42.0,1070.0,67.0,808.0,2024.0,,,,,,,,,,,,,0.6675,0.754,0.5184,0.0734,0.6481,0.5429,0.4474,0.0278,ATP
2024-540,Wimbledon,Grass,128.0,G,2024-07-01,128.0,132283.0,,,Lorenzo Sonego,R,191.0,ITA,29.1,208363.0,31.0,,Mariano Navone,R,178.0,ARG,23.3,6-4 7-6(2) 6-4,5.0,R128,144.0,8.0,3.0,96.0,71.0,54.0,16.0,17.0,3.0,4.0,8.0,1.0,112.0,72.0,48.0,19.0,15.0,8.0,11.0,54.0,881.0,32.0,1282.0,2024.0,,,,,,,,,,,,,0.7231,0.7535,0.5196,0.1052,0.6036,0.6382,0.4026,0.0599,ATP
2024-540,Wimbledon,Grass,128.0,G,2024-07-01,144.0,207733.0,28.0,,Jack Draper,L,193.0,GBR,22.5,111200.0,,Q,Elias Ymer,R,185.0,SWE,28.2,3-6 6-3 6-3 4-6 6-3,5.0,R128,198.0,14.0,3.0,132.0,80.0,60.0,27.0,23.0,6.0,11.0,13.0,7.0,151.0,86.0,56.0,30.0,23.0,10.0,17.0,28.0,1461.0,205.0,293.0,2024.0,,,,,,,,,,,,,0.6321,0.849,0.5411,0.1594,0.5695,0.6512,0.4615,0.0861,ATP
2024-540,Wimbledon,Grass,128.0,G,2024-07-01,142.0,207925.0,,,Flavio Cobolli,R,183.0,ITA,22.1,208014.0,,,Rinky Hijikata,R,178.0,AUS,23.3,7-5 4-6 6-4 6-4,5.0,R128,175.0,13.0,2.0,126.0,61.0,46.0,40.0,21.0,4.0,6.0,12.0,6.0,148.0,85.0,63.0,29.0,21.0,14.0,18.0,48.0,980.0,77.0,751.0,2024.0,,,,,,,,,,,,,0.5339,0.7625,0.559,0.0874,0.5973,0.7239,0.4746,0.0487,ATP
2024-540,Wimbledon,Grass,128.0,G,2024-07-01,141.0,126239.0,,,Arthur Rinderknech,R,196.0,FRA,28.9,105453.0,,,Kei Nishikori,R,178.0,JPN,34.5,5-7 6-4 6-7(2) 6-3 6-2,5.0,R128,210.0,33.0,2.0,140.0,97.0,73.0,28.0,26.0,5.0,8.0,5.0,5.0,175.0,124.0,76.0,31.0,25.0,14.0,20.0,76.0,754.0,401.0,118.0,2024.0,,,,,,,,,,,,,0.6368,0.8011,0.4471,0.1486,0.7086,0.6129,0.6078,0.0286,ATP
2024-540,Wimbledon,Grass,128.0,G,2024-07-01,140.0,126203.0,13.0,,Taylor Fritz,R,196.0,USA,26.6,106331.0,,,Christopher Oconnell,R,183.0,AUS,30.0,6-1 6-2 6-4,5.0,R128,91.0,18.0,2.0,63.0,38.0,36.0,17.0,13.0,2.0,2.0,3.0,2.0,88.0,56.0,33.0,12.0,12.0,3.0,8.0,12.0,3350.0,79.0,733.0,2024.0,,,,,,,,,,,,,0.6391,0.8299,0.588,0.1689,0.6505,0.7447,0.5337,0.07,ATP
2024-540,Wimbledon,Grass,128.0,G,2024-07-01,138.0,200325.0,,,Emil Ruusuvuori,R,188.0,FIN,25.2,111456.0,,,Mackenzie Mcdonald,R,178.0,USA,29.2,7-6(6) 4-6 5-7 7-6(6) 6-3,5.0,R128,224.0,14.0,6.0,182.0,122.0,86.0,32.0,27.0,4.0,8.0,14.0,1.0,170.0,117.0,84.0,32.0,28.0,4.0,8.0,87.0,683.0,96.0,626.0,2024.0,,,,,,,,,,,,,0.6273,0.7424,0.5702,0.0774,0.6212,0.7172,0.5222,0.0683,ATP
2024-540,Wimbledon,Grass,128.0,G,2024-07-01,137.0,106415.0,,,Yoshihito Nishioka,L,170.0,JPN,28.7,132686.0,,,Nuno Borges,R,185.0,POR,27.3,6-2 7-6(6) 2-6 6-3,5.0,R128,148.0,3.0,1.0,126.0,77.0,53.0,29.0,19.0,6.0,9.0,21.0,7.0,112.0,72.0,58.0,16.0,18.0,7.0,11.0,90.0,659.0,50.0,936.0,2024.0,,,,,,,,,,,,,0.656,0.6857,0.5699,0.0383,0.6875,0.7376,0.4856,0.1066,ATP
2024-540,Wimbledon,Grass,128.0,G,2024-07-01,136.0,208659.0,,LL,Giovanni Mpetshi Perricard,R,203.0,FRA,20.9,200624.0,20.0,,Sebastian Korda,R,196.0,USA,23.9,7-6(5) 6-7(4) 7-6(6) 6-7(4) 6-3,5.0,R128,201.0,51.0,10.0,195.0,138.0,116.0,29.0,30.0,11.0,11.0,18.0,4.0,171.0,112.0,95.0,35.0,27.0,3.0,4.0,58.0,853.0,21.0,1795.0,2024.0,,,,,,,,,,,,,0.6825,0.8215,0.5071,0.2389,0.6205,0.7989,0.5505,0.124,ATP
2024-540,Wimbledon,Grass,128.0,G,2024-07-01,135.0,207518.0,25.0,,Lorenzo Musetti,R,185.0,ITA,22.3,106005.0,,,Constant Lestienne,R,180.0,FRA,32.1,4-6 7-6(4) 6-2 6-2,5.0,R128,187.0,12.0,0.0,137.0,90.0,57.0,24.0,19.0,11.0,16.0,3.0,5.0,133.0,77.0,54.0,18.0,19.0,7.0,15.0,25.0,1620.0,92.0,650.0,2024.0,,,,,,,,,,,,,0.6501,0.7428,0.5469,0.0612,0.6148,0.6571,0.4059,0.0342,ATP
2024-540,Wimbledon,Grass,128.0,G,2024-07-01,134.0,209260.0,,,Luciano Darderi,R,183.0,ITA,22.3,123828.0,,WC,Jan Choinski,R,196.0,GBR,28.0,7-5 4-6 2-6 7-5 6-2,5.0,R128,210.0,17.0,8.0,143.0,92.0,72.0,24.0,25.0,9.0,14.0,6.0,4.0,176.0,126.0,84.0,23.0,25.0,16.0,22.0,37.0,1236.0,174.0,344.0,2024.0,,,,,,,,,,,,,0.5798,0.7456,0.4849,0.0894,0.6979,0.6316,0.5151,0.0502,ATP
2024-540,Wimbledon,Grass,128.0,G,2024-07-01,133.0,200443.0,,,Adam Walton,R,183.0,AUS,25.2,105948.0,,,Federico Coria,R,180.0,ARG,32.3,6-3 6-3 7-5,5.0,R128,125.0,4.0,1.0,78.0,49.0,36.0,23.0,15.0,2.0,3.0,4.0,1.0,93.0,70.0,43.0,11.0,15.0,3.0,8.0,101.0,607.0,72.0,776.0,2024.0,,,,,,,,,,,,,0.6156,0.6927,0.5782,0.0441,0.6932,0.6196,0.4959,0.0265,ATP
2024-540,Wimbledon,Grass,128.0,G,2024-07-01,132.0,207681.0,,,Francisco Comesana,R,178.0,ARG,23.7,126094.0,6.0,,Andrey Rublev,R,188.0,RUS,26.6,6-4 5-7 6-2 7-6(5),5.0,R128,179.0,21.0,2.0,136.0,95.0,70.0,22.0,20.0,8.0,10.0,6.0,4.0,131.0,72.0,56.0,29.0,22.0,1.0,5.0,122.0,529.0,6.0,4420.0,2024.0,,,,,,,,,,,,,0.6428,0.7177,0.5513,0.0997,0.6245,0.7682,0.4862,0.1079,ATP
2024-540,Wimbledon,Grass,128.0,G,2024-07-01,131.0,134770.0,8.0,,Casper Ruud,R,183.0,NOR,25.5,106109.0,,Q,Alex Bolt,L,183.0,AUS,31.4,7-6(2) 6-4 6-4,5.0,R128,133.0,18.0,5.0,98.0,62.0,53.0,20.0,17.0,9.0,10.0,12.0,3.0,113.0,71.0,46.0,24.0,15.0,10.0,13.0,8.0,4025.0,234.0,252.0,2024.0,,,,,,,,,,,,,0.6066,0.7655,0.5274,0.1036,0.6131,0.7325,0.4956,0.0912,ATP
2024-540,Wimbledon,Grass,128.0,G,2024-07-01,130.0,104926.0,,,Fabio Fognini,R,178.0,ITA,37.1,209414.0,,LL,Luca Van Assche,R,178.0,FRA,20.1,6-1 6-3 7-5,5.0,R128,124.0,12.0,7.0,106.0,63.0,46.0,21.0,14.0,10.0,11.0,7.0,8.0,100.0,69.0,41.0,14.0,14.0,8.0,14.0,94.0,635.0,104.0,585.0,2024.0,,,,,,,,,,,,,0.5781,0.7557,0.4953,0.0914,0.5945,0.6285,0.4653,0.0447,ATP
2024-540,Wimbledon,Grass,128.0,G,2024-07-01,143.0,126214.0,24.0,,Alejandro Tabilo,L,188.0,CHI,27.0,105554.0,,,Daniel Evans,R,175.0,GBR,34.1,6-2 7-5 6-3,5.0,R128,136.0,13.0,2.0,90.0,59.0,49.0,18.0,15.0,7.0,7.0,5.0,7.0,95.0,41.0,30.0,25.0,14.0,5.0,9.0,19.0,1904.0,60.0,844.0,2024.0,,,,,,,,,,,,,0.6478,0.7942,0.4934,0.0993,0.4766,0.7534,0.5269,0.0629,ATP
2024-540,Wimbledon,Grass,128.0,G,2024-07-01,222.0,207518.0,25.0,,Lorenzo Musetti,R,185.0,ITA,22.3,126203.0,13.0,,Taylor Fritz,R,196.0,USA,26.6,3-6 7-6(5) 6-2 3-6 6-1,5.0,QF,207.0,7.0,3.0,137.0,83.0,63.0,29.0,22.0,5.0,9.0,10.0,1.0,144.0,88.0,57.0,32.0,23.0,7.0,13.0,25.0,1620.0,12.0,3350.0,2024.0,,,,,,,,,,,,,0.6501,0.7428,0.5469,0.0612,0.6391,0.8299,0.588,0.1689,ATP
2024-540,Wimbledon,Grass,128.0,G,2024-07-01,139.0,126774.0,11.0,,Stefanos Tsitsipas,R,193.0,GRE,25.8,106121.0,,,Taro Daniel,R,191.0,JPN,31.4,7-6(5) 6-4 7-5,5.0,R128,143.0,15.0,2.0,108.0,74.0,57.0,20.0,18.0,6.0,7.0,10.0,2.0,121.0,62.0,42.0,35.0,16.0,7.0,10.0,11.0,3745.0,84.0,692.0,2024.0,,,,,,,,,,,,,0.6539,0.7899,0.5843,0.1099,0.5519,0.6476,0.4638,0.0565,ATP
2024-540,Wimbledon,Grass,128.0,G,2024-07-01,220.0,106421.0,5.0,,Daniil Medvedev,R,198.0,RUS,28.3,206173.0,1.0,,Jannik Sinner,R,191.0,ITA,22.8,6-7(7) 6-4 7-6(4) 2-6 6-3,5.0,QF,240.0,15.0,11.0,174.0,119.0,91.0,25.0,26.0,3.0,6.0,17.0,4.0,150.0,97.0,78.0,28.0,25.0,4.0,7.0,5.0,6445.0,1.0,9890.0,2024.0,,,,,,,,,,,,,0.6594,0.7567,0.5121,0.1217,0.6163,0.8038,0.5889,0.1194,ATP
2024-540,Wimbledon,Grass,128.0,G,2024-07-01,219.0,104925.0,2.0,,Novak Djokovic,R,188.0,SRB,37.1,208029.0,15.0,,Holger Rune,R,188.0,DEN,21.1,6-3 6-4 6-2,5.0,R16,123.0,5.0,2.0,80.0,51.0,38.0,21.0,14.0,2.0,2.0,3.0,4.0,80.0,43.0,30.0,18.0,13.0,10.0,14.0,2.0,8360.0,15.0,2370.0,2024.0,,,,,,,,,,,,,0.6585,0.7922,0.5938,0.1021,0.6286,0.776,0.5492,0.0959,ATP
2024-540,Wimbledon,Grass,128.0,G,2024-07-01,218.0,200282.0,9.0,,Alex De Minaur,R,183.0,AUS,25.3,209950.0,,,Arthur Fils,R,185.0,FRA,20.0,6-2 6-4 4-6 6-3,5.0,R16,174.0,2.0,4.0,112.0,60.0,43.0,27.0,18.0,9.0,14.0,8.0,7.0,124.0,71.0,40.0,23.0,19.0,7.0,16.0,9.0,3830.0,34.0,1250.0,2024.0,,,,,,,,,,,,,0.563,0.7641,0.5454,0.0517,0.6046,0.7514,0.5058,0.0822,ATP
,,,,,,,,,,,,,,,,,,,,,,,,,,,,,,,,,,,,,,,,,,,,,,,,,,2005.1,1915.78,89.31999999999994,1733.78,1675.08,58.700000000000045,0.8888888888888888,0.6666666666666666,0.9,0.7,1.0,1.0,,,,,,,,,ATP
,,,,,,,,,,,,,,,,,,,,,,,,,,,,,,,,,,,,,,,,,,,,,,,,,,2005.1,1997.54,7.559999999999945,1733.78,1861.62,-127.83999999999992,0.8888888888888888,0.9285714285714286,0.9,0.7,1.0,0.0,,,,,,,,,ATP
,,,,,,,,,,,,,,,,,,,,,,,,,,,,,,,,,,,,,,,,,,,,,,,,,,1997.54,1686.44,311.0999999999999,1861.62,1616.92,244.69999999999982,0.9285714285714286,0.6842105263157895,0.7,0.7,1.0,1.0,,,,,,,,,ATP
,,,,,,,,,,,,,,,,,,,,,,,,,,,,,,,,,,,,,,,,,,,,,,,,,,1997.54,1887.52,110.01999999999998,1861.62,1658.12,203.5,0.9285714285714286,0.7222222222222222,0.7,0.8,1.0,1.0,,,,,,,,,ATP
,,,,,,,,,,,,,,,,,,,,,,,,,,,,,,,,,,,,,,,,,,,,,,,,,,1997.54,1580.38,417.15999999999985,1861.62,1400.35,461.27,0.9285714285714286,0.2222222222222222,0.7,0.3,1.0,1.0,,,,,,,,,ATP
,,,,,,,,,,,,,,,,,,,,,,,,,,,,,,,,,,,,,,,,,,,,,,,,,,2005.1,1824.75,180.3499999999999,1733.78,1654.49,79.28999999999996,0.8888888888888888,0.6956521739130435,0.9,0.8,1.0,1.0,,,,,,,,,ATP
,,,,,,,,,,,,,,,,,,,,,,,,,,,,,,,,,,,,,,,,,,,,,,,,,,1721.76,1618.77,102.99000000000001,1542.32,1495.12,47.200000000000045,0.75,0.4,0.7,0.5,1.0,1.0,,,,,,,,,ATP
,,,,,,,,,,,,,,,,,,,,,,,,,,,,,,,,,,,,,,,,,,,,,,,,,,1815.87,1516.55,299.31999999999994,1640.3,1437.06,203.24,0.6842105263157895,0.3,0.8,0.4,1.0,1.0,,,,,,,,,ATP
,,,,,,,,,,,,,,,,,,,,,,,,,,,,,,,,,,,,,,,,,,,,,,,,,,1608.19,1842.78,-234.58999999999992,1483.95,1576.47,-92.51999999999998,0.45454545454545453,0.5384615384615384,0.3,0.7,0.0,0.0,,,,,,,,,ATP
,,,,,,,,,,,,,,,,,,,,,,,,,,,,,,,,,,,,,,,,,,,,,,,,,,1562.77,1586.35,-23.579999999999927,1468.3,1439.43,28.86999999999989,0.25,0.4,0.7,0.4,0.0,1.0,,,,,,,,,ATP
,,,,,,,,,,,,,,,,,,,,,,,,,,,,,,,,,,,,,,,,,,,,,,,,,,1686.44,1620.75,65.69000000000005,1616.92,1481.0,135.92000000000007,0.6842105263157895,0.3333333333333333,0.7,0.6,1.0,1.0,,,,,,,,,ATP
,,,,,,,,,,,,,,,,,,,,,,,,,,,,,,,,,,,,,,,,,,,,,,,,,,1455.91,1463.25,-7.339999999999918,1500.0,1497.23,2.769999999999982,,0.5,0.0,0.16666666666666666,0.0,1.0,,,,,,,,,ATP
,,,,,,,,,,,,,,,,,,,,,,,,,,,,,,,,,,,,,,,,,,,,,,,,,,1584.4,1905.78,-321.3799999999999,1523.43,1473.39,50.039999999999964,0.3333333333333333,0.5,0.6,0.9,0.0,1.0,,,,,,,,,ATP
,,,,,,,,,,,,,,,,,,,,,,,,,,,,,,,,,,,,,,,,,,,,,,,,,,1595.01,1578.64,16.36999999999989,1625.96,1543.8,82.16000000000008,0.5833333333333334,0.46153846153846156,0.6,0.4,1.0,1.0,,,,,,,,,ATP
,,,,,,,,,,,,,,,,,,,,,,,,,,,,,,,,,,,,,,,,,,,,,,,,,,1649.94,1505.68,144.26,1626.63,1477.93,148.70000000000005,0.6956521739130435,0.0,0.5,0.4,1.0,1.0,,,,,,,,,ATP
,,,,,,,,,,,,,,,,,,,,,,,,,,,,,,,,,,,,,,,,,,,,,,,,,,1824.75,1512.01,312.74,1654.49,1500.0,154.49,0.6956521739130435,,0.8,0.5,1.0,1.0,,,,,,,,,ATP
,,,,,,,,,,,,,,,,,,,,,,,,,,,,,,,,,,,,,,,,,,,,,,,,,,1701.56,1559.87,141.69000000000005,1524.14,1490.93,33.210000000000036,0.4375,0.4444444444444444,0.3,0.4,1.0,1.0,,,,,,,,,ATP
,,,,,,,,,,,,,,,,,,,,,,,,,,,,,,,,,,,,,,,,,,,,,,,,,,1607.28,1634.94,-27.660000000000082,1546.99,1612.86,-65.86999999999989,0.5333333333333333,0.5909090909090909,0.5,0.4,0.0,0.0,,,,,,,,,ATP
,,,,,,,,,,,,,,,,,,,,,,,,,,,,,,,,,,,,,,,,,,,,,,,,,,1585.82,1579.38,6.439999999999827,1566.71,1524.93,41.77999999999997,0.6875,0.0,0.4,0.3,1.0,1.0,,,,,,,,,ATP
,,,,,,,,,,,,,,,,,,,,,,,,,,,,,,,,,,,,,,,,,,,,,,,,,,2005.1,1567.0,438.0999999999999,1733.78,1537.57,196.21000000000004,0.8888888888888888,0.5833333333333334,0.9,0.6,1.0,1.0,,,,,,,,,ATP
,,,,,,,,,,,,,,,,,,,,,,,,,,,,,,,,,,,,,,,,,,,,,,,,,,1915.78,1545.29,370.49,1675.08,1506.21,168.8699999999999,0.6666666666666666,0.5,0.7,0.6,1.0,1.0,,,,,,,,,ATP
,,,,,,,,,,,,,,,,,,,,,,,,,,,,,,,,,,,,,,,,,,,,,,,,,,1769.58,1643.89,125.68999999999983,1582.37,1498.31,84.05999999999995,0.6428571428571429,0.45454545454545453,0.7,0.5,1.0,1.0,,,,,,,,,ATP
,,,,,,,,,,,,,,,,,,,,,,,,,,,,,,,,,,,,,,,,,,,,,,,,,,1694.19,1541.18,153.01,1514.31,1496.69,17.61999999999989,0.75,0.5,0.5,0.3,1.0,1.0,,,,,,,,,ATP
,,,,,,,,,,,,,,,,,,,,,,,,,,,,,,,,,,,,,,,,,,,,,,,,,,1884.87,1565.42,319.4499999999998,1538.02,1520.31,17.710000000000036,0.6,0.6666666666666666,0.7,0.5,1.0,1.0,,,,,,,,,ATP
,,,,,,,,,,,,,,,,,,,,,,,,,,,,,,,,,,,,,,,,,,,,,,,,,,1658.56,1493.36,165.20000000000005,1446.4,1500.42,-54.01999999999998,0.3333333333333333,0.5,0.4,0.3,1.0,0.0,,,,,,,,,ATP
,,,,,,,,,,,,,,,,,,,,,,,,,,,,,,,,,,,,,,,,,,,,,,,,,,1596.98,1509.37,87.61000000000013,1544.49,1422.21,122.27999999999997,0.5454545454545454,0.0,0.6,0.4,1.0,1.0,,,,,,,,,ATP
,,,,,,,,,,,,,,,,,,,,,,,,,,,,,,,,,,,,,,,,,,,,,,,,,,1602.36,1728.28,-125.92000000000007,1479.86,1597.97,-118.11000000000013,0.42857142857142855,0.6875,0.5,0.6,0.0,0.0,,,,,,,,,ATP
,,,,,,,,,,,,,,,,,,,,,,,,,,,,,,,,,,,,,,,,,,,,,,,,,,2087.72,1735.23,352.4899999999998,1694.51,1751.86,-57.34999999999991,0.8095238095238095,0.6666666666666666,0.9,0.7,1.0,0.0,,,,,,,,,ATP
,,,,,,,,,,,,,,,,,,,,,,,,,,,,,,,,,,,,,,,,,,,,,,,,,,1997.54,1484.6,512.94,1861.62,1500.0,361.6199999999999,0.9285714285714286,,0.7,0.3,1.0,1.0,,,,,,,,,ATP
,,,,,,,,,,,,,,,,,,,,,,,,,,,,,,,,,,,,,,,,,,,,,,,,,,1485.53,1512.76,-27.230000000000018,1481.9,1500.0,-18.09999999999991,0.0,,0.0,0.5,0.0,0.0,,,,,,,,,ATP
,,,,,,,,,,,,,,,,,,,,,,,,,,,,,,,,,,,,,,,,,,,,,,,,,,1580.38,1614.79,-34.409999999999854,1400.35,1448.27,-47.92000000000007,0.2222222222222222,0.0,0.3,0.7,0.0,0.0,,,,,,,,,ATP
,,,,,,,,,,,,,,,,,,,,,,,,,,,,,,,,,,,,,,,,,,,,,,,,,,1597.43,1748.53,-151.0999999999999,1562.7,1653.76,-91.05999999999995,0.6153846153846154,0.8,0.4,0.7,0.0,0.0,,,,,,,,,ATP
,,,,,,,,,,,,,,,,,,,,,,,,,,,,,,,,,,,,,,,,,,,,,,,,,,1925.37,1608.03,317.3399999999999,1627.64,1517.42,110.22000000000003,0.7272727272727273,0.42857142857142855,0.9,0.4,1.0,1.0,,,,,,,,,ATP
,,,,,,,,,,,,,,,,,,,,,,,,,,,,,,,,,,,,,,,,,,,,,,,,,,1607.99,1870.87,-262.8799999999999,1494.36,1671.64,-177.2800000000002,0.42857142857142855,0.6666666666666666,0.4,0.8,0.0,0.0,,,,,,,,,ATP
,,,,,,,,,,,,,,,,,,,,,,,,,,,,,,,,,,,,,,,,,,,,,,,,,,1544.32,1716.83,-172.51,1519.11,1467.09,52.01999999999998,0.5,0.0,0.2,0.7,0.0,1.0,,,,,,,,,ATP
,,,,,,,,,,,,,,,,,,,,,,,,,,,,,,,,,,,,,,,,,,,,,,,,,,1686.44,1562.77,123.67000000000007,1616.92,1468.3,148.62000000000012,0.6842105263157895,0.25,0.7,0.7,1.0,1.0,,,,,,,,,ATP
,,,,,,,,,,,,,,,,,,,,,,,,,,,,,,,,,,,,,,,,,,,,,,,,,,1824.75,1595.01,229.74,1654.49,1625.96,28.529999999999973,0.6956521739130435,0.5833333333333334,0.8,0.6,1.0,1.0,,,,,,,,,ATP
,,,,,,,,,,,,,,,,,,,,,,,,,,,,,,,,,,,,,,,,,,,,,,,,,,2005.1,1701.56,303.53999999999996,1733.78,1524.14,209.63999999999987,0.8888888888888888,0.4375,0.9,0.3,1.0,1.0,,,,,,,,,ATP
,,,,,,,,,,,,,,,,,,,,,,,,,,,,,,,,,,,,,,,,,,,,,,,,,,1915.78,1884.87,30.910000000000082,1675.08,1538.02,137.05999999999995,0.6666666666666666,0.6,0.7,0.7,1.0,1.0,,,,,,,,,ATP
,,,,,,,,,,,,,,,,,,,,,,,,,,,,,,,,,,,,,,,,,,,,,,,,,,2087.72,1658.56,429.15999999999985,1694.51,1446.4,248.1099999999999,0.8095238095238095,0.3333333333333333,0.9,0.4,1.0,1.0,,,,,,,,,ATP
,,,,,,,,,,,,,,,,,,,,,,,,,,,,,,,,,,,,,,,,,,,,,,,,,,1742.16,1516.64,225.51999999999998,1538.87,1501.15,37.7199999999998,0.6363636363636364,0.5714285714285714,0.5,0.4,1.0,1.0,,,,,,,,,ATP
,,,,,,,,,,,,,,,,,,,,,,,,,,,,,,,,,,,,,,,,,,,,,,,,,,1887.52,1466.86,420.6600000000001,1658.12,1512.9,145.2199999999998,0.7222222222222222,,0.8,0.3,1.0,1.0,,,,,,,,,ATP
,,,,,,,,,,,,,,,,,,,,,,,,,,,,,,,,,,,,,,,,,,,,,,,,,,1607.99,1544.32,63.67000000000007,1494.36,1519.11,-24.75,0.42857142857142855,0.5,0.4,0.2,1.0,0.0,,,,,,,,,ATP
,,,,,,,,,,,,,,,,,,,,,,,,,,,,,,,,,,,,,,,,,,,,,,,,,,1925.37,1597.43,327.9399999999998,1627.64,1562.7,64.94000000000005,0.7272727272727273,0.6153846153846154,0.9,0.4,1.0,1.0,,,,,,,,,ATP
,,,,,,,,,,,,,,,,,,,,,,,,,,,,,,,,,,,,,,,,,,,,,,,,,,1815.87,1721.76,94.1099999999999,1640.3,1542.32,97.98000000000002,0.6842105263157895,0.75,0.8,0.7,1.0,1.0,,,,,,,,,ATP
,,,,,,,,,,,,,,,,,,,,,,,,,,,,,,,,,,,,,,,,,,,,,,,,,,1562.77,1608.19,-45.42000000000007,1468.3,1483.95,-15.650000000000091,0.25,0.45454545454545453,0.7,0.3,0.0,0.0,,,,,,,,,ATP
,,,,,,,,,,,,,,,,,,,,,,,,,,,,,,,,,,,,,,,,,,,,,,,,,,1686.44,1455.91,230.52999999999997,1616.92,1500.0,116.92000000000007,0.6842105263157895,,0.7,0.0,1.0,1.0,,,,,,,,,ATP
,,,,,,,,,,,,,,,,,,,,,,,,,,,,,,,,,,,,,,,,,,,,,,,,,,1632.22,1467.05,165.17000000000007,1427.85,1492.22,-64.37000000000012,0.16666666666666666,0.3333333333333333,0.6,0.4,1.0,0.0,,,,,,,,,ATP
,,,,,,,,,,,,,,,,,,,,,,,,,,,,,,,,,,,,,,,,,,,,,,,,,,1595.01,1584.4,10.6099999999999,1625.96,1523.43,102.52999999999997,0.5833333333333334,0.3333333333333333,0.6,0.6,1.0,1.0,,,,,,,,,ATP
,,,,,,,,,,,,,,,,,,,,,,,,,,,,,,,,,,,,,,,,,,,,,,,,,,1701.56,1607.28,94.27999999999997,1524.14,1546.99,-22.84999999999991,0.4375,0.5333333333333333,0.3,0.5,1.0,0.0,,,,,,,,,ATP
,,,,,,,,,,,,,,,,,,,,,,,,,,,,,,,,,,,,,,,,,,,,,,,,,,2005.1,1585.82,419.28,1733.78,1566.71,167.06999999999994,0.8888888888888888,0.6875,0.9,0.4,1.0,1.0,,,,,,,,,ATP
,,,,,,,,,,,,,,,,,,,,,,,,,,,,,,,,,,,,,,,,,,,,,,,,,,1915.78,1769.58,146.20000000000005,1675.08,1582.37,92.71000000000004,0.6666666666666666,0.6428571428571429,0.7,0.7,1.0,1.0,,,,,,,,,ATP
,,,,,,,,,,,,,,,,,,,,,,,,,,,,,,,,,,,,,,,,,,,,,,,,,,1884.87,1694.19,190.67999999999984,1538.02,1514.31,23.710000000000036,0.6,0.75,0.7,0.5,1.0,1.0,,,,,,,,,ATP
,,,,,,,,,,,,,,,,,,,,,,,,,,,,,,,,,,,,,,,,,,,,,,,,,,1658.56,1596.98,61.57999999999993,1446.4,1544.49,-98.08999999999992,0.3333333333333333,0.5454545454545454,0.4,0.6,1.0,0.0,,,,,,,,,ATP
,,,,,,,,,,,,,,,,,,,,,,,,,,,,,,,,,,,,,,,,,,,,,,,,,,2087.72,1602.36,485.3599999999999,1694.51,1479.86,214.6500000000001,0.8095238095238095,0.42857142857142855,0.9,0.5,1.0,1.0,,,,,,,,,ATP
,,,,,,,,,,,,,,,,,,,,,,,,,,,,,,,,,,,,,,,,,,,,,,,,,,1997.54,1485.53,512.01,1861.62,1481.9,379.7199999999998,0.9285714285714286,0.0,0.7,0.0,1.0,1.0,,,,,,,,,ATP
,,,,,,,,,,,,,,,,,,,,,,,,,,,,,,,,,,,,,,,,,,,,,,,,,,1580.38,1632.22,-51.83999999999992,1400.35,1427.85,-27.5,0.2222222222222222,0.16666666666666666,0.3,0.6,0.0,0.0,,,,,,,,,ATP
,,,,,,,,,,,,,,,,,,,,,,,,,,,,,,,,,,,,,,,,,,,,,,,,,,1516.64,1736.56,-219.91999999999985,1501.15,1569.22,-68.06999999999994,0.5714285714285714,0.0,0.4,0.5,0.0,0.0,,,,,,,,,ATP
,,,,,,,,,,,,,,,,,,,,,,,,,,,,,,,,,,,,,,,,,,,,,,,,,,1742.16,1562.5,179.66000000000008,1538.87,1505.0,33.86999999999989,0.6363636363636364,0.5,0.5,0.5,1.0,1.0,,,,,,,,,ATP
,,,,,,,,,,,,,,,,,,,,,,,,,,,,,,,,,,,,,,,,,,,,,,,,,,1887.52,1522.2,365.31999999999994,1658.12,1399.69,258.42999999999984,0.7222222222222222,0.4,0.8,0.4,1.0,1.0,,,,,,,,,ATP
,,,,,,,,,,,,,,,,,,,,,,,,,,,,,,,,,,,,,,,,,,,,,,,,,,1466.86,1586.49,-119.63000000000011,1512.9,1513.69,-0.7899999999999636,,0.5,0.3,0.5,0.0,0.0,,,,,,,,,ATP
,,,,,,,,,,,,,,,,,,,,,,,,,,,,,,,,,,,,,,,,,,,,,,,,,,1824.75,1649.94,174.80999999999995,1654.49,1626.63,27.8599999999999,0.6956521739130435,0.6956521739130435,0.8,0.5,1.0,1.0,,,,,,,,,ATP
,,,,,,,,,,,,,,,,,,,,,,,,,,,,,,,,,,,,,,,,,,,,,,,,,,1736.56,1576.55,160.01,1569.22,1477.92,91.29999999999995,0.0,0.4,0.5,0.3,1.0,1.0,,,,,,,,,ATP
,,,,,,,,,,,,,,,,,,,,,,,,,,,,,,,,,,,,,,,,,,,,,,,,,,1516.64,1506.25,10.3900000000001,1501.15,1579.89,-78.74000000000001,0.5714285714285714,0.631578947368421,0.4,0.2,1.0,0.0,,,,,,,,,ATP
,,,,,,,,,,,,,,,,,,,,,,,,,,,,,,,,,,,,,,,,,,,,,,,,,,1562.5,1502.79,59.710000000000036,1505.0,1479.38,25.61999999999989,0.5,0.6,0.5,0.375,1.0,1.0,,,,,,,,,ATP
,,,,,,,,,,,,,,,,,,,,,,,,,,,,,,,,,,,,,,,,,,,,,,,,,,1512.01,1521.72,-9.710000000000036,1500.0,1512.94,-12.940000000000055,,0.38461538461538464,0.5,0.5,0.0,0.0,,,,,,,,,ATP
,,,,,,,,,,,,,,,,,,,,,,,,,,,,,,,,,,,,,,,,,,,,,,,,,,1824.75,1511.07,313.68000000000006,1654.49,1443.49,211.0,0.6956521739130435,0.0,0.8,0.3,1.0,1.0,,,,,,,,,ATP
,,,,,,,,,,,,,,,,,,,,,,,,,,,,,,,,,,,,,,,,,,,,,,,,,,1701.56,1602.82,98.74000000000001,1524.14,1484.78,39.36000000000013,0.4375,0.3333333333333333,0.3,0.5,1.0,1.0,,,,,,,,,ATP
,,,,,,,,,,,,,,,,,,,,,,,,,,,,,,,,,,,,,,,,,,,,,,,,,,1559.87,1519.06,40.809999999999945,1490.93,1465.88,25.049999999999955,0.4444444444444444,0.46153846153846156,0.4,0.4,1.0,1.0,,,,,,,,,ATP
,,,,,,,,,,,,,,,,,,,,,,,,,,,,,,,,,,,,,,,,,,,,,,,,,,1634.94,1644.57,-9.629999999999882,1612.86,1514.98,97.87999999999988,0.5909090909090909,0.6666666666666666,0.4,0.6,0.0,1.0,,,,,,,,,ATP
,,,,,,,,,,,,,,,,,,,,,,,,,,,,,,,,,,,,,,,,,,,,,,,,,,1607.28,1646.86,-39.57999999999993,1546.99,1452.43,94.55999999999995,0.5333333333333333,0.2857142857142857,0.5,0.5,0.0,1.0,,,,,,,,,ATP
,,,,,,,,,,,,,,,,,,,,,,,,,,,,,,,,,,,,,,,,,,,,,,,,,,1585.82,1700.7,-114.88000000000011,1566.71,1482.72,83.99000000000001,0.6875,0.3333333333333333,0.4,0.6,0.0,1.0,,,,,,,,,ATP
,,,,,,,,,,,,,,,,,,,,,,,,,,,,,,,,,,,,,,,,,,,,,,,,,,1579.38,1484.76,94.62000000000012,1524.93,1500.0,24.930000000000064,0.0,,0.3,0.4,1.0,1.0,,,,,,,,,ATP
,,,,,,,,,,,,,,,,,,,,,,,,,,,,,,,,,,,,,,,,,,,,,,,,,,1567.0,1589.12,-22.11999999999989,1537.57,1506.66,30.909999999999854,0.5833333333333334,0.5,0.6,0.6,0.0,1.0,,,,,,,,,ATP
,,,,,,,,,,,,,,,,,,,,,,,,,,,,,,,,,,,,,,,,,,,,,,,,,,2005.1,1479.06,526.04,1733.78,1500.0,233.77999999999997,0.8888888888888888,,0.9,0.25,1.0,1.0,,,,,,,,,ATP
,,,,,,,,,,,,,,,,,,,,,,,,,,,,,,,,,,,,,,,,,,,,,,,,,,1915.78,1463.21,452.56999999999994,1675.08,1485.29,189.78999999999996,0.6666666666666666,0.0,0.7,0.2,1.0,1.0,,,,,,,,,ATP
,,,,,,,,,,,,,,,,,,,,,,,,,,,,,,,,,,,,,,,,,,,,,,,,,,1545.29,1497.96,47.32999999999993,1506.21,1525.8,-19.589999999999918,0.5,0.5,0.6,0.3,1.0,0.0,,,,,,,,,ATP
,,,,,,,,,,,,,,,,,,,,,,,,,,,,,,,,,,,,,,,,,,,,,,,,,,1505.68,1500.33,5.350000000000136,1477.93,1499.94,-22.00999999999999,0.0,0.3333333333333333,0.4,0.4,1.0,0.0,,,,,,,,,ATP
,,,,,,,,,,,,,,,,,,,,,,,,,,,,,,,,,,,,,,,,,,,,,,,,,,1769.58,1603.43,166.14999999999986,1582.37,1462.29,120.07999999999993,0.6428571428571429,0.2,0.7,0.3,1.0,1.0,,,,,,,,,ATP
,,,,,,,,,,,,,,,,,,,,,,,,,,,,,,,,,,,,,,,,,,,,,,,,,,1694.19,1579.29,114.90000000000009,1514.31,1597.78,-83.47000000000003,0.75,0.6086956521739131,0.5,0.2,1.0,0.0,,,,,,,,,ATP
,,,,,,,,,,,,,,,,,,,,,,,,,,,,,,,,,,,,,,,,,,,,,,,,,,1541.18,1486.19,54.99000000000001,1496.69,1482.89,13.799999999999955,0.5,0.0,0.3,0.0,1.0,1.0,,,,,,,,,ATP
,,,,,,,,,,,,,,,,,,,,,,,,,,,,,,,,,,,,,,,,,,,,,,,,,,1565.42,1625.51,-60.08999999999992,1520.31,1558.63,-38.320000000000164,0.6666666666666666,0.8,0.5,0.7,0.0,0.0,,,,,,,,,ATP
,,,,,,,,,,,,,,,,,,,,,,,,,,,,,,,,,,,,,,,,,,,,,,,,,,1884.87,1635.47,249.39999999999986,1538.02,1415.4,122.61999999999989,0.6,0.3333333333333333,0.7,0.6,1.0,1.0,,,,,,,,,ATP
,,,,,,,,,,,,,,,,,,,,,,,,,,,,,,,,,,,,,,,,,,,,,,,,,,1658.56,1475.8,182.76,1446.4,1500.0,-53.59999999999991,0.3333333333333333,,0.4,0.0,1.0,0.0,,,,,,,,,ATP
,,,,,,,,,,,,,,,,,,,,,,,,,,,,,,,,,,,,,,,,,,,,,,,,,,1493.36,1538.7,-45.340000000000146,1500.42,1532.78,-32.3599999999999,0.5,0.5454545454545454,0.3,0.4,0.0,0.0,,,,,,,,,ATP
,,,,,,,,,,,,,,,,,,,,,,,,,,,,,,,,,,,,,,,,,,,,,,,,,,1509.37,1497.58,11.789999999999964,1422.21,1488.51,-66.29999999999995,0.0,0.0,0.4,0.0,1.0,0.0,,,,,,,,,ATP
,,,,,,,,,,,,,,,,,,,,,,,,,,,,,,,,,,,,,,,,,,,,,,,,,,1596.98,1681.75,-84.76999999999998,1544.49,1519.99,24.5,0.5454545454545454,0.5714285714285714,0.6,0.5,0.0,1.0,,,,,,,,,ATP
,,,,,,,,,,,,,,,,,,,,,,,,,,,,,,,,,,,,,,,,,,,,,,,,,,1728.28,1399.38,328.89999999999986,1597.97,1548.28,49.690000000000055,0.6875,0.625,0.6,0.2,1.0,1.0,,,,,,,,,ATP
,,,,,,,,,,,,,,,,,,,,,,,,,,,,,,,,,,,,,,,,,,,,,,,,,,1602.36,1483.79,118.56999999999994,1479.86,1500.0,-20.1400000000001,0.42857142857142855,,0.5,0.3,1.0,0.0,,,,,,,,,ATP
,,,,,,,,,,,,,,,,,,,,,,,,,,,,,,,,,,,,,,,,,,,,,,,,,,1735.23,1676.3,58.930000000000064,1751.86,1587.4,164.4599999999998,0.6666666666666666,0.625,0.7,0.7,1.0,1.0,,,,,,,,,ATP
,,,,,,,,,,,,,,,,,,,,,,,,,,,,,,,,,,,,,,,,,,,,,,,,,,2087.72,1537.03,550.6899999999998,1694.51,1492.06,202.45000000000005,0.8095238095238095,0.5,0.9,0.4,1.0,1.0,,,,,,,,,ATP
,,,,,,,,,,,,,,,,,,,,,,,,,,,,,,,,,,,,,,,,,,,,,,,,,,1643.89,1434.02,209.87000000000012,1498.31,1500.0,-1.6900000000000546,0.45454545454545453,,0.5,0.0,1.0,0.0,,,,,,,,,ATP
,,,,,,,,,,,,,,,,,,,,,,,,,,,,,,,,,,,,,,,,,,,,,,,,,,1815.87,1925.37,-109.5,1640.3,1627.64,12.659999999999854,0.6842105263157895,0.7272727272727273,0.8,0.9,0.0,1.0,,,,,,,,,ATP
,,,,,,,,,,,,,,,,,,,,,,,,,,,,,,,,,,,,,,,,,,,,,,,,,,1649.94,1635.53,14.410000000000082,1626.63,1505.63,121.0,0.6956521739130435,0.5,0.5,0.5,1.0,1.0,,,,,,,,,ATP
,,,,,,,,,,,,,,,,,,,,,,,,,,,,,,,,,,,,,,,,,,,,,,,,,,1595.01,1417.95,177.05999999999995,1625.96,1471.61,154.35000000000014,0.5833333333333334,0.5,0.6,0.1,1.0,1.0,,,,,,,,,ATP
,,,,,,,,,,,,,,,,,,,,,,,,,,,,,,,,,,,,,,,,,,,,,,,,,,1742.16,1551.92,190.24,1538.87,1500.89,37.97999999999979,0.6363636363636364,0.0,0.5,0.2,1.0,1.0,,,,,,,,,ATP
,,,,,,,,,,,,,,,,,,,,,,,,,,,,,,,,,,,,,,,,,,,,,,,,,,1887.52,1561.73,325.78999999999996,1658.12,1518.18,139.93999999999983,0.7222222222222222,0.5454545454545454,0.8,0.6,1.0,1.0,,,,,,,,,ATP
,,,,,,,,,,,,,,,,,,,,,,,,,,,,,,,,,,,,,,,,,,,,,,,,,,1522.2,1560.62,-38.419999999999845,1399.69,1546.96,-147.26999999999998,0.4,0.7142857142857143,0.4,0.6666666666666666,0.0,0.0,,,,,,,,,ATP
,,,,,,,,,,,,,,,,,,,,,,,,,,,,,,,,,,,,,,,,,,,,,,,,,,1466.86,1525.41,-58.55000000000018,1512.9,1456.77,56.13000000000011,,0.4444444444444444,0.3,0.3,0.0,1.0,,,,,,,,,ATP
,,,,,,,,,,,,,,,,,,,,,,,,,,,,,,,,,,,,,,,,,,,,,,,,,,1586.49,1751.02,-164.52999999999997,1513.69,1572.8,-59.1099999999999,0.5,0.0,0.5,0.7,0.0,0.0,,,,,,,,,ATP
,,,,,,,,,,,,,,,,,,,,,,,,,,,,,,,,,,,,,,,,,,,,,,,,,,1544.32,1648.28,-103.96000000000004,1519.11,1512.81,6.2999999999999545,0.5,0.5454545454545454,0.2,0.5,0.0,1.0,,,,,,,,,ATP
,,,,,,,,,,,,,,,,,,,,,,,,,,,,,,,,,,,,,,,,,,,,,,,,,,1716.83,1486.14,230.68999999999983,1467.09,1578.06,-110.97000000000003,0.0,0.6,0.7,0.3,1.0,0.0,,,,,,,,,ATP
,,,,,,,,,,,,,,,,,,,,,,,,,,,,,,,,,,,,,,,,,,,,,,,,,,1607.99,1574.8,33.190000000000055,1494.36,1520.25,-25.8900000000001,0.42857142857142855,0.5,0.4,0.3,1.0,0.0,,,,,,,,,ATP
,,,,,,,,,,,,,,,,,,,,,,,,,,,,,,,,,,,,,,,,,,,,,,,,,,1870.87,1503.26,367.6099999999999,1671.64,1401.91,269.73,0.6666666666666666,0.0,0.8,0.5,1.0,1.0,,,,,,,,,ATP
,,,,,,,,,,,,,,,,,,,,,,,,,,,,,,,,,,,,,,,,,,,,,,,,,,1925.37,1613.06,312.30999999999995,1627.64,1424.49,203.1500000000001,0.7272727272727273,0.375,0.9,0.5,1.0,1.0,,,,,,,,,ATP
,,,,,,,,,,,,,,,,,,,,,,,,,,,,,,,,,,,,,,,,,,,,,,,,,,1608.03,1487.92,120.1099999999999,1517.42,1483.59,33.830000000000155,0.42857142857142855,0.0,0.4,0.0,1.0,1.0,,,,,,,,,ATP
,,,,,,,,,,,,,,,,,,,,,,,,,,,,,,,,,,,,,,,,,,,,,,,,,,1597.43,1552.23,45.200000000000045,1562.7,1500.0,62.700000000000045,0.6153846153846154,,0.4,0.4,1.0,1.0,,,,,,,,,ATP
,,,,,,,,,,,,,,,,,,,,,,,,,,,,,,,,,,,,,,,,,,,,,,,,,,1578.64,1585.25,-6.6099999999999,1543.8,1469.69,74.1099999999999,0.46153846153846156,0.0,0.4,0.5,0.0,1.0,,,,,,,,,ATP
,,,,,,,,,,,,,,,,,,,,,,,,,,,,,,,,,,,,,,,,,,,,,,,,,,1748.53,1480.52,268.01,1653.76,1482.05,171.71000000000004,0.8,0.0,0.7,0.3,1.0,1.0,,,,,,,,,ATP
,,,,,,,,,,,,,,,,,,,,,,,,,,,,,,,,,,,,,,,,,,,,,,,,,,1618.77,1541.92,76.84999999999991,1495.12,1533.64,-38.52000000000021,0.4,0.5833333333333334,0.5,0.4,1.0,0.0,,,,,,,,,ATP
,,,,,,,,,,,,,,,,,,,,,,,,,,,,,,,,,,,,,,,,,,,,,,,,,,1516.55,1697.04,-180.49,1437.06,1591.68,-154.62000000000012,0.3,,0.4,0.6,0.0,0.0,,,,,,,,,ATP
,,,,,,,,,,,,,,,,,,,,,,,,,,,,,,,,,,,,,,,,,,,,,,,,,,1815.87,1568.04,247.82999999999993,1640.3,1505.79,134.51,0.6842105263157895,0.5714285714285714,0.8,0.4,1.0,1.0,,,,,,,,,ATP
,,,,,,,,,,,,,,,,,,,,,,,,,,,,,,,,,,,,,,,,,,,,,,,,,,1608.19,1557.65,50.539999999999964,1483.95,1540.27,-56.319999999999936,0.45454545454545453,0.5333333333333333,0.3,0.2,1.0,0.0,,,,,,,,,ATP
,,,,,,,,,,,,,,,,,,,,,,,,,,,,,,,,,,,,,,,,,,,,,,,,,,1586.35,1536.78,49.569999999999936,1439.43,1425.82,13.610000000000127,0.4,0.0,0.4,0.4,1.0,1.0,,,,,,,,,ATP
,,,,,,,,,,,,,,,,,,,,,,,,,,,,,,,,,,,,,,,,,,,,,,,,,,1562.77,1784.92,-222.1500000000001,1468.3,1638.89,-170.59000000000015,0.25,0.7142857142857143,0.7,0.7,0.0,0.0,,,,,,,,,ATP
,,,,,,,,,,,,,,,,,,,,,,,,,,,,,,,,,,,,,,,,,,,,,,,,,,1686.44,1399.62,286.82000000000016,1616.92,1437.89,179.02999999999997,0.6842105263157895,0.2,0.7,0.3,1.0,1.0,,,,,,,,,ATP
,,,,,,,,,,,,,,,,,,,,,,,,,,,,,,,,,,,,,,,,,,,,,,,,,,1620.75,1490.84,129.91000000000008,1481.0,1465.87,15.13000000000011,0.3333333333333333,0.25,0.6,0.2857142857142857,1.0,1.0,,,,,,,,,ATP
,,,,,,,,,,,,,,,,,,,,,,,,,,,,,,,,,,,,,,,,,,,,,,,,,,1463.25,1510.92,-47.67000000000007,1497.23,1447.32,49.91000000000008,0.5,0.0,0.16666666666666666,0.3,0.0,1.0,,,,,,,,,ATP
,,,,,,,,,,,,,,,,,,,,,,,,,,,,,,,,,,,,,,,,,,,,,,,,,,1455.91,1788.51,-332.5999999999999,1500.0,1643.93,-143.93000000000006,,0.7272727272727273,0.0,0.7,0.0,0.0,,,,,,,,,ATP
,,,,,,,,,,,,,,,,,,,,,,,,,,,,,,,,,,,,,,,,,,,,,,,,,,1905.78,1481.1,424.68000000000006,1473.39,1420.95,52.440000000000055,0.5,0.0,0.9,0.3,1.0,1.0,,,,,,,,,ATP
,,,,,,,,,,,,,,,,,,,,,,,,,,,,,,,,,,,,,,,,,,,,,,,,,,1584.4,1517.13,67.26999999999998,1523.43,1477.17,46.25999999999999,0.3333333333333333,0.3333333333333333,0.6,0.3,1.0,1.0,,,,,,,,,ATP
,,,,,,,,,,,,,,,,,,,,,,,,,,,,,,,,,,,,,,,,,,,,,,,,,,1721.76,1459.88,261.8799999999999,1542.32,1469.97,72.34999999999991,0.75,0.0,0.7,0.1,1.0,1.0,,,,,,,,,ATP
,,,,,,,,,,,,,,,,,,,,,,,,,,,,,,,,,,,,,,,,,,,,,,,,,,1686.44,1815.87,-129.42999999999984,1616.92,1640.3,-23.37999999999988,0.6842105263157895,0.6842105263157895,0.7,0.8,0.0,0.0,,,,,,,,,ATP
,,,,,,,,,,,,,,,,,,,,,,,,,,,,,,,,,,,,,,,,,,,,,,,,,,1842.78,1492.86,349.9200000000001,1576.47,1396.01,180.46000000000004,0.5384615384615384,0.0,0.7,0.3,1.0,1.0,,,,,,,,,ATP
,,,,,,,,,,,,,,,,,,,,,,,,,,,,,,,,,,,,,,,,,,,,,,,,,,1915.78,2087.72,-171.93999999999983,1675.08,1694.51,-19.430000000000064,0.6666666666666666,0.8095238095238095,0.7,0.9,0.0,0.0,,,,,,,,,ATP
,,,,,,,,,,,,,,,,,,,,,,,,,,,,,,,,,,,,,,,,,,,,,,,,,,1997.54,1742.16,255.37999999999988,1861.62,1538.87,322.75,0.9285714285714286,0.6363636363636364,0.7,0.5,1.0,1.0,,,,,,,,,ATP
,,,,,,,,,,,,,,,,,,,,,,,,,,,,,,,,,,,,,,,,,,,,,,,,,,1887.52,1607.99,279.53,1658.12,1494.36,163.76,0.7222222222222222,0.42857142857142855,0.8,0.4,1.0,1.0,,,,,,,,,ATP
2024-540,Wimbledon,Grass,128.0,G,2024-07-01,192.0,223670.0,,,Diana Shnaider,L,,RUS,20.2,201585.0,,,Sloane Stephens,R,170.0,USA,31.2,6-1 6-1,3.0,R64,49.0,0.0,1.0,44.0,25.0,17.0,13.0,7.0,1.0,1.0,0.0,1.0,38.0,25.0,8.0,6.0,7.0,0.0,5.0,30.0,1690.0,50.0,1217.0,2024.0,,,,,,,,,,,,,0.6593,0.6433,0.5686,0.0431,0.709,0.5562,0.522,0.0224,WTA
2024-540,Wimbledon,Grass,128.0,G,2024-07-01,193.0,215613.0,19.0,,Emma Navarro,R,,USA,23.1,211768.0,,WC,Naomi Osaka,R,180.0,JPN,26.7,6-4 6-1,3.0,R64,59.0,0.0,1.0,45.0,33.0,27.0,7.0,8.0,0.0,0.0,4.0,0.0,48.0,30.0,19.0,8.0,9.0,1.0,5.0,17.0,2323.0,113.0,669.0,2024.0,,,,,,,,,,,,,0.6806,0.6715,0.5071,0.0186,0.5495,0.7823,0.509,0.1021,WTA
2024-540,Wimbledon,Grass,128.0,G,2024-07-01,194.0,222661.0,,Q,Sonay Kartal,R,,GBR,22.6,216262.0,,,Clara Burel,R,176.0,FRA,23.2,6-3 5-7 6-3,3.0,R64,135.0,0.0,1.0,98.0,63.0,43.0,19.0,15.0,10.0,13.0,3.0,8.0,107.0,59.0,35.0,24.0,15.0,7.0,12.0,298.0,228.0,45.0,1288.0,2024.0,,,,,,,,,,,,,0.6725,0.6235,0.4431,0.0176,0.5496,0.5883,0.4359,0.0495,WTA
2024-540,Wimbledon,Grass,128.0,G,2024-07-01,195.0,221103.0,2.0,,Coco Gauff,R,175.0,USA,20.3,223331.0,,Q,Anca Alexia Todoni,R,,ROU,19.7,6-2 6-1,3.0,R64,66.0,2.0,2.0,47.0,20.0,17.0,16.0,7.0,2.0,2.0,2.0,2.0,54.0,36.0,20.0,5.0,8.0,4.0,9.0,2.0,7943.0,142.0,541.0,2024.0,,,,,,,,,,,,,0.5979,0.755,0.5275,0.0846,0.6638,0.6752,0.4389,0.0439,WTA
2024-540,Wimbledon,Grass,128.0,G,2024-07-01,197.0,211533.0,13.0,,Jelena Ostapenko,R,177.0,LAT,27.0,211095.0,,,Bernarda Pera,L,175.0,USA,29.5,6-1 6-3,3.0,R32,59.0,2.0,3.0,46.0,24.0,20.0,10.0,8.0,7.0,9.0,4.0,4.0,52.0,24.0,12.0,10.0,8.0,4.0,10.0,14.0,3058.0,97.0,752.0,2024.0,,,,,,,,,,,,,0.575,0.7188,0.4748,0.0808,0.5889,0.6555,0.4481,0.0735,WTA
2024-540,Wimbledon,Grass,128.0,G,2024-07-01,198.0,203389.0,11.0,,Danielle Collins,R,178.0,USA,30.5,206242.0,20.0,,Beatriz Haddad Maia,L,185.0,BRA,28.0,6-4 6-4,3.0,R32,98.0,3.0,8.0,69.0,35.0,22.0,16.0,10.0,4.0,7.0,5.0,5.0,60.0,39.0,24.0,6.0,10.0,3.0,8.0,11.0,3532.0,20.0,2218.0,2024.0,,,,,,,,,,,,,0.5746,0.6808,0.4861,0.0566,0.6636,0.6559,0.5146,0.0362,WTA
2024-540,Wimbledon,Grass,128.0,G,2024-07-01,199.0,206252.0,31.0,,Barbora Krejcikova,R,178.0,CZE,28.5,222601.0,,,Jessica Bouzas Maneiro,R,,ESP,21.7,6-0 4-3 RET,3.0,R32,56.0,3.0,3.0,36.0,25.0,23.0,5.0,6.0,0.0,0.0,0.0,5.0,36.0,21.0,11.0,5.0,7.0,1.0,5.0,32.0,1643.0,83.0,828.0,2024.0,,,,,,,,,,,,,0.6443,0.7379,0.5092,0.0642,0.6,0.6418,0.3884,0.0229,WTA
2024-540,Wimbledon,Grass,128.0,G,2024-07-01,191.0,201619.0,12.0,,Madison Keys,R,178.0,USA,29.3,206374.0,,,Yafan Wang,R,170.0,CHN,30.1,6-2 6-2,3.0,R64,77.0,5.0,3.0,45.0,34.0,30.0,4.0,8.0,0.0,0.0,1.0,3.0,76.0,48.0,28.0,11.0,8.0,10.0,14.0,13.0,3068.0,71.0,919.0,2024.0,,,,,,,,,,,,,0.7262,0.7262,0.4418,0.0645,0.5981,0.628,0.4643,0.0227,WTA
2024-540,Wimbledon,Grass,128.0,G,2024-07-01,200.0,214981.0,4.0,,Elena Rybakina,R,184.0,KAZ,25.0,201496.0,,WC,Caroline Wozniacki,R,177.0,DEN,33.9,6-0 6-1,3.0,R32,57.0,9.0,4.0,45.0,31.0,25.0,6.0,7.0,1.0,1.0,0.0,2.0,42.0,23.0,10.0,6.0,6.0,6.0,11.0,4.0,6026.0,91.0,774.0,2024.0,,,,,,,,,,,,,0.5992,0.815,0.4757,0.1333,0.6543,0.6579,0.4047,0.0295,WTA
2024-540,Wimbledon,Grass,128.0,G,2024-07-01,196.0,201709.0,,,Yulia Putintseva,R,163.0,KAZ,29.4,216347.0,1.0,,Iga Swiatek,R,176.0,POL,23.0,3-6 6-1 6-2,3.0,R32,119.0,0.0,4.0,85.0,62.0,42.0,12.0,12.0,7.0,8.0,5.0,2.0,78.0,52.0,32.0,12.0,12.0,4.0,8.0,35.0,1553.0,1.0,11585.0,2024.0,,,,,,,,,,,,,0.6883,0.6834,0.5293,0.0343,0.6863,0.7398,0.5493,0.0349,WTA
2024-540,Wimbledon,Grass,128.0,G,2024-07-01,190.0,216146.0,18.0,,Marta Kostyuk,R,175.0,UKR,22.0,201611.0,,,Daria Saville,R,166.0,AUS,30.3,4-6 7-6(2) 6-4,3.0,R64,190.0,4.0,15.0,123.0,77.0,52.0,12.0,16.0,8.0,16.0,0.0,9.0,117.0,71.0,41.0,18.0,16.0,13.0,21.0,19.0,2240.0,82.0,830.0,2024.0,,,,,,,,,,,,,0.6284,0.6785,0.4228,0.036,0.6546,0.5805,0.4306,0.0272,WTA
2024-540,Wimbledon,Grass,128.0,G,2024-07-01,183.0,206289.0,9.0,,Maria Sakkari,R,172.0,GRE,28.9,201551.0,,,Arantxa Rus,L,180.0,NED,33.5,7-5 6-3,3.0,R64,89.0,5.0,2.0,66.0,36.0,30.0,18.0,11.0,2.0,2.0,5.0,3.0,57.0,41.0,29.0,6.0,10.0,1.0,3.0,9.0,3805.0,56.0,1054.0,2024.0,,,,,,,,,,,,,0.5935,0.6987,0.4694,0.0548,0.6925,0.642,0.4135,0.0531,WTA
2024-540,Wimbledon,Grass,128.0,G,2024-07-01,188.0,211148.0,7.0,,Jasmine Paolini,R,160.0,ITA,28.4,213889.0,,,Greet Minnen,R,,BEL,26.8,7-6(5) 6-2,3.0,R64,92.0,0.0,2.0,58.0,37.0,22.0,11.0,10.0,4.0,8.0,0.0,1.0,84.0,55.0,28.0,11.0,10.0,6.0,12.0,7.0,4228.0,80.0,848.0,2024.0,,,,,,,,,,,,,0.6643,0.6557,0.5133,0.0197,0.6502,0.6007,0.4325,0.0466,WTA
2024-540,Wimbledon,Grass,128.0,G,2024-07-01,187.0,202499.0,,,Donna Vekic,R,179.0,CRO,28.0,222965.0,,LL,Erika Andreeva,R,,RUS,20.0,6-2 6-3,3.0,R64,92.0,2.0,3.0,44.0,24.0,20.0,10.0,8.0,0.0,1.0,1.0,5.0,81.0,43.0,22.0,17.0,9.0,10.0,15.0,37.0,1488.0,101.0,729.0,2024.0,,,,,,,,,,,,,0.5892,0.7528,0.4664,0.0672,0.5812,0.6141,0.5094,0.0378,WTA
2024-540,Wimbledon,Grass,128.0,G,2024-07-01,186.0,215035.0,28.0,,Dayana Yastremska,R,175.0,UKR,24.1,219875.0,,,Varvara Gracheva,R,,FRA,23.9,3-6 6-4 7-6(5),3.0,R64,155.0,6.0,4.0,123.0,74.0,42.0,27.0,15.0,8.0,14.0,4.0,7.0,110.0,71.0,48.0,15.0,16.0,7.0,13.0,27.0,1760.0,70.0,920.0,2024.0,,,,,,,,,,,,,0.5461,0.6476,0.5371,0.0441,0.6171,0.6967,0.4749,0.0311,WTA
2024-540,Wimbledon,Grass,128.0,G,2024-07-01,185.0,211651.0,,,Paula Badosa,R,180.0,ESP,26.6,259104.0,,,Brenda Fruhvirtova,R,,CZE,17.2,6-4 6-2,3.0,R64,80.0,7.0,6.0,57.0,35.0,26.0,7.0,9.0,4.0,7.0,0.0,7.0,53.0,34.0,15.0,7.0,9.0,1.0,7.0,93.0,770.0,88.0,801.0,2024.0,,,,,,,,,,,,,0.5373,0.7308,0.4406,0.0765,0.5912,0.5225,0.3842,0.0,WTA
2024-540,Wimbledon,Grass,128.0,G,2024-07-01,184.0,214082.0,14.0,,Daria Kasatkina,R,170.0,RUS,27.1,213908.0,,WC,Yuriko Miyazaki,R,165.0,GBR,28.6,6-0 6-0,3.0,R64,50.0,2.0,1.0,33.0,20.0,17.0,9.0,6.0,0.0,0.0,0.0,5.0,39.0,22.0,10.0,2.0,6.0,4.0,10.0,12.0,3283.0,148.0,512.0,2024.0,,,,,,,,,,,,,0.6983,0.6493,0.4554,0.0269,0.5702,0.5866,0.3816,0.0145,WTA
2024-540,Wimbledon,Grass,128.0,G,2024-07-01,182.0,221054.0,,WC,Emma Raducanu,R,175.0,GBR,21.6,210722.0,,,Elise Mertens,R,179.0,BEL,28.6,6-1 6-2,3.0,R64,75.0,3.0,1.0,49.0,36.0,27.0,8.0,8.0,2.0,2.0,1.0,1.0,47.0,27.0,14.0,10.0,7.0,9.0,13.0,135.0,559.0,33.0,1629.0,2024.0,,,,,,,,,,,,,0.6699,0.6558,0.5097,0.0644,0.5324,0.6967,0.4891,0.0715,WTA
2024-540,Wimbledon,Grass,128.0,G,2024-07-01,181.0,202684.0,,,Lin Zhu,R,173.0,CHN,30.4,201499.0,25.0,,Anastasia Pavlyuchenkova,R,177.0,RUS,32.9,6-4 6-3,3.0,R64,84.0,3.0,0.0,56.0,36.0,21.0,16.0,9.0,1.0,2.0,3.0,2.0,70.0,48.0,29.0,9.0,10.0,4.0,8.0,61.0,997.0,28.0,1756.0,2024.0,,,,,,,,,,,,,0.6758,0.63,0.5385,0.0197,0.6745,0.6798,0.511,0.033,WTA
2024-540,Wimbledon,Grass,128.0,G,2024-07-01,180.0,215138.0,,Q,Lulu Sun,L,,NZL,23.2,263857.0,,Q,Yuliia Starodubtseva,R,,UKR,24.3,4-6 6-3 6-2,3.0,R64,133.0,4.0,2.0,81.0,52.0,35.0,18.0,14.0,6.0,8.0,4.0,0.0,114.0,76.0,44.0,19.0,13.0,16.0,20.0,123.0,616.0,153.0,490.0,2024.0,,,,,,,,,,,,,0.5856,0.7144,0.5215,0.066,0.739,0.6616,0.45,0.0364,WTA
2024-540,Wimbledon,Grass,128.0,G,2024-07-01,179.0,216133.0,,,Xin Yu Wang,R,182.0,CHN,22.7,202468.0,5.0,,Jessica Pegula,R,170.0,USA,30.3,6-4 6-7(7) 6-1,3.0,R64,130.0,4.0,4.0,101.0,57.0,39.0,21.0,15.0,4.0,7.0,7.0,3.0,106.0,77.0,44.0,11.0,14.0,8.0,14.0,42.0,1411.0,5.0,5025.0,2024.0,,,,,,,,,,,,,0.5541,0.6028,0.4551,0.0283,0.621,0.684,0.5589,0.038,WTA
2024-540,Wimbledon,Grass,128.0,G,2024-07-01,201.0,214939.0,17.0,,Anna Kalinskaya,R,175.0,RUS,25.5,214643.0,15.0,,Liudmila Samsonova,R,180.0,RUS,25.6,7-6(4) 6-2,3.0,R32,97.0,0.0,1.0,59.0,42.0,32.0,11.0,10.0,1.0,2.0,8.0,4.0,67.0,24.0,22.0,17.0,10.0,5.0,8.0,18.0,2310.0,15.0,2830.0,2024.0,,,,,,,,,,,,,0.6629,0.6644,0.5279,0.0222,0.5333,0.7302,0.4873,0.0843,WTA
2024-540,Wimbledon,Grass,128.0,G,2024-07-01,189.0,215370.0,,,Bianca Andreescu,R,170.0,CAN,24.0,222328.0,26.0,,Linda Noskova,R,,CZE,19.6,6-3 7-6(5),3.0,R64,93.0,1.0,2.0,76.0,54.0,40.0,15.0,11.0,5.0,5.0,4.0,4.0,76.0,51.0,38.0,10.0,10.0,5.0,6.0,176.0,426.0,26.0,1775.0,2024.0,,,,,,,,,,,,,0.6578,0.6671,0.5101,0.0334,0.6462,0.7003,0.446,0.0609,WTA
2024-540,Wimbledon,Grass,128.0,G,2024-07-01,202.0,202494.0,21.0,,Elina Svitolina,R,174.0,UKR,29.8,202460.0,10.0,,Ons Jabeur,R,167.0,TUN,29.8,6-1 7-6(4),3.0,R32,80.0,1.0,0.0,66.0,38.0,29.0,19.0,10.0,2.0,2.0,2.0,2.0,57.0,31.0,21.0,15.0,9.0,1.0,3.0,21.0,2100.0,10.0,3801.0,2024.0,,,,,,,,,,,,,0.6454,0.6765,0.4801,0.0573,0.5465,0.7692,0.5333,0.068,WTA
2024-540,Wimbledon,Grass,128.0,G,2024-07-01,219.0,215613.0,19.0,,Emma Navarro,R,,USA,23.1,221103.0,2.0,,Coco Gauff,R,175.0,USA,20.3,6-4 6-3,3.0,R16,74.0,0.0,0.0,61.0,44.0,29.0,10.0,10.0,2.0,3.0,3.0,3.0,54.0,30.0,21.0,11.0,9.0,1.0,4.0,17.0,2323.0,2.0,7943.0,2024.0,,,,,,,,,,,,,0.6806,0.6715,0.5071,0.0186,0.5979,0.755,0.5275,0.0846,WTA
2024-540,Wimbledon,Grass,128.0,G,2024-07-01,204.0,215138.0,,Q,Lulu Sun,L,,NZL,23.2,202684.0,,,Lin Zhu,R,173.0,CHN,30.4,7-6(4) 7-6(6),3.0,R32,121.0,10.0,8.0,101.0,59.0,44.0,19.0,12.0,15.0,18.0,2.0,1.0,84.0,61.0,40.0,13.0,12.0,2.0,5.0,123.0,616.0,61.0,997.0,2024.0,,,,,,,,,,,,,0.5856,0.7144,0.5215,0.066,0.6758,0.63,0.5385,0.0197,WTA
2024-540,Wimbledon,Grass,128.0,G,2024-07-01,178.0,211279.0,,,Harriet Dart,R,175.0,GBR,27.9,211107.0,32.0,,Katie Boulter,R,180.0,GBR,27.9,4-6 6-1 7-6(8),3.0,R64,177.0,0.0,12.0,114.0,62.0,49.0,23.0,15.0,7.0,10.0,1.0,9.0,121.0,68.0,44.0,25.0,14.0,14.0,18.0,100.0,739.0,29.0,1748.0,2024.0,,,,,,,,,,,,,0.5651,0.6772,0.4683,0.0397,0.6013,0.6883,0.452,0.065,WTA
2024-540,Wimbledon,Grass,128.0,G,2024-07-01,226.0,206252.0,31.0,,Barbora Krejcikova,R,178.0,CZE,28.5,211148.0,7.0,,Jasmine Paolini,R,160.0,ITA,28.4,6-2 2-6 6-4,3.0,F,116.0,6.0,4.0,76.0,55.0,40.0,12.0,13.0,4.0,6.0,3.0,1.0,85.0,62.0,38.0,14.0,13.0,4.0,7.0,32.0,1643.0,7.0,4228.0,2024.0,,,,,,,,,,,,,0.6443,0.7379,0.5092,0.0642,0.6643,0.6557,0.5133,0.0197,WTA
2024-540,Wimbledon,Grass,128.0,G,2024-07-01,225.0,211148.0,7.0,,Jasmine Paolini,R,160.0,ITA,28.4,202499.0,,,Donna Vekic,R,179.0,CRO,28.0,2-6 6-4 7-6(8),3.0,SF,171.0,5.0,3.0,129.0,81.0,54.0,22.0,15.0,10.0,14.0,7.0,7.0,100.0,58.0,48.0,17.0,15.0,4.0,7.0,7.0,4228.0,37.0,1488.0,2024.0,,,,,,,,,,,,,0.6643,0.6557,0.5133,0.0197,0.5892,0.7528,0.4664,0.0672,WTA
2024-540,Wimbledon,Grass,128.0,G,2024-07-01,224.0,206252.0,31.0,,Barbora Krejcikova,R,178.0,CZE,28.5,214981.0,4.0,,Elena Rybakina,R,184.0,KAZ,25.0,3-6 6-3 6-4,3.0,SF,127.0,4.0,6.0,102.0,73.0,49.0,11.0,14.0,6.0,9.0,8.0,3.0,85.0,49.0,33.0,17.0,14.0,2.0,6.0,32.0,1643.0,4.0,6026.0,2024.0,,,,,,,,,,,,,0.6443,0.7379,0.5092,0.0642,0.5992,0.815,0.4757,0.1333,WTA
2024-540,Wimbledon,Grass,128.0,G,2024-07-01,223.0,211148.0,7.0,,Jasmine Paolini,R,160.0,ITA,28.4,215613.0,19.0,,Emma Navarro,R,,USA,23.1,6-2 6-1,3.0,QF,58.0,1.0,1.0,51.0,34.0,23.0,10.0,8.0,3.0,4.0,1.0,2.0,34.0,24.0,13.0,0.0,7.0,1.0,6.0,7.0,4228.0,17.0,2323.0,2024.0,,,,,,,,,,,,,0.6643,0.6557,0.5133,0.0197,0.6806,0.6715,0.5071,0.0186,WTA
2024-540,Wimbledon,Grass,128.0,G,2024-07-01,222.0,202499.0,,,Donna Vekic,R,179.0,CRO,28.0,215138.0,,Q,Lulu Sun,L,,NZL,23.2,5-7 6-4 6-1,3.0,QF,128.0,11.0,6.0,84.0,45.0,39.0,23.0,15.0,4.0,6.0,10.0,3.0,97.0,58.0,39.0,18.0,14.0,4.0,8.0,37.0,1488.0,123.0,616.0,2024.0,,,,,,,,,,,,,0.5892,0.7528,0.4664,0.0672,0.5856,0.7144,0.5215,0.066,WTA
2024-540,Wimbledon,Grass,128.0,G,2024-07-01,221.0,214981.0,4.0,,Elena Rybakina,R,184.0,KAZ,25.0,202494.0,21.0,,Elina Svitolina,R,174.0,UKR,29.8,6-3 6-2,3.0,QF,61.0,7.0,1.0,51.0,26.0,22.0,13.0,9.0,1.0,2.0,1.0,4.0,47.0,33.0,20.0,4.0,8.0,2.0,6.0,4.0,6026.0,21.0,2100.0,2024.0,,,,,,,,,,,,,0.5992,0.815,0.4757,0.1333,0.6454,0.6765,0.4801,0.0573,WTA
2024-540,Wimbledon,Grass,128.0,G,2024-07-01,220.0,206252.0,31.0,,Barbora Krejcikova,R,178.0,CZE,28.5,211533.0,13.0,,Jelena Ostapenko,R,177.0,LAT,27.0,6-4 7-6(4),3.0,QF,100.0,5.0,3.0,64.0,47.0,38.0,8.0,11.0,3.0,5.0,4.0,5.0,84.0,41.0,25.0,24.0,11.0,5.0,8.0,32.0,1643.0,14.0,3058.0,2024.0,,,,,,,,,,,,,0.6443,0.7379,0.5092,0.0642,0.575,0.7188,0.4748,0.0808,WTA
2024-540,Wimbledon,Grass,128.0,G,2024-07-01,218.0,211148.0,7.0,,Jasmine Paolini,R,160.0,ITA,28.4,201619.0,12.0,,Madison Keys,R,178.0,USA,29.3,6-3 6-7(6) 5-5 RET,3.0,R16,143.0,2.0,2.0,102.0,73.0,44.0,13.0,16.0,2.0,8.0,6.0,3.0,117.0,82.0,45.0,15.0,15.0,6.0,13.0,7.0,4228.0,13.0,3068.0,2024.0,,,,,,,,,,,,,0.6643,0.6557,0.5133,0.0197,0.7262,0.7262,0.4418,0.0645,WTA
2024-540,Wimbledon,Grass,128.0,G,2024-07-01,217.0,202499.0,,,Donna Vekic,R,179.0,CRO,28.0,211651.0,,,Paula Badosa,R,180.0,ESP,26.6,6-2 1-6 6-4,3.0,R16,98.0,4.0,5.0,76.0,46.0,34.0,12.0,12.0,2.0,5.0,6.0,4.0,68.0,38.0,28.0,12.0,13.0,0.0,4.0,37.0,1488.0,93.0,770.0,2024.0,,,,,,,,,,,,,0.5892,0.7528,0.4664,0.0672,0.5373,0.7308,0.4406,0.0765,WTA
2024-540,Wimbledon,Grass,128.0,G,2024-07-01,203.0,216133.0,,,Xin Yu Wang,R,182.0,CHN,22.7,211279.0,,,Harriet Dart,R,175.0,GBR,27.9,2-6 7-5 6-3,3.0,R32,138.0,0.0,5.0,99.0,63.0,37.0,15.0,14.0,7.0,13.0,2.0,7.0,110.0,69.0,42.0,16.0,15.0,10.0,17.0,42.0,1411.0,100.0,739.0,2024.0,,,,,,,,,,,,,0.5541,0.6028,0.4551,0.0283,0.5651,0.6772,0.4683,0.0397,WTA
2024-540,Wimbledon,Grass,128.0,G,2024-07-01,216.0,215138.0,,Q,Lulu Sun,L,,NZL,23.2,221054.0,,WC,Emma Raducanu,R,175.0,GBR,21.6,6-2 5-7 6-2,3.0,R16,170.0,4.0,4.0,100.0,54.0,37.0,25.0,14.0,5.0,7.0,4.0,2.0,106.0,72.0,39.0,18.0,14.0,8.0,13.0,123.0,616.0,135.0,559.0,2024.0,,,,,,,,,,,,,0.5856,0.7144,0.5215,0.066,0.6699,0.6558,0.5097,0.0644,WTA
2024-540,Wimbledon,Grass,128.0,G,2024-07-01,214.0,214981.0,4.0,,Elena Rybakina,R,184.0,KAZ,25.0,214939.0,17.0,,Anna Kalinskaya,R,175.0,RUS,25.5,6-3 3-0 RET,3.0,R16,53.0,7.0,1.0,41.0,21.0,18.0,7.0,6.0,2.0,3.0,1.0,1.0,35.0,25.0,10.0,4.0,6.0,2.0,6.0,4.0,6026.0,18.0,2310.0,2024.0,,,,,,,,,,,,,0.5992,0.815,0.4757,0.1333,0.6629,0.6644,0.5279,0.0222,WTA
2024-540,Wimbledon,Grass,128.0,G,2024-07-01,213.0,206252.0,31.0,,Barbora Krejcikova,R,178.0,CZE,28.5,203389.0,11.0,,Danielle Collins,R,178.0,USA,30.5,7-5 6-3,3.0,R16,102.0,5.0,5.0,60.0,40.0,32.0,10.0,10.0,2.0,3.0,6.0,7.0,75.0,45.0,31.0,9.0,11.0,11.0,15.0,32.0,1643.0,11.0,3532.0,2024.0,,,,,,,,,,,,,0.6443,0.7379,0.5092,0.0642,0.5746,0.6808,0.4861,0.0566,WTA
2024-540,Wimbledon,Grass,128.0,G,2024-07-01,212.0,211533.0,13.0,,Jelena Ostapenko,R,177.0,LAT,27.0,201709.0,,,Yulia Putintseva,R,163.0,KAZ,29.4,6-2 6-3,3.0,R16,68.0,3.0,4.0,68.0,41.0,26.0,13.0,9.0,2.0,4.0,0.0,2.0,44.0,24.0,13.0,7.0,8.0,1.0,6.0,14.0,3058.0,35.0,1553.0,2024.0,,,,,,,,,,,,,0.575,0.7188,0.4748,0.0808,0.6883,0.6834,0.5293,0.0343,WTA
2024-540,Wimbledon,Grass,128.0,G,2024-07-01,211.0,221103.0,2.0,,Coco Gauff,R,175.0,USA,20.3,222661.0,,Q,Sonay Kartal,R,,GBR,22.6,6-4 6-0,3.0,R32,62.0,5.0,4.0,42.0,29.0,26.0,5.0,8.0,1.0,2.0,1.0,2.0,48.0,33.0,16.0,5.0,8.0,4.0,9.0,2.0,7943.0,298.0,228.0,2024.0,,,,,,,,,,,,,0.5979,0.755,0.5275,0.0846,0.6725,0.6235,0.4431,0.0176,WTA
2024-540,Wimbledon,Grass,128.0,G,2024-07-01,210.0,215613.0,19.0,,Emma Navarro,R,,USA,23.1,223670.0,,,Diana Shnaider,L,,RUS,20.2,2-6 6-3 6-4,3.0,R32,116.0,1.0,4.0,83.0,57.0,36.0,10.0,14.0,6.0,12.0,2.0,2.0,78.0,43.0,25.0,17.0,13.0,4.0,10.0,17.0,2323.0,30.0,1690.0,2024.0,,,,,,,,,,,,,0.6806,0.6715,0.5071,0.0186,0.6593,0.6433,0.5686,0.0431,WTA
2024-540,Wimbledon,Grass,128.0,G,2024-07-01,209.0,201619.0,12.0,,Madison Keys,R,178.0,USA,29.3,216146.0,18.0,,Marta Kostyuk,R,175.0,UKR,22.0,6-4 6-3,3.0,R32,81.0,2.0,1.0,55.0,45.0,32.0,6.0,9.0,0.0,1.0,1.0,2.0,66.0,46.0,26.0,10.0,10.0,7.0,11.0,13.0,3068.0,19.0,2240.0,2024.0,,,,,,,,,,,,,0.7262,0.7262,0.4418,0.0645,0.6284,0.6785,0.4228,0.036,WTA
2024-540,Wimbledon,Grass,128.0,G,2024-07-01,208.0,211148.0,7.0,,Jasmine Paolini,R,160.0,ITA,28.4,215370.0,,,Bianca Andreescu,R,170.0,CAN,24.0,7-6(4) 6-1,3.0,R32,91.0,1.0,1.0,56.0,37.0,28.0,10.0,9.0,0.0,1.0,3.0,1.0,65.0,45.0,26.0,8.0,10.0,3.0,7.0,7.0,4228.0,176.0,426.0,2024.0,,,,,,,,,,,,,0.6643,0.6557,0.5133,0.0197,0.6578,0.6671,0.5101,0.0334,WTA
2024-540,Wimbledon,Grass,128.0,G,2024-07-01,207.0,202499.0,,,Donna Vekic,R,179.0,CRO,28.0,215035.0,28.0,,Dayana Yastremska,R,175.0,UKR,24.1,7-6(4) 6-7(3) 6-1,3.0,R32,174.0,5.0,8.0,107.0,62.0,50.0,20.0,15.0,4.0,6.0,5.0,4.0,131.0,70.0,41.0,34.0,16.0,12.0,17.0,37.0,1488.0,27.0,1760.0,2024.0,,,,,,,,,,,,,0.5892,0.7528,0.4664,0.0672,0.5461,0.6476,0.5371,0.0441,WTA
2024-540,Wimbledon,Grass,128.0,G,2024-07-01,206.0,211651.0,,,Paula Badosa,R,180.0,ESP,26.6,214082.0,14.0,,Daria Kasatkina,R,170.0,RUS,27.1,7-6(6) 4-6 6-4,3.0,R32,171.0,8.0,4.0,127.0,73.0,43.0,31.0,16.0,8.0,12.0,3.0,6.0,114.0,74.0,45.0,21.0,16.0,14.0,18.0,93.0,770.0,12.0,3283.0,2024.0,,,,,,,,,,,,,0.5373,0.7308,0.4406,0.0765,0.6983,0.6493,0.4554,0.0269,WTA
2024-540,Wimbledon,Grass,128.0,G,2024-07-01,205.0,221054.0,,WC,Emma Raducanu,R,175.0,GBR,21.6,206289.0,9.0,,Maria Sakkari,R,172.0,GRE,28.9,6-2 6-3,3.0,R32,92.0,3.0,3.0,59.0,45.0,32.0,7.0,8.0,7.0,7.0,2.0,6.0,62.0,36.0,25.0,7.0,9.0,5.0,9.0,135.0,559.0,9.0,3805.0,2024.0,,,,,,,,,,,,,0.6699,0.6558,0.5097,0.0644,0.5935,0.6987,0.4694,0.0548,WTA
2024-540,Wimbledon,Grass,128.0,G,2024-07-01,215.0,202494.0,21.0,,Elina Svitolina,R,174.0,UKR,29.8,216133.0,,,Xin Yu Wang,R,182.0,CHN,22.7,6-2 6-1,3.0,R16,55.0,8.0,1.0,47.0,30.0,24.0,11.0,8.0,3.0,3.0,3.0,4.0,50.0,31.0,17.0,6.0,7.0,2.0,6.0,21.0,2100.0,42.0,1411.0,2024.0,,,,,,,,,,,,,0.6454,0.6765,0.4801,0.0573,0.5541,0.6028,0.4551,0.0283,WTA
2024-540,Wimbledon,Grass,128.0,G,2024-07-01,177.0,202494.0,21.0,,Elina Svitolina,R,174.0,UKR,29.8,215898.0,,,Jule Niemeier,R,178.0,GER,24.8,6-3 6-4,3.0,R64,75.0,4.0,2.0,53.0,36.0,26.0,10.0,10.0,1.0,3.0,3.0,6.0,55.0,26.0,18.0,10.0,9.0,2.0,6.0,21.0,2100.0,90.0,790.0,2024.0,,,,,,,,,,,,,0.6454,0.6765,0.4801,0.0573,0.5451,0.6994,0.4563,0.0524,WTA
2024-540,Wimbledon,Grass,128.0,G,2024-07-01,102.0,201709.0,,,Yulia Putintseva,R,163.0,KAZ,29.4,201493.0,,WC,Angelique Kerber,L,173.0,GER,36.4,7-5 6-3,3.0,R128,79.0,2.0,1.0,72.0,48.0,34.0,15.0,11.0,3.0,4.0,0.0,0.0,59.0,40.0,28.0,6.0,10.0,2.0,5.0,35.0,1553.0,221.0,334.0,2024.0,,,,,,,,,,,,,0.6883,0.6834,0.5293,0.0343,0.7017,0.6671,0.3891,0.0407,WTA
2024-540,Wimbledon,Grass,128.0,G,2024-07-01,175.0,214643.0,15.0,,Liudmila Samsonova,R,180.0,RUS,25.6,220589.0,,,Elina Avanesyan,R,,ARM,21.7,6-3 6-3,3.0,R64,85.0,6.0,4.0,56.0,28.0,21.0,13.0,9.0,7.0,9.0,1.0,5.0,54.0,36.0,19.0,7.0,9.0,3.0,8.0,15.0,2830.0,77.0,855.0,2024.0,,,,,,,,,,,,,0.5333,0.7302,0.4873,0.0843,0.6908,0.5497,0.4038,0.0084,WTA
2024-540,Wimbledon,Grass,128.0,G,2024-07-01,107.0,211533.0,13.0,,Jelena Ostapenko,R,177.0,LAT,27.0,201548.0,,WC,Ajla Tomljanovic,R,180.0,AUS,31.1,6-1 6-2,3.0,R128,69.0,11.0,9.0,60.0,33.0,26.0,14.0,8.0,4.0,4.0,4.0,6.0,54.0,33.0,21.0,4.0,7.0,4.0,8.0,14.0,3058.0,136.0,556.0,2024.0,,,,,,,,,,,,,0.575,0.7188,0.4748,0.0808,0.6448,0.6568,0.4159,0.0617,WTA
2024-540,Wimbledon,Grass,128.0,G,2024-07-01,106.0,220750.0,,Q,Daria Snigur,R,,UKR,22.2,206219.0,,,Oceane Dodin,R,,FRA,27.6,6-4 6-0,3.0,R128,50.0,3.0,5.0,56.0,43.0,32.0,4.0,8.0,2.0,3.0,3.0,5.0,43.0,24.0,12.0,6.0,8.0,1.0,6.0,130.0,592.0,79.0,849.0,2024.0,,,,,,,,,,,,,0.7218,0.6379,0.4304,0.0172,0.5581,0.5,0.3158,0.0698,WTA
2024-540,Wimbledon,Grass,128.0,G,2024-07-01,105.0,211095.0,,,Bernarda Pera,L,175.0,USA,29.5,215713.0,,,Anastasia Potapova,R,175.0,RUS,23.2,6-7(4) 6-4 7-6(6),3.0,R128,170.0,5.0,15.0,139.0,75.0,54.0,31.0,16.0,11.0,14.0,5.0,9.0,125.0,58.0,43.0,33.0,18.0,9.0,13.0,97.0,752.0,41.0,1415.0,2024.0,,,,,,,,,,,,,0.5889,0.6555,0.4481,0.0735,0.5486,0.7069,0.4744,0.0358,WTA
2024-540,Wimbledon,Grass,128.0,G,2024-07-01,104.0,201614.0,23.0,,Caroline Garcia,R,177.0,FRA,30.7,215020.0,,,Anna Blinkova,R,179.0,RUS,25.8,6-4 7-5,3.0,R128,88.0,6.0,6.0,70.0,34.0,27.0,12.0,11.0,5.0,9.0,4.0,1.0,72.0,48.0,24.0,11.0,11.0,2.0,8.0,24.0,1938.0,60.0,1030.0,2024.0,,,,,,,,,,,,,0.5981,0.7342,0.5041,0.1055,0.5874,0.6097,0.4291,0.0496,WTA
2024-540,Wimbledon,Grass,128.0,G,2024-07-01,103.0,211701.0,27.0,,Katerina Siniakova,R,174.0,CZE,28.1,222233.0,,Q,Marina Stakusic,R,,CAN,19.5,6-4 6-2,3.0,R128,107.0,7.0,3.0,64.0,46.0,34.0,7.0,9.0,8.0,9.0,2.0,5.0,104.0,63.0,30.0,24.0,9.0,20.0,24.0,36.0,1546.0,164.0,456.0,2024.0,,,,,,,,,,,,,0.6226,0.6815,0.48,0.0335,0.6058,0.4762,0.5854,0.0192,WTA
2024-540,Wimbledon,Grass,128.0,G,2024-07-01,101.0,201549.0,,,Petra Martic,R,181.0,CRO,33.4,215936.0,,WC,Francesca Jones,R,,GBR,23.7,3-6 6-1 6-2,3.0,R128,124.0,10.0,5.0,89.0,55.0,41.0,12.0,12.0,5.0,7.0,3.0,3.0,73.0,45.0,29.0,12.0,12.0,2.0,7.0,85.0,811.0,215.0,345.0,2024.0,,,,,,,,,,,,,0.5861,0.7027,0.4756,0.0796,0.6446,0.7405,0.4449,0.0543,WTA
2024-540,Wimbledon,Grass,128.0,G,2024-07-01,100.0,216347.0,1.0,,Iga Swiatek,R,176.0,POL,23.0,213550.0,,,Sofia Kenin,R,170.0,USA,25.6,6-3 6-4,3.0,R128,79.0,6.0,1.0,57.0,31.0,26.0,15.0,10.0,3.0,4.0,1.0,3.0,56.0,42.0,27.0,5.0,9.0,5.0,8.0,1.0,11585.0,49.0,1221.0,2024.0,,,,,,,,,,,,,0.6863,0.7398,0.5493,0.0349,0.7231,0.6138,0.4935,0.0141,WTA
2024-540,Wimbledon,Grass,128.0,G,2024-07-01,127.0,202494.0,21.0,,Elina Svitolina,R,174.0,UKR,29.8,202663.0,,,Magda Linette,R,171.0,POL,32.3,7-5 6-7(9) 6-3,3.0,R128,158.0,6.0,1.0,118.0,82.0,59.0,19.0,17.0,10.0,12.0,8.0,3.0,119.0,81.0,52.0,17.0,16.0,6.0,10.0,21.0,2100.0,44.0,1291.0,2024.0,,,,,,,,,,,,,0.6454,0.6765,0.4801,0.0573,0.6749,0.645,0.4479,0.0432,WTA
2024-540,Wimbledon,Grass,128.0,G,2024-07-01,128.0,211107.0,32.0,,Katie Boulter,R,180.0,GBR,27.9,213583.0,,,Tatjana Maria,R,172.0,GER,36.8,7-6(6) 7-5,3.0,R128,127.0,3.0,7.0,94.0,49.0,38.0,18.0,12.0,4.0,6.0,7.0,1.0,83.0,49.0,34.0,16.0,12.0,5.0,8.0,29.0,1748.0,63.0,994.0,2024.0,,,,,,,,,,,,,0.6013,0.6883,0.452,0.065,0.5825,0.6609,0.414,0.0688,WTA
2024-540,Wimbledon,Grass,128.0,G,2024-07-01,130.0,216133.0,,,Xin Yu Wang,R,182.0,CHN,22.7,202600.0,,,Viktoriya Tomova,R,170.0,BUL,29.3,7-6(4) 3-6 6-0,3.0,R128,109.0,5.0,4.0,79.0,51.0,36.0,13.0,13.0,5.0,8.0,1.0,4.0,94.0,49.0,30.0,22.0,14.0,2.0,7.0,42.0,1411.0,48.0,1235.0,2024.0,,,,,,,,,,,,,0.5541,0.6028,0.4551,0.0283,0.6002,0.6097,0.4713,0.0335,WTA
2024-540,Wimbledon,Grass,128.0,G,2024-07-01,131.0,202468.0,5.0,,Jessica Pegula,R,170.0,USA,30.3,221909.0,,,Ashlyn Krueger,R,185.0,USA,20.1,6-2 6-0,3.0,R128,49.0,5.0,1.0,35.0,21.0,18.0,10.0,7.0,0.0,0.0,1.0,2.0,49.0,35.0,15.0,6.0,7.0,7.0,12.0,5.0,5025.0,75.0,869.0,2024.0,,,,,,,,,,,,,0.621,0.684,0.5589,0.038,0.6658,0.675,0.5109,0.0458,WTA
2024-540,Wimbledon,Grass,128.0,G,2024-07-01,132.0,215138.0,,Q,Lulu Sun,L,,NZL,23.2,221012.0,8.0,,Qinwen Zheng,R,,CHN,21.7,4-6 6-2 6-4,3.0,R128,117.0,3.0,1.0,78.0,44.0,35.0,18.0,14.0,6.0,8.0,7.0,8.0,81.0,42.0,32.0,17.0,14.0,3.0,7.0,123.0,616.0,8.0,4055.0,2024.0,,,,,,,,,,,,,0.5856,0.7144,0.5215,0.066,0.4999,0.7949,0.3651,0.1003,WTA
2024-540,Wimbledon,Grass,128.0,G,2024-07-01,133.0,263857.0,,Q,Yuliia Starodubtseva,R,,UKR,24.3,202421.0,,,Alison Van Uytvanck,R,173.0,BEL,30.2,6-4 6-3,3.0,R128,77.0,2.0,1.0,53.0,43.0,32.0,4.0,10.0,0.0,2.0,3.0,1.0,57.0,37.0,23.0,5.0,9.0,4.0,8.0,153.0,490.0,254.0,284.0,2024.0,,,,,,,,,,,,,0.739,0.6616,0.45,0.0364,0.6618,0.5349,0.3393,0.0379,WTA
2024-540,Wimbledon,Grass,128.0,G,2024-07-01,134.0,202684.0,,,Lin Zhu,R,173.0,CHN,30.4,201593.0,,,Irina Camelia Begu,R,181.0,ROU,33.8,6-0 6-4,3.0,R128,72.0,0.0,0.0,41.0,30.0,22.0,7.0,8.0,0.0,1.0,0.0,2.0,54.0,34.0,16.0,9.0,8.0,3.0,8.0,61.0,997.0,126.0,596.0,2024.0,,,,,,,,,,,,,0.6758,0.63,0.5385,0.0197,0.646,0.6268,0.3543,0.0248,WTA
2024-540,Wimbledon,Grass,128.0,G,2024-07-01,135.0,201499.0,25.0,,Anastasia Pavlyuchenkova,R,177.0,RUS,32.9,203501.0,,,Taylor Townsend,L,170.0,USA,28.2,7-6(4) 6-1,3.0,R128,91.0,1.0,1.0,76.0,51.0,37.0,16.0,10.0,7.0,8.0,4.0,1.0,52.0,31.0,19.0,13.0,9.0,1.0,4.0,28.0,1756.0,76.0,864.0,2024.0,,,,,,,,,,,,,0.6745,0.6798,0.511,0.033,0.6287,0.5991,0.5476,0.1352,WTA
2024-540,Wimbledon,Grass,128.0,G,2024-07-01,108.0,203389.0,11.0,,Danielle Collins,R,178.0,USA,30.5,220704.0,,,Clara Tauson,R,182.0,DEN,21.5,6-3 7-6(4),3.0,R128,101.0,6.0,5.0,71.0,35.0,24.0,23.0,10.0,1.0,3.0,8.0,6.0,85.0,53.0,35.0,12.0,11.0,8.0,12.0,11.0,3532.0,66.0,981.0,2024.0,,,,,,,,,,,,,0.5746,0.6808,0.4861,0.0566,0.5863,0.6963,0.4266,0.0716,WTA
2024-540,Wimbledon,Grass,128.0,G,2024-07-01,109.0,213646.0,,Q,Dalma Galfi,R,178.0,HUN,25.8,210886.0,,,Mayar Sherif,R,180.0,EGY,28.1,6-1 6-2,3.0,R128,56.0,4.0,2.0,48.0,35.0,26.0,9.0,8.0,2.0,2.0,0.0,3.0,44.0,23.0,16.0,5.0,7.0,3.0,7.0,127.0,595.0,78.0,855.0,2024.0,,,,,,,,,,,,,0.6472,0.6704,0.5223,0.0777,0.6956,0.6929,0.3809,0.0432,WTA
2024-540,Wimbledon,Grass,128.0,G,2024-07-01,110.0,215785.0,,,Camila Osorio,R,162.0,COL,22.5,201616.0,,,Lauren Davis,R,157.0,USA,30.7,6-3 6-1,3.0,R128,70.0,2.0,3.0,48.0,28.0,21.0,12.0,8.0,1.0,2.0,0.0,3.0,54.0,30.0,17.0,8.0,8.0,2.0,7.0,84.0,815.0,300.0,225.0,2024.0,,,,,,,,,,,,,0.6137,0.6137,0.3745,0.0208,0.6226,0.6069,0.4107,0.0145,WTA
2024-540,Wimbledon,Grass,128.0,G,2024-07-01,111.0,206242.0,20.0,,Beatriz Haddad Maia,L,185.0,BRA,28.0,211684.0,,,Magdalena Frech,R,171.0,POL,26.5,7-5 6-3,3.0,R128,110.0,1.0,2.0,65.0,40.0,27.0,15.0,10.0,7.0,8.0,4.0,3.0,74.0,42.0,28.0,14.0,11.0,8.0,12.0,20.0,2218.0,58.0,1049.0,2024.0,,,,,,,,,,,,,0.6636,0.6559,0.5146,0.0362,0.6581,0.6595,0.4857,0.0566,WTA
2024-540,Wimbledon,Grass,128.0,G,2024-07-01,176.0,202460.0,10.0,,Ons Jabeur,R,167.0,TUN,29.8,221905.0,,Q,Robin Montgomery,L,,USA,19.8,6-1 7-5,3.0,R64,69.0,5.0,2.0,50.0,35.0,30.0,9.0,10.0,2.0,3.0,4.0,3.0,61.0,43.0,25.0,8.0,9.0,4.0,8.0,10.0,3801.0,161.0,464.0,2024.0,,,,,,,,,,,,,0.5465,0.7692,0.5333,0.068,0.6794,0.6841,0.4845,0.0825,WTA
2024-540,Wimbledon,Grass,128.0,G,2024-07-01,126.0,215898.0,,,Jule Niemeier,R,178.0,GER,24.8,203530.0,,,Viktorija Golubic,R,169.0,SUI,31.7,6-2 6-1,3.0,R128,63.0,2.0,4.0,54.0,34.0,23.0,12.0,8.0,0.0,1.0,0.0,3.0,40.0,26.0,13.0,4.0,7.0,0.0,5.0,90.0,790.0,67.0,964.0,2024.0,,,,,,,,,,,,,0.5451,0.6994,0.4563,0.0524,0.6875,0.5932,0.4598,0.0121,WTA
2024-540,Wimbledon,Grass,128.0,G,2024-07-01,125.0,221905.0,,Q,Robin Montgomery,L,,USA,19.8,216265.0,,Q,Olivia Gadecki,R,,AUS,22.1,6-4 6-4,3.0,R128,86.0,10.0,5.0,80.0,57.0,40.0,10.0,10.0,6.0,7.0,6.0,9.0,56.0,33.0,24.0,11.0,10.0,3.0,6.0,161.0,464.0,173.0,432.0,2024.0,,,,,,,,,,,,,0.6794,0.6841,0.4845,0.0825,0.5696,0.7576,0.4243,0.0786,WTA
2024-540,Wimbledon,Grass,128.0,G,2024-07-01,124.0,202460.0,10.0,,Ons Jabeur,R,167.0,TUN,29.8,220416.0,,,Moyuka Uchijima,R,171.0,JPN,22.8,6-3 6-1,3.0,R128,55.0,3.0,1.0,39.0,23.0,23.0,10.0,8.0,0.0,0.0,2.0,6.0,56.0,29.0,18.0,10.0,8.0,5.0,9.0,10.0,3801.0,68.0,940.0,2024.0,,,,,,,,,,,,,0.5465,0.7692,0.5333,0.068,0.5048,0.6103,0.3465,0.0424,WTA
2024-540,Wimbledon,Grass,128.0,G,2024-07-01,123.0,214643.0,15.0,,Liudmila Samsonova,R,180.0,RUS,25.6,214119.0,,,Rebeka Masarova,R,186.0,ESP,24.9,6-3 4-6 6-2,3.0,R128,128.0,3.0,3.0,82.0,50.0,36.0,22.0,13.0,4.0,5.0,4.0,4.0,92.0,54.0,36.0,15.0,14.0,4.0,8.0,15.0,2830.0,109.0,682.0,2024.0,,,,,,,,,,,,,0.5333,0.7302,0.4873,0.0843,0.6422,0.6999,0.4894,0.0698,WTA
2024-540,Wimbledon,Grass,128.0,G,2024-07-01,122.0,220589.0,,,Elina Avanesyan,R,,ARM,21.7,211843.0,,,Anhelina Kalinina,R,179.0,UKR,27.3,6-2 6-3,3.0,R128,66.0,0.0,2.0,60.0,42.0,27.0,8.0,8.0,6.0,8.0,1.0,8.0,57.0,32.0,20.0,5.0,9.0,2.0,8.0,77.0,855.0,47.0,1246.0,2024.0,,,,,,,,,,,,,0.6908,0.5497,0.4038,0.0084,0.5635,0.6857,0.4315,0.0275,WTA
2024-540,Wimbledon,Grass,128.0,G,2024-07-01,121.0,213631.0,,,Marie Bouzkova,R,180.0,CZE,25.9,220699.0,,,Julia Riera,R,,ARG,22.0,6-2 6-1,3.0,R128,81.0,0.0,4.0,57.0,37.0,24.0,9.0,8.0,5.0,7.0,3.0,4.0,52.0,27.0,12.0,7.0,7.0,9.0,15.0,40.0,1445.0,106.0,687.0,2024.0,,,,,,,,,,,,,0.6628,0.6386,0.5172,0.022,0.5192,0.4444,0.28,0.0577,WTA
2024-540,Wimbledon,Grass,128.0,G,2024-07-01,136.0,221054.0,,WC,Emma Raducanu,R,175.0,GBR,21.6,213887.0,,LL,Renata Zarazua,R,,MEX,26.7,7-6(0) 6-3,3.0,R128,117.0,1.0,2.0,74.0,52.0,37.0,12.0,11.0,4.0,5.0,0.0,2.0,62.0,44.0,26.0,12.0,10.0,1.0,3.0,135.0,559.0,98.0,750.0,2024.0,,,,,,,,,,,,,0.6699,0.6558,0.5097,0.0644,0.7097,0.5909,0.6667,0.0,WTA
2024-540,Wimbledon,Grass,128.0,G,2024-07-01,120.0,214939.0,17.0,,Anna Kalinskaya,R,175.0,RUS,25.5,215910.0,,Q,Panna Udvardy,R,170.0,HUN,25.7,6-3 6-2,3.0,R128,65.0,3.0,4.0,57.0,37.0,30.0,10.0,9.0,6.0,6.0,5.0,3.0,48.0,27.0,21.0,6.0,8.0,5.0,8.0,18.0,2310.0,134.0,562.0,2024.0,,,,,,,,,,,,,0.6629,0.6644,0.5279,0.0222,0.6652,0.6447,0.3352,0.0521,WTA
2024-540,Wimbledon,Grass,128.0,G,2024-07-01,118.0,201496.0,,WC,Caroline Wozniacki,R,177.0,DEN,33.9,219917.0,,Q,Alycia Parks,R,185.0,USA,23.4,6-2 6-0,3.0,R128,53.0,2.0,1.0,38.0,28.0,23.0,5.0,7.0,0.0,0.0,1.0,7.0,40.0,15.0,8.0,6.0,7.0,0.0,5.0,91.0,774.0,121.0,624.0,2024.0,,,,,,,,,,,,,0.6543,0.6579,0.4047,0.0295,0.4792,0.693,0.4018,0.0965,WTA
2024-540,Wimbledon,Grass,128.0,G,2024-07-01,117.0,201696.0,,,Laura Siegemund,R,168.0,GER,36.3,203462.0,,,Kateryna Baindl,R,175.0,UKR,30.3,6-4 6-1,3.0,R128,94.0,0.0,2.0,51.0,36.0,23.0,7.0,8.0,6.0,8.0,0.0,1.0,49.0,35.0,18.0,2.0,9.0,2.0,8.0,72.0,917.0,184.0,416.0,2024.0,,,,,,,,,,,,,0.7076,0.6044,0.4996,0.0123,0.6685,0.5577,0.3151,0.0136,WTA
2024-540,Wimbledon,Grass,128.0,G,2024-07-01,116.0,214981.0,4.0,,Elena Rybakina,R,184.0,KAZ,25.0,211817.0,,Q,Elena Gabriela Ruse,R,,ROU,26.6,6-3 6-1,3.0,R128,71.0,3.0,4.0,41.0,24.0,22.0,7.0,8.0,1.0,2.0,2.0,7.0,67.0,29.0,19.0,13.0,8.0,4.0,9.0,4.0,6026.0,152.0,491.0,2024.0,,,,,,,,,,,,,0.5992,0.815,0.4757,0.1333,0.4328,0.6552,0.3421,0.0299,WTA
2024-540,Wimbledon,Grass,128.0,G,2024-07-01,115.0,222601.0,,,Jessica Bouzas Maneiro,R,,ESP,21.7,214954.0,6.0,,Marketa Vondrousova,L,173.0,CZE,25.0,6-4 6-2,3.0,R128,67.0,2.0,3.0,51.0,30.0,23.0,9.0,9.0,1.0,3.0,4.0,7.0,53.0,29.0,16.0,8.0,9.0,0.0,5.0,83.0,828.0,6.0,4463.0,2024.0,,,,,,,,,,,,,0.6,0.6418,0.3884,0.0229,0.6186,0.7078,0.4884,0.0543,WTA
2024-540,Wimbledon,Grass,128.0,G,2024-07-01,114.0,213710.0,,,Cristina Bucsa,R,,ESP,26.4,202536.0,,,Ana Bogdan,R,171.0,ROU,31.5,6-4 4-6 7-6(5),3.0,R128,193.0,5.0,6.0,130.0,81.0,51.0,25.0,16.0,11.0,15.0,4.0,4.0,126.0,79.0,52.0,21.0,16.0,8.0,12.0,64.0,984.0,57.0,1053.0,2024.0,,,,,,,,,,,,,0.6596,0.542,0.4619,0.0201,0.6538,0.6452,0.494,0.0417,WTA
2024-540,Wimbledon,Grass,128.0,G,2024-07-01,113.0,220465.0,,Q,Katie Volynets,R,,USA,22.4,214604.0,,,Maria Lourdes Carle,R,,ARG,24.3,6-2 7-5,3.0,R128,106.0,0.0,0.0,74.0,62.0,35.0,6.0,10.0,7.0,11.0,1.0,5.0,65.0,37.0,16.0,8.0,10.0,6.0,13.0,69.0,927.0,87.0,809.0,2024.0,,,,,,,,,,,,,0.7358,0.5107,0.4305,0.0234,0.5692,0.4324,0.2857,0.0154,WTA
2024-540,Wimbledon,Grass,128.0,G,2024-07-01,112.0,206252.0,31.0,,Barbora Krejcikova,R,178.0,CZE,28.5,206368.0,,,Veronika Kudermetova,R,175.0,RUS,27.1,7-6(4) 6-7(1) 7-5,3.0,R128,194.0,2.0,7.0,127.0,69.0,46.0,29.0,18.0,14.0,19.0,6.0,3.0,125.0,77.0,53.0,22.0,18.0,4.0,10.0,32.0,1643.0,38.0,1488.0,2024.0,,,,,,,,,,,,,0.6443,0.7379,0.5092,0.0642,0.6262,0.7404,0.4638,0.0811,WTA
2024-540,Wimbledon,Grass,128.0,G,2024-07-01,119.0,220367.0,30.0,,Leylah Fernandez,L,168.0,CAN,21.8,214459.0,,,Lucia Bronzetti,R,,ITA,25.5,6-4 6-3,3.0,R128,90.0,1.0,2.0,56.0,41.0,33.0,6.0,10.0,2.0,3.0,1.0,2.0,74.0,47.0,30.0,10.0,9.0,5.0,8.0,25.0,1920.0,81.0,833.0,2024.0,,,,,,,,,,,,,0.6712,0.7035,0.493,0.0544,0.5957,0.6631,0.5008,0.0362,WTA
2024-540,Wimbledon,Grass,128.0,G,2024-07-01,137.0,210722.0,,,Elise Mertens,R,179.0,BEL,28.6,211702.0,,,Nao Hibino,R,163.0,JPN,29.5,2-6 6-2 6-4,3.0,R128,111.0,9.0,5.0,71.0,42.0,32.0,18.0,13.0,1.0,3.0,3.0,1.0,87.0,59.0,38.0,15.0,13.0,4.0,7.0,33.0,1629.0,94.0,770.0,2024.0,,,,,,,,,,,,,0.5324,0.6967,0.4891,0.0715,0.6532,0.5786,0.5154,0.0337,WTA
2024-540,Wimbledon,Grass,128.0,G,2024-07-01,129.0,211279.0,,,Harriet Dart,R,175.0,GBR,27.9,222296.0,,Q,Zhuoxuan Bai,R,,CHN,21.6,6-4 6-0,3.0,R128,78.0,1.0,3.0,52.0,30.0,21.0,14.0,8.0,2.0,2.0,2.0,2.0,53.0,28.0,20.0,6.0,8.0,2.0,6.0,100.0,739.0,95.0,756.0,2024.0,,,,,,,,,,,,,0.5651,0.6772,0.4683,0.0397,0.5822,0.6348,0.3618,0.021,WTA
2024-540,Wimbledon,Grass,128.0,G,2024-07-01,139.0,206289.0,9.0,,Maria Sakkari,R,172.0,GRE,28.9,220520.0,,Q,Mccartney Kessler,R,,USA,24.9,6-3 6-1,3.0,R128,71.0,5.0,2.0,48.0,23.0,18.0,12.0,8.0,3.0,5.0,2.0,3.0,48.0,26.0,14.0,5.0,8.0,2.0,8.0,9.0,3805.0,119.0,631.0,2024.0,,,,,,,,,,,,,0.5935,0.6987,0.4694,0.0548,0.5417,0.5385,0.2273,0.0417,WTA
2024-540,Wimbledon,Grass,128.0,G,2024-07-01,159.0,215613.0,19.0,,Emma Navarro,R,,USA,23.1,202492.0,,,Qiang Wang,R,172.0,CHN,32.4,6-0 6-2,3.0,R128,49.0,0.0,1.0,40.0,30.0,24.0,5.0,7.0,0.0,0.0,0.0,1.0,44.0,31.0,17.0,2.0,7.0,3.0,8.0,17.0,2323.0,479.0,118.0,2024.0,,,,,,,,,,,,,0.6806,0.6715,0.5071,0.0186,0.7045,0.5484,0.1538,0.0,WTA
2024-540,Wimbledon,Grass,128.0,G,2024-07-01,160.0,222661.0,,Q,Sonay Kartal,R,,GBR,22.6,201514.0,29.0,,Sorana Cirstea,R,176.0,ROU,34.2,3-6 6-2 6-0,3.0,R128,110.0,1.0,3.0,70.0,46.0,35.0,12.0,11.0,3.0,4.0,2.0,3.0,83.0,43.0,27.0,18.0,12.0,5.0,10.0,298.0,228.0,31.0,1675.0,2024.0,,,,,,,,,,,,,0.6725,0.6235,0.4431,0.0176,0.642,0.6244,0.4557,0.0396,WTA
2024-540,Wimbledon,Grass,128.0,G,2024-07-01,161.0,216262.0,,,Clara Burel,R,176.0,FRA,23.2,220332.0,,Q,Eva Lys,R,165.0,GER,22.4,6-2 6-4,3.0,R128,62.0,9.0,4.0,55.0,31.0,25.0,14.0,9.0,2.0,2.0,1.0,4.0,55.0,35.0,22.0,9.0,9.0,6.0,9.0,45.0,1288.0,129.0,592.0,2024.0,,,,,,,,,,,,,0.5496,0.5883,0.4359,0.0495,0.6364,0.6286,0.45,0.0182,WTA
2024-540,Wimbledon,Grass,128.0,G,2024-07-01,162.0,223331.0,,Q,Anca Alexia Todoni,R,,ROU,19.7,215337.0,,LL,Olga Danilovic,L,,SRB,23.4,7-5 6-1,3.0,R128,81.0,3.0,1.0,59.0,39.0,31.0,12.0,10.0,1.0,2.0,1.0,2.0,60.0,36.0,25.0,7.0,9.0,3.0,7.0,142.0,541.0,116.0,641.0,2024.0,,,,,,,,,,,,,0.6638,0.6752,0.4389,0.0439,0.6,0.6944,0.2917,0.0167,WTA
2024-540,Wimbledon,Grass,128.0,G,2024-07-01,163.0,221103.0,2.0,,Coco Gauff,R,175.0,USA,20.3,214452.0,,,Caroline Dolehide,R,178.0,USA,25.8,6-1 6-2,3.0,R128,65.0,2.0,1.0,34.0,21.0,18.0,8.0,7.0,0.0,1.0,0.0,1.0,61.0,45.0,21.0,5.0,8.0,4.0,10.0,2.0,7943.0,51.0,1100.0,2024.0,,,,,,,,,,,,,0.5979,0.755,0.5275,0.0846,0.7236,0.5679,0.5097,0.0277,WTA
2024-540,Wimbledon,Grass,128.0,G,2024-07-01,138.0,201551.0,,,Arantxa Rus,L,180.0,NED,33.5,206294.0,,,Yue Yuan,R,184.0,CHN,25.7,6-2 6-3,3.0,R128,70.0,4.0,0.0,42.0,29.0,23.0,9.0,8.0,0.0,0.0,0.0,2.0,51.0,35.0,22.0,6.0,9.0,3.0,7.0,56.0,1054.0,39.0,1452.0,2024.0,,,,,,,,,,,,,0.6925,0.642,0.4135,0.0531,0.6147,0.6298,0.443,0.033,WTA
2024-540,Wimbledon,Grass,128.0,G,2024-07-01,165.0,201709.0,,,Yulia Putintseva,R,163.0,KAZ,29.4,211701.0,27.0,,Katerina Siniakova,R,174.0,CZE,28.1,6-0 4-6 6-2,3.0,R64,99.0,1.0,0.0,70.0,43.0,33.0,17.0,12.0,6.0,7.0,1.0,3.0,62.0,32.0,22.0,12.0,12.0,2.0,7.0,35.0,1553.0,36.0,1546.0,2024.0,,,,,,,,,,,,,0.6883,0.6834,0.5293,0.0343,0.6226,0.6815,0.48,0.0335,WTA
2024-540,Wimbledon,Grass,128.0,G,2024-07-01,158.0,211768.0,,WC,Naomi Osaka,R,180.0,JPN,26.7,220348.0,,,Diane Parry,R,170.0,FRA,21.8,6-1 1-6 6-4,3.0,R128,92.0,5.0,5.0,75.0,35.0,27.0,18.0,12.0,8.0,12.0,4.0,10.0,71.0,36.0,24.0,16.0,12.0,8.0,13.0,113.0,669.0,53.0,1077.0,2024.0,,,,,,,,,,,,,0.5495,0.7823,0.509,0.1021,0.5704,0.6731,0.5025,0.0821,WTA
2024-540,Wimbledon,Grass,128.0,G,2024-07-01,166.0,211095.0,,,Bernarda Pera,L,175.0,USA,29.5,201614.0,23.0,,Caroline Garcia,R,177.0,FRA,30.7,3-6 6-3 6-4,3.0,R64,96.0,13.0,8.0,86.0,46.0,37.0,22.0,14.0,3.0,4.0,12.0,3.0,84.0,55.0,41.0,18.0,14.0,4.0,6.0,97.0,752.0,24.0,1938.0,2024.0,,,,,,,,,,,,,0.5889,0.6555,0.4481,0.0735,0.5981,0.7342,0.5041,0.1055,WTA
2024-540,Wimbledon,Grass,128.0,G,2024-07-01,168.0,203389.0,11.0,,Danielle Collins,R,178.0,USA,30.5,213646.0,,Q,Dalma Galfi,R,178.0,HUN,25.8,6-3 6-4,3.0,R64,89.0,3.0,10.0,64.0,36.0,22.0,12.0,9.0,3.0,7.0,6.0,5.0,70.0,46.0,23.0,7.0,10.0,10.0,17.0,11.0,3532.0,127.0,595.0,2024.0,,,,,,,,,,,,,0.5746,0.6808,0.4861,0.0566,0.6472,0.6704,0.5223,0.0777,WTA
2024-540,Wimbledon,Grass,128.0,G,2024-07-01,169.0,206242.0,20.0,,Beatriz Haddad Maia,L,185.0,BRA,28.0,215785.0,,,Camila Osorio,R,162.0,COL,22.5,3-0 RET,3.0,R64,24.0,0.0,0.0,7.0,3.0,2.0,4.0,1.0,0.0,0.0,0.0,3.0,12.0,6.0,3.0,1.0,2.0,0.0,2.0,20.0,2218.0,84.0,815.0,2024.0,,,,,,,,,,,,,0.6636,0.6559,0.5146,0.0362,0.6137,0.6137,0.3745,0.0208,WTA
2024-540,Wimbledon,Grass,128.0,G,2024-07-01,170.0,206252.0,31.0,,Barbora Krejcikova,R,178.0,CZE,28.5,220465.0,,Q,Katie Volynets,R,,USA,22.4,7-6(6) 7-6(5),3.0,R64,123.0,1.0,7.0,87.0,60.0,38.0,9.0,12.0,7.0,13.0,0.0,1.0,82.0,63.0,37.0,9.0,12.0,5.0,11.0,32.0,1643.0,69.0,927.0,2024.0,,,,,,,,,,,,,0.6443,0.7379,0.5092,0.0642,0.7358,0.5107,0.4305,0.0234,WTA
2024-540,Wimbledon,Grass,128.0,G,2024-07-01,171.0,222601.0,,,Jessica Bouzas Maneiro,R,,ESP,21.7,213710.0,,,Cristina Bucsa,R,,ESP,26.4,7-6(1) 6-3,3.0,R64,110.0,2.0,5.0,83.0,47.0,32.0,15.0,11.0,3.0,7.0,1.0,4.0,90.0,66.0,32.0,13.0,10.0,13.0,18.0,83.0,828.0,64.0,984.0,2024.0,,,,,,,,,,,,,0.6,0.6418,0.3884,0.0229,0.6596,0.542,0.4619,0.0201,WTA
2024-540,Wimbledon,Grass,128.0,G,2024-07-01,172.0,214981.0,4.0,,Elena Rybakina,R,184.0,KAZ,25.0,201696.0,,,Laura Siegemund,R,168.0,GER,36.3,6-3 3-6 6-3,3.0,R64,132.0,5.0,3.0,87.0,56.0,42.0,15.0,14.0,10.0,13.0,1.0,3.0,102.0,71.0,39.0,18.0,12.0,8.0,12.0,4.0,6026.0,72.0,917.0,2024.0,,,,,,,,,,,,,0.5992,0.815,0.4757,0.1333,0.7076,0.6044,0.4996,0.0123,WTA
2024-540,Wimbledon,Grass,128.0,G,2024-07-01,173.0,201496.0,,WC,Caroline Wozniacki,R,177.0,DEN,33.9,220367.0,30.0,,Leylah Fernandez,L,168.0,CAN,21.8,6-3 2-6 7-5,3.0,R64,139.0,0.0,5.0,107.0,71.0,51.0,11.0,15.0,10.0,14.0,5.0,1.0,92.0,63.0,40.0,14.0,14.0,7.0,11.0,91.0,774.0,25.0,1920.0,2024.0,,,,,,,,,,,,,0.6543,0.6579,0.4047,0.0295,0.6712,0.7035,0.493,0.0544,WTA
2024-540,Wimbledon,Grass,128.0,G,2024-07-01,174.0,214939.0,17.0,,Anna Kalinskaya,R,175.0,RUS,25.5,213631.0,,,Marie Bouzkova,R,180.0,CZE,25.9,6-4 6-1,3.0,R64,83.0,1.0,3.0,58.0,32.0,22.0,15.0,9.0,5.0,6.0,1.0,2.0,55.0,31.0,18.0,10.0,8.0,2.0,6.0,18.0,2310.0,40.0,1445.0,2024.0,,,,,,,,,,,,,0.6629,0.6644,0.5279,0.0222,0.6628,0.6386,0.5172,0.022,WTA
2024-540,Wimbledon,Grass,128.0,G,2024-07-01,167.0,211533.0,13.0,,Jelena Ostapenko,R,177.0,LAT,27.0,220750.0,,Q,Daria Snigur,R,,UKR,22.2,6-3 6-0,3.0,R64,49.0,8.0,5.0,44.0,25.0,22.0,10.0,8.0,0.0,0.0,0.0,2.0,42.0,27.0,17.0,4.0,7.0,1.0,5.0,14.0,3058.0,130.0,592.0,2024.0,,,,,,,,,,,,,0.575,0.7188,0.4748,0.0808,0.7218,0.6379,0.4304,0.0172,WTA
2024-540,Wimbledon,Grass,128.0,G,2024-07-01,157.0,223670.0,,,Diana Shnaider,L,,RUS,20.2,201662.0,,,Karolina Pliskova,R,184.0,CZE,32.2,4-6 6-4 7-5,3.0,R128,142.0,4.0,3.0,112.0,65.0,45.0,23.0,16.0,9.0,12.0,9.0,6.0,115.0,67.0,46.0,23.0,16.0,12.0,16.0,30.0,1690.0,46.0,1255.0,2024.0,,,,,,,,,,,,,0.6593,0.6433,0.5686,0.0431,0.6811,0.6957,0.4232,0.0882,WTA
2024-540,Wimbledon,Grass,128.0,G,2024-07-01,164.0,216347.0,1.0,,Iga Swiatek,R,176.0,POL,23.0,201549.0,,,Petra Martic,R,181.0,CRO,33.4,6-4 6-3,3.0,R64,83.0,3.0,2.0,55.0,36.0,30.0,12.0,10.0,0.0,0.0,2.0,2.0,56.0,35.0,26.0,8.0,9.0,1.0,3.0,1.0,11585.0,85.0,811.0,2024.0,,,,,,,,,,,,,0.6863,0.7398,0.5493,0.0349,0.5861,0.7027,0.4756,0.0796,WTA
2024-540,Wimbledon,Grass,128.0,G,2024-07-01,155.0,201619.0,12.0,,Madison Keys,R,178.0,USA,29.3,203354.0,,,Martina Trevisan,L,160.0,ITA,30.6,6-4 7-6(4),3.0,R128,105.0,6.0,2.0,74.0,53.0,34.0,14.0,11.0,3.0,4.0,0.0,2.0,81.0,55.0,32.0,16.0,11.0,5.0,7.0,13.0,3068.0,89.0,793.0,2024.0,,,,,,,,,,,,,0.7262,0.7262,0.4418,0.0645,0.6328,0.4966,0.4946,0.0,WTA
2024-540,Wimbledon,Grass,128.0,G,2024-07-01,140.0,214082.0,14.0,,Daria Kasatkina,R,170.0,RUS,27.1,201533.0,,,Shuai Zhang,R,177.0,CHN,35.4,6-3 6-0,3.0,R128,74.0,3.0,5.0,58.0,29.0,20.0,17.0,8.0,2.0,3.0,1.0,0.0,53.0,31.0,15.0,9.0,7.0,2.0,7.0,12.0,3283.0,680.0,54.0,2024.0,,,,,,,,,,,,,0.6983,0.6493,0.4554,0.0269,0.6201,0.5446,0.4036,0.0273,WTA
2024-540,Wimbledon,Grass,128.0,G,2024-07-01,156.0,201585.0,,,Sloane Stephens,R,170.0,USA,31.2,221039.0,,LL,Elsa Jacquemot,R,,FRA,21.1,6-3 6-3,3.0,R128,71.0,0.0,0.0,44.0,37.0,23.0,6.0,9.0,0.0,2.0,9.0,5.0,75.0,47.0,27.0,10.0,9.0,10.0,15.0,50.0,1217.0,151.0,503.0,2024.0,,,,,,,,,,,,,0.709,0.5562,0.522,0.0224,0.6267,0.5745,0.3571,0.12,WTA
2024-540,Wimbledon,Grass,128.0,G,2024-07-01,141.0,213908.0,,WC,Yuriko Miyazaki,R,165.0,GBR,28.6,211337.0,,,Tamara Korpatsch,R,170.0,GER,29.1,6-2 6-1,3.0,R128,58.0,0.0,2.0,35.0,17.0,15.0,13.0,7.0,0.0,0.0,1.0,2.0,49.0,30.0,17.0,6.0,8.0,4.0,9.0,148.0,512.0,73.0,895.0,2024.0,,,,,,,,,,,,,0.5702,0.5866,0.3816,0.0145,0.6408,0.5779,0.3823,0.0221,WTA
2024-540,Wimbledon,Grass,128.0,G,2024-07-01,142.0,211651.0,,,Paula Badosa,R,180.0,ESP,26.6,214096.0,,,Karolina Muchova,R,178.0,CZE,27.8,6-3 6-2,3.0,R128,81.0,2.0,7.0,75.0,38.0,28.0,22.0,9.0,6.0,6.0,1.0,0.0,46.0,30.0,20.0,6.0,8.0,1.0,4.0,93.0,770.0,34.0,1618.0,2024.0,,,,,,,,,,,,,0.5373,0.7308,0.4406,0.0765,0.7242,0.6816,0.4209,0.1142,WTA
2024-540,Wimbledon,Grass,128.0,G,2024-07-01,143.0,259104.0,,,Brenda Fruhvirtova,R,,CZE,17.2,259799.0,24.0,,Mirra Andreeva,R,,RUS,17.1,1-6 6-3 6-2,3.0,R128,126.0,0.0,5.0,98.0,53.0,32.0,18.0,12.0,13.0,19.0,2.0,4.0,69.0,37.0,25.0,9.0,12.0,2.0,9.0,88.0,801.0,23.0,2018.0,2024.0,,,,,,,,,,,,,0.5912,0.5225,0.3842,0.0,0.6303,0.6986,0.5049,0.0454,WTA
2024-540,Wimbledon,Grass,128.0,G,2024-07-01,144.0,215035.0,28.0,,Dayana Yastremska,R,175.0,UKR,24.1,206408.0,,,Nadia Podoroska,R,170.0,ARG,27.3,6-1 7-6(1),3.0,R128,94.0,4.0,4.0,63.0,36.0,25.0,14.0,9.0,3.0,5.0,0.0,0.0,69.0,44.0,22.0,12.0,10.0,4.0,8.0,27.0,1760.0,65.0,983.0,2024.0,,,,,,,,,,,,,0.5461,0.6476,0.5371,0.0441,0.625,0.5478,0.4242,0.0233,WTA
2024-540,Wimbledon,Grass,128.0,G,2024-07-01,146.0,202499.0,,,Donna Vekic,R,179.0,CRO,28.0,216016.0,,,Xiyu Wang,L,,CHN,23.2,3-6 6-3 6-4,3.0,R128,118.0,6.0,1.0,80.0,55.0,43.0,14.0,14.0,2.0,3.0,7.0,2.0,85.0,59.0,39.0,16.0,14.0,8.0,10.0,37.0,1488.0,54.0,1075.0,2024.0,,,,,,,,,,,,,0.5892,0.7528,0.4664,0.0672,0.7045,0.6957,0.4837,0.0736,WTA
2024-540,Wimbledon,Grass,128.0,G,2024-07-01,145.0,219875.0,,,Varvara Gracheva,R,,FRA,23.9,201615.0,,,Lesia Tsurenko,R,174.0,UKR,35.0,6-3 6-1,3.0,R128,62.0,0.0,0.0,43.0,29.0,22.0,6.0,8.0,0.0,1.0,0.0,6.0,52.0,30.0,14.0,10.0,8.0,4.0,9.0,70.0,920.0,59.0,1048.0,2024.0,,,,,,,,,,,,,0.6171,0.6967,0.4749,0.0311,0.6478,0.5252,0.4695,0.0,WTA
2024-540,Wimbledon,Grass,128.0,G,2024-07-01,148.0,211148.0,7.0,,Jasmine Paolini,R,160.0,ITA,28.4,204427.0,,,Sara Sorribes Tormo,R,176.0,ESP,27.7,7-5 6-3,3.0,R128,97.0,1.0,1.0,74.0,51.0,34.0,9.0,11.0,7.0,11.0,0.0,1.0,61.0,38.0,17.0,12.0,10.0,6.0,12.0,7.0,4228.0,55.0,1055.0,2024.0,,,,,,,,,,,,,0.6643,0.6557,0.5133,0.0197,0.6839,0.4826,0.3678,0.0051,WTA
2024-540,Wimbledon,Grass,128.0,G,2024-07-01,149.0,213889.0,,,Greet Minnen,R,,BEL,26.8,201586.0,,WC,Heather Watson,R,170.0,GBR,32.1,7-5 6-4,3.0,R128,100.0,3.0,7.0,78.0,51.0,36.0,10.0,11.0,5.0,8.0,1.0,4.0,62.0,31.0,21.0,10.0,11.0,3.0,8.0,80.0,848.0,199.0,366.0,2024.0,,,,,,,,,,,,,0.6502,0.6007,0.4325,0.0466,0.6037,0.6788,0.4437,0.0428,WTA
2024-540,Wimbledon,Grass,128.0,G,2024-07-01,150.0,215370.0,,,Bianca Andreescu,R,170.0,CAN,24.0,211713.0,,,Jaqueline Cristian,R,180.0,ROU,26.0,6-4 6-2,3.0,R128,77.0,3.0,2.0,48.0,29.0,26.0,7.0,9.0,0.0,1.0,0.0,3.0,58.0,32.0,19.0,10.0,9.0,5.0,9.0,176.0,426.0,62.0,996.0,2024.0,,,,,,,,,,,,,0.6578,0.6671,0.5101,0.0334,0.6132,0.5889,0.3573,0.0551,WTA
2024-540,Wimbledon,Grass,128.0,G,2024-07-01,151.0,222328.0,26.0,,Linda Noskova,R,,CZE,19.6,201506.0,,,Sara Errani,R,164.0,ITA,37.1,7-6(3) 6-1,3.0,R128,80.0,6.0,3.0,68.0,36.0,28.0,14.0,10.0,5.0,8.0,1.0,3.0,70.0,47.0,24.0,8.0,9.0,3.0,8.0,26.0,1775.0,86.0,810.0,2024.0,,,,,,,,,,,,,0.6462,0.7003,0.446,0.0609,0.7338,0.5536,0.3131,0.0036,WTA
2024-540,Wimbledon,Grass,128.0,G,2024-07-01,152.0,216146.0,18.0,,Marta Kostyuk,R,175.0,UKR,22.0,211685.0,,,Rebecca Sramkova,R,,SVK,27.6,6-3 6-2,3.0,R128,71.0,4.0,0.0,51.0,32.0,24.0,14.0,9.0,1.0,1.0,0.0,3.0,65.0,34.0,22.0,12.0,8.0,9.0,12.0,19.0,2240.0,105.0,695.0,2024.0,,,,,,,,,,,,,0.6284,0.6785,0.4228,0.036,0.5231,0.6471,0.3871,0.0,WTA
2024-540,Wimbledon,Grass,128.0,G,2024-07-01,153.0,201611.0,,,Daria Saville,R,166.0,AUS,30.3,220548.0,,,Peyton Stearns,R,,USA,22.7,6-4 6-2,3.0,R128,89.0,3.0,3.0,57.0,40.0,23.0,11.0,9.0,2.0,4.0,0.0,1.0,70.0,50.0,27.0,8.0,9.0,6.0,11.0,82.0,830.0,52.0,1082.0,2024.0,,,,,,,,,,,,,0.6546,0.5805,0.4306,0.0272,0.6462,0.6256,0.517,0.0223,WTA
2024-540,Wimbledon,Grass,128.0,G,2024-07-01,154.0,206374.0,,,Yafan Wang,R,170.0,CHN,30.1,203533.0,,,Anna Karolina Schmiedlova,R,176.0,SVK,29.7,6-0 3-6 6-4,3.0,R128,120.0,4.0,4.0,73.0,37.0,25.0,24.0,13.0,3.0,5.0,3.0,5.0,79.0,48.0,35.0,10.0,12.0,8.0,12.0,71.0,919.0,74.0,880.0,2024.0,,,,,,,,,,,,,0.5981,0.628,0.4643,0.0227,0.5895,0.6828,0.3583,0.019,WTA
2024-540,Wimbledon,Grass,128.0,G,2024-07-01,147.0,222965.0,,LL,Erika Andreeva,R,,RUS,20.0,211765.0,,,Emina Bektas,R,,USA,31.2,7-6(5) 3-6 6-3,3.0,R128,137.0,6.0,3.0,95.0,60.0,43.0,20.0,14.0,4.0,6.0,13.0,1.0,98.0,70.0,48.0,16.0,16.0,4.0,6.0,101.0,729.0,107.0,686.0,2024.0,,,,,,,,,,,,,0.5812,0.6141,0.5094,0.0378,0.6959,0.7,0.4853,0.1062,WTA
,,,,,,,,,,,,,,,,,,,,,,,,,,,,,,,,,,,,,,,,,,,,,,,,,,1696.53,1672.63,23.899999999999864,1608.71,1463.88,144.82999999999993,0.7777777777777778,0.3333333333333333,0.7,0.4,1.0,1.0,,,,,,,,,WTA
,,,,,,,,,,,,,,,,,,,,,,,,,,,,,,,,,,,,,,,,,,,,,,,,,,1742.76,1734.18,8.579999999999927,1550.16,1517.94,32.22000000000003,0.6,0.5,0.7,0.6,1.0,1.0,,,,,,,,,WTA
,,,,,,,,,,,,,,,,,,,,,,,,,,,,,,,,,,,,,,,,,,,,,,,,,,1445.78,1565.29,-119.50999999999999,1419.47,1431.32,-11.849999999999909,0.0,0.0,0.0,0.2,0.0,0.0,,,,,,,,,WTA
,,,,,,,,,,,,,,,,,,,,,,,,,,,,,,,,,,,,,,,,,,,,,,,,,,1911.38,1487.15,424.23,1638.31,1500.0,138.30999999999995,0.6153846153846154,,0.8,0.3333333333333333,1.0,1.0,,,,,,,,,WTA
,,,,,,,,,,,,,,,,,,,,,,,,,,,,,,,,,,,,,,,,,,,,,,,,,,1745.21,1522.44,222.76999999999998,1667.47,1383.61,283.8600000000001,0.7058823529411765,0.16666666666666666,0.6,0.3,1.0,1.0,,,,,,,,,WTA
,,,,,,,,,,,,,,,,,,,,,,,,,,,,,,,,,,,,,,,,,,,,,,,,,,1876.87,1664.73,212.13999999999987,1481.99,1602.43,-120.44000000000005,0.3333333333333333,0.45454545454545453,0.8,0.5,1.0,0.0,,,,,,,,,WTA
,,,,,,,,,,,,,,,,,,,,,,,,,,,,,,,,,,,,,,,,,,,,,,,,,,1673.03,1471.5,201.52999999999997,1570.52,1481.65,88.86999999999989,0.6428571428571429,0.0,0.3,0.2857142857142857,1.0,1.0,,,,,,,,,WTA
,,,,,,,,,,,,,,,,,,,,,,,,,,,,,,,,,,,,,,,,,,,,,,,,,,1856.36,1478.43,377.92999999999984,1677.63,1420.41,257.22,0.8461538461538461,0.0,0.8,0.4,1.0,1.0,,,,,,,,,WTA
,,,,,,,,,,,,,,,,,,,,,,,,,,,,,,,,,,,,,,,,,,,,,,,,,,1949.1,1668.01,281.0899999999999,1695.09,1593.0,102.08999999999992,0.8125,0.5,0.8,0.5,1.0,1.0,,,,,,,,,WTA
,,,,,,,,,,,,,,,,,,,,,,,,,,,,,,,,,,,,,,,,,,,,,,,,,,1777.71,2139.55,-361.84000000000015,1579.02,1615.17,-36.15000000000009,0.7142857142857143,0.75,0.7,1.0,0.0,0.0,,,,,,,,,WTA
,,,,,,,,,,,,,,,,,,,,,,,,,,,,,,,,,,,,,,,,,,,,,,,,,,1741.21,1558.03,183.18000000000006,1491.03,1415.57,75.46000000000004,0.375,0.2,0.4,0.4,1.0,1.0,,,,,,,,,WTA
,,,,,,,,,,,,,,,,,,,,,,,,,,,,,,,,,,,,,,,,,,,,,,,,,,1740.32,1484.72,255.5999999999999,1513.15,1391.23,121.92000000000007,0.5,0.0,0.5,0.3,1.0,1.0,,,,,,,,,WTA
,,,,,,,,,,,,,,,,,,,,,,,,,,,,,,,,,,,,,,,,,,,,,,,,,,1823.66,1487.71,335.95000000000005,1482.1,1496.57,-14.470000000000027,0.2857142857142857,0.4444444444444444,0.8,0.3,1.0,0.0,,,,,,,,,WTA
,,,,,,,,,,,,,,,,,,,,,,,,,,,,,,,,,,,,,,,,,,,,,,,,,,1684.55,1450.65,233.89999999999986,1629.21,1500.0,129.21000000000004,0.65,,0.6,0.3,1.0,1.0,,,,,,,,,WTA
,,,,,,,,,,,,,,,,,,,,,,,,,,,,,,,,,,,,,,,,,,,,,,,,,,1596.39,1563.37,33.02000000000021,1496.82,1494.03,2.7899999999999636,0.3333333333333333,0.5,0.5,0.6,1.0,1.0,,,,,,,,,WTA
,,,,,,,,,,,,,,,,,,,,,,,,,,,,,,,,,,,,,,,,,,,,,,,,,,1739.87,1497.17,242.69999999999982,1553.6,1500.0,53.59999999999991,0.6666666666666666,,0.7,0.4,1.0,1.0,,,,,,,,,WTA
,,,,,,,,,,,,,,,,,,,,,,,,,,,,,,,,,,,,,,,,,,,,,,,,,,1833.03,1469.25,363.78,1689.31,1454.06,235.25,0.75,0.0,0.7,0.25,1.0,1.0,,,,,,,,,WTA
,,,,,,,,,,,,,,,,,,,,,,,,,,,,,,,,,,,,,,,,,,,,,,,,,,1710.66,1672.37,38.29000000000019,1571.2,1501.26,69.94000000000005,0.6666666666666666,0.5,0.6,0.5,1.0,1.0,,,,,,,,,WTA
,,,,,,,,,,,,,,,,,,,,,,,,,,,,,,,,,,,,,,,,,,,,,,,,,,1522.99,1664.37,-141.37999999999988,1481.95,1446.06,35.8900000000001,0.45454545454545453,0.0,0.2,0.4,0.0,1.0,,,,,,,,,WTA
,,,,,,,,,,,,,,,,,,,,,,,,,,,,,,,,,,,,,,,,,,,,,,,,,,1499.75,1461.48,38.26999999999998,1500.0,1500.0,0.0,,,0.4,0.0,1.0,0.0,,,,,,,,,WTA
,,,,,,,,,,,,,,,,,,,,,,,,,,,,,,,,,,,,,,,,,,,,,,,,,,1620.35,1866.64,-246.2900000000002,1431.93,1627.1,-195.16999999999985,0.2,0.7222222222222222,0.5,0.8,0.0,0.0,,,,,,,,,WTA
,,,,,,,,,,,,,,,,,,,,,,,,,,,,,,,,,,,,,,,,,,,,,,,,,,1764.7,1740.32,24.38000000000011,1513.73,1600.44,-86.71000000000004,0.8,0.625,0.6,0.7,1.0,0.0,,,,,,,,,WTA
,,,,,,,,,,,,,,,,,,,,,,,,,,,,,,,,,,,,,,,,,,,,,,,,,,1680.25,1698.69,-18.440000000000055,1559.84,1494.01,65.82999999999993,0.5625,0.375,0.6,0.5,0.0,1.0,,,,,,,,,WTA
,,,,,,,,,,,,,,,,,,,,,,,,,,,,,,,,,,,,,,,,,,,,,,,,,,1725.12,1761.06,-35.940000000000055,1571.02,1716.76,-145.74,0.625,0.7391304347826086,0.6,0.7,0.0,0.0,,,,,,,,,WTA
,,,,,,,,,,,,,,,,,,,,,,,,,,,,,,,,,,,,,,,,,,,,,,,,,,1742.76,1911.38,-168.62000000000012,1550.16,1638.31,-88.14999999999986,0.6,0.6153846153846154,0.7,0.8,0.0,0.0,,,,,,,,,WTA
,,,,,,,,,,,,,,,,,,,,,,,,,,,,,,,,,,,,,,,,,,,,,,,,,,1499.75,1522.99,-23.24000000000001,1500.0,1481.95,18.049999999999955,,0.45454545454545453,0.4,0.2,0.0,1.0,,,,,,,,,WTA
,,,,,,,,,,,,,,,,,,,,,,,,,,,,,,,,,,,,,,,,,,,,,,,,,,1566.65,1712.64,-145.99,1557.86,1667.88,-110.02000000000021,0.5294117647058824,0.7272727272727273,0.4,0.7,0.0,0.0,,,,,,,,,WTA
,,,,,,,,,,,,,,,,,,,,,,,,,,,,,,,,,,,,,,,,,,,,,,,,,,1673.03,1823.66,-150.6300000000001,1570.52,1482.1,88.42000000000007,0.6428571428571429,0.2857142857142857,0.3,0.8,0.0,1.0,,,,,,,,,WTA
,,,,,,,,,,,,,,,,,,,,,,,,,,,,,,,,,,,,,,,,,,,,,,,,,,1823.66,1684.55,139.11000000000013,1482.1,1629.21,-147.11000000000013,0.2857142857142857,0.65,0.8,0.6,1.0,0.0,,,,,,,,,WTA
,,,,,,,,,,,,,,,,,,,,,,,,,,,,,,,,,,,,,,,,,,,,,,,,,,1673.03,1949.1,-276.06999999999994,1570.52,1695.09,-124.56999999999994,0.6428571428571429,0.8125,0.3,0.8,0.0,0.0,,,,,,,,,WTA
,,,,,,,,,,,,,,,,,,,,,,,,,,,,,,,,,,,,,,,,,,,,,,,,,,1823.66,1742.76,80.90000000000009,1482.1,1550.16,-68.06000000000017,0.2857142857142857,0.6,0.8,0.7,1.0,0.0,,,,,,,,,WTA
,,,,,,,,,,,,,,,,,,,,,,,,,,,,,,,,,,,,,,,,,,,,,,,,,,1684.55,1499.75,184.79999999999995,1629.21,1500.0,129.21000000000004,0.65,,0.6,0.4,1.0,1.0,,,,,,,,,WTA
,,,,,,,,,,,,,,,,,,,,,,,,,,,,,,,,,,,,,,,,,,,,,,,,,,1949.1,1725.12,223.98000000000002,1695.09,1571.02,124.06999999999994,0.8125,0.625,0.8,0.6,1.0,1.0,,,,,,,,,WTA
,,,,,,,,,,,,,,,,,,,,,,,,,,,,,,,,,,,,,,,,,,,,,,,,,,1673.03,1745.21,-72.18000000000006,1570.52,1667.47,-96.95000000000005,0.6428571428571429,0.7058823529411765,0.3,0.6,0.0,0.0,,,,,,,,,WTA
,,,,,,,,,,,,,,,,,,,,,,,,,,,,,,,,,,,,,,,,,,,,,,,,,,1823.66,1856.36,-32.69999999999982,1482.1,1677.63,-195.5300000000002,0.2857142857142857,0.8461538461538461,0.8,0.8,0.0,0.0,,,,,,,,,WTA
,,,,,,,,,,,,,,,,,,,,,,,,,,,,,,,,,,,,,,,,,,,,,,,,,,1684.55,1739.87,-55.319999999999936,1629.21,1553.6,75.61000000000013,0.65,0.6666666666666666,0.6,0.7,0.0,1.0,,,,,,,,,WTA
,,,,,,,,,,,,,,,,,,,,,,,,,,,,,,,,,,,,,,,,,,,,,,,,,,1620.35,1566.65,53.69999999999982,1431.93,1557.86,-125.92999999999984,0.2,0.5294117647058824,0.5,0.4,1.0,0.0,,,,,,,,,WTA
,,,,,,,,,,,,,,,,,,,,,,,,,,,,,,,,,,,,,,,,,,,,,,,,,,1499.75,1710.66,-210.91000000000008,1500.0,1571.2,-71.20000000000005,,0.6666666666666666,0.4,0.6,0.0,0.0,,,,,,,,,WTA
,,,,,,,,,,,,,,,,,,,,,,,,,,,,,,,,,,,,,,,,,,,,,,,,,,1949.1,1764.7,184.39999999999986,1695.09,1513.73,181.3599999999999,0.8125,0.8,0.8,0.6,1.0,1.0,,,,,,,,,WTA
,,,,,,,,,,,,,,,,,,,,,,,,,,,,,,,,,,,,,,,,,,,,,,,,,,1673.03,1876.87,-203.83999999999992,1570.52,1481.99,88.52999999999997,0.6428571428571429,0.3333333333333333,0.3,0.8,0.0,1.0,,,,,,,,,WTA
,,,,,,,,,,,,,,,,,,,,,,,,,,,,,,,,,,,,,,,,,,,,,,,,,,1745.21,1777.71,-32.5,1667.47,1579.02,88.45000000000005,0.7058823529411765,0.7142857142857143,0.6,0.7,0.0,1.0,,,,,,,,,WTA
,,,,,,,,,,,,,,,,,,,,,,,,,,,,,,,,,,,,,,,,,,,,,,,,,,1911.38,1445.78,465.60000000000014,1638.31,1419.47,218.83999999999992,0.6153846153846154,0.0,0.8,0.0,1.0,1.0,,,,,,,,,WTA
,,,,,,,,,,,,,,,,,,,,,,,,,,,,,,,,,,,,,,,,,,,,,,,,,,1742.76,1696.53,46.23000000000002,1550.16,1608.71,-58.549999999999955,0.6,0.7777777777777778,0.7,0.7,1.0,0.0,,,,,,,,,WTA
,,,,,,,,,,,,,,,,,,,,,,,,,,,,,,,,,,,,,,,,,,,,,,,,,,1856.36,1741.21,115.14999999999986,1677.63,1491.03,186.60000000000014,0.8461538461538461,0.375,0.8,0.4,1.0,1.0,,,,,,,,,WTA
,,,,,,,,,,,,,,,,,,,,,,,,,,,,,,,,,,,,,,,,,,,,,,,,,,1823.66,1680.25,143.41000000000008,1482.1,1559.84,-77.74000000000001,0.2857142857142857,0.5625,0.8,0.6,1.0,0.0,,,,,,,,,WTA
,,,,,,,,,,,,,,,,,,,,,,,,,,,,,,,,,,,,,,,,,,,,,,,,,,1684.55,1596.39,88.15999999999985,1629.21,1496.82,132.3900000000001,0.65,0.3333333333333333,0.6,0.5,1.0,1.0,,,,,,,,,WTA
,,,,,,,,,,,,,,,,,,,,,,,,,,,,,,,,,,,,,,,,,,,,,,,,,,1739.87,1833.03,-93.16000000000008,1553.6,1689.31,-135.71000000000004,0.6666666666666666,0.75,0.7,0.7,0.0,0.0,,,,,,,,,WTA
,,,,,,,,,,,,,,,,,,,,,,,,,,,,,,,,,,,,,,,,,,,,,,,,,,1710.66,1740.32,-29.659999999999854,1571.2,1513.15,58.049999999999955,0.6666666666666666,0.5,0.6,0.5,0.0,1.0,,,,,,,,,WTA
,,,,,,,,,,,,,,,,,,,,,,,,,,,,,,,,,,,,,,,,,,,,,,,,,,1725.12,1620.35,104.76999999999998,1571.02,1431.93,139.08999999999992,0.625,0.2,0.6,0.5,1.0,1.0,,,,,,,,,WTA
,,,,,,,,,,,,,,,,,,,,,,,,,,,,,,,,,,,,,,,,,,,,,,,,,,1725.12,1532.2,192.91999999999985,1571.02,1510.68,60.33999999999992,0.625,0.5333333333333333,0.6,0.4,1.0,1.0,,,,,,,,,WTA
,,,,,,,,,,,,,,,,,,,,,,,,,,,,,,,,,,,,,,,,,,,,,,,,,,1777.71,1631.46,146.25,1579.02,1659.7,-80.68000000000006,0.7142857142857143,0.4,0.7,0.4,1.0,0.0,,,,,,,,,WTA
,,,,,,,,,,,,,,,,,,,,,,,,,,,,,,,,,,,,,,,,,,,,,,,,,,1740.32,1574.32,166.0,1600.44,1490.84,109.60000000000014,0.625,0.4,0.7,0.4,1.0,1.0,,,,,,,,,WTA
,,,,,,,,,,,,,,,,,,,,,,,,,,,,,,,,,,,,,,,,,,,,,,,,,,1745.21,1649.11,96.10000000000014,1667.47,1654.14,13.329999999999927,0.7058823529411765,0.8,0.6,0.5,1.0,1.0,,,,,,,,,WTA
,,,,,,,,,,,,,,,,,,,,,,,,,,,,,,,,,,,,,,,,,,,,,,,,,,1509.95,1502.73,7.220000000000027,1503.9,1462.39,41.50999999999999,0.5,0.0,0.5,0.6,1.0,1.0,,,,,,,,,WTA
,,,,,,,,,,,,,,,,,,,,,,,,,,,,,,,,,,,,,,,,,,,,,,,,,,1522.44,1705.96,-183.51999999999998,1383.61,1565.29,-181.68000000000006,0.16666666666666666,0.6666666666666666,0.3,0.6,0.0,0.0,,,,,,,,,WTA
,,,,,,,,,,,,,,,,,,,,,,,,,,,,,,,,,,,,,,,,,,,,,,,,,,1677.5,1564.88,112.61999999999989,1642.14,1534.4,107.74000000000001,0.6923076923076923,0.5384615384615384,0.6,0.4,1.0,1.0,,,,,,,,,WTA
,,,,,,,,,,,,,,,,,,,,,,,,,,,,,,,,,,,,,,,,,,,,,,,,,,1687.54,1533.66,153.87999999999988,1596.11,1500.0,96.1099999999999,0.6666666666666666,,0.6,0.5555555555555556,1.0,1.0,,,,,,,,,WTA
,,,,,,,,,,,,,,,,,,,,,,,,,,,,,,,,,,,,,,,,,,,,,,,,,,1546.51,1520.84,25.670000000000073,1568.07,1476.79,91.27999999999997,0.6363636363636364,0.6666666666666666,0.3,0.6,1.0,1.0,,,,,,,,,WTA
,,,,,,,,,,,,,,,,,,,,,,,,,,,,,,,,,,,,,,,,,,,,,,,,,,2139.55,1566.96,572.5900000000001,1615.17,1565.34,49.830000000000155,0.75,0.5,1.0,0.4,1.0,1.0,,,,,,,,,WTA
,,,,,,,,,,,,,,,,,,,,,,,,,,,,,,,,,,,,,,,,,,,,,,,,,,1725.12,1620.26,104.8599999999999,1571.02,1511.78,59.24000000000001,0.625,0.5,0.6,0.4,1.0,1.0,,,,,,,,,WTA
,,,,,,,,,,,,,,,,,,,,,,,,,,,,,,,,,,,,,,,,,,,,,,,,,,1712.64,1522.77,189.87000000000012,1667.88,1537.21,130.67000000000007,0.7272727272727273,0.5384615384615384,0.7,0.3,1.0,1.0,,,,,,,,,WTA
,,,,,,,,,,,,,,,,,,,,,,,,,,,,,,,,,,,,,,,,,,,,,,,,,,1620.35,1546.99,73.3599999999999,1431.93,1500.97,-69.03999999999996,0.2,0.45454545454545453,0.5,0.7,1.0,0.0,,,,,,,,,WTA
,,,,,,,,,,,,,,,,,,,,,,,,,,,,,,,,,,,,,,,,,,,,,,,,,,1866.64,1505.34,361.3000000000002,1627.1,1511.5,115.59999999999991,0.7222222222222222,0.5714285714285714,0.8,0.5,1.0,1.0,,,,,,,,,WTA
,,,,,,,,,,,,,,,,,,,,,,,,,,,,,,,,,,,,,,,,,,,,,,,,,,1499.75,1782.02,-282.27,1500.0,1460.09,39.91000000000008,,0.375,0.4,0.6,0.0,1.0,,,,,,,,,WTA
,,,,,,,,,,,,,,,,,,,,,,,,,,,,,,,,,,,,,,,,,,,,,,,,,,1461.48,1523.47,-61.99000000000001,1500.0,1497.42,2.5799999999999272,,0.0,0.0,0.4,0.0,1.0,,,,,,,,,WTA
,,,,,,,,,,,,,,,,,,,,,,,,,,,,,,,,,,,,,,,,,,,,,,,,,,1522.99,1671.13,-148.1400000000001,1481.95,1513.26,-31.309999999999945,0.45454545454545453,0.6,0.2,0.6,0.0,0.0,,,,,,,,,WTA
,,,,,,,,,,,,,,,,,,,,,,,,,,,,,,,,,,,,,,,,,,,,,,,,,,1664.37,1569.26,95.1099999999999,1446.06,1481.09,-35.02999999999997,0.0,0.0,0.4,0.4,1.0,0.0,,,,,,,,,WTA
,,,,,,,,,,,,,,,,,,,,,,,,,,,,,,,,,,,,,,,,,,,,,,,,,,1876.87,1628.73,248.13999999999987,1481.99,1428.09,53.90000000000009,0.3333333333333333,0.0,0.8,0.5,1.0,1.0,,,,,,,,,WTA
,,,,,,,,,,,,,,,,,,,,,,,,,,,,,,,,,,,,,,,,,,,,,,,,,,1557.66,1613.66,-56.0,1548.7,1480.89,67.80999999999995,0.6,0.3333333333333333,0.6,0.7,0.0,1.0,,,,,,,,,WTA
,,,,,,,,,,,,,,,,,,,,,,,,,,,,,,,,,,,,,,,,,,,,,,,,,,1623.26,1496.07,127.19000000000005,1403.48,1458.36,-54.87999999999988,0.16666666666666666,0.2,0.5,0.2,1.0,0.0,,,,,,,,,WTA
,,,,,,,,,,,,,,,,,,,,,,,,,,,,,,,,,,,,,,,,,,,,,,,,,,1664.73,1551.16,113.56999999999994,1602.43,1532.59,69.84000000000015,0.45454545454545453,0.5714285714285714,0.5,0.4,1.0,1.0,,,,,,,,,WTA
,,,,,,,,,,,,,,,,,,,,,,,,,,,,,,,,,,,,,,,,,,,,,,,,,,1761.06,1489.91,271.14999999999986,1716.76,1531.75,185.01,0.7391304347826086,0.6666666666666666,0.7,0.4,1.0,1.0,,,,,,,,,WTA
,,,,,,,,,,,,,,,,,,,,,,,,,,,,,,,,,,,,,,,,,,,,,,,,,,1532.2,1521.04,11.160000000000082,1510.68,1496.56,14.120000000000118,0.5333333333333333,0.45454545454545453,0.4,0.4,1.0,1.0,,,,,,,,,WTA
,,,,,,,,,,,,,,,,,,,,,,,,,,,,,,,,,,,,,,,,,,,,,,,,,,1489.91,1438.89,51.01999999999998,1531.75,1462.86,68.8900000000001,0.6666666666666666,0.0,0.4,0.2,1.0,1.0,,,,,,,,,WTA
,,,,,,,,,,,,,,,,,,,,,,,,,,,,,,,,,,,,,,,,,,,,,,,,,,1761.06,1480.07,280.99,1716.76,1482.81,233.95000000000005,0.7391304347826086,0.0,0.7,0.4,1.0,1.0,,,,,,,,,WTA
,,,,,,,,,,,,,,,,,,,,,,,,,,,,,,,,,,,,,,,,,,,,,,,,,,1740.32,1503.71,236.6099999999999,1600.44,1459.61,140.83000000000015,0.625,0.3333333333333333,0.7,0.2,1.0,1.0,,,,,,,,,WTA
,,,,,,,,,,,,,,,,,,,,,,,,,,,,,,,,,,,,,,,,,,,,,,,,,,1574.32,1682.44,-108.12000000000012,1490.84,1528.42,-37.580000000000155,0.4,0.46153846153846156,0.4,0.5,0.0,0.0,,,,,,,,,WTA
,,,,,,,,,,,,,,,,,,,,,,,,,,,,,,,,,,,,,,,,,,,,,,,,,,1647.92,1570.51,77.41000000000008,1524.24,1500.0,24.24000000000001,0.5714285714285714,,0.7,0.4,1.0,1.0,,,,,,,,,WTA
,,,,,,,,,,,,,,,,,,,,,,,,,,,,,,,,,,,,,,,,,,,,,,,,,,1710.66,1383.97,326.69000000000005,1571.2,1500.0,71.20000000000005,0.6666666666666666,,0.6,0.2,1.0,1.0,,,,,,,,,WTA
,,,,,,,,,,,,,,,,,,,,,,,,,,,,,,,,,,,,,,,,,,,,,,,,,,1764.7,1412.19,352.51,1513.73,1472.97,40.75999999999999,0.8,0.3333333333333333,0.6,0.3,1.0,1.0,,,,,,,,,WTA
,,,,,,,,,,,,,,,,,,,,,,,,,,,,,,,,,,,,,,,,,,,,,,,,,,1668.01,1486.88,181.12999999999988,1593.0,1453.85,139.1500000000001,0.5,0.2,0.5,0.3,1.0,1.0,,,,,,,,,WTA
,,,,,,,,,,,,,,,,,,,,,,,,,,,,,,,,,,,,,,,,,,,,,,,,,,1612.87,1464.21,148.65999999999985,1478.99,1415.39,63.59999999999991,0.0,0.0,0.5,0.3,1.0,1.0,,,,,,,,,WTA
,,,,,,,,,,,,,,,,,,,,,,,,,,,,,,,,,,,,,,,,,,,,,,,,,,1949.1,1561.25,387.8499999999999,1695.09,1456.89,238.19999999999982,0.8125,0.0,0.8,0.7,1.0,1.0,,,,,,,,,WTA
,,,,,,,,,,,,,,,,,,,,,,,,,,,,,,,,,,,,,,,,,,,,,,,,,,1471.5,1763.05,-291.54999999999995,1481.65,1594.13,-112.48000000000002,0.0,0.8333333333333334,0.2857142857142857,0.6,0.0,0.0,,,,,,,,,WTA
,,,,,,,,,,,,,,,,,,,,,,,,,,,,,,,,,,,,,,,,,,,,,,,,,,1494.58,1584.48,-89.90000000000009,1443.78,1484.13,-40.350000000000136,0.2,0.5,0.4,0.4,0.0,0.0,,,,,,,,,WTA
,,,,,,,,,,,,,,,,,,,,,,,,,,,,,,,,,,,,,,,,,,,,,,,,,,1542.35,1487.7,54.649999999999864,1399.71,1500.0,-100.28999999999996,0.0,,0.6,0.3,1.0,0.0,,,,,,,,,WTA
,,,,,,,,,,,,,,,,,,,,,,,,,,,,,,,,,,,,,,,,,,,,,,,,,,1673.03,1628.06,44.97000000000003,1570.52,1612.63,-42.11000000000013,0.6428571428571429,0.625,0.3,0.3,1.0,0.0,,,,,,,,,WTA
,,,,,,,,,,,,,,,,,,,,,,,,,,,,,,,,,,,,,,,,,,,,,,,,,,1734.46,1559.8,174.66000000000008,1590.93,1509.98,80.95000000000005,0.6666666666666666,0.5,0.7,0.4,1.0,1.0,,,,,,,,,WTA
,,,,,,,,,,,,,,,,,,,,,,,,,,,,,,,,,,,,,,,,,,,,,,,,,,1672.37,1448.34,224.02999999999997,1501.26,1431.61,69.65000000000009,0.5,0.0,0.5,0.3,1.0,1.0,,,,,,,,,WTA
,,,,,,,,,,,,,,,,,,,,,,,,,,,,,,,,,,,,,,,,,,,,,,,,,,1566.65,1430.3,136.35000000000014,1557.86,1495.02,62.83999999999992,0.5294117647058824,0.3333333333333333,0.4,0.3,1.0,1.0,,,,,,,,,WTA
,,,,,,,,,,,,,,,,,,,,,,,,,,,,,,,,,,,,,,,,,,,,,,,,,,1740.32,1469.88,270.4399999999998,1513.15,1500.0,13.150000000000091,0.5,,0.5,0.2,1.0,1.0,,,,,,,,,WTA
,,,,,,,,,,,,,,,,,,,,,,,,,,,,,,,,,,,,,,,,,,,,,,,,,,1742.76,1550.25,192.51,1550.16,1476.05,74.11000000000013,0.6,0.5,0.7,0.5,1.0,1.0,,,,,,,,,WTA
,,,,,,,,,,,,,,,,,,,,,,,,,,,,,,,,,,,,,,,,,,,,,,,,,,1445.78,1643.65,-197.87000000000012,1419.47,1474.2,-54.73000000000002,0.0,0.4,0.0,0.3,0.0,0.0,,,,,,,,,WTA
,,,,,,,,,,,,,,,,,,,,,,,,,,,,,,,,,,,,,,,,,,,,,,,,,,1565.29,1532.39,32.899999999999864,1431.32,1500.0,-68.68000000000006,0.0,,0.2,0.4,1.0,0.0,,,,,,,,,WTA
,,,,,,,,,,,,,,,,,,,,,,,,,,,,,,,,,,,,,,,,,,,,,,,,,,1487.15,1570.1,-82.94999999999982,1500.0,1500.0,0.0,,,0.3333333333333333,0.4,0.0,0.0,,,,,,,,,WTA
,,,,,,,,,,,,,,,,,,,,,,,,,,,,,,,,,,,,,,,,,,,,,,,,,,1911.38,1550.27,361.1100000000001,1638.31,1481.73,156.57999999999993,0.6153846153846154,0.4,0.8,0.5,1.0,1.0,,,,,,,,,WTA
,,,,,,,,,,,,,,,,,,,,,,,,,,,,,,,,,,,,,,,,,,,,,,,,,,1484.72,1612.77,-128.04999999999995,1391.23,1457.1,-65.86999999999989,0.0,0.25,0.3,0.3,0.0,0.0,,,,,,,,,WTA
,,,,,,,,,,,,,,,,,,,,,,,,,,,,,,,,,,,,,,,,,,,,,,,,,,1777.71,1687.54,90.17000000000007,1579.02,1596.11,-17.089999999999918,0.7142857142857143,0.6666666666666666,0.7,0.6,1.0,0.0,,,,,,,,,WTA
,,,,,,,,,,,,,,,,,,,,,,,,,,,,,,,,,,,,,,,,,,,,,,,,,,1734.18,1587.65,146.52999999999997,1517.94,1542.68,-24.74000000000001,0.5,0.6,0.6,0.4,1.0,0.0,,,,,,,,,WTA
,,,,,,,,,,,,,,,,,,,,,,,,,,,,,,,,,,,,,,,,,,,,,,,,,,1522.44,1677.5,-155.05999999999995,1383.61,1642.14,-258.5300000000002,0.16666666666666666,0.6923076923076923,0.3,0.6,0.0,0.0,,,,,,,,,WTA
,,,,,,,,,,,,,,,,,,,,,,,,,,,,,,,,,,,,,,,,,,,,,,,,,,1876.87,1557.66,319.2099999999998,1481.99,1548.7,-66.71000000000004,0.3333333333333333,0.6,0.8,0.6,1.0,0.0,,,,,,,,,WTA
,,,,,,,,,,,,,,,,,,,,,,,,,,,,,,,,,,,,,,,,,,,,,,,,,,1664.73,1623.26,41.47000000000003,1602.43,1403.48,198.95000000000005,0.45454545454545453,0.16666666666666666,0.5,0.5,1.0,1.0,,,,,,,,,WTA
,,,,,,,,,,,,,,,,,,,,,,,,,,,,,,,,,,,,,,,,,,,,,,,,,,1673.03,1542.35,130.68000000000006,1570.52,1399.71,170.80999999999995,0.6428571428571429,0.0,0.3,0.6,1.0,1.0,,,,,,,,,WTA
,,,,,,,,,,,,,,,,,,,,,,,,,,,,,,,,,,,,,,,,,,,,,,,,,,1471.5,1494.58,-23.079999999999927,1481.65,1443.78,37.87000000000012,0.0,0.2,0.2857142857142857,0.4,0.0,1.0,,,,,,,,,WTA
,,,,,,,,,,,,,,,,,,,,,,,,,,,,,,,,,,,,,,,,,,,,,,,,,,1949.1,1612.87,336.23,1695.09,1478.99,216.0999999999999,0.8125,0.0,0.8,0.5,1.0,1.0,,,,,,,,,WTA
,,,,,,,,,,,,,,,,,,,,,,,,,,,,,,,,,,,,,,,,,,,,,,,,,,1668.01,1734.46,-66.45000000000005,1593.0,1590.93,2.0699999999999363,0.5,0.6666666666666666,0.5,0.7,0.0,1.0,,,,,,,,,WTA
,,,,,,,,,,,,,,,,,,,,,,,,,,,,,,,,,,,,,,,,,,,,,,,,,,1764.7,1647.92,116.77999999999997,1513.73,1524.24,-10.509999999999991,0.8,0.5714285714285714,0.6,0.7,1.0,0.0,,,,,,,,,WTA
,,,,,,,,,,,,,,,,,,,,,,,,,,,,,,,,,,,,,,,,,,,,,,,,,,1745.21,1509.95,235.26,1667.47,1503.9,163.56999999999994,0.7058823529411765,0.5,0.6,0.5,1.0,1.0,,,,,,,,,WTA
,,,,,,,,,,,,,,,,,,,,,,,,,,,,,,,,,,,,,,,,,,,,,,,,,,1696.53,1662.55,33.98000000000002,1608.71,1607.95,0.7599999999999909,0.7777777777777778,0.5,0.7,0.5,1.0,1.0,,,,,,,,,WTA
,,,,,,,,,,,,,,,,,,,,,,,,,,,,,,,,,,,,,,,,,,,,,,,,,,2139.55,1546.51,593.0400000000002,1615.17,1568.07,47.100000000000136,0.75,0.6363636363636364,1.0,0.3,1.0,1.0,,,,,,,,,WTA
,,,,,,,,,,,,,,,,,,,,,,,,,,,,,,,,,,,,,,,,,,,,,,,,,,1856.36,1492.92,363.4399999999998,1677.63,1400.25,277.3800000000001,0.8461538461538461,0.0,0.8,0.2,1.0,1.0,,,,,,,,,WTA
,,,,,,,,,,,,,,,,,,,,,,,,,,,,,,,,,,,,,,,,,,,,,,,,,,1833.03,1401.39,431.6399999999999,1689.31,1528.0,161.30999999999995,0.75,0.2857142857142857,0.7,0.0,1.0,1.0,,,,,,,,,WTA
,,,,,,,,,,,,,,,,,,,,,,,,,,,,,,,,,,,,,,,,,,,,,,,,,,1672.63,1416.89,255.74,1463.88,1500.0,-36.11999999999989,0.3333333333333333,,0.4,0.1,1.0,0.0,,,,,,,,,WTA
,,,,,,,,,,,,,,,,,,,,,,,,,,,,,,,,,,,,,,,,,,,,,,,,,,1469.25,1471.18,-1.9300000000000637,1454.06,1412.81,41.25,0.0,0.2,0.25,0.2,0.0,1.0,,,,,,,,,WTA
,,,,,,,,,,,,,,,,,,,,,,,,,,,,,,,,,,,,,,,,,,,,,,,,,,1739.87,1855.95,-116.08000000000015,1553.6,1559.69,-6.0900000000001455,0.6666666666666666,0.4,0.7,0.8,0.0,0.0,,,,,,,,,WTA
,,,,,,,,,,,,,,,,,,,,,,,,,,,,,,,,,,,,,,,,,,,,,,,,,,1497.17,1736.79,-239.6199999999999,1500.0,1523.79,-23.789999999999964,,0.6,0.4,0.7,0.0,0.0,,,,,,,,,WTA
,,,,,,,,,,,,,,,,,,,,,,,,,,,,,,,,,,,,,,,,,,,,,,,,,,1596.39,1478.31,118.08000000000015,1496.82,1497.05,-0.2300000000000182,0.3333333333333333,0.3333333333333333,0.5,0.3,1.0,0.0,,,,,,,,,WTA
,,,,,,,,,,,,,,,,,,,,,,,,,,,,,,,,,,,,,,,,,,,,,,,,,,1684.55,1586.6,97.95000000000005,1629.21,1444.77,184.44000000000005,0.65,0.16666666666666666,0.6,0.4,1.0,1.0,,,,,,,,,WTA
,,,,,,,,,,,,,,,,,,,,,,,,,,,,,,,,,,,,,,,,,,,,,,,,,,1563.37,1606.89,-43.52000000000021,1494.03,1569.73,-75.70000000000005,0.5,0.7142857142857143,0.6,0.4,0.0,0.0,,,,,,,,,WTA
,,,,,,,,,,,,,,,,,,,,,,,,,,,,,,,,,,,,,,,,,,,,,,,,,,1823.66,1629.95,193.71000000000004,1482.1,1472.67,9.429999999999836,0.2857142857142857,0.3333333333333333,0.8,0.5,1.0,1.0,,,,,,,,,WTA
,,,,,,,,,,,,,,,,,,,,,,,,,,,,,,,,,,,,,,,,,,,,,,,,,,1487.71,1522.39,-34.680000000000064,1496.57,1488.98,7.589999999999918,0.4444444444444444,0.5384615384615384,0.3,0.4,0.0,1.0,,,,,,,,,WTA
,,,,,,,,,,,,,,,,,,,,,,,,,,,,,,,,,,,,,,,,,,,,,,,,,,1680.25,1633.78,46.47000000000003,1559.84,1471.58,88.25999999999999,0.5625,0.25,0.6,0.5,1.0,1.0,,,,,,,,,WTA
,,,,,,,,,,,,,,,,,,,,,,,,,,,,,,,,,,,,,,,,,,,,,,,,,,1698.69,1508.6,190.09000000000015,1494.01,1471.28,22.730000000000018,0.375,0.3333333333333333,0.5,0.6,1.0,1.0,,,,,,,,,WTA
,,,,,,,,,,,,,,,,,,,,,,,,,,,,,,,,,,,,,,,,,,,,,,,,,,1741.21,1531.2,210.01,1491.03,1500.0,-8.970000000000027,0.375,,0.4,0.6,1.0,0.0,,,,,,,,,WTA
,,,,,,,,,,,,,,,,,,,,,,,,,,,,,,,,,,,,,,,,,,,,,,,,,,1558.03,1626.25,-68.22000000000003,1415.57,1482.34,-66.76999999999998,0.2,0.3333333333333333,0.4,0.8,0.0,0.0,,,,,,,,,WTA
,,,,,,,,,,,,,,,,,,,,,,,,,,,,,,,,,,,,,,,,,,,,,,,,,,1478.43,1513.6,-35.169999999999845,1420.41,1446.82,-26.409999999999854,0.0,0.3333333333333333,0.4,0.3,0.0,0.0,,,,,,,,,WTA
,,,,,,,,,,,,,,,,,,,,,,,,,,,,,,,,,,,,,,,,,,,,,,,,,,1450.65,1472.6,-21.949999999999818,1500.0,1523.62,-23.61999999999989,,0.5,0.3,0.3,0.0,0.0,,,,,,,,,WTA
