tourney_id,tourney_name,surface,draw_size,tourney_level,tourney_date,match_num,winner_id,winner_seed,winner_entry,winner_name,winner_hand,winner_ht,winner_ioc,winner_age,loser_id,loser_seed,loser_entry,loser_name,loser_hand,loser_ht,loser_ioc,loser_age,score,best_of,round,minutes,w_ace,w_df,w_svpt,w_1stIn,w_1stWon,w_2ndWon,w_SvGms,w_bpSaved,w_bpFaced,l_ace,l_df,l_svpt,l_1stIn,l_1stWon,l_2ndWon,l_SvGms,l_bpSaved,l_bpFaced,winner_rank,winner_rank_points,loser_rank,loser_rank_points,year
2024-800,Brisbane,Hard,64,P,2024-01-01,247,259799,,,Mirra Andreeva,R,,RUS,16.6,223670,,,Diana Shnaider,L,,RUS,19.7,6-2 6-3,3,R64,75.0,3.0,3.0,47.0,29.0,22.0,12.0,8.0,1.0,1.0,1.0,1.0,62.0,40.0,22.0,10.0,9.0,5.0,9.0,58.0,1060.0,97.0,785.0,2024
2024-800,Brisbane,Hard,64,P,2024-01-01,244,203533,,,Anna Karolina Schmiedlova,R,176.0,SVK,29.3,214452,,,Caroline Dolehide,R,178.0,USA,25.3,3-6 6-4 6-2,3,R64,145.0,3.0,3.0,89.0,55.0,37.0,16.0,14.0,3.0,7.0,7.0,2.0,95.0,69.0,38.0,15.0,13.0,8.0,13.0,73.0,918.0,45.0,1193.0,2024
2024-800,Brisbane,Hard,64,P,2024-01-01,243,201611,,WC,Daria Saville,R,166.0,AUS,29.8,215035,,Q,Dayana Yastremska,R,175.0,UKR,23.6,6-0 6-4,3,R64,90.0,4.0,2.0,50.0,31.0,24.0,11.0,8.0,3.0,3.0,0.0,2.0,61.0,33.0,22.0,9.0,8.0,7.0,11.0,209.0,366.0,98.0,767.0,2024
2024-800,Brisbane,Hard,64,P,2024-01-01,240,201585,,,Sloane Stephens,R,170.0,USA,30.7,211701,,,Katerina Siniakova,R,174.0,CZE,27.6,7-5 6-3,3,R64,102.0,2.0,2.0,78.0,56.0,34.0,13.0,11.0,5.0,7.0,0.0,5.0,61.0,34.0,20.0,14.0,10.0,0.0,4.0,44.0,1200.0,50.0,1162.0,2024
2024-1049,Auckland,Hard,32,I,2024-01-01,299,221103,1.0,,Coco Gauff,R,175.0,USA,19.8,215613,4.0,,Emma Navarro,R,,USA,22.6,6-3 6-1,3,SF,62.0,10.0,1.0,46.0,30.0,28.0,7.0,8.0,2.0,2.0,1.0,2.0,53.0,37.0,18.0,8.0,8.0,1.0,5.0,3.0,6690.0,31.0,1480.0,2024
2024-1049,Auckland,Hard,32,I,2024-01-01,300,221103,1.0,,Coco Gauff,R,175.0,USA,19.8,202494,2.0,,Elina Svitolina,R,174.0,UKR,29.3,6-7(4) 6-3 6-3,3,F,155.0,3.0,7.0,92.0,60.0,43.0,15.0,15.0,3.0,6.0,0.0,3.0,109.0,66.0,38.0,21.0,15.0,7.0,13.0,3.0,6690.0,25.0,1809.0,2024
2024-1049,Auckland,Hard,32,I,2024-01-01,298,202494,2.0,,Elina Svitolina,R,174.0,UKR,29.3,216016,,,Xiyu Wang,L,,CHN,22.7,2-6 6-4 6-3,3,SF,143.0,6.0,3.0,89.0,62.0,40.0,12.0,14.0,6.0,10.0,2.0,4.0,83.0,44.0,32.0,18.0,13.0,6.0,10.0,25.0,1809.0,71.0,937.0,2024
2024-1049,Auckland,Hard,32,I,2024-01-01,297,221103,1.0,,Coco Gauff,R,175.0,USA,19.8,219875,8.0,,Varvara Gracheva,R,,FRA,23.4,6-1 6-1,3,QF,53.0,5.0,1.0,40.0,29.0,21.0,8.0,7.0,0.0,0.0,1.0,2.0,46.0,29.0,14.0,6.0,7.0,2.0,7.0,3.0,6690.0,42.0,1248.0,2024
2024-800,Brisbane,Hard,64,P,2024-01-01,248,201613,,WC,Arina Rodionova,R,168.0,AUS,34.0,203354,,,Martina Trevisan,L,160.0,ITA,30.1,6-3 6-2,3,R64,87.0,1.0,1.0,51.0,37.0,26.0,7.0,9.0,1.0,3.0,2.0,5.0,61.0,37.0,23.0,5.0,8.0,9.0,14.0,113.0,677.0,46.0,1189.0,2024
2024-800,Brisbane,Hard,64,P,2024-01-01,239,216265,,Q,Olivia Gadecki,R,,AUS,21.6,214040,,WC,Kimberly Birrell,R,170.0,AUS,25.6,4-6 6-0 6-4,3,R64,123.0,7.0,7.0,65.0,42.0,37.0,10.0,13.0,0.0,2.0,4.0,7.0,93.0,63.0,38.0,14.0,13.0,9.0,14.0,124.0,607.0,115.0,671.0,2024
2024-800,Brisbane,Hard,64,P,2024-01-01,251,222328,,,Linda Noskova,R,,CZE,19.1,201693,,Q,Timea Babos,R,179.0,HUN,30.6,5-7 7-6(8) 7-6(2),3,R64,186.0,5.0,6.0,132.0,76.0,61.0,29.0,18.0,6.0,7.0,18.0,4.0,123.0,72.0,57.0,31.0,18.0,9.0,9.0,40.0,1278.0,192.0,404.0,2024
2024-800,Brisbane,Hard,64,P,2024-01-01,267,203389,,,Danielle Collins,R,178.0,USA,30.0,221024,,Q,Hailey Baptiste,R,,USA,22.1,6-1 4-6 6-3,3,R64,117.0,2.0,6.0,82.0,43.0,29.0,24.0,13.0,4.0,6.0,5.0,4.0,75.0,40.0,30.0,12.0,13.0,6.0,11.0,54.0,1090.0,129.0,583.0,2024
2024-800,Brisbane,Hard,64,P,2024-01-01,255,214939,,,Anna Kalinskaya,R,175.0,RUS,25.0,211095,,,Bernarda Pera,L,175.0,USA,29.0,6-2 6-1,3,R64,57.0,3.0,1.0,44.0,27.0,21.0,11.0,8.0,0.0,1.0,1.0,1.0,43.0,30.0,14.0,4.0,7.0,1.0,6.0,80.0,887.0,69.0,943.0,2024
2024-800,Brisbane,Hard,64,P,2024-01-01,256,216262,,,Clara Burel,R,176.0,FRA,22.7,220309,,Q,Zeynep Sonmez,R,,TUR,21.6,6-4 6-2,3,R64,66.0,1.0,4.0,56.0,31.0,23.0,13.0,9.0,4.0,5.0,0.0,3.0,53.0,35.0,23.0,6.0,9.0,3.0,7.0,56.0,1081.0,163.0,478.0,2024
2024-800,Brisbane,Hard,64,P,2024-01-01,259,211768,,WC,Naomi Osaka,R,180.0,JPN,26.2,211337,,,Tamara Korpatsch,R,170.0,GER,28.6,6-3 7-6(9),3,R64,108.0,5.0,1.0,62.0,41.0,30.0,10.0,10.0,0.0,2.0,1.0,5.0,85.0,50.0,34.0,10.0,11.0,4.0,8.0,,,83.0,847.0,2024
2024-800,Brisbane,Hard,64,P,2024-01-01,260,202429,,,Camila Giorgi,R,168.0,ITA,32.0,220548,,,Peyton Stearns,R,,USA,22.2,5-7 6-2 6-3,3,R64,159.0,4.0,7.0,105.0,60.0,40.0,22.0,15.0,9.0,13.0,7.0,10.0,100.0,44.0,33.0,20.0,14.0,6.0,12.0,55.0,1089.0,49.0,1168.0,2024
2024-800,Brisbane,Hard,64,P,2024-01-01,264,213710,,,Cristina Bucsa,R,,ESP,25.9,213889,,,Greet Minnen,R,,BEL,26.3,5-7 6-3 6-1,3,R64,130.0,3.0,2.0,73.0,47.0,36.0,13.0,14.0,2.0,5.0,3.0,3.0,109.0,66.0,39.0,19.0,14.0,15.0,21.0,61.0,1023.0,64.0,999.0,2024
2024-1049,Auckland,Hard,32,I,2024-01-01,296,215613,4.0,,Emma Navarro,R,,USA,22.6,201549,7.0,,Petra Martic,R,181.0,CRO,32.9,6-4 6-3,3,QF,88.0,2.0,1.0,60.0,48.0,33.0,3.0,10.0,3.0,6.0,7.0,4.0,62.0,32.0,19.0,11.0,9.0,6.0,11.0,31.0,1480.0,41.0,1264.0,2024
2024-800,Brisbane,Hard,64,P,2024-01-01,268,214459,,,Lucia Bronzetti,R,,ITA,25.0,221909,,,Ashlyn Krueger,R,185.0,USA,19.6,6-4 7-5,3,R64,118.0,1.0,3.0,75.0,41.0,26.0,18.0,11.0,1.0,4.0,4.0,10.0,86.0,53.0,34.0,10.0,11.0,10.0,15.0,52.0,1137.0,78.0,896.0,2024
2024-800,Brisbane,Hard,64,P,2024-01-01,270,214981,2.0,,Elena Rybakina,R,184.0,KAZ,24.5,216265,,Q,Olivia Gadecki,R,,AUS,21.6,6-4 6-1,3,R32,72.0,4.0,1.0,53.0,35.0,28.0,10.0,9.0,3.0,3.0,0.0,2.0,54.0,34.0,23.0,7.0,8.0,2.0,5.0,4.0,6366.0,124.0,607.0,2024
2024-800,Brisbane,Hard,64,P,2024-01-01,271,210722,13.0,,Elise Mertens,R,179.0,BEL,28.1,201585,,,Sloane Stephens,R,170.0,USA,30.7,2-6 6-1 6-3,3,R32,101.0,5.0,4.0,63.0,33.0,23.0,17.0,12.0,2.0,5.0,1.0,2.0,66.0,47.0,29.0,8.0,12.0,3.0,8.0,30.0,1506.0,44.0,1200.0,2024
2024-800,Brisbane,Hard,64,P,2024-01-01,272,215713,11.0,,Anastasia Potapova,R,175.0,RUS,22.7,201611,,WC,Daria Saville,R,166.0,AUS,29.8,6-4 3-6 6-4,3,R32,172.0,3.0,4.0,99.0,52.0,32.0,21.0,15.0,5.0,11.0,1.0,11.0,122.0,84.0,47.0,17.0,14.0,11.0,17.0,28.0,1611.0,209.0,366.0,2024
2024-800,Brisbane,Hard,64,P,2024-01-01,252,220699,,Q,Julia Riera,R,,ARG,21.5,202600,,,Viktoriya Tomova,R,170.0,BUL,28.8,6-2 6-4,3,R64,78.0,3.0,1.0,53.0,33.0,27.0,11.0,9.0,1.0,1.0,0.0,2.0,54.0,31.0,17.0,13.0,9.0,1.0,4.0,137.0,563.0,75.0,906.0,2024
2024-1049,Auckland,Hard,32,I,2024-01-01,295,216016,,,Xiyu Wang,L,,CHN,22.7,220348,,,Diane Parry,R,170.0,FRA,21.3,6-7(3) 6-3 6-4,3,QF,184.0,4.0,4.0,126.0,91.0,59.0,13.0,16.0,14.0,18.0,4.0,3.0,100.0,60.0,41.0,15.0,15.0,4.0,10.0,71.0,937.0,76.0,904.0,2024
2024-1049,Auckland,Hard,32,I,2024-01-01,288,220348,,,Diane Parry,R,170.0,FRA,21.3,201615,3.0,,Lesia Tsurenko,R,174.0,UKR,34.5,2-6 6-4 6-1,3,R16,110.0,2.0,1.0,75.0,42.0,29.0,18.0,13.0,3.0,6.0,0.0,3.0,64.0,41.0,25.0,15.0,12.0,5.0,9.0,76.0,904.0,32.0,1451.0,2024
2024-1049,Auckland,Hard,32,I,2024-01-01,293,221103,1.0,,Coco Gauff,R,175.0,USA,19.8,259104,,Q,Brenda Fruhvirtova,R,,CZE,16.7,6-3 6-0,3,R16,70.0,5.0,4.0,49.0,27.0,23.0,9.0,8.0,5.0,6.0,2.0,3.0,48.0,26.0,13.0,6.0,7.0,1.0,6.0,3.0,6690.0,117.0,657.0,2024
2024-1049,Auckland,Hard,32,I,2024-01-01,270,202494,2.0,,Elina Svitolina,R,174.0,UKR,29.3,201496,,WC,Caroline Wozniacki,R,177.0,DEN,33.4,6-4 6-3,3,R32,104.0,5.0,1.0,75.0,44.0,25.0,17.0,10.0,6.0,9.0,1.0,3.0,66.0,36.0,20.0,13.0,9.0,5.0,10.0,25.0,1809.0,256.0,301.0,2024
2024-1049,Auckland,Hard,32,I,2024-01-01,271,221054,,WC,Emma Raducanu,R,175.0,GBR,21.1,211817,,Q,Elena Gabriela Ruse,R,,ROU,26.1,6-3 4-6 7-5,3,R32,147.0,3.0,6.0,93.0,61.0,39.0,15.0,16.0,1.0,6.0,2.0,2.0,95.0,63.0,37.0,15.0,15.0,7.0,13.0,301.0,231.0,134.0,575.0,2024
2024-1049,Auckland,Hard,32,I,2024-01-01,272,216153,,WC,Amanda Anisimova,R,180.0,USA,22.3,201499,,,Anastasia Pavlyuchenkova,R,177.0,RUS,32.4,7-5 6-4,3,R32,115.0,6.0,4.0,94.0,58.0,35.0,13.0,11.0,8.0,13.0,1.0,2.0,74.0,41.0,22.0,11.0,11.0,7.0,14.0,373.0,169.0,60.0,1045.0,2024
2024-1049,Auckland,Hard,32,I,2024-01-01,273,213631,5.0,,Marie Bouzkova,R,180.0,CZE,25.4,211684,,,Magdalena Frech,R,171.0,POL,26.0,6-0 3-6 6-4,3,R32,134.0,1.0,3.0,66.0,43.0,30.0,11.0,12.0,1.0,4.0,0.0,2.0,100.0,58.0,33.0,18.0,13.0,10.0,16.0,36.0,1353.0,70.0,937.0,2024
2024-1049,Auckland,Hard,32,I,2024-01-01,274,201615,3.0,,Lesia Tsurenko,R,174.0,UKR,34.5,203500,,Q,Sachia Vickery,R,162.0,USA,28.6,7-5 6-4,3,R32,88.0,0.0,4.0,71.0,49.0,33.0,12.0,11.0,7.0,9.0,1.0,3.0,66.0,38.0,26.0,10.0,11.0,5.0,9.0,32.0,1451.0,143.0,537.0,2024
2024-1049,Auckland,Hard,32,I,2024-01-01,275,220348,,,Diane Parry,R,170.0,FRA,21.3,211765,,,Emina Bektas,R,,USA,30.7,6-7(4) 7-5 6-3,3,R32,165.0,13.0,7.0,111.0,54.0,45.0,30.0,17.0,3.0,4.0,10.0,2.0,109.0,73.0,48.0,21.0,16.0,3.0,6.0,76.0,904.0,91.0,820.0,2024
2024-1049,Auckland,Hard,32,I,2024-01-01,276,216016,,,Xiyu Wang,L,,CHN,22.7,211713,,,Jaqueline Cristian,R,180.0,ROU,25.5,6-1 5-7 7-6(3),3,R32,167.0,5.0,4.0,100.0,73.0,51.0,15.0,15.0,6.0,8.0,2.0,10.0,103.0,50.0,40.0,21.0,16.0,6.0,10.0,71.0,937.0,87.0,831.0,2024
2024-1049,Auckland,Hard,32,I,2024-01-01,277,216133,6.0,,Xin Yu Wang,R,182.0,CHN,22.2,201709,,,Yulia Putintseva,R,163.0,KAZ,28.9,6-4 7-5,3,R32,103.0,2.0,2.0,67.0,42.0,29.0,9.0,11.0,1.0,5.0,0.0,0.0,83.0,63.0,36.0,6.0,11.0,7.0,13.0,35.0,1383.0,63.0,1002.0,2024
2024-1049,Auckland,Hard,32,I,2024-01-01,278,201549,7.0,,Petra Martic,R,181.0,CRO,32.9,214119,,,Rebeka Masarova,R,186.0,ESP,24.4,3-6 6-3 6-3,3,R32,136.0,5.0,2.0,78.0,50.0,30.0,20.0,13.0,4.0,6.0,4.0,4.0,95.0,61.0,38.0,16.0,14.0,8.0,12.0,41.0,1264.0,65.0,982.0,2024
2024-1049,Auckland,Hard,32,I,2024-01-01,279,206294,,,Yue Yuan,R,184.0,CHN,25.2,215037,,,Kayla Day,L,173.0,USA,24.2,7-6(1) 6-7(5) 6-1,3,R32,174.0,1.0,0.0,109.0,75.0,51.0,22.0,16.0,5.0,8.0,8.0,2.0,118.0,74.0,45.0,22.0,15.0,6.0,11.0,77.0,903.0,89.0,825.0,2024
2024-1049,Auckland,Hard,32,I,2024-01-01,280,220589,,,Elina Avanesyan,R,,ARM,21.2,222667,,WC,Monique Barry,L,,NZL,21.5,7-6(6) 6-2,3,R32,91.0,0.0,7.0,69.0,47.0,33.0,6.0,10.0,2.0,6.0,0.0,5.0,60.0,35.0,16.0,10.0,10.0,1.0,7.0,74.0,917.0,649.0,62.0,2024
2024-1049,Auckland,Hard,32,I,2024-01-01,281,215613,4.0,,Emma Navarro,R,,USA,22.6,222258,,,Linda Fruhvirtova,R,,CZE,18.6,2-6 6-4 6-2,3,R32,132.0,2.0,1.0,77.0,52.0,33.0,12.0,13.0,5.0,9.0,4.0,7.0,113.0,69.0,44.0,17.0,13.0,7.0,12.0,31.0,1480.0,88.0,829.0,2024
2024-1049,Auckland,Hard,32,I,2024-01-01,282,219875,8.0,,Varvara Gracheva,R,,FRA,23.4,206124,,Q,Tereza Martincova,R,178.0,CZE,29.1,6-7(3) 7-5 6-2,3,R32,159.0,4.0,11.0,113.0,75.0,50.0,14.0,16.0,8.0,13.0,2.0,8.0,125.0,91.0,52.0,12.0,16.0,12.0,20.0,42.0,1248.0,156.0,495.0,2024
2024-1049,Auckland,Hard,32,I,2024-01-01,283,215138,,Q,Lulu Sun,L,,NZL,22.7,220520,,Q,Mccartney Kessler,R,,USA,24.4,6-4 6-3,3,R32,72.0,2.0,2.0,46.0,26.0,21.0,11.0,9.0,2.0,4.0,1.0,4.0,63.0,38.0,22.0,8.0,10.0,3.0,8.0,214.0,362.0,217.0,359.0,2024
2024-1049,Auckland,Hard,32,I,2024-01-01,284,259104,,Q,Brenda Fruhvirtova,R,,CZE,16.7,215020,,,Anna Blinkova,R,179.0,RUS,25.3,7-5 6-4,3,R32,98.0,1.0,6.0,64.0,44.0,30.0,8.0,11.0,2.0,5.0,2.0,4.0,75.0,54.0,30.0,9.0,11.0,7.0,12.0,117.0,657.0,48.0,1170.0,2024
2024-1049,Auckland,Hard,32,I,2024-01-01,285,221103,1.0,,Coco Gauff,R,175.0,USA,19.8,214906,,,Claire Liu,R,170.0,USA,23.6,6-4 6-2,3,R32,82.0,3.0,4.0,49.0,32.0,23.0,9.0,9.0,0.0,2.0,1.0,5.0,63.0,47.0,28.0,3.0,9.0,3.0,8.0,3.0,6690.0,95.0,797.0,2024
2024-1049,Auckland,Hard,32,I,2024-01-01,286,202494,2.0,,Elina Svitolina,R,174.0,UKR,29.3,221054,,WC,Emma Raducanu,R,175.0,GBR,21.1,6-7(5) 7-6(3) 6-1,3,R16,169.0,11.0,3.0,128.0,87.0,56.0,20.0,16.0,9.0,13.0,6.0,6.0,104.0,64.0,39.0,18.0,15.0,8.0,14.0,25.0,1809.0,301.0,231.0,2024
2024-1049,Auckland,Hard,32,I,2024-01-01,287,213631,5.0,,Marie Bouzkova,R,180.0,CZE,25.4,216153,,WC,Amanda Anisimova,R,180.0,USA,22.3,6-0 6-1,3,R16,52.0,0.0,0.0,37.0,30.0,23.0,6.0,7.0,2.0,2.0,1.0,3.0,36.0,24.0,11.0,3.0,6.0,4.0,9.0,36.0,1353.0,373.0,169.0,2024
2024-800,Brisbane,Hard,64,P,2024-01-01,273,206368,6.0,,Veronika Kudermetova,R,175.0,RUS,26.6,203533,,,Anna Karolina Schmiedlova,R,176.0,SVK,29.3,6-2 6-3,3,R32,74.0,12.0,2.0,44.0,30.0,26.0,9.0,8.0,0.0,0.0,1.0,2.0,47.0,28.0,19.0,7.0,9.0,3.0,7.0,16.0,2720.0,73.0,918.0,2024
2024-1049,Auckland,Hard,32,I,2024-01-01,289,216016,,,Xiyu Wang,L,,CHN,22.7,216133,6.0,,Xin Yu Wang,R,182.0,CHN,22.2,6-3 3-6 7-6(2),3,R16,153.0,6.0,4.0,95.0,66.0,49.0,15.0,15.0,5.0,8.0,2.0,5.0,104.0,65.0,44.0,19.0,15.0,6.0,9.0,71.0,937.0,35.0,1383.0,2024
2024-1049,Auckland,Hard,32,I,2024-01-01,290,201549,7.0,,Petra Martic,R,181.0,CRO,32.9,206294,,,Yue Yuan,R,184.0,CHN,25.2,6-2 6-2,3,R16,74.0,6.0,4.0,39.0,22.0,22.0,10.0,8.0,0.0,0.0,2.0,1.0,59.0,43.0,22.0,8.0,8.0,5.0,9.0,41.0,1264.0,77.0,903.0,2024
2024-1049,Auckland,Hard,32,I,2024-01-01,291,215613,4.0,,Emma Navarro,R,,USA,22.6,220589,,,Elina Avanesyan,R,,ARM,21.2,6-1 6-2,3,R16,72.0,1.0,2.0,56.0,37.0,28.0,7.0,8.0,2.0,3.0,0.0,3.0,56.0,31.0,16.0,10.0,7.0,3.0,8.0,31.0,1480.0,74.0,917.0,2024
2024-1049,Auckland,Hard,32,I,2024-01-01,292,219875,8.0,,Varvara Gracheva,R,,FRA,23.4,215138,,Q,Lulu Sun,L,,NZL,22.7,6-3 6-4,3,R16,79.0,4.0,1.0,58.0,35.0,30.0,14.0,10.0,2.0,2.0,5.0,4.0,64.0,31.0,22.0,16.0,9.0,7.0,9.0,42.0,1248.0,214.0,362.0,2024
2024-1049,Auckland,Hard,32,I,2024-01-01,294,202494,2.0,,Elina Svitolina,R,174.0,UKR,29.3,213631,5.0,,Marie Bouzkova,R,180.0,CZE,25.4,6-0 6-3,3,QF,65.0,3.0,1.0,49.0,30.0,19.0,13.0,8.0,2.0,3.0,0.0,0.0,36.0,21.0,12.0,2.0,7.0,4.0,9.0,25.0,1809.0,36.0,1353.0,2024
2024-800,Brisbane,Hard,64,P,2024-01-01,274,259799,,,Mirra Andreeva,R,,RUS,16.6,214643,4.0,,Liudmila Samsonova,R,180.0,RUS,25.1,6-2 6-1,3,R32,65.0,2.0,3.0,44.0,27.0,21.0,10.0,7.0,2.0,2.0,4.0,7.0,49.0,21.0,15.0,7.0,8.0,2.0,7.0,58.0,1060.0,15.0,2760.0,2024
2024-800,Brisbane,Hard,64,P,2024-01-01,263,216146,,,Marta Kostyuk,R,175.0,UKR,21.5,202536,,,Ana Bogdan,R,171.0,ROU,31.0,4-6 6-3 6-3,3,R64,124.0,9.0,4.0,80.0,58.0,48.0,10.0,14.0,0.0,1.0,3.0,5.0,93.0,60.0,42.0,15.0,14.0,8.0,11.0,38.0,1316.0,66.0,956.0,2024
2024-800,Brisbane,Hard,64,P,2024-01-01,276,222328,,,Linda Noskova,R,,CZE,19.1,201514,10.0,,Sorana Cirstea,R,176.0,ROU,33.7,6-4 4-6 6-4,3,R32,141.0,8.0,4.0,130.0,83.0,55.0,25.0,15.0,11.0,13.0,10.0,1.0,100.0,67.0,43.0,20.0,15.0,5.0,8.0,40.0,1278.0,26.0,1800.0,2024
2024-9900,United Cup,Hard,18,I,2024-01-01,255,202499,,,Donna Vekic,R,179.0,CRO,27.5,201551,,,Arantxa Rus,L,180.0,NED,33.0,6-2 3-6 6-1,3,RR,112.0,5.0,6.0,70.0,49.0,38.0,9.0,12.0,3.0,5.0,2.0,4.0,70.0,48.0,30.0,9.0,12.0,1.0,6.0,24.0,1905.0,51.0,1149.0,2024
2024-9900,United Cup,Hard,18,I,2024-01-01,257,221012,,,Qinwen Zheng,R,,CHN,21.2,215337,,,Olga Danilovic,L,,SRB,22.9,6-4 6-2,3,RR,97.0,8.0,1.0,60.0,34.0,24.0,15.0,9.0,2.0,3.0,2.0,2.0,56.0,37.0,21.0,8.0,9.0,2.0,6.0,14.0,2770.0,121.0,627.0,2024
2024-9900,United Cup,Hard,18,I,2024-01-01,259,214954,,,Marketa Vondrousova,L,173.0,CZE,24.5,215337,,,Olga Danilovic,L,,SRB,22.9,6-1 3-6 6-3,3,RR,124.0,5.0,8.0,88.0,62.0,40.0,9.0,13.0,6.0,10.0,2.0,3.0,76.0,50.0,28.0,11.0,12.0,1.0,7.0,7.0,4046.0,121.0,627.0,2024
2024-9900,United Cup,Hard,18,I,2024-01-01,261,221012,,,Qinwen Zheng,R,,CHN,21.2,214954,,,Marketa Vondrousova,L,173.0,CZE,24.5,6-1 2-6 6-1,3,RR,108.0,2.0,4.0,64.0,29.0,22.0,17.0,11.0,1.0,4.0,1.0,6.0,69.0,43.0,20.0,11.0,11.0,6.0,12.0,14.0,2770.0,7.0,4046.0,2024
2024-9900,United Cup,Hard,18,I,2024-01-01,263,211148,,,Jasmine Paolini,R,160.0,ITA,27.9,201493,,,Angelique Kerber,L,173.0,GER,35.9,6-4 7-5,3,RR,108.0,3.0,0.0,72.0,48.0,27.0,12.0,11.0,6.0,10.0,0.0,2.0,95.0,75.0,39.0,8.0,11.0,15.0,21.0,29.0,1530.0,,,2024
2024-9900,United Cup,Hard,18,I,2024-01-01,265,201614,,,Caroline Garcia,R,177.0,FRA,30.2,201493,,,Angelique Kerber,L,173.0,GER,35.9,1-6 6-2 6-2,3,RR,89.0,10.0,0.0,72.0,46.0,32.0,13.0,12.0,2.0,5.0,2.0,2.0,75.0,50.0,29.0,15.0,11.0,7.0,11.0,20.0,2330.0,,,2024
2024-9900,United Cup,Hard,18,I,2024-01-01,267,201614,,,Caroline Garcia,R,177.0,FRA,30.2,211148,,,Jasmine Paolini,R,160.0,ITA,27.9,6-4 5-7 6-4,3,RR,136.0,11.0,5.0,95.0,57.0,41.0,17.0,16.0,0.0,4.0,3.0,1.0,88.0,57.0,37.0,19.0,16.0,3.0,8.0,20.0,2330.0,29.0,1530.0,2024
2024-9900,United Cup,Hard,18,I,2024-01-01,269,211107,,,Katie Boulter,R,180.0,GBR,27.4,201548,,,Ajla Tomljanovic,R,180.0,AUS,30.6,6-2 6-4,3,RR,93.0,8.0,4.0,64.0,34.0,27.0,16.0,9.0,6.0,6.0,5.0,2.0,52.0,31.0,20.0,11.0,9.0,0.0,3.0,57.0,1075.0,292.0,246.0,2024
2024-9900,United Cup,Hard,18,I,2024-01-01,271,202468,,,Jessica Pegula,R,170.0,USA,29.8,201548,,,Ajla Tomljanovic,R,180.0,AUS,30.6,7-6(6) 6-3,3,RR,113.0,0.0,3.0,88.0,57.0,37.0,12.0,11.0,8.0,11.0,5.0,4.0,73.0,53.0,31.0,8.0,10.0,2.0,6.0,5.0,6180.0,292.0,246.0,2024
2024-9900,United Cup,Hard,18,I,2024-01-01,273,211107,,,Katie Boulter,R,180.0,GBR,27.4,202468,,,Jessica Pegula,R,170.0,USA,29.8,5-7 6-4 6-4,3,RR,164.0,1.0,6.0,119.0,79.0,46.0,15.0,16.0,4.0,11.0,2.0,3.0,100.0,58.0,38.0,11.0,16.0,4.0,12.0,57.0,1075.0,5.0,6180.0,2024
2024-9900,United Cup,Hard,18,I,2024-01-01,275,220367,,,Leylah Fernandez,L,168.0,CAN,21.3,206037,,,Daniela Seguel,U,171.0,CHI,31.1,6-2 6-3,3,RR,73.0,0.0,1.0,42.0,33.0,22.0,6.0,9.0,0.0,2.0,0.0,1.0,50.0,42.0,19.0,3.0,8.0,0.0,5.0,34.0,1385.0,671.0,57.0,2024
2024-9900,United Cup,Hard,18,I,2024-01-01,277,206289,,,Maria Sakkari,R,172.0,GRE,28.4,206037,,,Daniela Seguel,U,171.0,CHI,31.1,6-0 6-1,3,RR,68.0,3.0,6.0,42.0,25.0,21.0,9.0,7.0,1.0,1.0,0.0,1.0,49.0,38.0,15.0,3.0,6.0,4.0,9.0,8.0,3785.0,671.0,57.0,2024
2024-800,Brisbane,Hard,64,P,2024-01-01,275,201613,,WC,Arina Rodionova,R,168.0,AUS,34.0,213550,14.0,,Sofia Kenin,R,170.0,USA,25.1,7-5 7-6(7),3,R32,145.0,4.0,3.0,78.0,57.0,36.0,12.0,12.0,2.0,5.0,1.0,4.0,126.0,84.0,52.0,14.0,12.0,17.0,21.0,113.0,677.0,37.0,1334.0,2024
2024-9900,United Cup,Hard,18,I,2024-01-01,281,206242,,,Beatriz Haddad Maia,L,185.0,BRA,27.5,204427,,,Sara Sorribes Tormo,R,176.0,ESP,27.2,7-6(1) 6-2,3,RR,126.0,0.0,2.0,70.0,44.0,27.0,13.0,10.0,3.0,6.0,0.0,7.0,59.0,38.0,23.0,7.0,10.0,0.0,5.0,11.0,2940.0,53.0,1126.0,2024
2024-9900,United Cup,Hard,18,I,2024-01-01,283,216347,,,Iga Swiatek,R,176.0,POL,22.5,206242,,,Beatriz Haddad Maia,L,185.0,BRA,27.5,6-2 6-2,3,RR,77.0,0.0,0.0,49.0,37.0,25.0,8.0,8.0,3.0,4.0,2.0,1.0,46.0,33.0,14.0,5.0,8.0,3.0,8.0,1.0,9505.0,11.0,2940.0,2024
2024-9900,United Cup,Hard,18,I,2024-01-01,285,216347,,,Iga Swiatek,R,176.0,POL,22.5,204427,,,Sara Sorribes Tormo,R,176.0,ESP,27.2,6-2 6-1,3,RR,88.0,2.0,0.0,49.0,30.0,22.0,13.0,8.0,4.0,4.0,0.0,2.0,51.0,40.0,20.0,2.0,7.0,6.0,10.0,1.0,9505.0,53.0,1126.0,2024
2024-9900,United Cup,Hard,18,I,2024-01-01,287,206289,,,Maria Sakkari,R,172.0,GRE,28.4,201493,,,Angelique Kerber,L,173.0,GER,35.9,6-0 6-3,3,QF,73.0,3.0,2.0,52.0,32.0,24.0,10.0,8.0,3.0,4.0,0.0,2.0,52.0,33.0,16.0,6.0,7.0,6.0,11.0,8.0,3785.0,,,2024
2024-9900,United Cup,Hard,18,I,2024-01-01,289,201548,,,Ajla Tomljanovic,R,180.0,AUS,30.6,210337,,,Natalija Stevanovic,R,,SRB,29.4,6-1 6-1,3,QF,64.0,0.0,3.0,37.0,19.0,16.0,9.0,7.0,1.0,2.0,1.0,2.0,42.0,30.0,11.0,3.0,7.0,3.0,9.0,292.0,246.0,184.0,417.0,2024
2024-9900,United Cup,Hard,18,I,2024-01-01,291,201614,,,Caroline Garcia,R,177.0,FRA,30.2,214935,,,Malene Helgo,U,,NOR,24.3,6-2 6-7(6) 7-6(5),3,QF,153.0,15.0,4.0,101.0,62.0,46.0,28.0,16.0,1.0,2.0,4.0,6.0,111.0,72.0,51.0,22.0,16.0,3.0,6.0,20.0,2330.0,544.0,89.0,2024
2024-9900,United Cup,Hard,18,I,2024-01-01,293,216347,,,Iga Swiatek,R,176.0,POL,22.5,221012,,,Qinwen Zheng,R,,CHN,21.2,6-2 6-3,3,QF,94.0,0.0,1.0,55.0,32.0,21.0,14.0,9.0,1.0,3.0,2.0,9.0,57.0,27.0,18.0,6.0,8.0,6.0,11.0,1.0,9505.0,14.0,2770.0,2024
2024-9900,United Cup,Hard,18,I,2024-01-01,295,201493,,,Angelique Kerber,L,173.0,GER,35.9,201548,,,Ajla Tomljanovic,R,180.0,AUS,30.6,4-6 6-2 7-6(7),3,SF,154.0,1.0,1.0,99.0,78.0,45.0,8.0,15.0,6.0,13.0,3.0,4.0,116.0,82.0,47.0,10.0,15.0,11.0,19.0,,,292.0,246.0,2024
2024-9900,United Cup,Hard,18,I,2024-01-01,297,216347,,,Iga Swiatek,R,176.0,POL,22.5,201614,,,Caroline Garcia,R,177.0,FRA,30.2,4-6 6-1 6-1,3,SF,106.0,2.0,4.0,76.0,54.0,41.0,10.0,12.0,3.0,4.0,2.0,1.0,66.0,47.0,28.0,7.0,12.0,3.0,8.0,1.0,9505.0,20.0,2330.0,2024
2024-9900,United Cup,Hard,18,I,2024-01-01,299,216347,,,Iga Swiatek,R,176.0,POL,22.5,201493,,,Angelique Kerber,L,173.0,GER,35.9,6-3 6-0,3,F,70.0,1.0,3.0,59.0,43.0,31.0,9.0,8.0,5.0,5.0,0.0,0.0,42.0,27.0,13.0,7.0,7.0,4.0,8.0,1.0,9505.0,,,2024
2024-9900,United Cup,Hard,18,I,2024-01-01,253,202499,,,Donna Vekic,R,179.0,CRO,27.5,214935,,,Malene Helgo,U,,NOR,24.3,7-5 3-6 6-3,3,RR,169.0,6.0,5.0,98.0,58.0,44.0,17.0,15.0,7.0,10.0,0.0,2.0,110.0,69.0,43.0,18.0,15.0,5.0,9.0,24.0,1905.0,544.0,89.0,2024
2024-9900,United Cup,Hard,18,I,2024-01-01,251,201551,,,Arantxa Rus,L,180.0,NED,33.0,214935,,,Malene Helgo,U,,NOR,24.3,7-6(4) 6-1,3,RR,104.0,5.0,3.0,65.0,38.0,30.0,16.0,10.0,1.0,2.0,1.0,5.0,58.0,36.0,26.0,8.0,9.0,1.0,4.0,51.0,1149.0,544.0,89.0,2024
2024-9900,United Cup,Hard,18,I,2024-01-01,279,206289,,,Maria Sakkari,R,172.0,GRE,28.4,220367,,,Leylah Fernandez,L,168.0,CAN,21.3,7-6(2) 6-3,3,RR,135.0,6.0,3.0,88.0,56.0,40.0,17.0,11.0,10.0,12.0,1.0,3.0,79.0,55.0,32.0,12.0,10.0,8.0,11.0,8.0,3785.0,34.0,1385.0,2024
2024-800,Brisbane,Hard,64,P,2024-01-01,299,214544,1.0,,Aryna Sabalenka,R,182.0,BLR,25.6,201458,8.0,,Victoria Azarenka,R,180.0,BLR,34.4,6-2 6-4,3,SF,89.0,10.0,3.0,60.0,40.0,31.0,10.0,9.0,3.0,3.0,3.0,3.0,56.0,37.0,25.0,8.0,9.0,5.0,8.0,2.0,9050.0,23.0,1916.0,2024
2024-800,Brisbane,Hard,64,P,2024-01-01,300,214981,2.0,,Elena Rybakina,R,184.0,KAZ,24.5,214544,1.0,,Aryna Sabalenka,R,182.0,BLR,25.6,6-0 6-3,3,F,73.0,7.0,0.0,45.0,30.0,22.0,9.0,8.0,0.0,1.0,3.0,1.0,52.0,32.0,17.0,7.0,7.0,2.0,7.0,4.0,6366.0,2.0,9050.0,2024
2024-800,Brisbane,Hard,64,P,2024-01-01,277,220699,,Q,Julia Riera,R,,ARG,21.5,206420,7.0,,Ekaterina Alexandrova,R,175.0,RUS,29.1,6-3 6-4,3,R32,81.0,4.0,2.0,75.0,45.0,32.0,14.0,10.0,8.0,9.0,0.0,6.0,52.0,29.0,23.0,8.0,9.0,4.0,7.0,137.0,563.0,21.0,2075.0,2024
2024-800,Brisbane,Hard,64,P,2024-01-01,278,201458,8.0,,Victoria Azarenka,R,180.0,BLR,34.4,214939,,,Anna Kalinskaya,R,175.0,RUS,25.0,6-1 7-6(8),3,R32,132.0,4.0,2.0,83.0,45.0,33.0,17.0,10.0,5.0,7.0,2.0,3.0,76.0,51.0,28.0,11.0,9.0,7.0,11.0,23.0,1916.0,80.0,887.0,2024
2024-800,Brisbane,Hard,64,P,2024-01-01,279,216262,,,Clara Burel,R,176.0,FRA,22.7,211843,12.0,,Anhelina Kalinina,R,179.0,UKR,26.8,6-4 6-1,3,R32,81.0,2.0,4.0,52.0,28.0,20.0,11.0,8.0,3.0,5.0,1.0,4.0,69.0,48.0,22.0,8.0,9.0,6.0,12.0,56.0,1081.0,27.0,1630.0,2024
2024-800,Brisbane,Hard,64,P,2024-01-01,280,201662,16.0,,Karolina Pliskova,R,184.0,CZE,31.7,211768,,WC,Naomi Osaka,R,180.0,JPN,26.2,3-6 7-6(4) 6-4,3,R32,134.0,16.0,11.0,104.0,68.0,58.0,13.0,15.0,10.0,12.0,14.0,2.0,97.0,64.0,52.0,15.0,16.0,0.0,2.0,39.0,1287.0,,,2024
2024-800,Brisbane,Hard,64,P,2024-01-01,281,211533,3.0,,Jelena Ostapenko,R,177.0,LAT,26.5,202429,,,Camila Giorgi,R,168.0,ITA,32.0,6-1 6-4,3,R32,79.0,9.0,4.0,49.0,28.0,25.0,9.0,9.0,1.0,2.0,4.0,5.0,60.0,32.0,17.0,12.0,8.0,5.0,9.0,12.0,2830.0,55.0,1089.0,2024
2024-800,Brisbane,Hard,64,P,2024-01-01,283,202663,9.0,,Magda Linette,R,171.0,POL,31.8,213710,,,Cristina Bucsa,R,,ESP,25.9,6-3 7-5,3,R32,86.0,4.0,0.0,51.0,34.0,28.0,9.0,10.0,0.0,1.0,1.0,0.0,71.0,42.0,27.0,13.0,11.0,9.0,13.0,22.0,1921.0,61.0,1023.0,2024
2024-800,Brisbane,Hard,64,P,2024-01-01,284,202684,15.0,,Lin Zhu,R,173.0,CHN,29.9,203389,,,Danielle Collins,R,178.0,USA,30.0,1-6 6-3 7-6(7),3,R32,148.0,6.0,9.0,93.0,61.0,37.0,12.0,14.0,2.0,9.0,9.0,1.0,104.0,63.0,34.0,21.0,14.0,9.0,15.0,33.0,1420.0,54.0,1090.0,2024
2024-800,Brisbane,Hard,64,P,2024-01-01,285,214544,1.0,,Aryna Sabalenka,R,182.0,BLR,25.6,214459,,,Lucia Bronzetti,R,,ITA,25.0,6-3 6-0,3,R32,58.0,8.0,1.0,44.0,25.0,20.0,13.0,8.0,1.0,1.0,3.0,3.0,32.0,14.0,9.0,6.0,7.0,1.0,5.0,2.0,9050.0,52.0,1137.0,2024
2024-800,Brisbane,Hard,64,P,2024-01-01,286,214981,2.0,,Elena Rybakina,R,184.0,KAZ,24.5,210722,13.0,,Elise Mertens,R,179.0,BEL,28.1,6-1 6-0,3,R16,56.0,4.0,0.0,42.0,34.0,27.0,4.0,7.0,1.0,1.0,3.0,1.0,42.0,28.0,13.0,4.0,6.0,10.0,15.0,4.0,6366.0,30.0,1506.0,2024
2024-800,Brisbane,Hard,64,P,2024-01-01,287,215713,11.0,,Anastasia Potapova,R,175.0,RUS,22.7,206368,6.0,,Veronika Kudermetova,R,175.0,RUS,26.6,7-5 6-7(7) 6-4,3,R16,206.0,4.0,4.0,113.0,75.0,50.0,22.0,17.0,4.0,7.0,9.0,1.0,124.0,81.0,52.0,20.0,17.0,10.0,15.0,28.0,1611.0,16.0,2720.0,2024
2024-800,Brisbane,Hard,64,P,2024-01-01,282,214082,5.0,,Daria Kasatkina,R,170.0,RUS,26.6,216146,,,Marta Kostyuk,R,175.0,UKR,21.5,6-3 6-4,3,R32,88.0,0.0,5.0,51.0,28.0,21.0,10.0,9.0,0.0,2.0,3.0,4.0,74.0,45.0,26.0,9.0,10.0,7.0,12.0,18.0,2715.0,38.0,1316.0,2024
2024-800,Brisbane,Hard,64,P,2024-01-01,289,222328,,,Linda Noskova,R,,CZE,19.1,220699,,Q,Julia Riera,R,,ARG,21.5,6-1 6-7(4) 6-3,3,R16,120.0,2.0,4.0,88.0,55.0,37.0,18.0,13.0,4.0,7.0,6.0,2.0,108.0,75.0,42.0,14.0,15.0,11.0,19.0,40.0,1278.0,137.0,563.0,2024
2024-800,Brisbane,Hard,64,P,2024-01-01,298,214981,2.0,,Elena Rybakina,R,184.0,KAZ,24.5,222328,,,Linda Noskova,R,,CZE,19.1,6-3 6-2,3,SF,63.0,8.0,1.0,53.0,40.0,32.0,7.0,9.0,4.0,4.0,1.0,4.0,51.0,28.0,20.0,9.0,8.0,2.0,5.0,4.0,6366.0,40.0,1278.0,2024
2024-800,Brisbane,Hard,64,P,2024-01-01,288,259799,,,Mirra Andreeva,R,,RUS,16.6,201613,,WC,Arina Rodionova,R,168.0,AUS,34.0,6-1 6-1,3,R16,64.0,2.0,1.0,40.0,23.0,22.0,8.0,7.0,1.0,1.0,1.0,4.0,46.0,34.0,18.0,2.0,7.0,7.0,12.0,58.0,1060.0,113.0,677.0,2024
2024-800,Brisbane,Hard,64,P,2024-01-01,297,214544,1.0,,Aryna Sabalenka,R,182.0,BLR,25.6,214082,5.0,,Daria Kasatkina,R,170.0,RUS,26.6,6-1 6-4,3,QF,86.0,4.0,2.0,61.0,38.0,30.0,10.0,9.0,3.0,4.0,0.0,5.0,60.0,39.0,26.0,4.0,8.0,7.0,11.0,2.0,9050.0,18.0,2715.0,2024
2024-800,Brisbane,Hard,64,P,2024-01-01,296,201458,8.0,,Victoria Azarenka,R,180.0,BLR,34.4,211533,3.0,,Jelena Ostapenko,R,177.0,LAT,26.5,6-3 3-6 7-5,3,QF,150.0,16.0,2.0,111.0,71.0,53.0,17.0,15.0,7.0,10.0,2.0,5.0,92.0,50.0,33.0,20.0,15.0,4.0,8.0,23.0,1916.0,12.0,2830.0,2024
2024-800,Brisbane,Hard,64,P,2024-01-01,294,214981,2.0,,Elena Rybakina,R,184.0,KAZ,24.5,215713,11.0,,Anastasia Potapova,R,175.0,RUS,22.7,6-1 RET,3,QF,32.0,2.0,0.0,25.0,17.0,13.0,4.0,4.0,3.0,3.0,0.0,0.0,18.0,11.0,3.0,5.0,3.0,1.0,3.0,4.0,6366.0,28.0,1611.0,2024
2024-800,Brisbane,Hard,64,P,2024-01-01,295,222328,,,Linda Noskova,R,,CZE,19.1,259799,,,Mirra Andreeva,R,,RUS,16.6,7-5 6-3,3,QF,100.0,5.0,4.0,79.0,49.0,30.0,14.0,11.0,7.0,11.0,2.0,4.0,61.0,30.0,16.0,15.0,10.0,2.0,8.0,40.0,1278.0,58.0,1060.0,2024
2024-800,Brisbane,Hard,64,P,2024-01-01,292,214082,5.0,,Daria Kasatkina,R,170.0,RUS,26.6,202663,9.0,,Magda Linette,R,171.0,POL,31.8,6-4 6-2,3,R16,88.0,4.0,3.0,58.0,37.0,31.0,6.0,9.0,2.0,4.0,2.0,3.0,64.0,42.0,23.0,8.0,9.0,8.0,13.0,18.0,2715.0,22.0,1921.0,2024
2024-800,Brisbane,Hard,64,P,2024-01-01,291,211533,3.0,,Jelena Ostapenko,R,177.0,LAT,26.5,201662,16.0,,Karolina Pliskova,R,184.0,CZE,31.7,6-2 4-6 6-3,3,R16,137.0,4.0,5.0,104.0,65.0,41.0,21.0,14.0,8.0,11.0,18.0,3.0,100.0,58.0,42.0,13.0,13.0,7.0,12.0,12.0,2830.0,39.0,1287.0,2024
2024-800,Brisbane,Hard,64,P,2024-01-01,290,201458,8.0,,Victoria Azarenka,R,180.0,BLR,34.4,216262,,,Clara Burel,R,176.0,FRA,22.7,7-5 6-2,3,R16,93.0,3.0,2.0,69.0,56.0,41.0,3.0,10.0,4.0,5.0,3.0,2.0,51.0,34.0,20.0,7.0,10.0,1.0,5.0,23.0,1916.0,56.0,1081.0,2024
2024-800,Brisbane,Hard,64,P,2024-01-01,293,214544,1.0,,Aryna Sabalenka,R,182.0,BLR,25.6,202684,15.0,,Lin Zhu,R,173.0,CHN,29.9,6-1 6-0,3,R16,69.0,9.0,2.0,54.0,31.0,24.0,11.0,7.0,4.0,5.0,1.0,4.0,38.0,21.0,11.0,1.0,6.0,5.0,11.0,2.0,9050.0,33.0,1420.0,2024
2024-1050,Hobart,Hard,32,I,2024-01-08,287,202600,,LL,Viktoriya Tomova,R,170.0,BUL,28.8,213583,9.0,,Tatjana Maria,R,172.0,GER,36.4,6-0 6-1,3,R16,59.0,1.0,1.0,44.0,33.0,23.0,6.0,6.0,2.0,2.0,0.0,3.0,38.0,18.0,7.0,4.0,7.0,1.0,7.0,77.0,906.0,42.0,1215.0,2024
2024-1050,Hobart,Hard,32,I,2024-01-08,290,201611,,WC,Daria Saville,R,166.0,AUS,29.8,213550,6.0,,Sofia Kenin,R,170.0,USA,25.1,7-6(3) 6-1,3,R16,97.0,13.0,3.0,71.0,57.0,37.0,7.0,10.0,4.0,6.0,1.0,1.0,68.0,50.0,28.0,7.0,9.0,1.0,5.0,195.0,398.0,38.0,1305.0,2024
2024-1050,Hobart,Hard,32,I,2024-01-08,286,215613,2.0,,Emma Navarro,R,,USA,22.6,211684,,Q,Magdalena Frech,R,171.0,POL,26.0,6-3 6-3,3,R16,81.0,1.0,3.0,56.0,40.0,31.0,8.0,9.0,1.0,2.0,1.0,0.0,63.0,48.0,27.0,7.0,9.0,8.0,12.0,31.0,1530.0,72.0,937.0,2024
2024-1050,Hobart,Hard,32,I,2024-01-08,288,206294,,Q,Yue Yuan,R,184.0,CHN,25.2,216133,4.0,,Xin Yu Wang,R,182.0,CHN,22.2,7-5 6-3,3,R16,82.0,4.0,0.0,56.0,30.0,26.0,18.0,11.0,0.0,0.0,4.0,2.0,55.0,37.0,23.0,14.0,10.0,2.0,4.0,73.0,925.0,34.0,1395.0,2024
2024-1050,Hobart,Hard,32,I,2024-01-08,289,201709,,Q,Yulia Putintseva,R,163.0,KAZ,29.0,213631,5.0,,Marie Bouzkova,R,180.0,CZE,25.4,6-4 1-6 6-3,3,R16,138.0,0.0,2.0,78.0,55.0,32.0,12.0,13.0,6.0,11.0,2.0,3.0,98.0,72.0,42.0,12.0,13.0,12.0,17.0,64.0,1002.0,35.0,1382.0,2024
2024-1050,Hobart,Hard,32,I,2024-01-08,291,202684,3.0,,Lin Zhu,R,173.0,CHN,29.9,214452,,,Caroline Dolehide,R,178.0,USA,25.3,5-7 6-3 6-4,3,R16,133.0,3.0,2.0,84.0,57.0,42.0,13.0,15.0,5.0,8.0,2.0,2.0,96.0,70.0,44.0,16.0,16.0,7.0,12.0,33.0,1420.0,44.0,1193.0,2024
2024-1050,Hobart,Hard,32,I,2024-01-08,295,206294,,Q,Yue Yuan,R,184.0,CHN,25.2,201709,,Q,Yulia Putintseva,R,163.0,KAZ,29.0,7-5 7-6(4),3,QF,142.0,6.0,1.0,82.0,52.0,30.0,16.0,12.0,6.0,11.0,0.0,2.0,112.0,87.0,44.0,11.0,12.0,17.0,23.0,73.0,925.0,64.0,1002.0,2024
2024-1050,Hobart,Hard,32,I,2024-01-08,293,210722,1.0,,Elise Mertens,R,179.0,BEL,28.1,203533,,Q,Anna Karolina Schmiedlova,R,176.0,SVK,29.3,6-2 6-3,3,R16,76.0,5.0,4.0,41.0,26.0,22.0,9.0,8.0,1.0,2.0,1.0,3.0,53.0,33.0,21.0,3.0,9.0,3.0,8.0,29.0,1551.0,67.0,949.0,2024
2024-1050,Hobart,Hard,32,I,2024-01-08,294,215613,2.0,,Emma Navarro,R,,USA,22.6,202600,,LL,Viktoriya Tomova,R,170.0,BUL,28.8,4-6 6-3 6-2,3,QF,115.0,1.0,4.0,95.0,62.0,41.0,13.0,14.0,7.0,12.0,1.0,1.0,87.0,63.0,34.0,9.0,13.0,8.0,15.0,31.0,1530.0,77.0,906.0,2024
2024-1050,Hobart,Hard,32,I,2024-01-08,296,201611,,WC,Daria Saville,R,166.0,AUS,29.8,202684,3.0,,Lin Zhu,R,173.0,CHN,29.9,3-6 6-1 6-4,3,QF,139.0,2.0,4.0,77.0,55.0,33.0,12.0,13.0,4.0,8.0,3.0,7.0,95.0,58.0,33.0,16.0,13.0,8.0,14.0,195.0,398.0,33.0,1420.0,2024
2024-1050,Hobart,Hard,32,I,2024-01-08,285,210722,1.0,,Elise Mertens,R,179.0,BEL,28.1,203389,,,Danielle Collins,R,178.0,USA,30.0,6-2 6-3,3,R32,74.0,3.0,2.0,41.0,25.0,19.0,8.0,8.0,1.0,3.0,0.0,4.0,61.0,41.0,21.0,5.0,9.0,4.0,10.0,29.0,1551.0,54.0,1121.0,2024
2024-1050,Hobart,Hard,32,I,2024-01-08,297,210722,1.0,,Elise Mertens,R,179.0,BEL,28.1,201551,,,Arantxa Rus,L,180.0,NED,33.0,7-5 6-0,3,QF,97.0,3.0,6.0,65.0,32.0,23.0,19.0,9.0,6.0,7.0,2.0,0.0,58.0,36.0,21.0,9.0,9.0,6.0,11.0,29.0,1551.0,50.0,1149.0,2024
2024-1050,Hobart,Hard,32,I,2024-01-08,292,201551,,,Arantxa Rus,L,180.0,NED,33.0,219875,8.0,,Varvara Gracheva,R,,FRA,23.4,6-2 6-3,3,R16,72.0,0.0,1.0,44.0,36.0,31.0,2.0,9.0,0.0,1.0,2.0,5.0,53.0,33.0,17.0,9.0,8.0,3.0,7.0,50.0,1149.0,39.0,1290.0,2024
2024-1050,Hobart,Hard,32,I,2024-01-08,284,203533,,Q,Anna Karolina Schmiedlova,R,176.0,SVK,29.3,215785,,Q,Camila Osorio,R,162.0,COL,22.0,1-6 7-6(4) 7-5,3,R32,152.0,0.0,5.0,92.0,53.0,33.0,18.0,15.0,4.0,11.0,3.0,7.0,117.0,90.0,54.0,8.0,16.0,11.0,17.0,67.0,949.0,79.0,876.0,2024
2024-1050,Hobart,Hard,32,I,2024-01-08,270,215613,2.0,,Emma Navarro,R,,USA,22.6,216262,,,Clara Burel,R,176.0,FRA,22.7,4-6 6-3 6-3,3,R32,125.0,1.0,2.0,104.0,73.0,49.0,14.0,14.0,13.0,16.0,3.0,8.0,99.0,57.0,30.0,21.0,14.0,6.0,11.0,31.0,1530.0,52.0,1140.0,2024
2024-1050,Hobart,Hard,32,I,2024-01-08,282,219875,8.0,,Varvara Gracheva,R,,FRA,23.4,220548,,,Peyton Stearns,R,,USA,22.2,7-6(3) 3-6 7-5,3,R32,156.0,2.0,7.0,108.0,68.0,37.0,18.0,16.0,7.0,15.0,4.0,7.0,116.0,81.0,45.0,12.0,17.0,3.0,11.0,39.0,1290.0,48.0,1168.0,2024
2024-1050,Hobart,Hard,32,I,2024-01-08,281,202684,3.0,,Lin Zhu,R,173.0,CHN,29.9,214459,,,Lucia Bronzetti,R,,ITA,25.0,7-5 6-1,3,R32,106.0,2.0,2.0,74.0,45.0,30.0,13.0,10.0,5.0,7.0,1.0,3.0,69.0,43.0,25.0,10.0,9.0,7.0,12.0,33.0,1420.0,56.0,1099.0,2024
2024-1050,Hobart,Hard,32,I,2024-01-08,280,214452,,,Caroline Dolehide,R,178.0,USA,25.3,210886,,,Mayar Sherif,R,180.0,EGY,27.6,6-1 6-4,3,R32,75.0,4.0,2.0,55.0,42.0,30.0,7.0,9.0,3.0,4.0,0.0,2.0,47.0,38.0,25.0,1.0,8.0,3.0,7.0,44.0,1193.0,58.0,1053.0,2024
2024-1050,Hobart,Hard,32,I,2024-01-08,279,201611,,WC,Daria Saville,R,166.0,AUS,29.8,215020,,,Anna Blinkova,R,179.0,RUS,25.3,3-6 6-4 6-4,3,R32,136.0,3.0,5.0,90.0,61.0,36.0,15.0,14.0,8.0,14.0,2.0,3.0,84.0,59.0,34.0,8.0,15.0,1.0,8.0,195.0,398.0,46.0,1170.0,2024
2024-1050,Hobart,Hard,32,I,2024-01-08,278,213550,6.0,,Sofia Kenin,R,170.0,USA,25.1,213889,,,Greet Minnen,R,,BEL,26.4,6-3 6-3,3,R32,66.0,3.0,0.0,55.0,37.0,26.0,13.0,9.0,3.0,3.0,5.0,4.0,48.0,34.0,22.0,6.0,9.0,2.0,5.0,38.0,1305.0,65.0,999.0,2024
2024-1050,Hobart,Hard,32,I,2024-01-08,277,213631,5.0,,Marie Bouzkova,R,180.0,CZE,25.4,203530,,Q,Viktorija Golubic,R,169.0,SUI,31.2,6-2 6-4,3,R32,95.0,3.0,1.0,63.0,40.0,27.0,13.0,9.0,5.0,6.0,0.0,1.0,57.0,36.0,18.0,13.0,9.0,4.0,8.0,35.0,1382.0,90.0,812.0,2024
2024-1050,Hobart,Hard,32,I,2024-01-08,276,201709,,Q,Yulia Putintseva,R,163.0,KAZ,29.0,220714,,,Elisabetta Cocciaretto,R,,ITA,22.9,0-6 7-5 7-6(4),3,R32,137.0,1.0,3.0,82.0,58.0,32.0,11.0,15.0,2.0,9.0,2.0,8.0,95.0,54.0,37.0,17.0,15.0,6.0,11.0,64.0,1002.0,45.0,1179.0,2024
2024-1050,Hobart,Hard,32,I,2024-01-08,275,206294,,Q,Yue Yuan,R,184.0,CHN,25.2,201585,,,Sloane Stephens,R,170.0,USA,30.8,6-4 3-6 7-6(5),3,R32,170.0,4.0,2.0,108.0,67.0,35.0,20.0,15.0,6.0,13.0,1.0,4.0,123.0,87.0,47.0,16.0,16.0,11.0,18.0,73.0,925.0,43.0,1202.0,2024
2024-1050,Hobart,Hard,32,I,2024-01-08,274,216133,4.0,,Xin Yu Wang,R,182.0,CHN,22.2,216265,,WC,Olivia Gadecki,R,,AUS,21.7,6-3 3-6 6-3,3,R32,121.0,0.0,7.0,90.0,47.0,29.0,18.0,13.0,4.0,9.0,0.0,4.0,90.0,53.0,30.0,17.0,14.0,4.0,11.0,34.0,1395.0,121.0,655.0,2024
2024-1050,Hobart,Hard,32,I,2024-01-08,273,213583,9.0,,Tatjana Maria,R,172.0,GER,36.4,206408,,LL,Nadia Podoroska,R,170.0,ARG,26.9,6-1 4-3 RET,3,R32,67.0,4.0,3.0,55.0,34.0,26.0,8.0,7.0,4.0,5.0,0.0,2.0,40.0,28.0,16.0,4.0,7.0,2.0,6.0,42.0,1215.0,63.0,1009.0,2024
2024-1050,Hobart,Hard,32,I,2024-01-08,272,202600,,LL,Viktoriya Tomova,R,170.0,BUL,28.8,203354,,,Martina Trevisan,L,160.0,ITA,30.1,6-3 6-3,3,R32,104.0,0.0,1.0,76.0,61.0,39.0,7.0,9.0,11.0,12.0,1.0,4.0,63.0,41.0,25.0,7.0,9.0,2.0,6.0,77.0,906.0,60.0,1045.0,2024
2024-1050,Hobart,Hard,32,I,2024-01-08,271,211684,,Q,Magdalena Frech,R,171.0,POL,26.0,204427,,,Sara Sorribes Tormo,R,176.0,ESP,27.2,0-6 6-1 6-4,3,R32,166.0,1.0,0.0,96.0,78.0,39.0,11.0,12.0,7.0,12.0,1.0,1.0,88.0,63.0,38.0,6.0,11.0,8.0,13.0,72.0,937.0,53.0,1126.0,2024
2024-1050,Hobart,Hard,32,I,2024-01-08,298,215613,2.0,,Emma Navarro,R,,USA,22.6,206294,,Q,Yue Yuan,R,184.0,CHN,25.2,6-4 6-3,3,SF,81.0,4.0,1.0,51.0,37.0,27.0,10.0,9.0,0.0,0.0,5.0,0.0,74.0,50.0,33.0,10.0,10.0,6.0,9.0,31.0,1530.0,73.0,925.0,2024
2024-1050,Hobart,Hard,32,I,2024-01-08,283,201551,,,Arantxa Rus,L,180.0,NED,33.0,222258,,LL,Linda Fruhvirtova,R,,CZE,18.6,6-3 5-7 6-3,3,R32,147.0,1.0,6.0,88.0,55.0,33.0,17.0,15.0,3.0,8.0,4.0,3.0,95.0,64.0,37.0,11.0,15.0,3.0,10.0,50.0,1149.0,85.0,829.0,2024
2024-1050,Hobart,Hard,32,I,2024-01-08,299,210722,1.0,,Elise Mertens,R,179.0,BEL,28.1,201611,,WC,Daria Saville,R,166.0,AUS,29.8,6-4 4-6 7-5,3,SF,178.0,4.0,4.0,102.0,68.0,50.0,15.0,16.0,6.0,9.0,0.0,5.0,98.0,68.0,43.0,20.0,16.0,5.0,9.0,29.0,1551.0,195.0,398.0,2024
2024-2014,Adelaide,Hard,32,P,2024-01-08,298,214082,,,Daria Kasatkina,R,170.0,RUS,26.6,202468,2.0,,Jessica Pegula,R,170.0,USA,29.8,W/O,3,SF,0.0,,,,,,,,,,,,,,,,,,,15.0,2758.0,5.0,5905.0,2024
2024-2014,Adelaide,Hard,32,P,2024-01-08,271,211095,,LL,Bernarda Pera,L,175.0,USA,29.0,211651,,WC,Paula Badosa,R,180.0,ESP,26.1,3-6 6-2 6-3,3,R32,119.0,4.0,3.0,77.0,51.0,35.0,12.0,13.0,3.0,6.0,6.0,5.0,93.0,56.0,32.0,19.0,13.0,12.0,17.0,69.0,943.0,74.0,922.0,2024
2024-1050,Hobart,Hard,32,I,2024-01-08,300,215613,2.0,,Emma Navarro,R,,USA,22.6,210722,1.0,,Elise Mertens,R,179.0,BEL,28.1,6-1 4-6 7-5,3,F,168.0,1.0,2.0,99.0,66.0,36.0,18.0,15.0,6.0,12.0,2.0,6.0,114.0,65.0,34.0,21.0,14.0,11.0,19.0,31.0,1530.0,29.0,1551.0,2024
2024-2014,Adelaide,Hard,32,P,2024-01-08,300,211533,6.0,,Jelena Ostapenko,R,177.0,LAT,26.5,214082,,,Daria Kasatkina,R,170.0,RUS,26.6,6-3 6-2,3,F,74.0,3.0,2.0,60.0,35.0,27.0,10.0,9.0,5.0,7.0,3.0,4.0,53.0,29.0,15.0,10.0,8.0,4.0,9.0,12.0,2883.0,15.0,2758.0,2024
2024-2014,Adelaide,Hard,32,P,2024-01-08,299,211533,6.0,,Jelena Ostapenko,R,177.0,LAT,26.5,206420,,,Ekaterina Alexandrova,R,175.0,RUS,29.1,6-2 7-6(3),3,SF,101.0,4.0,4.0,76.0,42.0,28.0,18.0,10.0,5.0,8.0,4.0,6.0,71.0,45.0,23.0,11.0,10.0,3.0,8.0,12.0,2883.0,21.0,2075.0,2024
2024-2014,Adelaide,Hard,32,P,2024-01-08,297,206420,,,Ekaterina Alexandrova,R,175.0,RUS,29.1,214981,1.0,,Elena Rybakina,R,184.0,KAZ,24.5,6-3 6-3,3,QF,90.0,6.0,4.0,58.0,33.0,26.0,8.0,9.0,5.0,7.0,9.0,2.0,76.0,39.0,18.0,20.0,9.0,8.0,13.0,21.0,2075.0,3.0,6811.0,2024
2024-2014,Adelaide,Hard,32,P,2024-01-08,296,211533,6.0,,Jelena Ostapenko,R,177.0,LAT,26.5,216146,,,Marta Kostyuk,R,175.0,UKR,21.5,7-5 6-3,3,QF,92.0,1.0,2.0,73.0,51.0,36.0,11.0,11.0,3.0,5.0,4.0,3.0,54.0,30.0,17.0,13.0,10.0,2.0,6.0,12.0,2883.0,41.0,1223.0,2024
2024-2014,Adelaide,Hard,32,P,2024-01-08,295,214082,,,Daria Kasatkina,R,170.0,RUS,26.6,201696,,SE,Laura Siegemund,R,168.0,GER,35.8,W/O,3,QF,0.0,,,,,,,,,,,,,,,,,,,15.0,2758.0,89.0,814.0,2024
2024-2014,Adelaide,Hard,32,P,2024-01-08,294,202468,2.0,,Jessica Pegula,R,170.0,USA,29.8,201499,,Q,Anastasia Pavlyuchenkova,R,177.0,RUS,32.5,6-7(1) 7-5 6-4,3,QF,146.0,9.0,5.0,115.0,67.0,50.0,22.0,17.0,10.0,13.0,3.0,4.0,100.0,66.0,46.0,18.0,17.0,3.0,8.0,5.0,5905.0,59.0,1046.0,2024
2024-2014,Adelaide,Hard,32,P,2024-01-08,293,214981,1.0,,Elena Rybakina,R,184.0,KAZ,24.5,213710,,LL,Cristina Bucsa,R,,ESP,26.0,6-3 7-5,3,R16,90.0,11.0,4.0,76.0,58.0,41.0,7.0,11.0,7.0,8.0,1.0,3.0,66.0,48.0,30.0,8.0,10.0,2.0,5.0,3.0,6811.0,61.0,1035.0,2024
2024-2014,Adelaide,Hard,32,P,2024-01-08,291,216146,,,Marta Kostyuk,R,175.0,UKR,21.5,203501,,LL,Taylor Townsend,L,170.0,USA,27.7,6-3 2-6 6-4,3,R16,134.0,3.0,8.0,116.0,71.0,43.0,20.0,14.0,14.0,20.0,2.0,2.0,70.0,46.0,27.0,10.0,13.0,1.0,7.0,41.0,1223.0,80.0,870.0,2024
2024-2014,Adelaide,Hard,32,P,2024-01-08,290,211533,6.0,,Jelena Ostapenko,R,177.0,LAT,26.5,201614,,,Caroline Garcia,R,177.0,FRA,30.2,6-4 5-7 6-4,3,R16,161.0,3.0,10.0,117.0,66.0,50.0,21.0,16.0,7.0,10.0,15.0,4.0,106.0,60.0,44.0,21.0,16.0,10.0,14.0,12.0,2883.0,20.0,2330.0,2024
2024-2014,Adelaide,Hard,32,P,2024-01-08,289,201696,,SE,Laura Siegemund,R,168.0,GER,35.8,202536,,LL,Ana Bogdan,R,171.0,ROU,31.1,6-4 7-5,3,R16,113.0,0.0,2.0,65.0,50.0,29.0,9.0,11.0,1.0,4.0,1.0,1.0,64.0,44.0,23.0,10.0,11.0,4.0,9.0,89.0,814.0,66.0,956.0,2024
2024-2014,Adelaide,Hard,32,P,2024-01-08,288,214082,,,Daria Kasatkina,R,170.0,RUS,26.6,214939,,Q,Anna Kalinskaya,R,175.0,RUS,25.1,5-7 6-4 7-5,3,R16,171.0,1.0,7.0,113.0,81.0,47.0,10.0,17.0,12.0,20.0,0.0,7.0,119.0,84.0,45.0,14.0,17.0,10.0,19.0,15.0,2758.0,75.0,918.0,2024
2024-2014,Adelaide,Hard,32,P,2024-01-08,287,201499,,Q,Anastasia Pavlyuchenkova,R,177.0,RUS,32.5,211701,,Q,Katerina Siniakova,R,174.0,CZE,27.6,2-6 6-3 6-2,3,R16,124.0,4.0,4.0,68.0,42.0,33.0,12.0,13.0,1.0,4.0,3.0,12.0,95.0,59.0,39.0,13.0,12.0,7.0,11.0,59.0,1046.0,49.0,1150.0,2024
2024-2014,Adelaide,Hard,32,P,2024-01-08,292,206420,,,Ekaterina Alexandrova,R,175.0,RUS,29.1,206368,8.0,,Veronika Kudermetova,R,175.0,RUS,26.7,6-4 6-4,3,R16,98.0,8.0,2.0,73.0,52.0,37.0,7.0,10.0,6.0,8.0,3.0,3.0,62.0,38.0,21.0,12.0,10.0,1.0,5.0,21.0,2075.0,16.0,2680.0,2024
2024-2014,Adelaide,Hard,32,P,2024-01-08,284,213710,,LL,Cristina Bucsa,R,,ESP,26.0,211148,,,Jasmine Paolini,R,160.0,ITA,28.0,6-3 6-3,3,R32,93.0,0.0,2.0,63.0,39.0,20.0,14.0,9.0,1.0,4.0,0.0,3.0,71.0,41.0,22.0,10.0,9.0,4.0,10.0,61.0,1035.0,30.0,1530.0,2024
2024-2014,Adelaide,Hard,32,P,2024-01-08,286,202468,2.0,,Jessica Pegula,R,170.0,USA,29.8,211095,,LL,Bernarda Pera,L,175.0,USA,29.0,4-6 6-2 6-3,3,R16,132.0,7.0,4.0,112.0,68.0,44.0,20.0,13.0,10.0,13.0,7.0,4.0,101.0,68.0,38.0,16.0,14.0,15.0,21.0,5.0,5905.0,69.0,943.0,2024
2024-2014,Adelaide,Hard,32,P,2024-01-08,273,201499,,Q,Anastasia Pavlyuchenkova,R,177.0,RUS,32.5,206242,5.0,,Beatriz Haddad Maia,L,185.0,BRA,27.6,6-3 6-4,3,R32,97.0,4.0,5.0,62.0,45.0,32.0,10.0,10.0,1.0,2.0,4.0,0.0,59.0,45.0,25.0,7.0,9.0,3.0,6.0,59.0,1046.0,11.0,2920.0,2024
2024-2014,Adelaide,Hard,32,P,2024-01-08,274,214939,,Q,Anna Kalinskaya,R,175.0,RUS,25.1,206252,4.0,,Barbora Krejcikova,R,178.0,CZE,28.0,7-5 3-6 7-5,3,R32,172.0,1.0,5.0,106.0,66.0,45.0,18.0,16.0,4.0,8.0,11.0,6.0,108.0,59.0,42.0,22.0,17.0,6.0,11.0,75.0,918.0,10.0,2945.0,2024
2024-2014,Adelaide,Hard,32,P,2024-01-08,275,214082,,,Daria Kasatkina,R,170.0,RUS,26.6,214906,,Q,Claire Liu,R,170.0,USA,23.6,6-4 6-3,3,R32,107.0,1.0,5.0,64.0,41.0,28.0,9.0,9.0,6.0,8.0,3.0,0.0,78.0,49.0,28.0,10.0,10.0,7.0,12.0,15.0,2758.0,104.0,730.0,2024
2024-2014,Adelaide,Hard,32,P,2024-01-08,277,201696,,SE,Laura Siegemund,R,168.0,GER,35.8,214643,7.0,,Liudmila Samsonova,R,180.0,RUS,25.1,6-7(1) 6-4 6-4,3,R32,173.0,2.0,5.0,103.0,82.0,49.0,10.0,16.0,9.0,14.0,8.0,7.0,96.0,45.0,28.0,26.0,16.0,4.0,11.0,89.0,814.0,14.0,2760.0,2024
2024-2014,Adelaide,Hard,32,P,2024-01-08,278,211533,6.0,,Jelena Ostapenko,R,177.0,LAT,26.5,201514,,,Sorana Cirstea,R,176.0,ROU,33.7,2-6 6-2 6-4,3,R32,118.0,6.0,3.0,91.0,53.0,35.0,18.0,13.0,11.0,15.0,7.0,8.0,83.0,48.0,39.0,7.0,13.0,7.0,12.0,12.0,2883.0,26.0,1746.0,2024
2024-2014,Adelaide,Hard,32,P,2024-01-08,276,202536,,LL,Ana Bogdan,R,171.0,ROU,31.1,211107,,Q,Katie Boulter,R,180.0,GBR,27.4,6-3 6-4,3,R32,106.0,7.0,3.0,89.0,56.0,38.0,16.0,10.0,10.0,11.0,5.0,4.0,59.0,30.0,19.0,15.0,9.0,6.0,9.0,66.0,956.0,57.0,1085.0,2024
2024-2014,Adelaide,Hard,32,P,2024-01-08,272,211701,,Q,Katerina Siniakova,R,174.0,CZE,27.6,201662,,WC,Karolina Pliskova,R,184.0,CZE,31.8,6-2 6-1,3,R32,72.0,2.0,5.0,43.0,23.0,17.0,11.0,7.0,2.0,3.0,2.0,7.0,69.0,43.0,21.0,10.0,8.0,16.0,22.0,49.0,1150.0,37.0,1346.0,2024
2024-2014,Adelaide,Hard,32,P,2024-01-08,280,216146,,,Marta Kostyuk,R,175.0,UKR,21.5,211843,,,Anhelina Kalinina,R,179.0,UKR,26.9,7-6(3) 6-1,3,R32,86.0,10.0,7.0,63.0,43.0,31.0,8.0,9.0,5.0,8.0,1.0,2.0,58.0,38.0,20.0,3.0,10.0,2.0,8.0,41.0,1223.0,28.0,1630.0,2024
2024-2014,Adelaide,Hard,32,P,2024-01-08,281,203501,,LL,Taylor Townsend,L,170.0,USA,27.7,205925,,Q,Aliaksandra Sasnovich,R,174.0,BLR,29.7,6-3 7-6(4),3,R32,116.0,7.0,2.0,72.0,52.0,34.0,11.0,11.0,2.0,4.0,5.0,6.0,86.0,54.0,39.0,9.0,10.0,8.0,11.0,80.0,870.0,83.0,831.0,2024
2024-2014,Adelaide,Hard,32,P,2024-01-08,282,206368,8.0,,Veronika Kudermetova,R,175.0,RUS,26.7,221909,,LL,Ashlyn Krueger,R,185.0,USA,19.6,6-2 7-5,3,R32,98.0,2.0,2.0,66.0,41.0,34.0,12.0,10.0,6.0,6.0,2.0,4.0,70.0,47.0,33.0,7.0,10.0,7.0,10.0,16.0,2680.0,78.0,896.0,2024
2024-2014,Adelaide,Hard,32,P,2024-01-08,283,206420,,,Ekaterina Alexandrova,R,175.0,RUS,29.1,202663,,,Magda Linette,R,171.0,POL,31.9,3-6 7-6(8) 7-5,3,R32,163.0,3.0,10.0,99.0,61.0,44.0,16.0,16.0,2.0,7.0,9.0,2.0,111.0,59.0,36.0,25.0,17.0,4.0,9.0,21.0,2075.0,24.0,1896.0,2024
2024-2014,Adelaide,Hard,32,P,2024-01-08,279,201614,,,Caroline Garcia,R,177.0,FRA,30.2,223194,,WC,Taylah Preston,R,,AUS,18.1,6-4 1-6 6-3,3,R32,117.0,5.0,6.0,85.0,39.0,26.0,23.0,13.0,2.0,6.0,0.0,7.0,100.0,68.0,42.0,16.0,13.0,12.0,16.0,20.0,2330.0,203.0,382.0,2024
2024-580,Australian Open,Hard,128,G,2024-01-15,186,219917,,,Alycia Parks,R,185.0,USA,23.0,220367,32.0,,Leylah Fernandez,L,168.0,CAN,21.3,7-5 6-4,3,R64,103.0,13.0,5.0,76.0,44.0,31.0,18.0,11.0,4.0,5.0,0.0,3.0,68.0,48.0,31.0,10.0,11.0,6.0,9.0,82.0,838.0,35.0,1355.0,2024
2024-580,Australian Open,Hard,128,G,2024-01-15,183,206242,10.0,,Beatriz Haddad Maia,L,185.0,BRA,27.6,252499,,Q,Alina Korneeva,U,,RUS,16.5,6-1 6-2,3,R64,80.0,1.0,0.0,47.0,32.0,25.0,10.0,8.0,3.0,3.0,2.0,3.0,50.0,30.0,15.0,8.0,7.0,2.0,6.0,12.0,2830.0,179.0,427.0,2024
2024-580,Australian Open,Hard,128,G,2024-01-15,184,211684,,,Magdalena Frech,R,171.0,POL,26.0,201614,16.0,,Caroline Garcia,R,177.0,FRA,30.2,6-4 7-6(2),3,R64,124.0,4.0,1.0,94.0,62.0,42.0,13.0,11.0,6.0,9.0,4.0,1.0,82.0,50.0,35.0,11.0,11.0,7.0,11.0,69.0,965.0,19.0,2330.0,2024
2024-580,Australian Open,Hard,128,G,2024-01-15,185,220435,,Q,Anastasia Zakharova,R,,RUS,21.9,215219,,,Kaja Juvan,R,170.0,SLO,23.1,6-1 6-1,3,R64,49.0,0.0,1.0,40.0,34.0,28.0,3.0,7.0,1.0,1.0,1.0,5.0,40.0,26.0,9.0,6.0,7.0,2.0,7.0,190.0,404.0,109.0,696.0,2024
2024-580,Australian Open,Hard,128,G,2024-01-15,187,221103,4.0,,Coco Gauff,R,175.0,USA,19.8,214452,,,Caroline Dolehide,R,178.0,USA,25.3,7-6(2) 6-2,3,R64,104.0,3.0,4.0,77.0,48.0,38.0,11.0,10.0,6.0,8.0,1.0,2.0,66.0,47.0,29.0,6.0,10.0,3.0,7.0,4.0,6660.0,43.0,1208.0,2024
2024-580,Australian Open,Hard,128,G,2024-01-15,193,211651,,,Paula Badosa,R,180.0,ESP,26.1,201499,,,Anastasia Pavlyuchenkova,R,177.0,RUS,32.5,6-2 6-3,3,R64,72.0,9.0,4.0,57.0,30.0,25.0,15.0,9.0,5.0,5.0,4.0,2.0,54.0,32.0,17.0,11.0,8.0,4.0,8.0,100.0,738.0,46.0,1178.0,2024
2024-580,Australian Open,Hard,128,G,2024-01-15,189,220348,,,Diane Parry,R,170.0,FRA,21.3,215872,,,Kamilla Rakhimova,R,,RUS,22.3,7-5 6-2,3,R64,103.0,11.0,3.0,75.0,48.0,38.0,10.0,10.0,6.0,7.0,2.0,7.0,70.0,41.0,27.0,11.0,10.0,6.0,10.0,72.0,943.0,90.0,793.0,2024
2024-580,Australian Open,Hard,128,G,2024-01-15,190,204411,,Q,Storm Hunter,L,166.0,AUS,29.4,201696,,,Laura Siegemund,R,168.0,GER,35.8,6-4 3-6 6-3,3,R64,141.0,0.0,3.0,84.0,58.0,30.0,16.0,14.0,5.0,11.0,3.0,1.0,88.0,68.0,32.0,12.0,14.0,7.0,14.0,180.0,426.0,78.0,892.0,2024
2024-580,Australian Open,Hard,128,G,2024-01-15,191,206252,9.0,,Barbora Krejcikova,R,178.0,CZE,28.0,211337,,,Tamara Korpatsch,R,170.0,GER,28.6,6-2 6-2,3,R64,85.0,8.0,0.0,42.0,27.0,23.0,11.0,8.0,2.0,2.0,2.0,4.0,73.0,41.0,23.0,14.0,8.0,7.0,11.0,11.0,2891.0,80.0,847.0,2024
2024-580,Australian Open,Hard,128,G,2024-01-15,192,216153,,,Amanda Anisimova,R,180.0,USA,22.3,206408,,,Nadia Podoroska,R,170.0,ARG,26.9,6-2 6-3,3,R64,64.0,2.0,6.0,58.0,32.0,19.0,14.0,9.0,3.0,6.0,1.0,1.0,47.0,32.0,11.0,8.0,8.0,1.0,7.0,442.0,130.0,65.0,1009.0,2024
2024-580,Australian Open,Hard,128,G,2024-01-15,182,221237,,Q,Maria Timofeeva,R,,RUS,20.1,201496,,WC,Caroline Wozniacki,R,177.0,DEN,33.5,1-6 6-4 6-1,3,R64,141.0,1.0,0.0,96.0,67.0,36.0,15.0,12.0,10.0,15.0,0.0,1.0,93.0,68.0,37.0,9.0,12.0,7.0,13.0,170.0,451.0,252.0,302.0,2024
2024-580,Australian Open,Hard,128,G,2024-01-15,188,259799,,,Mirra Andreeva,R,,RUS,16.7,202460,6.0,,Ons Jabeur,R,167.0,TUN,29.3,6-0 6-2,3,R64,54.0,2.0,1.0,40.0,26.0,22.0,8.0,7.0,1.0,1.0,2.0,0.0,39.0,19.0,8.0,8.0,7.0,2.0,7.0,47.0,1168.0,6.0,4076.0,2024
2024-580,Australian Open,Hard,128,G,2024-01-15,181,216146,,,Marta Kostyuk,R,175.0,UKR,21.5,210722,25.0,,Elise Mertens,R,179.0,BEL,28.1,5-7 6-1 7-6(6),3,R64,173.0,3.0,11.0,108.0,69.0,52.0,17.0,16.0,10.0,13.0,1.0,6.0,105.0,67.0,46.0,15.0,15.0,4.0,8.0,37.0,1330.0,28.0,1713.0,2024
2024-580,Australian Open,Hard,128,G,2024-01-15,167,203530,,,Viktorija Golubic,R,169.0,SUI,31.2,211701,,,Katerina Siniakova,R,174.0,CZE,27.6,6-3 2-6 6-4,3,R64,137.0,0.0,1.0,90.0,70.0,39.0,10.0,14.0,7.0,12.0,1.0,7.0,82.0,58.0,37.0,8.0,13.0,4.0,9.0,85.0,829.0,49.0,1155.0,2024
2024-580,Australian Open,Hard,128,G,2024-01-15,179,216262,,,Clara Burel,R,176.0,FRA,22.8,202468,5.0,,Jessica Pegula,R,170.0,USA,29.8,6-4 6-2,3,R64,70.0,2.0,4.0,49.0,28.0,20.0,13.0,9.0,1.0,3.0,0.0,2.0,67.0,35.0,21.0,13.0,9.0,5.0,10.0,51.0,1140.0,5.0,6065.0,2024
2024-580,Australian Open,Hard,128,G,2024-01-15,178,206219,,,Oceane Dodin,R,,FRA,27.2,203354,,,Martina Trevisan,L,160.0,ITA,30.1,6-4 6-4,3,R64,95.0,5.0,7.0,62.0,29.0,24.0,15.0,10.0,5.0,7.0,0.0,3.0,63.0,47.0,29.0,5.0,10.0,5.0,9.0,95.0,765.0,59.0,1045.0,2024
2024-580,Australian Open,Hard,128,G,2024-01-15,177,206374,,,Yafan Wang,R,170.0,CHN,29.7,221054,,,Emma Raducanu,R,175.0,GBR,21.1,6-4 4-6 6-4,3,R64,174.0,6.0,4.0,114.0,69.0,46.0,23.0,15.0,15.0,19.0,6.0,2.0,103.0,77.0,45.0,14.0,15.0,7.0,12.0,94.0,771.0,296.0,231.0,2024
2024-580,Australian Open,Hard,128,G,2024-01-15,176,221012,12.0,,Qinwen Zheng,R,,CHN,21.2,211107,,,Katie Boulter,R,180.0,GBR,27.4,6-3 6-3,3,R64,95.0,7.0,8.0,71.0,39.0,30.0,11.0,9.0,7.0,9.0,1.0,3.0,54.0,26.0,16.0,9.0,9.0,1.0,6.0,15.0,2720.0,54.0,1109.0,2024
2024-580,Australian Open,Hard,128,G,2024-01-15,175,201585,,,Sloane Stephens,R,170.0,USA,30.8,214082,14.0,,Daria Kasatkina,R,170.0,RUS,26.6,4-6 6-3 6-3,3,R64,126.0,1.0,1.0,96.0,73.0,48.0,11.0,14.0,8.0,10.0,3.0,2.0,91.0,65.0,44.0,11.0,14.0,7.0,11.0,44.0,1202.0,13.0,2778.0,2024
2024-580,Australian Open,Hard,128,G,2024-01-15,174,214939,,,Anna Kalinskaya,R,175.0,RUS,25.1,201551,,,Arantxa Rus,L,180.0,NED,33.0,6-1 7-5,3,R64,82.0,1.0,1.0,55.0,45.0,29.0,6.0,10.0,3.0,5.0,3.0,1.0,67.0,53.0,27.0,5.0,9.0,8.0,14.0,75.0,923.0,45.0,1188.0,2024
2024-580,Australian Open,Hard,128,G,2024-01-15,173,211148,26.0,,Jasmine Paolini,R,160.0,ITA,28.0,213583,,,Tatjana Maria,R,172.0,GER,36.4,6-2 6-3,3,R64,70.0,1.0,1.0,58.0,48.0,35.0,4.0,9.0,4.0,5.0,1.0,4.0,60.0,41.0,23.0,7.0,8.0,3.0,7.0,31.0,1530.0,42.0,1215.0,2024
2024-580,Australian Open,Hard,128,G,2024-01-15,172,215020,,,Anna Blinkova,R,179.0,RUS,25.3,214981,3.0,,Elena Rybakina,R,184.0,KAZ,24.5,6-4 4-6 7-6(20),3,R64,166.0,4.0,6.0,124.0,77.0,57.0,14.0,16.0,2.0,7.0,9.0,2.0,112.0,68.0,47.0,21.0,16.0,1.0,6.0,57.0,1072.0,3.0,6918.0,2024
2024-580,Australian Open,Hard,128,G,2024-01-15,171,215035,,Q,Dayana Yastremska,R,175.0,UKR,23.6,219875,,,Varvara Gracheva,R,,FRA,23.4,6-3 6-2,3,R64,66.0,5.0,1.0,51.0,32.0,22.0,16.0,9.0,1.0,1.0,2.0,1.0,56.0,33.0,18.0,13.0,8.0,1.0,4.0,93.0,777.0,39.0,1290.0,2024
2024-580,Australian Open,Hard,128,G,2024-01-15,170,215613,27.0,,Emma Navarro,R,,USA,22.6,220714,,,Elisabetta Cocciaretto,R,,ITA,22.9,4-6 6-3 6-3,3,R64,133.0,1.0,1.0,85.0,57.0,41.0,13.0,14.0,6.0,9.0,1.0,3.0,119.0,87.0,49.0,15.0,14.0,13.0,18.0,26.0,1730.0,66.0,1000.0,2024
2024-580,Australian Open,Hard,128,G,2024-01-15,169,201458,18.0,,Victoria Azarenka,R,180.0,BLR,34.4,220704,,,Clara Tauson,R,182.0,DEN,21.0,6-4 3-6 6-2,3,R64,135.0,0.0,2.0,82.0,48.0,34.0,17.0,14.0,3.0,6.0,11.0,5.0,100.0,63.0,45.0,12.0,13.0,9.0,14.0,22.0,2011.0,96.0,749.0,2024
2024-580,Australian Open,Hard,128,G,2024-01-15,168,211533,11.0,,Jelena Ostapenko,R,177.0,LAT,26.6,201548,,,Ajla Tomljanovic,R,180.0,AUS,30.6,6-0 3-6 6-4,3,R64,102.0,3.0,4.0,86.0,48.0,33.0,20.0,13.0,8.0,11.0,4.0,7.0,67.0,45.0,31.0,7.0,12.0,3.0,8.0,10.0,3328.0,271.0,271.0,2024
2024-580,Australian Open,Hard,128,G,2024-01-15,194,201615,28.0,,Lesia Tsurenko,R,174.0,UKR,34.6,214119,,,Rebeka Masarova,R,186.0,ESP,24.4,6-3 6-4,3,R64,96.0,0.0,2.0,52.0,35.0,20.0,9.0,10.0,3.0,6.0,2.0,6.0,90.0,56.0,31.0,11.0,9.0,11.0,17.0,33.0,1452.0,91.0,786.0,2024
2024-580,Australian Open,Hard,128,G,2024-01-15,166,202494,19.0,,Elina Svitolina,R,174.0,UKR,29.3,202600,,,Viktoriya Tomova,R,170.0,BUL,28.8,6-1 6-3,3,R64,65.0,1.0,1.0,43.0,29.0,20.0,8.0,8.0,2.0,4.0,1.0,2.0,55.0,37.0,14.0,8.0,8.0,1.0,7.0,23.0,1972.0,70.0,957.0,2024
2024-580,Australian Open,Hard,128,G,2024-01-15,180,220589,,,Elina Avanesyan,R,,ARM,21.3,206289,8.0,,Maria Sakkari,R,172.0,GRE,28.4,6-4 6-4,3,R64,103.0,2.0,2.0,71.0,58.0,37.0,6.0,10.0,4.0,6.0,1.0,1.0,75.0,49.0,29.0,12.0,10.0,8.0,12.0,74.0,939.0,8.0,3770.0,2024
2024-580,Australian Open,Hard,128,G,2024-01-15,195,214544,2.0,,Aryna Sabalenka,R,182.0,BLR,25.6,259104,,Q,Brenda Fruhvirtova,R,,CZE,16.7,6-3 6-2,3,R64,67.0,4.0,3.0,48.0,26.0,21.0,13.0,9.0,1.0,2.0,2.0,4.0,55.0,29.0,17.0,10.0,8.0,2.0,6.0,2.0,8905.0,107.0,704.0,2024
2024-580,Australian Open,Hard,128,G,2024-01-15,210,216153,,,Amanda Anisimova,R,180.0,USA,22.3,211651,,,Paula Badosa,R,180.0,ESP,26.1,7-5 6-4,3,R32,88.0,4.0,6.0,79.0,59.0,38.0,9.0,11.0,5.0,8.0,3.0,3.0,62.0,35.0,20.0,13.0,11.0,3.0,8.0,442.0,130.0,100.0,738.0,2024
2024-580,Australian Open,Hard,128,G,2024-01-15,197,202494,19.0,,Elina Svitolina,R,174.0,UKR,29.3,203530,,,Viktorija Golubic,R,169.0,SUI,31.2,6-2 6-3,3,R32,64.0,2.0,2.0,50.0,30.0,23.0,9.0,9.0,1.0,3.0,1.0,2.0,50.0,35.0,19.0,5.0,8.0,3.0,8.0,23.0,1972.0,85.0,829.0,2024
2024-580,Australian Open,Hard,128,G,2024-01-15,165,222328,,,Linda Noskova,R,,CZE,19.1,220520,,WC,Mccartney Kessler,R,,USA,24.5,6-3 1-6 6-4,3,R64,113.0,2.0,5.0,81.0,46.0,35.0,18.0,13.0,2.0,4.0,7.0,2.0,90.0,54.0,38.0,20.0,13.0,7.0,9.0,50.0,1143.0,206.0,371.0,2024
2024-580,Australian Open,Hard,128,G,2024-01-15,225,214544,2.0,,Aryna Sabalenka,R,182.0,BLR,25.6,221103,4.0,,Coco Gauff,R,175.0,USA,19.8,7-6(2) 6-4,3,SF,102.0,4.0,2.0,66.0,50.0,35.0,8.0,11.0,1.0,4.0,5.0,8.0,84.0,48.0,31.0,14.0,11.0,6.0,10.0,2.0,8905.0,4.0,6660.0,2024
2024-580,Australian Open,Hard,128,G,2024-01-15,224,221012,12.0,,Qinwen Zheng,R,,CHN,21.2,215035,,Q,Dayana Yastremska,R,175.0,UKR,23.6,6-4 6-4,3,SF,102.0,4.0,3.0,67.0,37.0,28.0,15.0,10.0,8.0,10.0,3.0,5.0,63.0,34.0,21.0,13.0,10.0,7.0,11.0,15.0,2720.0,93.0,777.0,2024
2024-580,Australian Open,Hard,128,G,2024-01-15,223,214544,2.0,,Aryna Sabalenka,R,182.0,BLR,25.6,206252,9.0,,Barbora Krejcikova,R,178.0,CZE,28.0,6-2 6-3,3,QF,71.0,4.0,2.0,40.0,25.0,18.0,8.0,9.0,2.0,4.0,2.0,3.0,49.0,29.0,16.0,4.0,8.0,3.0,9.0,2.0,8905.0,11.0,2891.0,2024
2024-580,Australian Open,Hard,128,G,2024-01-15,222,221103,4.0,,Coco Gauff,R,175.0,USA,19.8,216146,,,Marta Kostyuk,R,175.0,UKR,21.5,7-6(6) 6-7(3) 6-2,3,QF,188.0,1.0,9.0,118.0,64.0,38.0,21.0,16.0,7.0,14.0,2.0,8.0,128.0,65.0,35.0,26.0,16.0,13.0,22.0,4.0,6660.0,37.0,1330.0,2024
2024-580,Australian Open,Hard,128,G,2024-01-15,221,221012,12.0,,Qinwen Zheng,R,,CHN,21.2,214939,,,Anna Kalinskaya,R,175.0,RUS,25.1,6-7(4) 6-3 6-1,3,QF,140.0,10.0,2.0,81.0,45.0,36.0,19.0,14.0,0.0,2.0,2.0,5.0,96.0,73.0,44.0,7.0,14.0,3.0,9.0,15.0,2720.0,75.0,923.0,2024
2024-580,Australian Open,Hard,128,G,2024-01-15,220,215035,,Q,Dayana Yastremska,R,175.0,UKR,23.6,222328,,,Linda Noskova,R,,CZE,19.1,6-3 6-4,3,QF,78.0,3.0,3.0,62.0,34.0,26.0,15.0,10.0,2.0,3.0,4.0,2.0,54.0,38.0,24.0,7.0,9.0,2.0,5.0,93.0,777.0,50.0,1143.0,2024
2024-580,Australian Open,Hard,128,G,2024-01-15,219,214544,2.0,,Aryna Sabalenka,R,182.0,BLR,25.6,216153,,,Amanda Anisimova,R,180.0,USA,22.3,6-3 6-2,3,R16,70.0,6.0,1.0,50.0,31.0,27.0,11.0,9.0,1.0,1.0,3.0,1.0,48.0,32.0,21.0,6.0,8.0,3.0,6.0,2.0,8905.0,442.0,130.0,2024
2024-580,Australian Open,Hard,128,G,2024-01-15,218,206252,9.0,,Barbora Krejcikova,R,178.0,CZE,28.0,259799,,,Mirra Andreeva,R,,RUS,16.7,4-6 6-3 6-2,3,R16,119.0,1.0,5.0,87.0,55.0,35.0,18.0,14.0,5.0,9.0,3.0,5.0,79.0,54.0,31.0,9.0,13.0,5.0,11.0,11.0,2891.0,47.0,1168.0,2024
2024-580,Australian Open,Hard,128,G,2024-01-15,217,221103,4.0,,Coco Gauff,R,175.0,USA,19.8,211684,,,Magdalena Frech,R,171.0,POL,26.0,6-1 6-2,3,R16,63.0,1.0,1.0,38.0,21.0,16.0,12.0,8.0,0.0,0.0,2.0,0.0,48.0,32.0,15.0,7.0,7.0,4.0,9.0,4.0,6660.0,69.0,965.0,2024
2024-580,Australian Open,Hard,128,G,2024-01-15,216,216146,,,Marta Kostyuk,R,175.0,UKR,21.5,221237,,Q,Maria Timofeeva,R,,RUS,20.1,6-2 6-1,3,R16,76.0,1.0,1.0,56.0,36.0,26.0,13.0,8.0,4.0,4.0,0.0,2.0,47.0,30.0,16.0,7.0,7.0,1.0,5.0,37.0,1330.0,170.0,451.0,2024
2024-580,Australian Open,Hard,128,G,2024-01-15,215,221012,12.0,,Qinwen Zheng,R,,CHN,21.2,206219,,,Oceane Dodin,R,,FRA,27.2,6-0 6-3,3,R16,59.0,5.0,3.0,50.0,22.0,19.0,13.0,8.0,1.0,2.0,1.0,3.0,37.0,22.0,11.0,5.0,7.0,2.0,7.0,15.0,2720.0,95.0,765.0,2024
2024-580,Australian Open,Hard,128,G,2024-01-15,226,214544,2.0,,Aryna Sabalenka,R,182.0,BLR,25.6,221012,12.0,,Qinwen Zheng,R,,CHN,21.2,6-3 6-2,3,F,76.0,3.0,0.0,57.0,38.0,32.0,8.0,9.0,4.0,4.0,6.0,6.0,51.0,27.0,20.0,9.0,8.0,3.0,6.0,2.0,8905.0,15.0,2720.0,2024
2024-580,Australian Open,Hard,128,G,2024-01-15,214,214939,,,Anna Kalinskaya,R,175.0,RUS,25.1,211148,26.0,,Jasmine Paolini,R,160.0,ITA,28.0,6-4 6-2,3,R16,77.0,1.0,1.0,54.0,38.0,25.0,12.0,9.0,3.0,4.0,3.0,0.0,57.0,37.0,17.0,12.0,9.0,4.0,8.0,75.0,923.0,31.0,1530.0,2024
2024-580,Australian Open,Hard,128,G,2024-01-15,213,215035,,Q,Dayana Yastremska,R,175.0,UKR,23.6,201458,18.0,,Victoria Azarenka,R,180.0,BLR,34.4,7-6(6) 6-4,3,R16,127.0,5.0,6.0,84.0,47.0,31.0,15.0,11.0,4.0,8.0,4.0,3.0,76.0,42.0,22.0,17.0,11.0,6.0,11.0,93.0,777.0,22.0,2011.0,2024
2024-580,Australian Open,Hard,128,G,2024-01-15,212,222328,,,Linda Noskova,R,,CZE,19.1,202494,19.0,,Elina Svitolina,R,174.0,UKR,29.3,3-0 RET,3,R16,23.0,1.0,0.0,4.0,1.0,1.0,3.0,2.0,0.0,0.0,0.0,1.0,26.0,13.0,7.0,4.0,1.0,1.0,3.0,50.0,1143.0,23.0,1972.0,2024
2024-580,Australian Open,Hard,128,G,2024-01-15,211,214544,2.0,,Aryna Sabalenka,R,182.0,BLR,25.6,201615,28.0,,Lesia Tsurenko,R,174.0,UKR,34.6,6-0 6-0,3,R32,52.0,0.0,0.0,39.0,25.0,19.0,8.0,6.0,1.0,1.0,0.0,6.0,39.0,26.0,9.0,3.0,6.0,4.0,10.0,2.0,8905.0,33.0,1452.0,2024
2024-580,Australian Open,Hard,128,G,2024-01-15,209,206252,9.0,,Barbora Krejcikova,R,178.0,CZE,28.0,204411,,Q,Storm Hunter,L,166.0,AUS,29.4,4-6 7-5 6-3,3,R32,150.0,8.0,7.0,109.0,66.0,47.0,21.0,16.0,5.0,8.0,1.0,4.0,94.0,62.0,39.0,16.0,15.0,4.0,8.0,11.0,2891.0,180.0,426.0,2024
2024-580,Australian Open,Hard,128,G,2024-01-15,208,259799,,,Mirra Andreeva,R,,RUS,16.7,220348,,,Diane Parry,R,170.0,FRA,21.3,1-6 6-1 7-6(5),3,R32,143.0,5.0,4.0,91.0,66.0,43.0,10.0,13.0,7.0,12.0,0.0,1.0,90.0,56.0,35.0,14.0,13.0,7.0,12.0,47.0,1168.0,72.0,943.0,2024
2024-580,Australian Open,Hard,128,G,2024-01-15,207,221103,4.0,,Coco Gauff,R,175.0,USA,19.8,219917,,,Alycia Parks,R,185.0,USA,23.0,6-0 6-2,3,R32,61.0,3.0,3.0,39.0,26.0,23.0,6.0,7.0,0.0,0.0,2.0,8.0,46.0,22.0,10.0,9.0,7.0,0.0,5.0,4.0,6660.0,82.0,838.0,2024
2024-580,Australian Open,Hard,128,G,2024-01-15,206,211684,,,Magdalena Frech,R,171.0,POL,26.0,220435,,Q,Anastasia Zakharova,R,,RUS,21.9,4-6 7-5 6-4,3,R32,170.0,7.0,1.0,118.0,79.0,48.0,12.0,16.0,13.0,20.0,2.0,5.0,114.0,79.0,45.0,15.0,16.0,17.0,25.0,69.0,965.0,190.0,404.0,2024
2024-580,Australian Open,Hard,128,G,2024-01-15,205,221237,,Q,Maria Timofeeva,R,,RUS,20.1,206242,10.0,,Beatriz Haddad Maia,L,185.0,BRA,27.6,7-6(7) 6-3,3,R32,129.0,1.0,1.0,69.0,46.0,37.0,10.0,11.0,0.0,2.0,0.0,3.0,76.0,52.0,34.0,10.0,10.0,5.0,8.0,170.0,451.0,12.0,2830.0,2024
2024-580,Australian Open,Hard,128,G,2024-01-15,204,216146,,,Marta Kostyuk,R,175.0,UKR,21.5,220589,,,Elina Avanesyan,R,,ARM,21.3,2-6 6-4 6-4,3,R32,152.0,6.0,5.0,103.0,59.0,32.0,19.0,14.0,9.0,16.0,1.0,5.0,120.0,81.0,44.0,15.0,14.0,17.0,24.0,37.0,1330.0,74.0,939.0,2024
2024-580,Australian Open,Hard,128,G,2024-01-15,203,206219,,,Oceane Dodin,R,,FRA,27.2,216262,,,Clara Burel,R,176.0,FRA,22.8,6-2 6-4,3,R32,74.0,4.0,1.0,55.0,28.0,19.0,15.0,9.0,0.0,2.0,8.0,4.0,61.0,32.0,17.0,12.0,9.0,6.0,11.0,95.0,765.0,51.0,1140.0,2024
2024-580,Australian Open,Hard,128,G,2024-01-15,202,221012,12.0,,Qinwen Zheng,R,,CHN,21.2,206374,,,Yafan Wang,R,170.0,CHN,29.7,6-4 2-6 7-6(8),3,R32,160.0,10.0,8.0,93.0,50.0,40.0,20.0,15.0,1.0,5.0,1.0,2.0,106.0,70.0,43.0,23.0,15.0,4.0,7.0,15.0,2720.0,94.0,771.0,2024
2024-580,Australian Open,Hard,128,G,2024-01-15,201,214939,,,Anna Kalinskaya,R,175.0,RUS,25.1,201585,,,Sloane Stephens,R,170.0,USA,30.8,6-7(8) 6-1 6-4,3,R32,165.0,5.0,1.0,118.0,81.0,53.0,22.0,15.0,12.0,13.0,2.0,1.0,110.0,82.0,52.0,12.0,14.0,10.0,14.0,75.0,923.0,44.0,1202.0,2024
2024-580,Australian Open,Hard,128,G,2024-01-15,200,211148,26.0,,Jasmine Paolini,R,160.0,ITA,28.0,215020,,,Anna Blinkova,R,179.0,RUS,25.3,7-6(1) 6-4,3,R32,86.0,3.0,1.0,61.0,50.0,34.0,5.0,11.0,2.0,5.0,1.0,1.0,64.0,38.0,20.0,12.0,11.0,1.0,5.0,31.0,1530.0,57.0,1072.0,2024
2024-580,Australian Open,Hard,128,G,2024-01-15,199,215035,,Q,Dayana Yastremska,R,175.0,UKR,23.6,215613,27.0,,Emma Navarro,R,,USA,22.6,6-2 2-6 6-1,3,R32,106.0,5.0,3.0,79.0,36.0,26.0,23.0,12.0,4.0,7.0,0.0,3.0,73.0,51.0,31.0,8.0,11.0,3.0,8.0,93.0,777.0,26.0,1730.0,2024
2024-580,Australian Open,Hard,128,G,2024-01-15,198,201458,18.0,,Victoria Azarenka,R,180.0,BLR,34.4,211533,11.0,,Jelena Ostapenko,R,177.0,LAT,26.6,6-1 7-5,3,R32,83.0,11.0,3.0,70.0,45.0,36.0,9.0,10.0,6.0,7.0,3.0,2.0,48.0,29.0,20.0,6.0,9.0,0.0,4.0,22.0,2011.0,10.0,3328.0,2024
2024-580,Australian Open,Hard,128,G,2024-01-15,196,222328,,,Linda Noskova,R,,CZE,19.1,216347,1.0,,Iga Swiatek,R,176.0,POL,22.6,3-6 6-3 6-4,3,R32,140.0,10.0,4.0,100.0,63.0,45.0,17.0,14.0,5.0,7.0,4.0,1.0,86.0,54.0,35.0,18.0,14.0,4.0,7.0,50.0,1143.0,1.0,9880.0,2024
2024-580,Australian Open,Hard,128,G,2024-01-15,164,216347,1.0,,Iga Swiatek,R,176.0,POL,22.6,203389,,,Danielle Collins,R,178.0,USA,30.0,6-4 3-6 6-4,3,R64,194.0,1.0,4.0,94.0,64.0,41.0,9.0,15.0,9.0,15.0,2.0,7.0,110.0,62.0,39.0,17.0,14.0,8.0,15.0,1.0,9880.0,62.0,1022.0,2024
2024-580,Australian Open,Hard,128,G,2024-01-15,111,201458,18.0,,Victoria Azarenka,R,180.0,BLR,34.4,202429,,,Camila Giorgi,R,168.0,ITA,32.0,6-1 4-6 6-3,3,R128,146.0,8.0,7.0,85.0,45.0,38.0,16.0,13.0,6.0,8.0,5.0,7.0,96.0,49.0,32.0,19.0,13.0,7.0,12.0,22.0,2011.0,53.0,1120.0,2024
2024-580,Australian Open,Hard,128,G,2024-01-15,162,259104,,Q,Brenda Fruhvirtova,R,,CZE,16.7,202536,,,Ana Bogdan,R,171.0,ROU,31.1,2-6 6-4 6-3,3,R128,139.0,2.0,5.0,95.0,61.0,43.0,14.0,14.0,7.0,11.0,3.0,2.0,85.0,55.0,35.0,15.0,13.0,9.0,13.0,107.0,704.0,63.0,1016.0,2024
2024-580,Australian Open,Hard,128,G,2024-01-15,128,206219,,,Oceane Dodin,R,,FRA,27.2,202684,29.0,,Lin Zhu,R,173.0,CHN,29.9,6-4 6-3,3,R128,90.0,4.0,8.0,67.0,37.0,32.0,12.0,10.0,8.0,8.0,4.0,4.0,69.0,37.0,21.0,19.0,9.0,5.0,8.0,95.0,765.0,32.0,1464.0,2024
2024-580,Australian Open,Hard,128,G,2024-01-15,127,206374,,,Yafan Wang,R,170.0,CHN,29.7,201514,22.0,,Sorana Cirstea,R,176.0,ROU,33.7,0-6 7-5 6-2,3,R128,117.0,3.0,2.0,78.0,46.0,31.0,11.0,13.0,3.0,8.0,2.0,3.0,85.0,54.0,32.0,14.0,13.0,2.0,7.0,94.0,771.0,27.0,1722.0,2024
2024-580,Australian Open,Hard,128,G,2024-01-15,126,221054,,,Emma Raducanu,R,175.0,GBR,21.1,201603,,,Shelby Rogers,R,175.0,USA,31.2,6-3 6-2,3,R128,76.0,4.0,3.0,53.0,33.0,30.0,10.0,9.0,0.0,0.0,2.0,2.0,48.0,29.0,20.0,7.0,8.0,2.0,5.0,296.0,231.0,161.0,476.0,2024
2024-580,Australian Open,Hard,128,G,2024-01-15,125,211107,,,Katie Boulter,R,180.0,GBR,27.4,206294,,,Yue Yuan,R,184.0,CHN,25.3,7-5 7-6(1),3,R128,115.0,7.0,9.0,84.0,46.0,38.0,15.0,12.0,3.0,5.0,4.0,3.0,80.0,48.0,31.0,15.0,12.0,4.0,7.0,54.0,1109.0,61.0,1028.0,2024
2024-580,Australian Open,Hard,128,G,2024-01-15,124,221012,12.0,,Qinwen Zheng,R,,CHN,21.2,221909,,,Ashlyn Krueger,R,185.0,USA,19.6,3-6 6-2 6-3,3,R128,138.0,12.0,11.0,101.0,54.0,41.0,19.0,13.0,6.0,9.0,3.0,9.0,89.0,56.0,36.0,13.0,13.0,10.0,15.0,15.0,2720.0,76.0,896.0,2024
2024-580,Australian Open,Hard,128,G,2024-01-15,123,214082,14.0,,Daria Kasatkina,R,170.0,RUS,26.6,220548,,,Peyton Stearns,R,,USA,22.2,6-2 3-6 6-2,3,R128,108.0,2.0,6.0,70.0,48.0,35.0,10.0,13.0,2.0,4.0,3.0,7.0,84.0,55.0,35.0,11.0,12.0,4.0,9.0,13.0,2778.0,48.0,1168.0,2024
2024-580,Australian Open,Hard,128,G,2024-01-15,122,201585,,,Sloane Stephens,R,170.0,USA,30.8,216265,,WC,Olivia Gadecki,R,,AUS,21.7,6-3 6-1,3,R128,56.0,0.0,1.0,43.0,32.0,24.0,6.0,8.0,0.0,1.0,2.0,3.0,40.0,26.0,14.0,3.0,8.0,3.0,8.0,44.0,1202.0,120.0,655.0,2024
2024-580,Australian Open,Hard,128,G,2024-01-15,121,214939,,,Anna Kalinskaya,R,175.0,RUS,25.1,220465,,Q,Katie Volynets,R,,USA,22.0,6-3 3-6 6-2,3,R128,131.0,4.0,4.0,99.0,71.0,50.0,15.0,13.0,7.0,8.0,4.0,3.0,104.0,75.0,50.0,11.0,13.0,13.0,16.0,75.0,923.0,103.0,732.0,2024
2024-580,Australian Open,Hard,128,G,2024-01-15,120,201551,,,Arantxa Rus,L,180.0,NED,33.0,211843,24.0,,Anhelina Kalinina,R,179.0,UKR,26.9,6-1 6-0,3,R128,87.0,4.0,4.0,80.0,55.0,33.0,15.0,7.0,14.0,14.0,1.0,0.0,29.0,14.0,4.0,4.0,6.0,2.0,7.0,45.0,1188.0,30.0,1600.0,2024
2024-580,Australian Open,Hard,128,G,2024-01-15,119,211148,26.0,,Jasmine Paolini,R,160.0,ITA,28.0,223670,,,Diana Shnaider,L,,RUS,19.7,6-3 6-4,3,R128,69.0,1.0,1.0,55.0,38.0,26.0,8.0,10.0,0.0,2.0,1.0,1.0,50.0,34.0,19.0,7.0,9.0,1.0,5.0,31.0,1530.0,92.0,785.0,2024
2024-580,Australian Open,Hard,128,G,2024-01-15,118,213583,,,Tatjana Maria,R,172.0,GER,36.4,215785,,,Camila Osorio,R,162.0,COL,22.0,7-5 6-7(4) 6-4,3,R128,171.0,9.0,1.0,105.0,62.0,42.0,23.0,17.0,5.0,10.0,1.0,6.0,109.0,70.0,51.0,12.0,17.0,3.0,10.0,42.0,1215.0,77.0,893.0,2024
2024-580,Australian Open,Hard,128,G,2024-01-15,116,214981,3.0,,Elena Rybakina,R,184.0,KAZ,24.5,201662,,,Karolina Pliskova,R,184.0,CZE,31.8,7-6(6) 6-4,3,R128,93.0,6.0,1.0,60.0,37.0,27.0,17.0,11.0,0.0,1.0,4.0,1.0,76.0,56.0,38.0,9.0,11.0,6.0,8.0,3.0,6918.0,38.0,1322.0,2024
2024-580,Australian Open,Hard,128,G,2024-01-15,115,215035,,Q,Dayana Yastremska,R,175.0,UKR,23.6,214954,7.0,,Marketa Vondrousova,L,173.0,CZE,24.5,6-1 6-2,3,R128,76.0,2.0,2.0,65.0,45.0,32.0,8.0,8.0,3.0,4.0,2.0,7.0,46.0,27.0,12.0,7.0,7.0,5.0,10.0,93.0,777.0,7.0,3966.0,2024
2024-580,Australian Open,Hard,128,G,2024-01-15,129,203354,,,Martina Trevisan,L,160.0,ITA,30.1,213887,,Q,Renata Zarazua,R,,MEX,26.2,4-6 6-4 6-2,3,R128,172.0,1.0,3.0,99.0,70.0,44.0,15.0,14.0,9.0,13.0,1.0,1.0,86.0,68.0,37.0,9.0,14.0,5.0,11.0,59.0,1045.0,97.0,749.0,2024
2024-580,Australian Open,Hard,128,G,2024-01-15,114,219875,,,Varvara Gracheva,R,,FRA,23.4,201518,,,Yanina Wickmayer,R,182.0,BEL,34.2,6-3 6-4,3,R128,77.0,2.0,3.0,70.0,50.0,34.0,8.0,10.0,5.0,7.0,1.0,2.0,53.0,39.0,25.0,4.0,9.0,3.0,7.0,39.0,1290.0,79.0,880.0,2024
2024-580,Australian Open,Hard,128,G,2024-01-15,112,215613,27.0,,Emma Navarro,R,,USA,22.6,216016,,,Xiyu Wang,L,,CHN,22.8,6-1 6-7(5) 7-5,3,R128,155.0,3.0,5.0,100.0,64.0,43.0,19.0,16.0,7.0,10.0,5.0,7.0,98.0,58.0,40.0,13.0,15.0,4.0,10.0,26.0,1730.0,60.0,1034.0,2024
2024-580,Australian Open,Hard,128,G,2024-01-15,110,220704,,,Clara Tauson,R,182.0,DEN,21.0,213889,,,Greet Minnen,R,,BEL,26.4,7-5 7-5,3,R128,90.0,6.0,3.0,56.0,35.0,30.0,14.0,12.0,0.0,1.0,5.0,3.0,70.0,46.0,32.0,10.0,12.0,4.0,7.0,96.0,749.0,67.0,999.0,2024
2024-580,Australian Open,Hard,128,G,2024-01-15,109,201548,,,Ajla Tomljanovic,R,180.0,AUS,30.6,201549,,,Petra Martic,R,181.0,CRO,32.9,7-6(3) 4-6 6-4,3,R128,174.0,7.0,10.0,110.0,71.0,48.0,15.0,16.0,6.0,13.0,11.0,7.0,120.0,71.0,49.0,16.0,16.0,7.0,14.0,271.0,271.0,40.0,1283.0,2024
2024-580,Australian Open,Hard,128,G,2024-01-15,108,211533,11.0,,Jelena Ostapenko,R,177.0,LAT,26.6,214040,,WC,Kimberly Birrell,R,170.0,AUS,25.7,7-6(5) 6-1,3,R128,100.0,5.0,5.0,64.0,40.0,30.0,12.0,10.0,7.0,8.0,4.0,7.0,84.0,54.0,34.0,11.0,9.0,8.0,12.0,10.0,3328.0,116.0,671.0,2024
2024-580,Australian Open,Hard,128,G,2024-01-15,107,203530,,,Viktorija Golubic,R,169.0,SUI,31.2,206368,15.0,,Veronika Kudermetova,R,175.0,RUS,26.7,7-6(4) 1-6 6-1,3,R128,141.0,1.0,0.0,94.0,63.0,44.0,13.0,13.0,4.0,7.0,6.0,2.0,88.0,57.0,39.0,13.0,13.0,2.0,5.0,85.0,829.0,17.0,2555.0,2024
2024-580,Australian Open,Hard,128,G,2024-01-15,106,211701,,,Katerina Siniakova,R,174.0,CZE,27.6,211713,,,Jaqueline Cristian,R,180.0,ROU,25.6,6-2 7-5,3,R128,87.0,4.0,8.0,67.0,42.0,31.0,8.0,10.0,5.0,8.0,2.0,3.0,58.0,32.0,17.0,7.0,10.0,3.0,9.0,49.0,1155.0,83.0,831.0,2024
2024-580,Australian Open,Hard,128,G,2024-01-15,105,202600,,,Viktoriya Tomova,R,170.0,BUL,28.8,215037,,,Kayla Day,L,173.0,USA,24.2,6-4 6-2,3,R128,112.0,2.0,4.0,66.0,46.0,33.0,7.0,9.0,4.0,6.0,2.0,2.0,79.0,48.0,24.0,14.0,9.0,10.0,15.0,70.0,957.0,86.0,825.0,2024
2024-580,Australian Open,Hard,128,G,2024-01-15,104,202494,19.0,,Elina Svitolina,R,174.0,UKR,29.3,223194,,WC,Taylah Preston,R,,AUS,18.2,6-2 6-2,3,R128,59.0,2.0,0.0,42.0,24.0,17.0,10.0,8.0,0.0,2.0,2.0,5.0,53.0,33.0,16.0,4.0,8.0,4.0,10.0,23.0,1972.0,201.0,383.0,2024
2024-580,Australian Open,Hard,128,G,2024-01-15,103,222328,,,Linda Noskova,R,,CZE,19.1,213631,31.0,,Marie Bouzkova,R,180.0,CZE,25.4,6-1 7-5,3,R128,97.0,3.0,3.0,72.0,43.0,31.0,14.0,10.0,8.0,9.0,3.0,1.0,61.0,37.0,23.0,11.0,9.0,3.0,7.0,50.0,1143.0,34.0,1382.0,2024
2024-580,Australian Open,Hard,128,G,2024-01-15,102,220520,,WC,Mccartney Kessler,R,,USA,24.5,211539,,Q,Fiona Ferro,R,170.0,FRA,26.8,3-6 6-3 6-2,3,R128,103.0,3.0,3.0,71.0,50.0,38.0,10.0,13.0,2.0,4.0,0.0,0.0,82.0,53.0,33.0,14.0,13.0,7.0,11.0,206.0,371.0,153.0,496.0,2024
2024-580,Australian Open,Hard,128,G,2024-01-15,101,203389,,,Danielle Collins,R,178.0,USA,30.0,201493,,,Angelique Kerber,L,173.0,GER,35.9,6-2 3-6 6-1,3,R128,112.0,4.0,6.0,81.0,50.0,36.0,9.0,12.0,6.0,10.0,0.0,2.0,84.0,59.0,31.0,8.0,12.0,12.0,19.0,62.0,1022.0,655.0,60.0,2024
2024-580,Australian Open,Hard,128,G,2024-01-15,100,216347,1.0,,Iga Swiatek,R,176.0,POL,22.6,213550,,,Sofia Kenin,R,170.0,USA,25.1,7-6(2) 6-2,3,R128,111.0,5.0,0.0,71.0,49.0,32.0,14.0,10.0,3.0,5.0,2.0,3.0,72.0,47.0,30.0,8.0,10.0,5.0,9.0,1.0,9880.0,41.0,1225.0,2024
2024-580,Australian Open,Hard,128,G,2024-01-15,163,214544,2.0,,Aryna Sabalenka,R,182.0,BLR,25.6,230870,,Q,Ella Seidel,R,,GER,18.9,6-0 6-1,3,R128,53.0,6.0,2.0,44.0,30.0,24.0,7.0,7.0,0.0,0.0,0.0,2.0,38.0,22.0,7.0,6.0,6.0,4.0,9.0,2.0,8905.0,173.0,439.0,2024
2024-580,Australian Open,Hard,128,G,2024-01-15,113,220714,,,Elisabetta Cocciaretto,R,,ITA,22.9,215138,,Q,Lulu Sun,L,,NZL,22.7,6-1 7-5,3,R128,72.0,3.0,2.0,61.0,44.0,32.0,12.0,10.0,4.0,4.0,3.0,4.0,60.0,35.0,22.0,12.0,9.0,4.0,7.0,66.0,1000.0,193.0,401.0,2024
2024-580,Australian Open,Hard,128,G,2024-01-15,130,216262,,,Clara Burel,R,176.0,FRA,22.8,202434,,,Aleksandra Krunic,R,163.0,SRB,30.8,6-4 6-1,3,R128,65.0,3.0,5.0,53.0,26.0,19.0,10.0,9.0,2.0,6.0,1.0,5.0,52.0,28.0,10.0,9.0,8.0,0.0,7.0,51.0,1140.0,687.0,53.0,2024
2024-580,Australian Open,Hard,128,G,2024-01-15,117,215020,,,Anna Blinkova,R,179.0,RUS,25.3,213710,,,Cristina Bucsa,R,,ESP,26.0,6-2 6-4,3,R128,77.0,3.0,4.0,68.0,47.0,34.0,10.0,9.0,4.0,4.0,0.0,2.0,53.0,32.0,22.0,10.0,9.0,4.0,7.0,57.0,1072.0,56.0,1088.0,2024
2024-580,Australian Open,Hard,128,G,2024-01-15,132,206289,8.0,,Maria Sakkari,R,172.0,GRE,28.4,211702,,,Nao Hibino,R,163.0,JPN,29.1,6-4 6-1,3,R128,71.0,4.0,3.0,54.0,27.0,21.0,15.0,9.0,2.0,3.0,0.0,1.0,46.0,33.0,16.0,6.0,8.0,1.0,5.0,8.0,3770.0,88.0,808.0,2024
2024-580,Australian Open,Hard,128,G,2024-01-15,161,214119,,,Rebeka Masarova,R,186.0,ESP,24.4,205925,,,Aliaksandra Sasnovich,R,174.0,BLR,29.8,6-3 6-4,3,R128,97.0,6.0,3.0,66.0,37.0,28.0,11.0,10.0,2.0,5.0,0.0,6.0,67.0,44.0,23.0,8.0,9.0,9.0,14.0,91.0,786.0,81.0,843.0,2024
2024-580,Australian Open,Hard,128,G,2024-01-15,131,202468,5.0,,Jessica Pegula,R,170.0,USA,29.8,201606,,Q,Rebecca Marino,R,183.0,CAN,33.0,6-2 6-4,3,R128,65.0,4.0,3.0,62.0,44.0,33.0,8.0,9.0,2.0,3.0,5.0,4.0,52.0,23.0,13.0,15.0,9.0,1.0,5.0,5.0,6065.0,182.0,425.0,2024
2024-580,Australian Open,Hard,128,G,2024-01-15,159,201499,,,Anastasia Pavlyuchenkova,R,177.0,RUS,32.5,202499,21.0,,Donna Vekic,R,179.0,CRO,27.5,6-4 6-4,3,R128,109.0,5.0,9.0,78.0,39.0,31.0,16.0,10.0,6.0,8.0,2.0,7.0,69.0,36.0,19.0,16.0,10.0,5.0,9.0,46.0,1178.0,25.0,1865.0,2024
2024-580,Australian Open,Hard,128,G,2024-01-15,158,211651,,,Paula Badosa,R,180.0,ESP,26.1,203501,,,Taylor Townsend,L,170.0,USA,27.7,6-1 6-3,3,R128,57.0,8.0,2.0,44.0,26.0,22.0,11.0,8.0,3.0,3.0,1.0,2.0,46.0,29.0,20.0,4.0,8.0,3.0,7.0,100.0,738.0,73.0,942.0,2024
2024-580,Australian Open,Hard,128,G,2024-01-15,157,206408,,,Nadia Podoroska,R,170.0,ARG,26.9,214461,,,Tamara Zidansek,R,168.0,SLO,26.0,6-1 6-0,3,R128,75.0,1.0,0.0,47.0,31.0,22.0,10.0,7.0,4.0,4.0,0.0,3.0,58.0,36.0,19.0,5.0,6.0,8.0,13.0,65.0,1009.0,98.0,745.0,2024
2024-580,Australian Open,Hard,128,G,2024-01-15,156,216153,,,Amanda Anisimova,R,180.0,USA,22.3,214643,13.0,,Liudmila Samsonova,R,180.0,RUS,25.1,6-3 6-4,3,R128,84.0,4.0,4.0,64.0,34.0,24.0,17.0,10.0,3.0,5.0,4.0,7.0,62.0,29.0,20.0,13.0,9.0,5.0,9.0,442.0,130.0,14.0,2760.0,2024
2024-580,Australian Open,Hard,128,G,2024-01-15,155,206252,9.0,,Barbora Krejcikova,R,178.0,CZE,28.0,215988,,WC,Mai Hontama,R,,JPN,24.3,2-6 6-4 6-3,3,R128,150.0,2.0,1.0,91.0,61.0,35.0,12.0,14.0,6.0,12.0,2.0,5.0,98.0,64.0,33.0,16.0,13.0,7.0,13.0,11.0,2891.0,121.0,645.0,2024
2024-580,Australian Open,Hard,128,G,2024-01-15,154,211337,,,Tamara Korpatsch,R,170.0,GER,28.6,214839,,,Jodie Burrage,R,,GBR,24.6,2-6 6-3 6-0,3,R128,108.0,0.0,5.0,82.0,48.0,28.0,19.0,12.0,3.0,6.0,4.0,4.0,67.0,51.0,29.0,7.0,11.0,4.0,9.0,80.0,847.0,102.0,733.0,2024
2024-580,Australian Open,Hard,128,G,2024-01-15,153,204411,,Q,Storm Hunter,L,166.0,AUS,29.4,201506,,,Sara Errani,R,164.0,ITA,36.7,6-4 6-3,3,R128,89.0,2.0,1.0,55.0,33.0,22.0,12.0,10.0,2.0,4.0,0.0,0.0,68.0,46.0,24.0,10.0,9.0,8.0,13.0,180.0,426.0,101.0,738.0,2024
2024-580,Australian Open,Hard,128,G,2024-01-15,152,201696,,,Laura Siegemund,R,168.0,GER,35.8,206420,17.0,,Ekaterina Alexandrova,R,175.0,RUS,29.1,6-2 3-6 7-6(9),3,R128,181.0,0.0,4.0,106.0,83.0,46.0,9.0,15.0,9.0,16.0,2.0,8.0,105.0,67.0,41.0,13.0,14.0,10.0,18.0,78.0,892.0,20.0,2215.0,2024
2024-580,Australian Open,Hard,128,G,2024-01-15,151,220348,,,Diane Parry,R,170.0,FRA,21.3,216133,30.0,,Xin Yu Wang,R,182.0,CHN,22.3,6-3 2-6 6-3,3,R128,141.0,9.0,4.0,93.0,49.0,34.0,19.0,13.0,8.0,13.0,2.0,3.0,102.0,61.0,38.0,17.0,13.0,8.0,14.0,72.0,943.0,36.0,1353.0,2024
2024-580,Australian Open,Hard,128,G,2024-01-15,150,215872,,,Kamilla Rakhimova,R,,RUS,22.3,211765,,,Emina Bektas,R,,USA,30.7,6-4 6-4,3,R128,72.0,4.0,6.0,53.0,30.0,27.0,10.0,10.0,1.0,3.0,9.0,0.0,58.0,42.0,28.0,5.0,10.0,5.0,9.0,90.0,793.0,89.0,804.0,2024
2024-580,Australian Open,Hard,128,G,2024-01-15,149,259799,,,Mirra Andreeva,R,,RUS,16.7,211095,,,Bernarda Pera,L,175.0,USA,29.1,7-5 6-2,3,R128,78.0,3.0,1.0,61.0,40.0,27.0,12.0,10.0,2.0,4.0,1.0,1.0,56.0,26.0,17.0,13.0,10.0,4.0,9.0,47.0,1168.0,71.0,956.0,2024
2024-580,Australian Open,Hard,128,G,2024-01-15,148,202460,6.0,,Ons Jabeur,R,167.0,TUN,29.3,263857,,Q,Yuliia Starodubtseva,R,,UKR,23.9,6-3 6-1,3,R128,67.0,5.0,1.0,47.0,24.0,18.0,11.0,8.0,2.0,4.0,0.0,2.0,59.0,39.0,16.0,9.0,8.0,6.0,12.0,6.0,4076.0,150.0,504.0,2024
2024-580,Australian Open,Hard,128,G,2024-01-15,147,221103,4.0,,Coco Gauff,R,175.0,USA,19.8,203533,,,Anna Karolina Schmiedlova,R,176.0,SVK,29.3,6-3 6-0,3,R128,60.0,3.0,1.0,38.0,21.0,15.0,10.0,8.0,2.0,5.0,0.0,3.0,37.0,16.0,5.0,3.0,7.0,2.0,9.0,4.0,6660.0,68.0,996.0,2024
2024-580,Australian Open,Hard,128,G,2024-01-15,160,201615,28.0,,Lesia Tsurenko,R,174.0,UKR,34.6,214459,,,Lucia Bronzetti,R,,ITA,25.0,3-6 7-5 6-3,3,R128,158.0,0.0,8.0,103.0,72.0,36.0,15.0,15.0,8.0,16.0,1.0,5.0,107.0,64.0,31.0,17.0,15.0,9.0,18.0,33.0,1452.0,55.0,1099.0,2024
2024-580,Australian Open,Hard,128,G,2024-01-15,145,219917,,,Alycia Parks,R,185.0,USA,23.0,220750,,Q,Daria Snigur,R,,UKR,21.8,2-6 6-2 6-4,3,R128,105.0,10.0,7.0,85.0,47.0,34.0,18.0,13.0,3.0,6.0,0.0,1.0,83.0,68.0,39.0,7.0,13.0,4.0,8.0,82.0,838.0,134.0,566.0,2024
2024-580,Australian Open,Hard,128,G,2024-01-15,146,214452,,,Caroline Dolehide,R,178.0,USA,25.3,206417,,Q,Leolia Jeanjean,R,,FRA,28.4,6-2 6-4,3,R128,72.0,1.0,0.0,48.0,44.0,36.0,2.0,9.0,1.0,1.0,2.0,2.0,61.0,37.0,25.0,10.0,9.0,6.0,9.0,43.0,1208.0,143.0,523.0,2024
2024-580,Australian Open,Hard,128,G,2024-01-15,134,216146,,,Marta Kostyuk,R,175.0,UKR,21.5,214906,,,Claire Liu,R,170.0,USA,23.6,6-3 4-6 6-1,3,R128,123.0,1.0,7.0,77.0,38.0,26.0,24.0,13.0,2.0,5.0,0.0,0.0,76.0,48.0,29.0,11.0,13.0,2.0,8.0,37.0,1330.0,99.0,742.0,2024
2024-580,Australian Open,Hard,128,G,2024-01-15,135,210722,25.0,,Elise Mertens,R,179.0,BEL,28.1,210886,,,Mayar Sherif,R,180.0,EGY,27.6,6-2 2-0 RET,3,R128,50.0,1.0,3.0,29.0,15.0,12.0,9.0,5.0,0.0,0.0,2.0,2.0,26.0,16.0,8.0,2.0,5.0,1.0,4.0,28.0,1713.0,58.0,1053.0,2024
2024-580,Australian Open,Hard,128,G,2024-01-15,136,201496,,WC,Caroline Wozniacki,R,177.0,DEN,33.5,202663,20.0,,Magda Linette,R,171.0,POL,31.9,6-2 2-0 RET,3,R128,55.0,0.0,0.0,36.0,23.0,14.0,8.0,5.0,4.0,5.0,2.0,1.0,26.0,11.0,5.0,4.0,5.0,3.0,7.0,252.0,302.0,24.0,1896.0,2024
2024-580,Australian Open,Hard,128,G,2024-01-15,137,221237,,Q,Maria Timofeeva,R,,RUS,20.1,201427,,WC,Alize Cornet,R,173.0,FRA,33.9,6-2 6-4,3,R128,123.0,0.0,4.0,67.0,45.0,31.0,11.0,9.0,6.0,7.0,0.0,2.0,76.0,48.0,25.0,14.0,9.0,11.0,15.0,170.0,451.0,110.0,690.0,2024
2024-580,Australian Open,Hard,128,G,2024-01-15,138,252499,,Q,Alina Korneeva,U,,RUS,16.5,204427,,,Sara Sorribes Tormo,R,176.0,ESP,27.2,4-6 6-3 6-2,3,R128,138.0,3.0,4.0,89.0,46.0,27.0,20.0,14.0,7.0,13.0,1.0,2.0,73.0,51.0,22.0,9.0,13.0,1.0,9.0,179.0,427.0,52.0,1127.0,2024
2024-580,Australian Open,Hard,128,G,2024-01-15,133,220589,,,Elina Avanesyan,R,,ARM,21.3,222296,,,Zhuoxuan Bai,R,,CHN,21.1,4-6 7-5 6-2,3,R128,147.0,0.0,3.0,95.0,65.0,38.0,13.0,15.0,6.0,12.0,0.0,0.0,90.0,62.0,30.0,14.0,15.0,5.0,13.0,74.0,939.0,87.0,825.0,2024
2024-580,Australian Open,Hard,128,G,2024-01-15,140,201614,16.0,,Caroline Garcia,R,177.0,FRA,30.2,211768,,,Naomi Osaka,R,180.0,JPN,26.2,6-4 7-6(2),3,R128,86.0,13.0,4.0,65.0,37.0,33.0,18.0,11.0,0.0,0.0,11.0,3.0,71.0,36.0,28.0,21.0,11.0,2.0,3.0,19.0,2330.0,831.0,32.0,2024
2024-580,Australian Open,Hard,128,G,2024-01-15,141,211684,,,Magdalena Frech,R,171.0,POL,26.0,201611,,WC,Daria Saville,R,166.0,AUS,29.8,6-7(5) 6-3 7-5,3,R128,193.0,3.0,5.0,105.0,67.0,44.0,16.0,17.0,2.0,8.0,3.0,14.0,109.0,61.0,37.0,15.0,16.0,7.0,16.0,69.0,965.0,152.0,496.0,2024
2024-580,Australian Open,Hard,128,G,2024-01-15,142,220435,,Q,Anastasia Zakharova,R,,RUS,21.9,201709,,,Yulia Putintseva,R,163.0,KAZ,29.0,2-6 6-0 6-3,3,R128,110.0,3.0,1.0,69.0,36.0,22.0,18.0,12.0,3.0,7.0,0.0,1.0,74.0,54.0,23.0,13.0,11.0,6.0,12.0,190.0,404.0,64.0,1014.0,2024
2024-580,Australian Open,Hard,128,G,2024-01-15,143,215219,,,Kaja Juvan,R,170.0,SLO,23.1,215713,23.0,,Anastasia Potapova,R,175.0,RUS,22.7,6-1 6-4,3,R128,71.0,0.0,0.0,56.0,38.0,25.0,13.0,9.0,2.0,2.0,0.0,6.0,57.0,33.0,23.0,7.0,8.0,5.0,9.0,109.0,696.0,29.0,1694.0,2024
2024-580,Australian Open,Hard,128,G,2024-01-15,144,220367,32.0,,Leylah Fernandez,L,168.0,CAN,21.3,239383,,Q,Sara Bejlek,L,,CZE,17.9,7-6(5) 6-2,3,R128,93.0,2.0,2.0,65.0,45.0,32.0,9.0,10.0,2.0,4.0,0.0,1.0,70.0,43.0,22.0,13.0,10.0,5.0,9.0,35.0,1355.0,133.0,574.0,2024
2024-580,Australian Open,Hard,128,G,2024-01-15,139,206242,10.0,,Beatriz Haddad Maia,L,185.0,BRA,27.6,222258,,,Linda Fruhvirtova,R,,CZE,18.7,6-2 3-6 6-2,3,R128,138.0,1.0,2.0,80.0,57.0,38.0,15.0,13.0,3.0,5.0,4.0,1.0,86.0,52.0,33.0,13.0,12.0,6.0,11.0,12.0,2830.0,84.0,829.0,2024
2024-528,Linz,Hard,32,P,2024-01-29,289,216262,,,Clara Burel,R,176.0,FRA,22.8,211701,,,Katerina Siniakova,R,174.0,CZE,27.7,6-3 5-7 6-4,3,R16,141.0,5.0,3.0,93.0,53.0,32.0,12.0,15.0,2.0,10.0,0.0,6.0,101.0,71.0,30.0,15.0,16.0,6.0,16.0,52.0,1160.0,49.0,1215.0,2024
2024-528,Linz,Hard,32,P,2024-01-29,290,201499,,,Anastasia Pavlyuchenkova,R,177.0,RUS,32.5,211107,,,Katie Boulter,R,180.0,GBR,27.4,7-6(2) 6-4,3,R16,97.0,8.0,2.0,70.0,49.0,40.0,13.0,11.0,2.0,2.0,3.0,3.0,62.0,37.0,33.0,9.0,11.0,0.0,1.0,42.0,1238.0,53.0,1159.0,2024
2024-528,Linz,Hard,32,P,2024-01-29,291,210722,4.0,,Elise Mertens,R,179.0,BEL,28.1,214459,,,Lucia Bronzetti,R,,ITA,25.1,6-1 6-3,3,R16,77.0,10.0,4.0,53.0,31.0,24.0,11.0,8.0,2.0,3.0,0.0,4.0,45.0,24.0,11.0,9.0,8.0,2.0,7.0,26.0,1653.0,58.0,1099.0,2024
2024-528,Linz,Hard,32,P,2024-01-29,293,211533,1.0,,Jelena Ostapenko,R,177.0,LAT,26.6,220704,,Q,Clara Tauson,R,182.0,DEN,21.1,3-6 6-4 7-6(7),3,R16,141.0,6.0,9.0,94.0,60.0,38.0,12.0,16.0,3.0,11.0,12.0,7.0,105.0,61.0,42.0,14.0,15.0,4.0,11.0,12.0,3028.0,91.0,818.0,2024
2024-528,Linz,Hard,32,P,2024-01-29,300,211533,1.0,,Jelena Ostapenko,R,177.0,LAT,26.6,206420,2.0,,Ekaterina Alexandrova,R,175.0,RUS,29.2,6-2 6-3,3,F,70.0,6.0,4.0,55.0,35.0,26.0,13.0,9.0,1.0,1.0,6.0,2.0,60.0,37.0,25.0,8.0,8.0,4.0,7.0,12.0,3028.0,21.0,2095.0,2024
2024-528,Linz,Hard,32,P,2024-01-29,296,201499,,,Anastasia Pavlyuchenkova,R,177.0,RUS,32.5,210722,4.0,,Elise Mertens,R,179.0,BEL,28.1,6-3 6-2,3,QF,73.0,2.0,2.0,53.0,35.0,26.0,11.0,9.0,1.0,2.0,1.0,1.0,43.0,22.0,13.0,9.0,8.0,2.0,6.0,42.0,1238.0,26.0,1653.0,2024
2024-528,Linz,Hard,32,P,2024-01-29,295,202499,3.0,,Donna Vekic,R,179.0,CRO,27.5,216262,,,Clara Burel,R,176.0,FRA,22.8,6-0 7-6(3),3,QF,90.0,0.0,3.0,63.0,36.0,25.0,14.0,9.0,0.0,2.0,3.0,7.0,57.0,30.0,19.0,6.0,9.0,5.0,10.0,34.0,1445.0,52.0,1160.0,2024
2024-528,Linz,Hard,32,P,2024-01-29,297,211533,1.0,,Jelena Ostapenko,R,177.0,LAT,26.6,214839,,Q,Jodie Burrage,R,,GBR,24.6,6-1 6-2,3,QF,70.0,4.0,4.0,54.0,29.0,22.0,13.0,8.0,3.0,4.0,1.0,4.0,46.0,20.0,9.0,9.0,7.0,4.0,9.0,12.0,3028.0,102.0,713.0,2024
2024-528,Linz,Hard,32,P,2024-01-29,298,206420,2.0,,Ekaterina Alexandrova,R,175.0,RUS,29.2,202499,3.0,,Donna Vekic,R,179.0,CRO,27.5,5-7 7-6(4) 7-6(6),3,SF,186.0,12.0,12.0,139.0,90.0,63.0,18.0,18.0,8.0,14.0,9.0,11.0,121.0,76.0,53.0,17.0,18.0,3.0,8.0,21.0,2095.0,34.0,1445.0,2024
2024-528,Linz,Hard,32,P,2024-01-29,299,211533,1.0,,Jelena Ostapenko,R,177.0,LAT,26.6,201499,,,Anastasia Pavlyuchenkova,R,177.0,RUS,32.5,6-2 6-3,3,SF,73.0,10.0,2.0,66.0,48.0,37.0,9.0,9.0,7.0,7.0,0.0,3.0,44.0,26.0,15.0,10.0,8.0,1.0,4.0,12.0,3028.0,42.0,1238.0,2024
2024-528,Linz,Hard,32,P,2024-01-29,288,202499,3.0,,Donna Vekic,R,179.0,CRO,27.5,215035,,WC,Dayana Yastremska,R,175.0,UKR,23.7,6-1 6-1,3,R16,64.0,4.0,2.0,42.0,28.0,22.0,9.0,7.0,3.0,3.0,0.0,4.0,50.0,32.0,15.0,8.0,7.0,3.0,8.0,34.0,1445.0,29.0,1587.0,2024
2024-528,Linz,Hard,32,P,2024-01-29,294,206420,2.0,,Ekaterina Alexandrova,R,175.0,RUS,29.2,215713,5.0,,Anastasia Potapova,R,175.0,RUS,22.8,6-2 7-6(8),3,QF,86.0,8.0,1.0,62.0,39.0,33.0,11.0,10.0,3.0,4.0,3.0,4.0,82.0,47.0,27.0,20.0,10.0,8.0,11.0,21.0,2095.0,27.0,1634.0,2024
2024-528,Linz,Hard,32,P,2024-01-29,287,215713,5.0,,Anastasia Potapova,R,175.0,RUS,22.8,220714,,,Elisabetta Cocciaretto,R,,ITA,23.0,2-6 7-6(9) 7-5,3,R16,174.0,9.0,5.0,145.0,93.0,62.0,21.0,16.0,12.0,16.0,2.0,2.0,100.0,65.0,44.0,22.0,16.0,1.0,4.0,27.0,1634.0,60.0,1060.0,2024
2024-528,Linz,Hard,32,P,2024-01-29,278,211107,,,Katie Boulter,R,180.0,GBR,27.4,211148,6.0,,Jasmine Paolini,R,160.0,ITA,28.0,6-2 6-2,3,R32,75.0,4.0,4.0,57.0,36.0,31.0,7.0,8.0,5.0,5.0,2.0,2.0,52.0,34.0,20.0,5.0,8.0,5.0,9.0,53.0,1159.0,24.0,1760.0,2024
2024-528,Linz,Hard,32,P,2024-01-29,284,220704,,Q,Clara Tauson,R,182.0,DEN,21.1,202429,,,Camila Giorgi,R,168.0,ITA,32.0,3-6 6-3 6-3,3,R32,122.0,10.0,5.0,78.0,46.0,37.0,16.0,13.0,1.0,3.0,4.0,4.0,76.0,38.0,29.0,18.0,14.0,3.0,7.0,91.0,818.0,68.0,1000.0,2024
2024-528,Linz,Hard,32,P,2024-01-29,283,211713,,LL,Jaqueline Cristian,R,180.0,ROU,25.6,206408,,,Nadia Podoroska,R,170.0,ARG,26.9,6-3 6-4,3,R32,88.0,1.0,0.0,53.0,34.0,25.0,11.0,10.0,1.0,3.0,1.0,1.0,59.0,41.0,25.0,5.0,9.0,2.0,6.0,89.0,831.0,67.0,1009.0,2024
2024-528,Linz,Hard,32,P,2024-01-29,282,214839,,Q,Jodie Burrage,R,,GBR,24.6,219875,7.0,,Varvara Gracheva,R,,FRA,23.4,6-4 6-0,3,R32,67.0,6.0,1.0,53.0,37.0,27.0,8.0,8.0,4.0,5.0,0.0,5.0,47.0,29.0,14.0,6.0,8.0,1.0,6.0,102.0,713.0,46.0,1230.0,2024
2024-528,Linz,Hard,32,P,2024-01-29,280,214459,,,Lucia Bronzetti,R,,ITA,25.1,201493,,WC,Angelique Kerber,L,173.0,GER,36.0,6-1 6-3,3,R32,62.0,2.0,2.0,38.0,24.0,20.0,9.0,8.0,0.0,1.0,1.0,2.0,59.0,41.0,18.0,10.0,8.0,6.0,11.0,58.0,1099.0,607.0,70.0,2024
2024-528,Linz,Hard,32,P,2024-01-29,279,201499,,,Anastasia Pavlyuchenkova,R,177.0,RUS,32.5,203354,,,Martina Trevisan,L,160.0,ITA,30.2,6-4 6-0,3,R32,66.0,2.0,2.0,40.0,23.0,19.0,14.0,8.0,3.0,3.0,3.0,4.0,51.0,37.0,22.0,2.0,8.0,5.0,9.0,42.0,1238.0,57.0,1105.0,2024
2024-528,Linz,Hard,32,P,2024-01-29,277,211701,,,Katerina Siniakova,R,174.0,CZE,27.7,201549,8.0,,Petra Martic,R,181.0,CRO,33.0,4-6 6-3 7-5,3,R32,146.0,2.0,1.0,98.0,65.0,42.0,16.0,16.0,2.0,6.0,10.0,2.0,90.0,58.0,42.0,12.0,15.0,6.0,11.0,49.0,1215.0,48.0,1223.0,2024
2024-528,Linz,Hard,32,P,2024-01-29,276,216262,,,Clara Burel,R,176.0,FRA,22.8,221257,,WC,Sinja Kraus,R,,AUT,21.7,6-1 6-4,3,R32,70.0,3.0,2.0,49.0,27.0,15.0,14.0,9.0,0.0,2.0,1.0,4.0,51.0,31.0,17.0,5.0,8.0,3.0,8.0,52.0,1160.0,185.0,418.0,2024
2024-528,Linz,Hard,32,P,2024-01-29,275,215035,,WC,Dayana Yastremska,R,175.0,UKR,23.7,222965,,Q,Erika Andreeva,R,,RUS,19.5,7-6(4) 3-6 6-2,3,R32,145.0,4.0,5.0,85.0,46.0,33.0,17.0,14.0,4.0,9.0,3.0,3.0,103.0,68.0,41.0,15.0,15.0,9.0,15.0,29.0,1587.0,111.0,676.0,2024
2024-528,Linz,Hard,32,P,2024-01-29,273,215713,5.0,,Anastasia Potapova,R,175.0,RUS,22.8,201506,,Q,Sara Errani,R,164.0,ITA,36.7,6-4 6-3,3,R32,82.0,0.0,6.0,56.0,30.0,24.0,12.0,9.0,4.0,6.0,0.0,1.0,62.0,50.0,27.0,3.0,10.0,1.0,6.0,27.0,1634.0,99.0,738.0,2024
2024-528,Linz,Hard,32,P,2024-01-29,272,220714,,,Elisabetta Cocciaretto,R,,ITA,23.0,214593,,Q,Lucrezia Stefanini,R,,ITA,25.7,6-2 6-0,3,R32,81.0,1.0,5.0,62.0,33.0,21.0,13.0,7.0,7.0,9.0,0.0,2.0,49.0,38.0,13.0,3.0,7.0,5.0,12.0,60.0,1060.0,153.0,493.0,2024
2024-528,Linz,Hard,32,P,2024-01-29,271,215898,,Q,Jule Niemeier,R,178.0,GER,24.4,215020,,,Anna Blinkova,R,179.0,RUS,25.3,6-3 6-4,3,R32,79.0,5.0,5.0,65.0,42.0,31.0,13.0,10.0,7.0,8.0,3.0,4.0,51.0,33.0,24.0,5.0,9.0,2.0,5.0,159.0,481.0,50.0,1192.0,2024
2024-1096,Hua Hin,Hard,32,I,2024-01-29,270,202684,2.0,,Lin Zhu,R,173.0,CHN,30.0,223194,,Q,Taylah Preston,R,,AUS,18.2,6-4 7-5,3,R32,106.0,4.0,8.0,68.0,35.0,24.0,13.0,11.0,5.0,9.0,1.0,7.0,66.0,31.0,16.0,18.0,11.0,7.0,13.0,45.0,1234.0,199.0,392.0,2024
2024-528,Linz,Hard,32,P,2024-01-29,286,206420,2.0,,Ekaterina Alexandrova,R,175.0,RUS,29.2,215898,,Q,Jule Niemeier,R,178.0,GER,24.4,6-3 6-0,3,R16,64.0,8.0,2.0,44.0,29.0,21.0,8.0,7.0,3.0,4.0,2.0,5.0,56.0,31.0,14.0,9.0,8.0,6.0,12.0,21.0,2095.0,159.0,481.0,2024
2024-1096,Hua Hin,Hard,32,I,2024-01-29,271,222258,,,Linda Fruhvirtova,R,,CZE,18.7,221073,,LL,Anastasia Tikhonova,R,,RUS,23.0,6-3 6-1,3,R32,67.0,2.0,2.0,45.0,27.0,18.0,13.0,8.0,0.0,1.0,4.0,3.0,52.0,32.0,21.0,3.0,8.0,4.0,9.0,126.0,599.0,194.0,411.0,2024
2024-528,Linz,Hard,32,P,2024-01-29,292,214839,,Q,Jodie Burrage,R,,GBR,24.6,211713,,LL,Jaqueline Cristian,R,180.0,ROU,25.6,6-3 7-6(5),3,R16,94.0,7.0,1.0,70.0,48.0,37.0,10.0,10.0,3.0,4.0,2.0,2.0,63.0,43.0,33.0,6.0,11.0,2.0,5.0,102.0,713.0,89.0,831.0,2024
2024-1096,Hua Hin,Hard,32,I,2024-01-29,273,201613,,,Arina Rodionova,R,168.0,AUS,34.1,206294,6.0,,Yue Yuan,R,184.0,CHN,25.3,7-6(6) 4-6 6-3,3,R32,172.0,1.0,5.0,98.0,54.0,39.0,18.0,16.0,2.0,7.0,2.0,0.0,99.0,57.0,40.0,18.0,15.0,9.0,14.0,101.0,722.0,64.0,1028.0,2024
2024-1096,Hua Hin,Hard,32,I,2024-01-29,272,222296,,,Zhuoxuan Bai,R,,CHN,21.2,203564,,Q,Chloe Paquet,R,179.0,FRA,29.5,7-6(5) 6-3,3,R32,115.0,3.0,0.0,68.0,46.0,30.0,10.0,10.0,3.0,7.0,5.0,2.0,77.0,45.0,27.0,11.0,11.0,5.0,11.0,90.0,829.0,152.0,494.0,2024
2024-1096,Hua Hin,Hard,32,I,2024-01-29,299,223670,,,Diana Shnaider,L,,RUS,19.8,216133,3.0,,Xin Yu Wang,R,182.0,CHN,22.3,6-2 7-6(5),3,SF,98.0,1.0,2.0,64.0,33.0,24.0,20.0,10.0,4.0,5.0,3.0,5.0,74.0,43.0,27.0,14.0,10.0,4.0,7.0,108.0,685.0,40.0,1293.0,2024
2024-1096,Hua Hin,Hard,32,I,2024-01-29,298,202684,2.0,,Lin Zhu,R,173.0,CHN,30.0,206374,,,Yafan Wang,R,170.0,CHN,29.7,6-3 6-2,3,SF,84.0,2.0,3.0,52.0,27.0,19.0,14.0,8.0,4.0,5.0,2.0,4.0,60.0,36.0,17.0,13.0,9.0,3.0,8.0,45.0,1234.0,78.0,900.0,2024
2024-1096,Hua Hin,Hard,32,I,2024-01-29,297,223670,,,Diana Shnaider,L,,RUS,19.8,213646,,Q,Dalma Galfi,R,178.0,HUN,25.4,6-2 6-1,3,QF,75.0,1.0,1.0,53.0,31.0,24.0,13.0,8.0,4.0,4.0,0.0,2.0,42.0,25.0,15.0,4.0,7.0,5.0,9.0,108.0,685.0,137.0,556.0,2024
2024-1096,Hua Hin,Hard,32,I,2024-01-29,296,216133,3.0,,Xin Yu Wang,R,182.0,CHN,22.3,201709,7.0,,Yulia Putintseva,R,163.0,KAZ,29.0,6-1 3-6 6-3,3,QF,132.0,1.0,7.0,95.0,58.0,36.0,12.0,13.0,10.0,16.0,1.0,1.0,79.0,55.0,23.0,10.0,12.0,4.0,12.0,40.0,1293.0,70.0,954.0,2024
2024-1096,Hua Hin,Hard,32,I,2024-01-29,295,206374,,,Yafan Wang,R,170.0,CHN,29.7,220465,,,Katie Volynets,R,,USA,22.0,1-6 6-3 7-6(4),3,QF,160.0,2.0,4.0,93.0,54.0,35.0,20.0,14.0,2.0,6.0,3.0,3.0,97.0,65.0,42.0,18.0,14.0,4.0,7.0,78.0,900.0,125.0,602.0,2024
2024-1096,Hua Hin,Hard,32,I,2024-01-29,294,202684,2.0,,Lin Zhu,R,173.0,CHN,30.0,201613,,,Arina Rodionova,R,168.0,AUS,34.1,6-3 6-3,3,QF,75.0,5.0,2.0,53.0,29.0,22.0,12.0,9.0,1.0,3.0,1.0,3.0,45.0,26.0,15.0,8.0,9.0,3.0,8.0,45.0,1234.0,101.0,722.0,2024
2024-1096,Hua Hin,Hard,32,I,2024-01-29,293,223670,,,Diana Shnaider,L,,RUS,19.8,211651,,,Paula Badosa,R,180.0,ESP,26.2,6-2 3-4 RET,3,R16,74.0,1.0,2.0,42.0,27.0,21.0,7.0,8.0,1.0,2.0,0.0,5.0,63.0,33.0,21.0,13.0,8.0,6.0,9.0,108.0,685.0,83.0,868.0,2024
2024-1096,Hua Hin,Hard,32,I,2024-01-29,292,213646,,Q,Dalma Galfi,R,178.0,HUN,25.4,216016,5.0,,Xiyu Wang,L,,CHN,22.8,6-4 3-6 7-5,3,R16,170.0,5.0,4.0,87.0,58.0,45.0,11.0,15.0,1.0,4.0,5.0,4.0,110.0,67.0,43.0,23.0,16.0,3.0,7.0,137.0,556.0,63.0,1034.0,2024
2024-1096,Hua Hin,Hard,32,I,2024-01-29,291,216133,3.0,,Xin Yu Wang,R,182.0,CHN,22.3,211702,,,Nao Hibino,R,163.0,JPN,29.1,7-5 6-4,3,R16,91.0,2.0,3.0,62.0,39.0,31.0,11.0,11.0,4.0,6.0,3.0,3.0,68.0,43.0,27.0,13.0,11.0,6.0,10.0,40.0,1293.0,94.0,788.0,2024
2024-1096,Hua Hin,Hard,32,I,2024-01-29,290,201709,7.0,,Yulia Putintseva,R,163.0,KAZ,29.0,203530,,,Viktorija Golubic,R,169.0,SUI,31.2,7-6(0) 7-6(1),3,R16,131.0,0.0,1.0,87.0,62.0,37.0,12.0,12.0,8.0,13.0,2.0,3.0,84.0,50.0,28.0,15.0,12.0,4.0,9.0,70.0,954.0,71.0,949.0,2024
2024-1096,Hua Hin,Hard,32,I,2024-01-29,289,206374,,,Yafan Wang,R,170.0,CHN,29.7,203533,8.0,,Anna Karolina Schmiedlova,R,176.0,SVK,29.3,6-2 6-4,3,R16,92.0,3.0,4.0,54.0,35.0,28.0,8.0,9.0,4.0,5.0,1.0,5.0,63.0,35.0,19.0,15.0,9.0,5.0,9.0,78.0,900.0,79.0,896.0,2024
2024-1096,Hua Hin,Hard,32,I,2024-01-29,288,220465,,,Katie Volynets,R,,USA,22.0,213583,4.0,,Tatjana Maria,R,172.0,GER,36.4,5-7 6-2 6-2,3,R16,167.0,0.0,1.0,90.0,65.0,39.0,15.0,14.0,5.0,8.0,7.0,7.0,116.0,64.0,39.0,22.0,14.0,14.0,20.0,125.0,602.0,44.0,1235.0,2024
2024-1096,Hua Hin,Hard,32,I,2024-01-29,287,201613,,,Arina Rodionova,R,168.0,AUS,34.1,222296,,,Zhuoxuan Bai,R,,CHN,21.2,3-6 6-1 6-0,3,R16,117.0,0.0,0.0,61.0,38.0,17.0,11.0,11.0,1.0,7.0,3.0,3.0,82.0,58.0,38.0,11.0,11.0,6.0,8.0,101.0,722.0,90.0,829.0,2024
2024-1096,Hua Hin,Hard,32,I,2024-01-29,300,223670,,,Diana Shnaider,L,,RUS,19.8,202684,2.0,,Lin Zhu,R,173.0,CHN,30.0,6-3 2-6 6-1,3,F,119.0,1.0,1.0,72.0,39.0,23.0,21.0,12.0,4.0,7.0,0.0,0.0,68.0,33.0,24.0,13.0,12.0,0.0,5.0,108.0,685.0,45.0,1234.0,2024
2024-1096,Hua Hin,Hard,32,I,2024-01-29,285,223670,,,Diana Shnaider,L,,RUS,19.8,202663,1.0,,Magda Linette,R,171.0,POL,31.9,6-4 1-6 6-1,3,R32,129.0,4.0,2.0,80.0,48.0,33.0,16.0,12.0,6.0,9.0,2.0,1.0,82.0,54.0,35.0,11.0,12.0,9.0,13.0,108.0,685.0,56.0,1126.0,2024
2024-1096,Hua Hin,Hard,32,I,2024-01-29,286,202684,2.0,,Lin Zhu,R,173.0,CHN,30.0,222258,,,Linda Fruhvirtova,R,,CZE,18.7,6-2 6-2,3,R16,78.0,2.0,0.0,51.0,28.0,20.0,16.0,8.0,3.0,3.0,1.0,4.0,47.0,29.0,20.0,3.0,8.0,1.0,5.0,45.0,1234.0,126.0,599.0,2024
2024-1096,Hua Hin,Hard,32,I,2024-01-29,275,220465,,,Katie Volynets,R,,USA,22.0,214461,,,Tamara Zidansek,R,168.0,SLO,26.0,6-2 6-2,3,R32,102.0,1.0,2.0,49.0,40.0,24.0,4.0,8.0,2.0,5.0,0.0,4.0,76.0,43.0,17.0,14.0,8.0,11.0,18.0,125.0,602.0,97.0,745.0,2024
2024-1096,Hua Hin,Hard,32,I,2024-01-29,276,206374,,,Yafan Wang,R,170.0,CHN,29.7,252499,,Q,Alina Korneeva,U,,RUS,16.6,6-2 6-4,3,R32,92.0,2.0,2.0,64.0,36.0,27.0,14.0,9.0,5.0,6.0,2.0,2.0,56.0,24.0,14.0,16.0,9.0,2.0,6.0,78.0,900.0,141.0,537.0,2024
2024-1096,Hua Hin,Hard,32,I,2024-01-29,277,203533,8.0,,Anna Karolina Schmiedlova,R,176.0,SVK,29.3,215988,,Q,Mai Hontama,R,,JPN,24.4,7-6(5) 7-6(8),3,R32,165.0,1.0,5.0,90.0,53.0,28.0,18.0,12.0,1.0,6.0,4.0,7.0,117.0,72.0,47.0,11.0,12.0,9.0,14.0,79.0,896.0,117.0,635.0,2024
2024-1096,Hua Hin,Hard,32,I,2024-01-29,278,201709,7.0,,Yulia Putintseva,R,163.0,KAZ,29.0,220597,,WC,Thasaporn Naklo,R,,THA,22.4,5-7 6-3 6-2,3,R32,142.0,2.0,4.0,97.0,63.0,43.0,12.0,14.0,6.0,11.0,3.0,10.0,103.0,53.0,28.0,23.0,15.0,5.0,13.0,70.0,954.0,406.0,148.0,2024
2024-1096,Hua Hin,Hard,32,I,2024-01-29,279,203530,,,Viktorija Golubic,R,169.0,SUI,31.2,206007,,,Laura Pigossi,R,164.0,BRA,29.4,6-1 6-2,3,R32,74.0,1.0,1.0,53.0,41.0,24.0,8.0,8.0,3.0,5.0,0.0,0.0,47.0,36.0,12.0,4.0,7.0,3.0,9.0,71.0,949.0,114.0,641.0,2024
2024-1096,Hua Hin,Hard,32,I,2024-01-29,274,213583,4.0,,Tatjana Maria,R,172.0,GER,36.4,215996,,Q,Arianne Hartono,R,,NED,27.7,6-3 6-1,3,R32,71.0,4.0,3.0,44.0,24.0,18.0,13.0,8.0,0.0,1.0,0.0,4.0,49.0,21.0,16.0,7.0,8.0,1.0,6.0,44.0,1235.0,156.0,487.0,2024
2024-1096,Hua Hin,Hard,32,I,2024-01-29,281,216133,3.0,,Xin Yu Wang,R,182.0,CHN,22.3,211765,,,Emina Bektas,R,,USA,30.8,5-2 RET,3,R32,33.0,3.0,3.0,23.0,10.0,7.0,8.0,3.0,2.0,2.0,0.0,5.0,22.0,11.0,9.0,2.0,4.0,0.0,2.0,40.0,1293.0,93.0,812.0,2024
2024-1096,Hua Hin,Hard,32,I,2024-01-29,282,216016,5.0,,Xiyu Wang,L,,CHN,22.8,202492,,,Qiang Wang,R,172.0,CHN,32.0,6-1 6-1,3,R32,58.0,0.0,1.0,37.0,26.0,20.0,6.0,7.0,1.0,2.0,0.0,1.0,39.0,19.0,7.0,7.0,7.0,1.0,7.0,63.0,1034.0,,,2024
2024-1096,Hua Hin,Hard,32,I,2024-01-29,283,213646,,Q,Dalma Galfi,R,178.0,HUN,25.4,201548,,WC,Ajla Tomljanovic,R,180.0,AUS,30.7,6-3 6-0,3,R32,68.0,2.0,3.0,52.0,26.0,18.0,15.0,8.0,2.0,3.0,1.0,4.0,39.0,20.0,11.0,5.0,7.0,2.0,7.0,137.0,556.0,227.0,341.0,2024
2024-1096,Hua Hin,Hard,32,I,2024-01-29,284,211651,,,Paula Badosa,R,180.0,ESP,26.2,222290,,WC,Lanlana Tararudee,R,,THA,19.5,3-6 6-4 6-1,3,R32,117.0,3.0,11.0,95.0,57.0,43.0,14.0,13.0,14.0,17.0,1.0,7.0,74.0,38.0,25.0,16.0,13.0,5.0,10.0,83.0,868.0,298.0,231.0,2024
2024-1096,Hua Hin,Hard,32,I,2024-01-29,280,211702,,,Nao Hibino,R,163.0,JPN,29.1,215872,,,Kamilla Rakhimova,R,,RUS,22.4,7-6(4) 6-0,3,R32,91.0,3.0,1.0,68.0,47.0,26.0,13.0,9.0,5.0,7.0,3.0,1.0,58.0,35.0,17.0,10.0,9.0,3.0,8.0,94.0,788.0,84.0,853.0,2024
2024-2050,Cluj-Napoca,Hard,32,I,2024-02-05,287,201662,,,Karolina Pliskova,R,184.0,CZE,31.8,215785,,,Camila Osorio,R,162.0,COL,22.1,6-2 6-1,3,R16,56.0,2.0,4.0,38.0,21.0,17.0,10.0,7.0,2.0,3.0,0.0,4.0,42.0,26.0,12.0,5.0,8.0,3.0,9.0,78.0,902.0,101.0,724.0,2024
2024-2050,Cluj-Napoca,Hard,32,I,2024-02-05,288,203463,,,Nuria Parrizas Diaz,R,167.0,ESP,32.5,215020,3.0,,Anna Blinkova,R,179.0,RUS,25.4,6-1 3-6 6-4,3,R16,110.0,0.0,2.0,87.0,54.0,33.0,15.0,13.0,8.0,12.0,5.0,3.0,77.0,49.0,30.0,10.0,13.0,7.0,13.0,132.0,556.0,51.0,1192.0,2024
2024-2050,Cluj-Napoca,Hard,32,I,2024-02-05,289,211279,,Q,Harriet Dart,R,175.0,GBR,27.5,220714,5.0,,Elisabetta Cocciaretto,R,,ITA,23.0,5-7 7-5 6-3,3,R16,158.0,3.0,8.0,104.0,57.0,44.0,18.0,17.0,5.0,10.0,1.0,3.0,103.0,72.0,43.0,15.0,16.0,9.0,15.0,103.0,699.0,56.0,1119.0,2024
2024-2050,Cluj-Napoca,Hard,32,I,2024-02-05,290,201545,,,Anastasija Sevastova,R,169.0,LAT,33.8,220589,6.0,,Elina Avanesyan,R,,ARM,21.3,6-2 6-7(5) 2-0 RET,3,R16,111.0,3.0,1.0,89.0,60.0,33.0,16.0,11.0,6.0,10.0,0.0,0.0,74.0,50.0,23.0,13.0,11.0,6.0,13.0,656.0,58.0,61.0,1049.0,2024
2024-2050,Cluj-Napoca,Hard,32,I,2024-02-05,291,211713,,,Jaqueline Cristian,R,180.0,ROU,25.6,220704,,,Clara Tauson,R,182.0,DEN,21.1,6-4 6-0,3,R16,81.0,4.0,2.0,49.0,32.0,27.0,9.0,8.0,2.0,2.0,2.0,7.0,55.0,30.0,19.0,9.0,8.0,6.0,10.0,81.0,891.0,80.0,895.0,2024
2024-2050,Cluj-Napoca,Hard,32,I,2024-02-05,293,201551,1.0,,Arantxa Rus,L,180.0,NED,33.1,201427,,Q,Alize Cornet,R,173.0,FRA,34.0,4-6 6-4 6-0,3,R16,171.0,3.0,8.0,109.0,65.0,43.0,20.0,13.0,15.0,19.0,0.0,5.0,87.0,59.0,32.0,13.0,13.0,4.0,11.0,45.0,1238.0,104.0,690.0,2024
2024-2050,Cluj-Napoca,Hard,32,I,2024-02-05,294,201662,,,Karolina Pliskova,R,184.0,CZE,31.8,201506,,,Sara Errani,R,164.0,ITA,36.7,6-2 6-0,3,QF,61.0,4.0,0.0,44.0,22.0,20.0,12.0,7.0,2.0,2.0,0.0,2.0,47.0,32.0,16.0,4.0,7.0,3.0,8.0,78.0,902.0,98.0,751.0,2024
2024-2050,Cluj-Napoca,Hard,32,I,2024-02-05,295,211279,,Q,Harriet Dart,R,175.0,GBR,27.5,203463,,,Nuria Parrizas Diaz,R,167.0,ESP,32.5,6-3 6-2,3,QF,97.0,2.0,4.0,64.0,44.0,26.0,11.0,9.0,5.0,8.0,0.0,0.0,75.0,49.0,25.0,7.0,8.0,11.0,17.0,103.0,699.0,132.0,556.0,2024
2024-2050,Cluj-Napoca,Hard,32,I,2024-02-05,296,211713,,,Jaqueline Cristian,R,180.0,ROU,25.6,201545,,,Anastasija Sevastova,R,169.0,LAT,33.8,6-3 7-5,3,QF,98.0,6.0,4.0,68.0,47.0,31.0,7.0,10.0,7.0,10.0,0.0,0.0,74.0,60.0,30.0,6.0,11.0,2.0,8.0,81.0,891.0,656.0,58.0,2024
2024-2050,Cluj-Napoca,Hard,32,I,2024-02-05,286,201506,,,Sara Errani,R,164.0,ITA,36.7,213583,2.0,,Tatjana Maria,R,172.0,GER,36.4,6-0 6-1,3,R16,60.0,0.0,1.0,38.0,33.0,26.0,4.0,7.0,1.0,1.0,2.0,3.0,52.0,29.0,15.0,7.0,6.0,2.0,7.0,98.0,751.0,49.0,1205.0,2024
2024-2050,Cluj-Napoca,Hard,32,I,2024-02-05,297,202536,8.0,,Ana Bogdan,R,171.0,ROU,31.1,201551,1.0,,Arantxa Rus,L,180.0,NED,33.1,3-6 7-6(6) 7-6(5),3,QF,208.0,8.0,0.0,111.0,70.0,44.0,21.0,16.0,12.0,18.0,4.0,8.0,120.0,77.0,50.0,20.0,17.0,5.0,10.0,65.0,1016.0,45.0,1238.0,2024
2024-2050,Cluj-Napoca,Hard,32,I,2024-02-05,292,202536,8.0,,Ana Bogdan,R,171.0,ROU,31.1,222965,,Q,Erika Andreeva,R,,RUS,19.6,6-4 6-4,3,R16,108.0,3.0,1.0,62.0,35.0,21.0,16.0,10.0,5.0,8.0,1.0,2.0,60.0,43.0,25.0,6.0,10.0,3.0,8.0,65.0,1016.0,112.0,653.0,2024
2024-2050,Cluj-Napoca,Hard,32,I,2024-02-05,285,201551,1.0,,Arantxa Rus,L,180.0,NED,33.1,213889,,,Greet Minnen,R,,BEL,26.4,7-5 6-1,3,R32,97.0,3.0,1.0,59.0,45.0,34.0,7.0,10.0,4.0,5.0,0.0,4.0,75.0,36.0,21.0,16.0,9.0,9.0,13.0,45.0,1238.0,75.0,928.0,2024
2024-2050,Cluj-Napoca,Hard,32,I,2024-02-05,278,220589,6.0,,Elina Avanesyan,R,,ARM,21.3,211337,,,Tamara Korpatsch,R,170.0,GER,28.7,6-4 7-6(3),3,R32,122.0,0.0,0.0,78.0,55.0,32.0,11.0,11.0,4.0,9.0,2.0,3.0,78.0,39.0,16.0,23.0,11.0,5.0,11.0,61.0,1049.0,77.0,918.0,2024
2024-2050,Cluj-Napoca,Hard,32,I,2024-02-05,283,222965,,Q,Erika Andreeva,R,,RUS,19.6,223331,,WC,Anca Alexia Todoni,R,,ROU,19.3,6-3 6-4,3,R32,99.0,6.0,1.0,64.0,41.0,35.0,11.0,10.0,4.0,4.0,5.0,0.0,71.0,43.0,28.0,13.0,9.0,6.0,8.0,112.0,653.0,230.0,331.0,2024
2024-2050,Cluj-Napoca,Hard,32,I,2024-02-05,282,202536,8.0,,Ana Bogdan,R,171.0,ROU,31.1,219917,,,Alycia Parks,R,185.0,USA,23.0,7-5 7-5,3,R32,124.0,1.0,2.0,68.0,49.0,32.0,10.0,12.0,6.0,9.0,6.0,8.0,78.0,37.0,24.0,16.0,12.0,2.0,7.0,65.0,1016.0,110.0,669.0,2024
2024-2050,Cluj-Napoca,Hard,32,I,2024-02-05,281,220704,,,Clara Tauson,R,182.0,DEN,21.1,206408,9.0,,Nadia Podoroska,R,170.0,ARG,26.9,6-3 6-1,3,R32,74.0,3.0,4.0,57.0,28.0,19.0,14.0,8.0,4.0,6.0,3.0,3.0,48.0,29.0,12.0,7.0,8.0,1.0,7.0,80.0,895.0,85.0,867.0,2024
2024-2050,Cluj-Napoca,Hard,32,I,2024-02-05,280,211713,,,Jaqueline Cristian,R,180.0,ROU,25.6,215453,,LL,Marina Bassols Ribera,R,165.0,ESP,24.1,6-3 6-2,3,R32,78.0,4.0,2.0,51.0,28.0,23.0,17.0,9.0,4.0,4.0,1.0,2.0,48.0,21.0,11.0,14.0,8.0,4.0,7.0,81.0,891.0,105.0,688.0,2024
2024-2050,Cluj-Napoca,Hard,32,I,2024-02-05,279,201545,,,Anastasija Sevastova,R,169.0,LAT,33.8,202671,,WC,Cristina Andreea Mitu,R,175.0,ROU,32.3,6-2 6-3,3,R32,89.0,0.0,1.0,37.0,23.0,19.0,9.0,8.0,0.0,1.0,1.0,9.0,73.0,37.0,23.0,13.0,9.0,13.0,18.0,656.0,58.0,216.0,350.0,2024
2024-2050,Cluj-Napoca,Hard,32,I,2024-02-05,277,220714,5.0,,Elisabetta Cocciaretto,R,,ITA,23.0,215306,,Q,Emiliana Arango,R,,COL,23.1,6-0 6-1,3,R32,67.0,1.0,2.0,38.0,28.0,18.0,5.0,6.0,0.0,1.0,1.0,2.0,62.0,38.0,17.0,6.0,7.0,7.0,14.0,56.0,1119.0,122.0,611.0,2024
2024-2050,Cluj-Napoca,Hard,32,I,2024-02-05,276,211279,,Q,Harriet Dart,R,175.0,GBR,27.5,214388,,LL,Anna Bondar,R,,HUN,26.6,6-4 7-6(0),3,R32,100.0,4.0,5.0,69.0,41.0,34.0,16.0,11.0,3.0,4.0,6.0,0.0,72.0,46.0,33.0,12.0,11.0,5.0,7.0,103.0,699.0,125.0,601.0,2024
2024-2050,Cluj-Napoca,Hard,32,I,2024-02-05,275,203463,,,Nuria Parrizas Diaz,R,167.0,ESP,32.5,201696,,,Laura Siegemund,R,168.0,GER,35.9,6-4 6-4,3,R32,121.0,1.0,1.0,81.0,56.0,33.0,9.0,10.0,4.0,8.0,0.0,2.0,62.0,48.0,23.0,6.0,10.0,5.0,11.0,132.0,556.0,90.0,832.0,2024
2024-2050,Cluj-Napoca,Hard,32,I,2024-02-05,274,215020,3.0,,Anna Blinkova,R,179.0,RUS,25.4,215899,,Q,Simona Waltert,R,,SUI,23.1,6-3 6-0,3,R32,69.0,2.0,3.0,49.0,29.0,20.0,8.0,7.0,4.0,6.0,1.0,5.0,50.0,26.0,11.0,7.0,8.0,3.0,10.0,51.0,1192.0,175.0,437.0,2024
2024-2050,Cluj-Napoca,Hard,32,I,2024-02-05,273,215785,,,Camila Osorio,R,162.0,COL,22.1,202600,7.0,,Viktoriya Tomova,R,170.0,BUL,28.9,6-2 6-4,3,R32,78.0,2.0,2.0,54.0,34.0,19.0,14.0,9.0,2.0,5.0,0.0,3.0,57.0,39.0,19.0,5.0,9.0,5.0,11.0,101.0,724.0,64.0,1017.0,2024
2024-2050,Cluj-Napoca,Hard,32,I,2024-02-05,272,201662,,,Karolina Pliskova,R,184.0,CZE,31.8,221257,,Q,Sinja Kraus,R,,AUT,21.7,6-4 7-6(6),3,R32,98.0,14.0,5.0,75.0,49.0,38.0,9.0,11.0,1.0,3.0,4.0,2.0,75.0,45.0,32.0,13.0,11.0,6.0,9.0,78.0,902.0,188.0,418.0,2024
2024-2050,Cluj-Napoca,Hard,32,I,2024-02-05,271,201506,,,Sara Errani,R,164.0,ITA,36.7,216083,,,Caty Mcnally,R,,USA,22.2,6-2 6-4,3,R32,80.0,0.0,2.0,58.0,46.0,26.0,5.0,9.0,5.0,9.0,0.0,2.0,46.0,28.0,11.0,6.0,9.0,3.0,10.0,98.0,751.0,170.0,447.0,2024
2024-2050,Cluj-Napoca,Hard,32,I,2024-02-05,270,213583,2.0,,Tatjana Maria,R,172.0,GER,36.4,222296,,,Zhuoxuan Bai,R,,CHN,21.2,7-5 6-3,3,R32,84.0,6.0,2.0,62.0,35.0,28.0,14.0,11.0,0.0,2.0,3.0,2.0,58.0,36.0,22.0,10.0,10.0,1.0,5.0,49.0,1205.0,87.0,850.0,2024
2024-2050,Cluj-Napoca,Hard,32,I,2024-02-05,284,201427,,Q,Alize Cornet,R,173.0,FRA,34.0,201518,,,Yanina Wickmayer,R,182.0,BEL,34.2,7-5 4-6 6-3,3,R32,171.0,5.0,7.0,122.0,71.0,50.0,26.0,16.0,10.0,13.0,1.0,6.0,90.0,57.0,37.0,17.0,15.0,3.0,7.0,104.0,690.0,83.0,883.0,2024
2024-2050,Cluj-Napoca,Hard,32,I,2024-02-05,298,201662,,,Karolina Pliskova,R,184.0,CZE,31.8,211279,,Q,Harriet Dart,R,175.0,GBR,27.5,6-3 6-3,3,SF,83.0,2.0,6.0,56.0,35.0,24.0,9.0,9.0,0.0,2.0,2.0,6.0,64.0,32.0,21.0,8.0,9.0,4.0,9.0,78.0,902.0,103.0,699.0,2024
2024-2050,Cluj-Napoca,Hard,32,I,2024-02-05,300,201662,,,Karolina Pliskova,R,184.0,CZE,31.8,202536,8.0,,Ana Bogdan,R,171.0,ROU,31.1,6-4 6-3,3,F,85.0,4.0,4.0,51.0,37.0,29.0,7.0,9.0,3.0,4.0,6.0,0.0,62.0,39.0,22.0,12.0,10.0,7.0,11.0,78.0,902.0,65.0,1016.0,2024
2024-2088,Abu Dhabi,Hard,32,P,2024-02-05,271,221054,,WC,Emma Raducanu,R,175.0,GBR,21.2,213631,,,Marie Bouzkova,R,180.0,CZE,25.5,6-4 6-1,3,R32,82.0,0.0,1.0,48.0,33.0,22.0,6.0,8.0,0.0,3.0,0.0,0.0,54.0,37.0,15.0,5.0,9.0,2.0,9.0,296.0,231.0,36.0,1382.0,2024
2024-2050,Cluj-Napoca,Hard,32,I,2024-02-05,299,202536,8.0,,Ana Bogdan,R,171.0,ROU,31.1,211713,,,Jaqueline Cristian,R,180.0,ROU,25.6,6-3 3-6 6-4,3,SF,173.0,6.0,0.0,92.0,58.0,38.0,18.0,14.0,8.0,11.0,5.0,4.0,94.0,50.0,38.0,20.0,14.0,9.0,13.0,65.0,1016.0,81.0,891.0,2024
2024-2088,Abu Dhabi,Hard,32,P,2024-02-05,300,214981,1.0,,Elena Rybakina,R,184.0,KAZ,24.6,214082,7.0,,Daria Kasatkina,R,170.0,RUS,26.7,6-1 6-4,3,F,68.0,3.0,2.0,49.0,37.0,26.0,3.0,9.0,2.0,5.0,0.0,9.0,52.0,38.0,18.0,2.0,8.0,4.0,10.0,5.0,5688.0,14.0,2838.0,2024
2024-2088,Abu Dhabi,Hard,32,P,2024-02-05,299,214981,1.0,,Elena Rybakina,R,184.0,KAZ,24.6,214643,8.0,,Liudmila Samsonova,R,180.0,RUS,25.2,6-0 4-6 6-2,3,SF,111.0,9.0,1.0,70.0,45.0,33.0,12.0,12.0,1.0,3.0,6.0,7.0,84.0,45.0,27.0,15.0,12.0,9.0,15.0,5.0,5688.0,15.0,2700.0,2024
2024-2088,Abu Dhabi,Hard,32,P,2024-02-05,298,214082,7.0,,Daria Kasatkina,R,170.0,RUS,26.7,206242,6.0,,Beatriz Haddad Maia,L,185.0,BRA,27.6,6-3 4-6 7-6(2),3,SF,179.0,1.0,4.0,109.0,83.0,48.0,12.0,15.0,8.0,14.0,3.0,1.0,108.0,85.0,49.0,5.0,16.0,9.0,16.0,14.0,2838.0,13.0,2950.0,2024
2024-2088,Abu Dhabi,Hard,32,P,2024-02-05,297,214981,1.0,,Elena Rybakina,R,184.0,KAZ,24.6,213710,,LL,Cristina Bucsa,R,,ESP,26.0,6-1 6-4,3,QF,64.0,7.0,3.0,48.0,33.0,28.0,8.0,9.0,0.0,1.0,2.0,4.0,55.0,37.0,21.0,6.0,8.0,7.0,11.0,5.0,5688.0,74.0,928.0,2024
2024-2088,Abu Dhabi,Hard,32,P,2024-02-05,296,214643,8.0,,Liudmila Samsonova,R,180.0,RUS,25.2,206252,4.0,,Barbora Krejcikova,R,178.0,CZE,28.1,7-5 6-4,3,QF,104.0,4.0,3.0,62.0,31.0,25.0,16.0,11.0,4.0,6.0,4.0,2.0,77.0,39.0,27.0,17.0,11.0,7.0,11.0,15.0,2700.0,12.0,3081.0,2024
2024-2088,Abu Dhabi,Hard,32,P,2024-02-05,295,214082,7.0,,Daria Kasatkina,R,170.0,RUS,26.7,201514,,,Sorana Cirstea,R,176.0,ROU,33.8,6-2 6-0,3,QF,74.0,1.0,3.0,58.0,42.0,28.0,8.0,7.0,2.0,2.0,0.0,2.0,55.0,36.0,20.0,5.0,7.0,5.0,10.0,14.0,2838.0,26.0,1722.0,2024
2024-2088,Abu Dhabi,Hard,32,P,2024-02-05,294,206242,6.0,,Beatriz Haddad Maia,L,185.0,BRA,27.6,202460,2.0,,Ons Jabeur,R,167.0,TUN,29.4,6-3 6-4,3,QF,90.0,0.0,3.0,65.0,51.0,35.0,8.0,10.0,4.0,5.0,4.0,2.0,59.0,40.0,26.0,7.0,9.0,2.0,5.0,13.0,2950.0,6.0,4076.0,2024
2024-2088,Abu Dhabi,Hard,32,P,2024-02-05,292,213710,,LL,Cristina Bucsa,R,,ESP,26.0,201586,,Q,Heather Watson,R,170.0,GBR,31.7,7-6(1) 7-5,3,R16,103.0,2.0,3.0,70.0,45.0,35.0,12.0,12.0,2.0,4.0,0.0,5.0,76.0,44.0,30.0,16.0,12.0,6.0,9.0,74.0,928.0,156.0,482.0,2024
2024-2088,Abu Dhabi,Hard,32,P,2024-02-05,291,206252,4.0,,Barbora Krejcikova,R,178.0,CZE,28.1,204427,,LL,Sara Sorribes Tormo,R,176.0,ESP,27.3,6-2 1-0 RET,3,R16,47.0,1.0,1.0,22.0,17.0,15.0,2.0,5.0,0.0,0.0,0.0,1.0,27.0,22.0,10.0,2.0,5.0,0.0,3.0,12.0,3081.0,54.0,1137.0,2024
2024-2088,Abu Dhabi,Hard,32,P,2024-02-05,290,214643,8.0,,Liudmila Samsonova,R,180.0,RUS,25.2,211843,,,Anhelina Kalinina,R,179.0,UKR,26.9,6-1 6-3,3,R16,68.0,5.0,4.0,49.0,16.0,14.0,19.0,8.0,3.0,4.0,1.0,4.0,46.0,28.0,13.0,7.0,8.0,5.0,10.0,15.0,2700.0,32.0,1480.0,2024
2024-2088,Abu Dhabi,Hard,32,P,2024-02-05,289,214082,7.0,,Daria Kasatkina,R,170.0,RUS,26.7,221909,,Q,Ashlyn Krueger,R,185.0,USA,19.7,6-3 7-5,3,R16,92.0,0.0,3.0,63.0,48.0,31.0,9.0,10.0,2.0,3.0,2.0,1.0,74.0,50.0,32.0,10.0,11.0,4.0,8.0,14.0,2838.0,82.0,886.0,2024
2024-2088,Abu Dhabi,Hard,32,P,2024-02-05,288,201514,,,Sorana Cirstea,R,176.0,ROU,33.8,206289,3.0,,Maria Sakkari,R,172.0,GRE,28.5,6-2 6-1,3,R16,76.0,1.0,1.0,48.0,32.0,24.0,9.0,7.0,6.0,6.0,0.0,6.0,64.0,38.0,21.0,10.0,8.0,11.0,16.0,26.0,1722.0,9.0,3710.0,2024
2024-2088,Abu Dhabi,Hard,32,P,2024-02-05,293,214981,1.0,,Elena Rybakina,R,184.0,KAZ,24.6,203389,,Q,Danielle Collins,R,178.0,USA,30.1,4-6 6-3 6-3,3,R16,137.0,3.0,0.0,89.0,60.0,36.0,17.0,14.0,5.0,9.0,2.0,1.0,98.0,63.0,38.0,16.0,14.0,6.0,12.0,5.0,5688.0,71.0,962.0,2024
2024-2088,Abu Dhabi,Hard,32,P,2024-02-05,286,202460,2.0,,Ons Jabeur,R,167.0,TUN,29.4,221054,,WC,Emma Raducanu,R,175.0,GBR,21.2,6-4 6-1,3,R16,78.0,8.0,0.0,50.0,29.0,24.0,9.0,8.0,2.0,3.0,0.0,2.0,68.0,49.0,26.0,9.0,9.0,6.0,11.0,6.0,4076.0,296.0,231.0,2024
2024-2088,Abu Dhabi,Hard,32,P,2024-02-05,287,206242,6.0,,Beatriz Haddad Maia,L,185.0,BRA,27.6,202663,,,Magda Linette,R,171.0,POL,31.9,7-6(6) 6-7(1) 6-1,3,R16,222.0,1.0,3.0,126.0,93.0,59.0,18.0,16.0,9.0,11.0,4.0,2.0,116.0,76.0,45.0,20.0,15.0,9.0,13.0,13.0,2950.0,55.0,1126.0,2024
2024-2088,Abu Dhabi,Hard,32,P,2024-02-05,273,206242,6.0,,Beatriz Haddad Maia,L,185.0,BRA,27.6,216016,,WC,Xiyu Wang,L,,CHN,22.8,6-2 7-6(4),3,R32,128.0,1.0,1.0,63.0,49.0,36.0,7.0,10.0,1.0,2.0,3.0,1.0,67.0,51.0,32.0,8.0,10.0,4.0,7.0,13.0,2950.0,60.0,1054.0,2024
2024-2088,Abu Dhabi,Hard,32,P,2024-02-05,275,201514,,,Sorana Cirstea,R,176.0,ROU,33.8,201614,,,Caroline Garcia,R,177.0,FRA,30.3,6-7(4) 6-4 6-4,3,R32,160.0,4.0,2.0,107.0,71.0,53.0,19.0,16.0,7.0,8.0,7.0,1.0,111.0,70.0,53.0,18.0,16.0,3.0,6.0,26.0,1722.0,21.0,2075.0,2024
2024-2088,Abu Dhabi,Hard,32,P,2024-02-05,276,221909,,Q,Ashlyn Krueger,R,185.0,USA,19.7,211095,,Q,Bernarda Pera,L,175.0,USA,29.1,6-2 5-7 6-3,3,R32,144.0,4.0,3.0,109.0,78.0,47.0,15.0,15.0,12.0,16.0,4.0,8.0,112.0,73.0,43.0,17.0,14.0,12.0,18.0,82.0,886.0,89.0,836.0,2024
2024-2088,Abu Dhabi,Hard,32,P,2024-02-05,277,214082,7.0,,Daria Kasatkina,R,170.0,RUS,26.7,220348,,Q,Diane Parry,R,170.0,FRA,21.4,6-4 5-7 6-4,3,R32,155.0,4.0,4.0,114.0,76.0,47.0,20.0,16.0,6.0,10.0,3.0,1.0,89.0,56.0,35.0,21.0,16.0,1.0,6.0,14.0,2838.0,59.0,1063.0,2024
2024-2088,Abu Dhabi,Hard,32,P,2024-02-05,278,214643,8.0,,Liudmila Samsonova,R,180.0,RUS,25.2,201615,,,Lesia Tsurenko,R,174.0,UKR,34.6,6-0 6-1,3,R32,51.0,4.0,2.0,34.0,22.0,18.0,7.0,6.0,1.0,1.0,0.0,7.0,43.0,28.0,10.0,4.0,7.0,3.0,9.0,15.0,2700.0,37.0,1363.0,2024
2024-2088,Abu Dhabi,Hard,32,P,2024-02-05,272,202663,,,Magda Linette,R,171.0,POL,31.9,223253,,WC,Alexandra Eala,L,173.0,PHI,18.7,7-6(4) 6-1,3,R32,111.0,1.0,0.0,64.0,45.0,30.0,11.0,9.0,3.0,4.0,0.0,5.0,77.0,55.0,29.0,12.0,10.0,5.0,9.0,55.0,1126.0,187.0,421.0,2024
2024-2088,Abu Dhabi,Hard,32,P,2024-02-05,280,204427,,LL,Sara Sorribes Tormo,R,176.0,ESP,27.3,222328,,Q,Linda Noskova,R,,CZE,19.2,6-3 3-6 6-3,3,R32,129.0,4.0,3.0,88.0,63.0,41.0,15.0,14.0,3.0,5.0,4.0,2.0,81.0,52.0,34.0,16.0,13.0,5.0,8.0,54.0,1137.0,31.0,1494.0,2024
2024-2088,Abu Dhabi,Hard,32,P,2024-02-05,282,201586,,Q,Heather Watson,R,170.0,GBR,31.7,206368,9.0,,Veronika Kudermetova,R,175.0,RUS,26.7,6-3 7-5,3,R32,103.0,5.0,1.0,73.0,52.0,33.0,13.0,11.0,4.0,5.0,5.0,3.0,56.0,33.0,25.0,9.0,10.0,0.0,3.0,156.0,482.0,16.0,2495.0,2024
2024-2088,Abu Dhabi,Hard,32,P,2024-02-05,283,213710,,LL,Cristina Bucsa,R,,ESP,26.0,216133,,,Xin Yu Wang,R,182.0,CHN,22.3,5-7 6-0 6-3,3,R32,112.0,0.0,3.0,83.0,55.0,38.0,13.0,14.0,4.0,8.0,1.0,6.0,81.0,49.0,22.0,16.0,13.0,4.0,11.0,74.0,928.0,41.0,1281.0,2024
2024-2088,Abu Dhabi,Hard,32,P,2024-02-05,284,203389,,Q,Danielle Collins,R,178.0,USA,30.1,211768,,WC,Naomi Osaka,R,180.0,JPN,26.3,7-5 6-0,3,R32,83.0,5.0,3.0,62.0,35.0,30.0,13.0,9.0,6.0,6.0,7.0,2.0,52.0,23.0,18.0,10.0,9.0,2.0,6.0,71.0,962.0,757.0,42.0,2024
2024-2088,Abu Dhabi,Hard,32,P,2024-02-05,279,211843,,,Anhelina Kalinina,R,179.0,UKR,26.9,214459,,LL,Lucia Bronzetti,R,,ITA,25.1,6-1 7-6(1),3,R32,104.0,3.0,4.0,63.0,45.0,31.0,12.0,10.0,1.0,2.0,5.0,5.0,73.0,45.0,27.0,12.0,9.0,8.0,11.0,32.0,1480.0,53.0,1139.0,2024
2024-1003,Doha,Hard,64,P,2024-02-12,259,201549,,,Petra Martic,R,181.0,CRO,33.0,201551,,,Arantxa Rus,L,180.0,NED,33.1,7-5 3-6 7-6(5),3,R64,176.0,6.0,6.0,107.0,59.0,45.0,20.0,16.0,4.0,8.0,8.0,3.0,120.0,80.0,52.0,18.0,17.0,6.0,10.0,67.0,1015.0,43.0,1271.0,2024
2024-1003,Doha,Hard,64,P,2024-02-12,260,201615,,,Lesia Tsurenko,R,174.0,UKR,34.7,220309,,WC,Zeynep Sonmez,R,,TUR,21.7,7-5 6-3,3,R64,95.0,0.0,3.0,65.0,40.0,22.0,12.0,10.0,4.0,8.0,1.0,7.0,84.0,49.0,28.0,12.0,11.0,10.0,17.0,37.0,1363.0,183.0,424.0,2024
2024-1003,Doha,Hard,64,P,2024-02-12,239,211701,,,Katerina Siniakova,R,174.0,CZE,27.7,202499,,,Donna Vekic,R,179.0,CRO,27.6,7-5 6-1,3,R64,78.0,1.0,3.0,58.0,39.0,25.0,9.0,9.0,4.0,7.0,1.0,6.0,52.0,26.0,16.0,2.0,10.0,0.0,7.0,42.0,1274.0,27.0,1580.0,2024
2024-1003,Doha,Hard,64,P,2024-02-12,263,211843,,,Anhelina Kalinina,R,179.0,UKR,27.0,221054,,WC,Emma Raducanu,R,175.0,GBR,21.2,6-0 7-6(6),3,R64,99.0,0.0,1.0,63.0,45.0,27.0,13.0,9.0,0.0,2.0,4.0,4.0,70.0,49.0,27.0,7.0,9.0,10.0,15.0,30.0,1510.0,262.0,291.0,2024
2024-1003,Doha,Hard,64,P,2024-02-12,264,201458,,,Victoria Azarenka,R,180.0,BLR,34.5,211684,,Q,Magdalena Frech,R,171.0,POL,26.1,6-3 3-6 6-3,3,R64,154.0,2.0,4.0,108.0,66.0,44.0,18.0,14.0,14.0,18.0,2.0,0.0,82.0,58.0,32.0,12.0,13.0,6.0,11.0,31.0,1471.0,52.0,1185.0,2024
2024-1003,Doha,Hard,64,P,2024-02-12,266,206420,14.0,,Ekaterina Alexandrova,R,175.0,RUS,29.2,202600,,LL,Viktoriya Tomova,R,170.0,BUL,28.9,7-6(5) 6-3,3,R64,89.0,5.0,2.0,69.0,48.0,37.0,5.0,11.0,5.0,8.0,0.0,2.0,61.0,46.0,25.0,9.0,10.0,4.0,8.0,19.0,2410.0,68.0,1014.0,2024
2024-1003,Doha,Hard,64,P,2024-02-12,267,222965,,Q,Erika Andreeva,R,,RUS,19.6,223670,,Q,Diana Shnaider,L,,RUS,19.8,7-6(2) 6-4,3,R64,104.0,5.0,1.0,64.0,52.0,38.0,7.0,11.0,2.0,4.0,3.0,2.0,73.0,48.0,28.0,14.0,11.0,1.0,4.0,106.0,686.0,75.0,934.0,2024
2024-1003,Doha,Hard,64,P,2024-02-12,268,201514,,,Sorana Cirstea,R,176.0,ROU,33.8,201585,,,Sloane Stephens,R,170.0,USA,30.8,6-3 6-2,3,R64,81.0,4.0,1.0,60.0,39.0,28.0,12.0,9.0,2.0,3.0,0.0,0.0,63.0,49.0,20.0,10.0,8.0,5.0,9.0,22.0,1829.0,39.0,1322.0,2024
2024-1003,Doha,Hard,64,P,2024-02-12,270,211701,,,Katerina Siniakova,R,174.0,CZE,27.7,221103,2.0,,Coco Gauff,R,175.0,USA,19.9,6-2 6-4,3,R32,80.0,1.0,3.0,55.0,34.0,21.0,9.0,9.0,5.0,8.0,2.0,1.0,61.0,38.0,21.0,7.0,9.0,8.0,14.0,42.0,1274.0,3.0,7200.0,2024
2024-1003,Doha,Hard,64,P,2024-02-12,258,211768,,,Naomi Osaka,R,180.0,JPN,26.3,201614,15.0,,Caroline Garcia,R,177.0,FRA,30.3,7-5 6-4,3,R64,88.0,6.0,3.0,76.0,37.0,32.0,19.0,11.0,7.0,8.0,4.0,1.0,55.0,32.0,20.0,15.0,11.0,0.0,3.0,747.0,43.0,21.0,2075.0,2024
2024-1003,Doha,Hard,64,P,2024-02-12,265,216133,,,Xin Yu Wang,R,182.0,CHN,22.3,206242,10.0,,Beatriz Haddad Maia,L,185.0,BRA,27.7,6-1 6-3,3,R64,69.0,0.0,2.0,43.0,26.0,23.0,11.0,8.0,1.0,1.0,1.0,3.0,48.0,32.0,18.0,6.0,8.0,3.0,7.0,41.0,1281.0,14.0,2960.0,2024
2024-1003,Doha,Hard,64,P,2024-02-12,257,215713,,,Anastasia Potapova,R,175.0,RUS,22.8,203354,,LL,Martina Trevisan,L,160.0,ITA,30.2,6-4 6-4,3,R64,103.0,1.0,3.0,79.0,47.0,31.0,16.0,10.0,6.0,8.0,0.0,4.0,71.0,48.0,25.0,12.0,10.0,8.0,12.0,34.0,1403.0,58.0,1105.0,2024
2024-1003,Doha,Hard,64,P,2024-02-12,271,203389,,Q,Danielle Collins,R,178.0,USA,30.1,213631,,,Marie Bouzkova,R,180.0,CZE,25.5,6-4 7-5,3,R32,114.0,3.0,3.0,70.0,43.0,31.0,12.0,11.0,9.0,12.0,4.0,4.0,66.0,46.0,29.0,6.0,11.0,3.0,8.0,63.0,1046.0,35.0,1382.0,2024
2024-1003,Doha,Hard,64,P,2024-02-12,255,222328,,,Linda Noskova,R,,CZE,19.2,211095,,Q,Bernarda Pera,L,175.0,USA,29.1,6-3 7-6(8),3,R64,80.0,11.0,3.0,67.0,43.0,30.0,12.0,11.0,2.0,6.0,4.0,5.0,67.0,40.0,21.0,11.0,10.0,3.0,8.0,28.0,1518.0,83.0,860.0,2024
2024-1003,Doha,Hard,64,P,2024-02-12,252,202663,,,Magda Linette,R,171.0,POL,32.0,211702,,Q,Nao Hibino,R,163.0,JPN,29.2,6-1 6-4,3,R64,112.0,5.0,0.0,93.0,67.0,38.0,17.0,9.0,12.0,13.0,0.0,5.0,61.0,34.0,21.0,11.0,8.0,4.0,8.0,53.0,1185.0,93.0,788.0,2024
2024-1003,Doha,Hard,64,P,2024-02-12,251,211651,,WC,Paula Badosa,R,180.0,ESP,26.2,221909,,Q,Ashlyn Krueger,R,185.0,USA,19.7,6-3 4-6 6-4,3,R64,143.0,3.0,1.0,96.0,43.0,29.0,25.0,14.0,7.0,12.0,1.0,6.0,102.0,70.0,43.0,10.0,15.0,8.0,15.0,79.0,898.0,74.0,942.0,2024
2024-1003,Doha,Hard,64,P,2024-02-12,250,220367,,,Leylah Fernandez,L,168.0,CAN,21.4,214643,12.0,,Liudmila Samsonova,R,180.0,RUS,25.2,7-5 7-6(4),3,R64,130.0,1.0,5.0,89.0,59.0,40.0,13.0,12.0,6.0,8.0,3.0,5.0,82.0,50.0,36.0,13.0,12.0,3.0,6.0,38.0,1355.0,15.0,2590.0,2024
2024-1003,Doha,Hard,64,P,2024-02-12,249,215613,16.0,,Emma Navarro,R,,USA,22.7,211148,,,Jasmine Paolini,R,160.0,ITA,28.1,6-3 7-5,3,R64,90.0,1.0,0.0,55.0,37.0,22.0,9.0,10.0,1.0,5.0,0.0,0.0,70.0,50.0,25.0,7.0,11.0,6.0,13.0,23.0,1803.0,24.0,1735.0,2024
2024-1003,Doha,Hard,64,P,2024-02-12,248,210722,,,Elise Mertens,R,179.0,BEL,28.2,220548,,,Peyton Stearns,R,,USA,22.3,6-2 6-3,3,R64,81.0,7.0,5.0,43.0,22.0,19.0,13.0,8.0,2.0,3.0,2.0,4.0,66.0,42.0,24.0,7.0,9.0,4.0,9.0,25.0,1706.0,65.0,1032.0,2024
2024-1003,Doha,Hard,64,P,2024-02-12,247,202684,,,Lin Zhu,R,173.0,CHN,30.0,219875,,,Varvara Gracheva,R,,FRA,23.5,6-1 6-1,3,R64,53.0,3.0,0.0,38.0,23.0,20.0,7.0,7.0,0.0,1.0,0.0,2.0,37.0,20.0,4.0,5.0,7.0,4.0,10.0,57.0,1117.0,47.0,1218.0,2024
2024-1003,Doha,Hard,64,P,2024-02-12,244,213889,,Q,Greet Minnen,R,,BEL,26.4,213583,,,Tatjana Maria,R,172.0,GER,36.5,6-1 6-1,3,R64,52.0,3.0,1.0,43.0,27.0,22.0,9.0,7.0,2.0,2.0,2.0,2.0,40.0,18.0,6.0,9.0,7.0,1.0,6.0,85.0,859.0,50.0,1205.0,2024
2024-1003,Doha,Hard,64,P,2024-02-12,243,216146,,,Marta Kostyuk,R,175.0,UKR,21.6,214452,,,Caroline Dolehide,R,178.0,USA,25.4,6-3 7-5,3,R64,86.0,4.0,3.0,66.0,39.0,29.0,12.0,10.0,4.0,6.0,0.0,0.0,63.0,43.0,23.0,9.0,11.0,0.0,5.0,29.0,1517.0,44.0,1263.0,2024
2024-1003,Doha,Hard,64,P,2024-02-12,242,201499,,,Anastasia Pavlyuchenkova,R,177.0,RUS,32.6,214082,11.0,,Daria Kasatkina,R,170.0,RUS,26.7,6-2 7-6(2),3,R64,101.0,1.0,1.0,73.0,56.0,32.0,8.0,10.0,12.0,16.0,2.0,4.0,76.0,45.0,18.0,16.0,10.0,5.0,11.0,32.0,1421.0,13.0,3063.0,2024
2024-1003,Doha,Hard,64,P,2024-02-12,241,203389,,Q,Danielle Collins,R,178.0,USA,30.1,206368,13.0,,Veronika Kudermetova,R,175.0,RUS,26.8,7-5 6-3,3,R64,106.0,1.0,4.0,67.0,41.0,29.0,10.0,11.0,1.0,4.0,1.0,3.0,65.0,50.0,29.0,5.0,10.0,4.0,9.0,63.0,1046.0,18.0,2425.0,2024
2024-1003,Doha,Hard,64,P,2024-02-12,240,213631,,,Marie Bouzkova,R,180.0,CZE,25.5,213550,,,Sofia Kenin,R,170.0,USA,25.2,7-5 2-6 7-5,3,R64,174.0,9.0,4.0,108.0,63.0,42.0,21.0,16.0,6.0,10.0,0.0,3.0,128.0,96.0,60.0,15.0,16.0,9.0,13.0,35.0,1382.0,45.0,1225.0,2024
2024-1003,Doha,Hard,64,P,2024-02-12,256,201662,,,Karolina Pliskova,R,184.0,CZE,31.8,214939,,WC,Anna Kalinskaya,R,175.0,RUS,25.1,2-6 7-6(3) 6-4,3,R64,134.0,19.0,10.0,117.0,82.0,62.0,10.0,15.0,13.0,16.0,4.0,6.0,95.0,66.0,49.0,13.0,15.0,2.0,4.0,59.0,1097.0,40.0,1314.0,2024
2024-1003,Doha,Hard,64,P,2024-02-12,272,201499,,,Anastasia Pavlyuchenkova,R,177.0,RUS,32.6,216146,,,Marta Kostyuk,R,175.0,UKR,21.6,2-1 RET,3,R32,15.0,0.0,0.0,5.0,2.0,1.0,3.0,1.0,0.0,0.0,1.0,1.0,18.0,11.0,7.0,2.0,2.0,2.0,3.0,32.0,1421.0,29.0,1517.0,2024
2024-1003,Doha,Hard,64,P,2024-02-12,283,201458,,,Victoria Azarenka,R,180.0,BLR,34.5,216133,,,Xin Yu Wang,R,182.0,CHN,22.3,7-6(2) 6-2,3,R32,101.0,1.0,3.0,71.0,57.0,36.0,6.0,10.0,6.0,9.0,2.0,3.0,64.0,37.0,24.0,8.0,10.0,1.0,6.0,31.0,1471.0,41.0,1281.0,2024
2024-1003,Doha,Hard,64,P,2024-02-12,274,214981,3.0,,Elena Rybakina,R,184.0,KAZ,24.6,202684,,,Lin Zhu,R,173.0,CHN,30.0,6-2 6-1,3,R32,58.0,7.0,1.0,42.0,30.0,26.0,7.0,8.0,0.0,0.0,1.0,2.0,47.0,28.0,15.0,8.0,7.0,3.0,7.0,4.0,6088.0,57.0,1117.0,2024
2024-1003,Doha,Hard,64,P,2024-02-12,300,216347,1.0,,Iga Swiatek,R,176.0,POL,22.7,214981,3.0,,Elena Rybakina,R,184.0,KAZ,24.6,7-6(8) 6-2,3,F,139.0,2.0,4.0,86.0,63.0,36.0,11.0,10.0,7.0,10.0,3.0,2.0,78.0,42.0,26.0,13.0,10.0,5.0,10.0,1.0,9770.0,4.0,6088.0,2024
2024-1003,Doha,Hard,64,P,2024-02-12,299,216347,1.0,,Iga Swiatek,R,176.0,POL,22.7,201662,,,Karolina Pliskova,R,184.0,CZE,31.8,W/O,3,SF,0.0,,,,,,,,,,,,,,,,,,,1.0,9770.0,59.0,1097.0,2024
2024-1003,Doha,Hard,64,P,2024-02-12,298,214981,3.0,,Elena Rybakina,R,184.0,KAZ,24.6,201499,,,Anastasia Pavlyuchenkova,R,177.0,RUS,32.6,6-2 6-4,3,SF,89.0,3.0,2.0,76.0,53.0,36.0,12.0,9.0,8.0,9.0,2.0,2.0,56.0,40.0,27.0,4.0,9.0,2.0,6.0,4.0,6088.0,32.0,1421.0,2024
2024-1003,Doha,Hard,64,P,2024-02-12,297,216347,1.0,,Iga Swiatek,R,176.0,POL,22.7,201458,,,Victoria Azarenka,R,180.0,BLR,34.5,6-4 6-0,3,QF,74.0,0.0,1.0,42.0,27.0,21.0,8.0,8.0,1.0,2.0,0.0,2.0,43.0,30.0,15.0,5.0,8.0,1.0,6.0,1.0,9770.0,31.0,1471.0,2024
2024-1003,Doha,Hard,64,P,2024-02-12,296,201662,,,Karolina Pliskova,R,184.0,CZE,31.8,211768,,,Naomi Osaka,R,180.0,JPN,26.3,7-6(6) 7-6(5),3,QF,103.0,8.0,6.0,86.0,63.0,44.0,11.0,12.0,2.0,4.0,10.0,2.0,86.0,52.0,38.0,17.0,12.0,5.0,7.0,59.0,1097.0,747.0,43.0,2024
2024-1003,Doha,Hard,64,P,2024-02-12,295,214981,3.0,,Elena Rybakina,R,184.0,KAZ,24.6,220367,,,Leylah Fernandez,L,168.0,CAN,21.4,6-4 6-2,3,QF,94.0,6.0,2.0,56.0,34.0,27.0,10.0,9.0,4.0,6.0,1.0,4.0,71.0,51.0,29.0,7.0,9.0,6.0,11.0,4.0,6088.0,38.0,1355.0,2024
2024-1003,Doha,Hard,64,P,2024-02-12,294,201499,,,Anastasia Pavlyuchenkova,R,177.0,RUS,32.6,203389,,Q,Danielle Collins,R,178.0,USA,30.1,7-5 6-4,3,QF,94.0,1.0,1.0,67.0,44.0,32.0,9.0,11.0,1.0,3.0,0.0,1.0,61.0,43.0,24.0,11.0,11.0,0.0,4.0,32.0,1421.0,63.0,1046.0,2024
2024-1003,Doha,Hard,64,P,2024-02-12,293,216347,1.0,,Iga Swiatek,R,176.0,POL,22.7,206420,14.0,,Ekaterina Alexandrova,R,175.0,RUS,29.2,6-1 6-4,3,R16,91.0,5.0,0.0,73.0,54.0,40.0,9.0,9.0,8.0,8.0,2.0,3.0,51.0,28.0,14.0,14.0,8.0,3.0,6.0,1.0,9770.0,19.0,2410.0,2024
2024-1003,Doha,Hard,64,P,2024-02-12,292,201458,,,Victoria Azarenka,R,180.0,BLR,34.5,211533,8.0,,Jelena Ostapenko,R,177.0,LAT,26.6,6-0 6-3,3,R16,88.0,6.0,3.0,63.0,48.0,34.0,7.0,8.0,5.0,5.0,1.0,8.0,62.0,38.0,21.0,9.0,7.0,4.0,8.0,31.0,1471.0,11.0,3473.0,2024
2024-1003,Doha,Hard,64,P,2024-02-12,291,211768,,,Naomi Osaka,R,180.0,JPN,26.3,201615,,,Lesia Tsurenko,R,174.0,UKR,34.7,W/O,3,R16,0.0,,,,,,,,,,,,,,,,,,,747.0,43.0,37.0,1363.0,2024
2024-1003,Doha,Hard,64,P,2024-02-12,290,201662,,,Karolina Pliskova,R,184.0,CZE,31.8,222328,,,Linda Noskova,R,,CZE,19.2,3-6 7-5 6-1,3,R16,105.0,12.0,6.0,88.0,59.0,38.0,15.0,14.0,8.0,12.0,7.0,8.0,88.0,50.0,29.0,18.0,14.0,6.0,12.0,59.0,1097.0,28.0,1518.0,2024
2024-1003,Doha,Hard,64,P,2024-02-12,289,220367,,,Leylah Fernandez,L,168.0,CAN,21.4,221012,5.0,,Qinwen Zheng,R,,CHN,21.3,7-5 6-3,3,R16,92.0,0.0,2.0,61.0,43.0,32.0,12.0,11.0,0.0,1.0,4.0,3.0,60.0,37.0,27.0,9.0,10.0,1.0,4.0,38.0,1355.0,7.0,3766.0,2024
2024-1003,Doha,Hard,64,P,2024-02-12,273,214954,6.0,,Marketa Vondrousova,L,173.0,CZE,24.6,213889,,Q,Greet Minnen,R,,BEL,26.4,6-2 0-6 6-4,3,R32,96.0,3.0,2.0,72.0,50.0,27.0,8.0,12.0,4.0,11.0,1.0,0.0,72.0,56.0,27.0,7.0,12.0,5.0,12.0,8.0,3736.0,85.0,859.0,2024
2024-1003,Doha,Hard,64,P,2024-02-12,287,201499,,,Anastasia Pavlyuchenkova,R,177.0,RUS,32.6,214954,6.0,,Marketa Vondrousova,L,173.0,CZE,24.6,7-5 6-3,3,R16,111.0,3.0,3.0,80.0,46.0,29.0,19.0,11.0,6.0,8.0,6.0,1.0,67.0,39.0,24.0,13.0,10.0,4.0,8.0,32.0,1421.0,8.0,3736.0,2024
2024-1003,Doha,Hard,64,P,2024-02-12,275,215613,16.0,,Emma Navarro,R,,USA,22.7,210722,,,Elise Mertens,R,179.0,BEL,28.2,6-1 6-3,3,R32,62.0,0.0,1.0,42.0,23.0,17.0,12.0,8.0,0.0,1.0,0.0,4.0,45.0,20.0,11.0,8.0,8.0,2.0,7.0,23.0,1803.0,25.0,1706.0,2024
2024-1003,Doha,Hard,64,P,2024-02-12,276,220367,,,Leylah Fernandez,L,168.0,CAN,21.4,211651,,WC,Paula Badosa,R,180.0,ESP,26.2,0-6 6-2 6-3,3,R32,116.0,3.0,3.0,70.0,52.0,33.0,9.0,12.0,5.0,9.0,5.0,10.0,88.0,49.0,33.0,16.0,11.0,11.0,15.0,38.0,1355.0,79.0,898.0,2024
2024-1003,Doha,Hard,64,P,2024-02-12,277,221012,5.0,,Qinwen Zheng,R,,CHN,21.3,202663,,,Magda Linette,R,171.0,POL,32.0,6-2 2-6 6-3,3,R32,117.0,7.0,5.0,65.0,31.0,26.0,18.0,12.0,5.0,7.0,0.0,0.0,87.0,54.0,37.0,13.0,13.0,6.0,10.0,7.0,3766.0,53.0,1185.0,2024
2024-1003,Doha,Hard,64,P,2024-02-12,288,214981,3.0,,Elena Rybakina,R,184.0,KAZ,24.6,215613,16.0,,Emma Navarro,R,,USA,22.7,6-1 6-7(6) 6-4,3,R16,129.0,10.0,3.0,85.0,55.0,39.0,15.0,14.0,2.0,4.0,2.0,1.0,104.0,75.0,40.0,15.0,15.0,4.0,10.0,4.0,6088.0,23.0,1803.0,2024
2024-1003,Doha,Hard,64,P,2024-02-12,279,201662,,,Karolina Pliskova,R,184.0,CZE,31.8,215713,,,Anastasia Potapova,R,175.0,RUS,22.8,6-1 5-7 6-4,3,R32,129.0,6.0,9.0,104.0,69.0,44.0,10.0,15.0,7.0,13.0,1.0,7.0,100.0,54.0,33.0,17.0,14.0,8.0,16.0,59.0,1097.0,34.0,1403.0,2024
2024-1003,Doha,Hard,64,P,2024-02-12,278,222328,,,Linda Noskova,R,,CZE,19.2,206289,7.0,,Maria Sakkari,R,172.0,GRE,28.5,3-6 7-6(2) 7-5,3,R32,135.0,7.0,3.0,96.0,62.0,46.0,19.0,16.0,4.0,7.0,8.0,7.0,113.0,75.0,50.0,18.0,17.0,2.0,5.0,28.0,1518.0,9.0,3630.0,2024
2024-1003,Doha,Hard,64,P,2024-02-12,281,201615,,,Lesia Tsurenko,R,174.0,UKR,34.7,202460,4.0,,Ons Jabeur,R,167.0,TUN,29.4,6-3 6-2,3,R32,81.0,0.0,2.0,57.0,33.0,22.0,15.0,9.0,4.0,5.0,4.0,0.0,62.0,33.0,23.0,9.0,8.0,9.0,13.0,37.0,1363.0,6.0,4183.0,2024
2024-1003,Doha,Hard,64,P,2024-02-12,282,211533,8.0,,Jelena Ostapenko,R,177.0,LAT,26.6,211843,,,Anhelina Kalinina,R,179.0,UKR,27.0,6-0 6-3,3,R32,53.0,6.0,2.0,47.0,27.0,23.0,9.0,8.0,0.0,1.0,0.0,3.0,40.0,27.0,13.0,3.0,7.0,2.0,7.0,11.0,3473.0,30.0,1510.0,2024
2024-1003,Doha,Hard,64,P,2024-02-12,284,206420,14.0,,Ekaterina Alexandrova,R,175.0,RUS,29.2,222965,,Q,Erika Andreeva,R,,RUS,19.6,6-0 3-6 6-1,3,R32,95.0,6.0,5.0,64.0,36.0,27.0,15.0,11.0,1.0,3.0,4.0,4.0,69.0,45.0,27.0,7.0,11.0,3.0,9.0,19.0,2410.0,106.0,686.0,2024
2024-1003,Doha,Hard,64,P,2024-02-12,285,216347,1.0,,Iga Swiatek,R,176.0,POL,22.7,201514,,,Sorana Cirstea,R,176.0,ROU,33.8,6-1 6-1,3,R32,61.0,0.0,1.0,36.0,26.0,20.0,8.0,7.0,0.0,0.0,1.0,0.0,50.0,29.0,13.0,8.0,7.0,6.0,11.0,1.0,9770.0,22.0,1829.0,2024
2024-1003,Doha,Hard,64,P,2024-02-12,286,203389,,Q,Danielle Collins,R,178.0,USA,30.1,211701,,,Katerina Siniakova,R,174.0,CZE,27.7,6-4 6-3,3,R16,102.0,5.0,4.0,80.0,47.0,31.0,10.0,10.0,9.0,14.0,1.0,4.0,55.0,32.0,14.0,5.0,9.0,5.0,12.0,63.0,1046.0,42.0,1274.0,2024
2024-1003,Doha,Hard,64,P,2024-02-12,280,211768,,,Naomi Osaka,R,180.0,JPN,26.3,201549,,,Petra Martic,R,181.0,CRO,33.0,6-3 7-6(9),3,R32,105.0,7.0,4.0,70.0,41.0,32.0,15.0,11.0,2.0,4.0,4.0,1.0,77.0,53.0,33.0,12.0,10.0,5.0,8.0,747.0,43.0,67.0,1015.0,2024
2024-718,Dubai,Hard,64,P,2024-02-19,258,221909,,WC,Ashlyn Krueger,R,185.0,USA,19.7,201614,16.0,,Caroline Garcia,R,177.0,FRA,30.3,3-6 6-3 6-3,3,R64,115.0,7.0,5.0,81.0,58.0,39.0,12.0,13.0,5.0,8.0,6.0,2.0,85.0,51.0,33.0,13.0,14.0,3.0,8.0,76.0,936.0,21.0,2040.0,2024
2024-718,Dubai,Hard,64,P,2024-02-19,259,201662,,,Karolina Pliskova,R,184.0,CZE,31.9,201533,,WC,Shuai Zhang,R,177.0,CHN,35.0,6-3 7-5,3,R64,79.0,13.0,4.0,64.0,42.0,29.0,11.0,10.0,7.0,9.0,0.0,2.0,66.0,36.0,22.0,14.0,11.0,3.0,8.0,36.0,1462.0,776.0,40.0,2024
2024-718,Dubai,Hard,64,P,2024-02-19,260,220714,,LL,Elisabetta Cocciaretto,R,,ITA,23.0,210722,,,Elise Mertens,R,179.0,BEL,28.2,1-6 6-3 7-6(3),3,R64,144.0,1.0,4.0,98.0,75.0,51.0,8.0,14.0,5.0,9.0,3.0,8.0,86.0,48.0,32.0,21.0,14.0,4.0,7.0,58.0,1148.0,25.0,1746.0,2024
2024-718,Dubai,Hard,64,P,2024-02-19,263,211702,,Q,Nao Hibino,R,163.0,JPN,29.2,202663,,,Magda Linette,R,171.0,POL,32.0,6-2 3-6 6-4,3,R64,160.0,3.0,4.0,108.0,71.0,47.0,13.0,13.0,8.0,12.0,4.0,3.0,98.0,64.0,36.0,16.0,14.0,3.0,9.0,90.0,806.0,48.0,1220.0,2024
2024-718,Dubai,Hard,64,P,2024-02-19,270,202499,,,Donna Vekic,R,179.0,CRO,27.6,214544,2.0,,Aryna Sabalenka,R,182.0,BLR,25.7,6-7(5) 6-3 6-0,3,R32,142.0,14.0,5.0,109.0,59.0,37.0,27.0,14.0,11.0,14.0,8.0,8.0,91.0,52.0,31.0,16.0,13.0,3.0,10.0,31.0,1580.0,2.0,8905.0,2024
2024-718,Dubai,Hard,64,P,2024-02-19,265,214459,,LL,Lucia Bronzetti,R,,ITA,25.1,214082,10.0,,Daria Kasatkina,R,170.0,RUS,26.7,7-6(5) 4-6 7-5,3,R64,165.0,3.0,3.0,110.0,64.0,43.0,25.0,17.0,9.0,14.0,2.0,5.0,126.0,85.0,50.0,23.0,17.0,12.0,17.0,60.0,1117.0,13.0,3063.0,2024
2024-718,Dubai,Hard,64,P,2024-02-19,266,202494,15.0,,Elina Svitolina,R,174.0,UKR,29.4,211843,,,Anhelina Kalinina,R,179.0,UKR,27.0,6-3 7-6(7),3,R64,100.0,7.0,2.0,73.0,51.0,42.0,10.0,11.0,3.0,3.0,3.0,0.0,70.0,50.0,34.0,12.0,10.0,2.0,3.0,20.0,2212.0,32.0,1545.0,2024
2024-718,Dubai,Hard,64,P,2024-02-19,267,213583,,,Tatjana Maria,R,172.0,GER,36.5,219875,,,Varvara Gracheva,R,,FRA,23.5,6-2 6-1,3,R64,61.0,5.0,2.0,36.0,21.0,18.0,10.0,7.0,0.0,0.0,0.0,0.0,51.0,39.0,13.0,9.0,8.0,5.0,10.0,54.0,1185.0,49.0,1218.0,2024
2024-718,Dubai,Hard,64,P,2024-02-19,268,201585,,,Sloane Stephens,R,170.0,USA,30.9,216262,,Q,Clara Burel,R,176.0,FRA,22.9,6-4 1-6 6-2,3,R64,120.0,0.0,2.0,82.0,58.0,35.0,11.0,12.0,8.0,12.0,1.0,8.0,99.0,59.0,39.0,14.0,13.0,6.0,11.0,41.0,1322.0,47.0,1224.0,2024
2024-718,Dubai,Hard,64,P,2024-02-19,257,211533,9.0,,Jelena Ostapenko,R,177.0,LAT,26.6,216016,,Q,Xiyu Wang,L,,CHN,22.8,5-7 6-2 6-3,3,R64,122.0,2.0,6.0,73.0,37.0,29.0,19.0,14.0,1.0,4.0,11.0,8.0,90.0,60.0,41.0,10.0,15.0,9.0,15.0,9.0,3533.0,64.0,1054.0,2024
2024-718,Dubai,Hard,64,P,2024-02-19,264,215713,,,Anastasia Potapova,R,175.0,RUS,22.8,202684,,,Lin Zhu,R,173.0,CHN,30.0,4-6 6-2 6-4,3,R64,128.0,4.0,4.0,86.0,44.0,31.0,19.0,14.0,5.0,9.0,3.0,1.0,90.0,54.0,34.0,14.0,14.0,5.0,11.0,35.0,1467.0,57.0,1152.0,2024
2024-718,Dubai,Hard,64,P,2024-02-19,256,215138,,WC,Lulu Sun,L,,NZL,22.8,211651,,,Paula Badosa,R,180.0,ESP,26.2,6-4 RET,3,R64,49.0,3.0,1.0,34.0,18.0,15.0,8.0,5.0,2.0,2.0,8.0,2.0,39.0,22.0,17.0,7.0,5.0,4.0,5.0,181.0,428.0,74.0,962.0,2024
2024-718,Dubai,Hard,64,P,2024-02-19,247,201458,,,Victoria Azarenka,R,180.0,BLR,34.5,201551,,,Arantxa Rus,L,180.0,NED,33.1,6-2 6-4,3,R64,80.0,0.0,1.0,53.0,39.0,29.0,9.0,9.0,1.0,2.0,1.0,5.0,53.0,38.0,24.0,4.0,9.0,3.0,7.0,27.0,1631.0,43.0,1271.0,2024
2024-718,Dubai,Hard,64,P,2024-02-19,252,215613,,,Emma Navarro,R,,USA,22.7,211701,,,Katerina Siniakova,R,174.0,CZE,27.7,4-6 7-5 6-4,3,R64,160.0,2.0,3.0,106.0,61.0,35.0,21.0,16.0,7.0,14.0,2.0,9.0,106.0,68.0,38.0,16.0,16.0,9.0,17.0,23.0,1863.0,39.0,1393.0,2024
2024-718,Dubai,Hard,64,P,2024-02-19,251,220367,,,Leylah Fernandez,L,168.0,CAN,21.4,211095,,Q,Bernarda Pera,L,175.0,USA,29.2,6-3 6-2,3,R64,79.0,4.0,4.0,56.0,38.0,26.0,9.0,9.0,5.0,7.0,4.0,5.0,57.0,37.0,17.0,9.0,8.0,3.0,8.0,33.0,1540.0,83.0,877.0,2024
2024-718,Dubai,Hard,64,P,2024-02-19,250,211148,,,Jasmine Paolini,R,160.0,ITA,28.1,206242,11.0,,Beatriz Haddad Maia,L,185.0,BRA,27.7,4-6 6-4 6-0,3,R64,118.0,1.0,3.0,78.0,60.0,43.0,8.0,13.0,4.0,6.0,0.0,2.0,69.0,57.0,35.0,6.0,13.0,1.0,6.0,26.0,1735.0,14.0,2870.0,2024
2024-718,Dubai,Hard,64,P,2024-02-19,249,211684,,Q,Magdalena Frech,R,171.0,POL,26.1,206420,14.0,,Ekaterina Alexandrova,R,175.0,RUS,29.2,7-6(2) 6-3,3,R64,94.0,1.0,2.0,65.0,50.0,38.0,5.0,11.0,0.0,2.0,2.0,8.0,74.0,45.0,32.0,7.0,10.0,2.0,5.0,53.0,1190.0,17.0,2475.0,2024
2024-718,Dubai,Hard,64,P,2024-02-19,248,201549,,,Petra Martic,R,181.0,CRO,33.0,214452,,,Caroline Dolehide,R,178.0,USA,25.4,6-4 7-6(4),3,R64,114.0,6.0,1.0,75.0,41.0,30.0,21.0,11.0,1.0,2.0,4.0,3.0,74.0,49.0,34.0,13.0,11.0,2.0,4.0,61.0,1079.0,45.0,1263.0,2024
2024-718,Dubai,Hard,64,P,2024-02-19,244,220548,,,Peyton Stearns,R,,USA,22.3,259799,,,Mirra Andreeva,R,,RUS,16.8,6-2 2-6 6-1,3,R64,112.0,3.0,5.0,72.0,46.0,32.0,14.0,12.0,6.0,9.0,1.0,8.0,86.0,47.0,26.0,18.0,11.0,8.0,13.0,65.0,1041.0,38.0,1408.0,2024
2024-718,Dubai,Hard,64,P,2024-02-19,243,201499,,,Anastasia Pavlyuchenkova,R,177.0,RUS,32.6,213631,,,Marie Bouzkova,R,180.0,CZE,25.5,6-4 6-3,3,R64,92.0,2.0,2.0,60.0,36.0,28.0,12.0,10.0,3.0,4.0,2.0,3.0,61.0,39.0,27.0,8.0,9.0,5.0,8.0,24.0,1810.0,37.0,1429.0,2024
2024-718,Dubai,Hard,64,P,2024-02-19,242,214643,12.0,,Liudmila Samsonova,R,180.0,RUS,25.2,202600,,Q,Viktoriya Tomova,R,170.0,BUL,28.9,7-6(2) 6-3,3,R64,97.0,13.0,6.0,71.0,37.0,31.0,18.0,11.0,3.0,4.0,1.0,1.0,72.0,52.0,30.0,13.0,10.0,6.0,8.0,15.0,2590.0,68.0,1009.0,2024
2024-718,Dubai,Hard,64,P,2024-02-19,241,206368,13.0,,Veronika Kudermetova,R,175.0,RUS,26.8,215035,,WC,Dayana Yastremska,R,175.0,UKR,23.7,6-0 1-6 6-0,3,R64,96.0,7.0,1.0,53.0,33.0,25.0,8.0,9.0,0.0,2.0,2.0,5.0,78.0,49.0,26.0,11.0,10.0,7.0,13.0,19.0,2250.0,29.0,1607.0,2024
2024-718,Dubai,Hard,64,P,2024-02-19,240,201514,,,Sorana Cirstea,R,176.0,ROU,33.8,213550,,,Sofia Kenin,R,170.0,USA,25.2,6-3 7-6(2),3,R64,103.0,18.0,0.0,72.0,50.0,37.0,12.0,11.0,0.0,1.0,1.0,2.0,84.0,61.0,37.0,10.0,10.0,7.0,9.0,22.0,1893.0,55.0,1180.0,2024
2024-718,Dubai,Hard,64,P,2024-02-19,239,202499,,,Donna Vekic,R,179.0,CRO,27.6,216133,,,Xin Yu Wang,R,182.0,CHN,22.3,6-2 6-4,3,R64,90.0,3.0,3.0,74.0,42.0,31.0,13.0,9.0,9.0,10.0,3.0,0.0,54.0,37.0,20.0,8.0,9.0,2.0,6.0,31.0,1580.0,42.0,1321.0,2024
2024-718,Dubai,Hard,64,P,2024-02-19,271,201514,,,Sorana Cirstea,R,176.0,ROU,33.8,206368,13.0,,Veronika Kudermetova,R,175.0,RUS,26.8,6-1 6-4,3,R32,89.0,8.0,1.0,61.0,42.0,31.0,6.0,9.0,4.0,6.0,1.0,2.0,51.0,31.0,18.0,7.0,8.0,3.0,8.0,22.0,1893.0,19.0,2250.0,2024
2024-718,Dubai,Hard,64,P,2024-02-19,255,214939,,Q,Anna Kalinskaya,R,175.0,RUS,25.2,204411,,Q,Storm Hunter,L,166.0,AUS,29.5,6-1 6-2,3,R64,57.0,3.0,0.0,50.0,41.0,31.0,5.0,8.0,4.0,4.0,2.0,1.0,38.0,27.0,11.0,6.0,7.0,2.0,6.0,40.0,1323.0,128.0,586.0,2024
2024-718,Dubai,Hard,64,P,2024-02-19,273,214954,7.0,,Marketa Vondrousova,L,173.0,CZE,24.6,220548,,,Peyton Stearns,R,,USA,22.3,6-1 5-7 6-2,3,R32,123.0,9.0,7.0,84.0,51.0,37.0,13.0,13.0,7.0,11.0,1.0,5.0,100.0,66.0,29.0,20.0,14.0,4.0,12.0,8.0,3856.0,65.0,1041.0,2024
2024-718,Dubai,Hard,64,P,2024-02-19,272,214643,12.0,,Liudmila Samsonova,R,180.0,RUS,25.2,201499,,,Anastasia Pavlyuchenkova,R,177.0,RUS,32.6,W/O,3,R32,0.0,,,,,,,,,,,,,,,,,,,15.0,2590.0,24.0,1810.0,2024
2024-718,Dubai,Hard,64,P,2024-02-19,294,201514,,,Sorana Cirstea,R,176.0,ROU,33.8,214954,7.0,,Marketa Vondrousova,L,173.0,CZE,24.6,2-6 7-6(1) 6-2,3,QF,161.0,7.0,1.0,111.0,66.0,43.0,19.0,14.0,15.0,20.0,5.0,6.0,131.0,80.0,48.0,21.0,14.0,18.0,23.0,22.0,1893.0,8.0,3856.0,2024
2024-718,Dubai,Hard,64,P,2024-02-19,274,214981,4.0,,Elena Rybakina,R,184.0,KAZ,24.6,201458,,,Victoria Azarenka,R,180.0,BLR,34.5,4-6 6-2 RET,3,R32,78.0,4.0,1.0,51.0,30.0,23.0,11.0,9.0,2.0,3.0,0.0,5.0,56.0,36.0,26.0,9.0,9.0,3.0,5.0,4.0,6738.0,27.0,1631.0,2024
2024-718,Dubai,Hard,64,P,2024-02-19,300,211148,,,Jasmine Paolini,R,160.0,ITA,28.1,214939,,Q,Anna Kalinskaya,R,175.0,RUS,25.2,4-6 7-5 7-5,3,F,133.0,0.0,1.0,92.0,63.0,38.0,16.0,17.0,2.0,8.0,2.0,4.0,91.0,60.0,32.0,17.0,17.0,2.0,9.0,26.0,1735.0,40.0,1323.0,2024
2024-718,Dubai,Hard,64,P,2024-02-19,299,214939,,Q,Anna Kalinskaya,R,175.0,RUS,25.2,216347,1.0,,Iga Swiatek,R,176.0,POL,22.7,6-4 6-4,3,SF,101.0,1.0,0.0,74.0,50.0,32.0,12.0,10.0,9.0,11.0,5.0,2.0,59.0,39.0,26.0,7.0,10.0,3.0,7.0,40.0,1323.0,1.0,10300.0,2024
2024-718,Dubai,Hard,64,P,2024-02-19,298,211148,,,Jasmine Paolini,R,160.0,ITA,28.1,201514,,,Sorana Cirstea,R,176.0,ROU,33.8,6-2 7-6(6),3,SF,117.0,0.0,2.0,69.0,49.0,29.0,10.0,10.0,3.0,6.0,1.0,1.0,96.0,64.0,35.0,13.0,10.0,8.0,13.0,26.0,1735.0,22.0,1893.0,2024
2024-718,Dubai,Hard,64,P,2024-02-19,297,216347,1.0,,Iga Swiatek,R,176.0,POL,22.7,221012,6.0,,Qinwen Zheng,R,,CHN,21.3,6-3 6-2,3,QF,86.0,1.0,0.0,61.0,39.0,29.0,12.0,9.0,3.0,3.0,3.0,1.0,46.0,22.0,17.0,9.0,8.0,2.0,5.0,1.0,10300.0,7.0,3885.0,2024
2024-718,Dubai,Hard,64,P,2024-02-19,296,214939,,Q,Anna Kalinskaya,R,175.0,RUS,25.2,221103,3.0,,Coco Gauff,R,175.0,USA,19.9,2-6 6-4 6-2,3,QF,137.0,1.0,2.0,110.0,75.0,44.0,14.0,13.0,10.0,15.0,3.0,8.0,75.0,49.0,31.0,8.0,13.0,7.0,13.0,40.0,1323.0,3.0,7110.0,2024
2024-718,Dubai,Hard,64,P,2024-02-19,295,211148,,,Jasmine Paolini,R,160.0,ITA,28.1,214981,4.0,,Elena Rybakina,R,184.0,KAZ,24.6,W/O,3,QF,0.0,,,,,,,,,,,,,,,,,,,26.0,1735.0,4.0,6738.0,2024
2024-718,Dubai,Hard,64,P,2024-02-19,293,216347,1.0,,Iga Swiatek,R,176.0,POL,22.7,202494,15.0,,Elina Svitolina,R,174.0,UKR,29.4,6-1 6-4,3,R16,83.0,4.0,2.0,58.0,40.0,27.0,8.0,9.0,4.0,6.0,4.0,1.0,52.0,31.0,18.0,6.0,8.0,1.0,6.0,1.0,10300.0,20.0,2212.0,2024
2024-718,Dubai,Hard,64,P,2024-02-19,292,221012,6.0,,Qinwen Zheng,R,,CHN,21.3,215713,,,Anastasia Potapova,R,175.0,RUS,22.8,6-3 6-2,3,R16,92.0,3.0,3.0,62.0,35.0,23.0,15.0,8.0,4.0,5.0,2.0,4.0,70.0,41.0,21.0,11.0,9.0,7.0,12.0,7.0,3885.0,35.0,1467.0,2024
2024-718,Dubai,Hard,64,P,2024-02-19,291,221103,3.0,,Coco Gauff,R,175.0,USA,19.9,201662,,,Karolina Pliskova,R,184.0,CZE,31.9,2-6 6-4 6-3,3,R16,113.0,5.0,9.0,109.0,79.0,50.0,11.0,14.0,11.0,16.0,8.0,5.0,71.0,55.0,32.0,8.0,13.0,4.0,9.0,3.0,7110.0,36.0,1462.0,2024
2024-718,Dubai,Hard,64,P,2024-02-19,289,211148,,,Jasmine Paolini,R,160.0,ITA,28.1,206289,8.0,,Maria Sakkari,R,172.0,GRE,28.5,6-4 6-2,3,R16,81.0,0.0,0.0,55.0,41.0,20.0,11.0,9.0,5.0,8.0,1.0,3.0,54.0,28.0,16.0,8.0,9.0,1.0,7.0,26.0,1735.0,11.0,3455.0,2024
2024-718,Dubai,Hard,64,P,2024-02-19,288,214981,4.0,,Elena Rybakina,R,184.0,KAZ,24.6,211684,,Q,Magdalena Frech,R,171.0,POL,26.1,7-6(5) 3-6 6-4,3,R16,159.0,13.0,1.0,104.0,65.0,50.0,17.0,15.0,6.0,9.0,3.0,1.0,107.0,72.0,47.0,19.0,16.0,5.0,8.0,4.0,6738.0,53.0,1190.0,2024
2024-718,Dubai,Hard,64,P,2024-02-19,290,214939,,Q,Anna Kalinskaya,R,175.0,RUS,25.2,211533,9.0,,Jelena Ostapenko,R,177.0,LAT,26.6,6-4 7-5,3,R16,93.0,8.0,2.0,66.0,49.0,31.0,13.0,11.0,3.0,5.0,4.0,2.0,69.0,39.0,23.0,16.0,11.0,1.0,5.0,40.0,1323.0,9.0,3533.0,2024
2024-718,Dubai,Hard,64,P,2024-02-19,286,201514,,,Sorana Cirstea,R,176.0,ROU,33.8,202499,,,Donna Vekic,R,179.0,CRO,27.6,3-6 6-3 7-5,3,R16,135.0,5.0,2.0,83.0,47.0,33.0,15.0,15.0,1.0,6.0,7.0,4.0,95.0,57.0,34.0,16.0,15.0,3.0,9.0,22.0,1893.0,31.0,1580.0,2024
2024-718,Dubai,Hard,64,P,2024-02-19,275,211684,,Q,Magdalena Frech,R,171.0,POL,26.1,201549,,,Petra Martic,R,181.0,CRO,33.0,6-4 1-6 6-2,3,R32,120.0,3.0,1.0,73.0,48.0,33.0,15.0,12.0,3.0,5.0,3.0,3.0,76.0,49.0,34.0,14.0,13.0,2.0,5.0,53.0,1190.0,61.0,1079.0,2024
2024-718,Dubai,Hard,64,P,2024-02-19,276,211148,,,Jasmine Paolini,R,160.0,ITA,28.1,220367,,,Leylah Fernandez,L,168.0,CAN,21.4,6-3 6-4,3,R32,97.0,2.0,3.0,75.0,57.0,34.0,7.0,10.0,8.0,11.0,1.0,2.0,58.0,39.0,21.0,8.0,9.0,2.0,7.0,26.0,1735.0,33.0,1540.0,2024
2024-718,Dubai,Hard,64,P,2024-02-19,277,206289,8.0,,Maria Sakkari,R,172.0,GRE,28.5,215613,,,Emma Navarro,R,,USA,22.7,6-2 6-4,3,R32,76.0,3.0,1.0,58.0,38.0,25.0,8.0,9.0,2.0,5.0,0.0,0.0,45.0,31.0,17.0,3.0,9.0,3.0,9.0,11.0,3455.0,23.0,1863.0,2024
2024-718,Dubai,Hard,64,P,2024-02-19,278,214939,,Q,Anna Kalinskaya,R,175.0,RUS,25.2,213710,,LL,Cristina Bucsa,R,,ESP,26.1,6-3 6-4,3,R32,75.0,,,,,,,,,,,,,,,,,,,40.0,1323.0,67.0,1020.0,2024
2024-718,Dubai,Hard,64,P,2024-02-19,287,214954,7.0,,Marketa Vondrousova,L,173.0,CZE,24.6,214643,12.0,,Liudmila Samsonova,R,180.0,RUS,25.2,6-2 6-2,3,R16,75.0,1.0,4.0,52.0,36.0,27.0,7.0,8.0,1.0,2.0,0.0,3.0,48.0,19.0,11.0,12.0,8.0,4.0,9.0,8.0,3856.0,15.0,2590.0,2024
2024-718,Dubai,Hard,64,P,2024-02-19,280,201662,,,Karolina Pliskova,R,184.0,CZE,31.9,221909,,WC,Ashlyn Krueger,R,185.0,USA,19.7,6-7(2) 6-3 6-4,3,R32,138.0,16.0,9.0,116.0,83.0,65.0,16.0,16.0,13.0,13.0,7.0,2.0,103.0,70.0,46.0,22.0,15.0,9.0,11.0,36.0,1462.0,76.0,936.0,2024
2024-718,Dubai,Hard,64,P,2024-02-19,279,211533,9.0,,Jelena Ostapenko,R,177.0,LAT,26.6,215138,,WC,Lulu Sun,L,,NZL,22.8,6-4 6-3,3,R32,80.0,6.0,5.0,69.0,38.0,28.0,18.0,10.0,2.0,2.0,6.0,5.0,62.0,37.0,27.0,12.0,9.0,7.0,9.0,9.0,3533.0,181.0,428.0,2024
2024-718,Dubai,Hard,64,P,2024-02-19,282,221012,6.0,,Qinwen Zheng,R,,CHN,21.3,211702,,Q,Nao Hibino,R,163.0,JPN,29.2,5-7 6-2 6-2,3,R32,133.0,6.0,5.0,78.0,43.0,36.0,18.0,14.0,1.0,3.0,2.0,2.0,94.0,63.0,38.0,13.0,14.0,8.0,13.0,7.0,3885.0,90.0,806.0,2024
2024-718,Dubai,Hard,64,P,2024-02-19,283,215713,,,Anastasia Potapova,R,175.0,RUS,22.8,214459,,LL,Lucia Bronzetti,R,,ITA,25.1,6-0 6-3,3,R32,66.0,0.0,2.0,53.0,24.0,18.0,19.0,8.0,7.0,7.0,0.0,1.0,41.0,21.0,14.0,7.0,7.0,0.0,4.0,35.0,1467.0,60.0,1117.0,2024
2024-718,Dubai,Hard,64,P,2024-02-19,284,202494,15.0,,Elina Svitolina,R,174.0,UKR,29.4,213583,,,Tatjana Maria,R,172.0,GER,36.5,6-3 6-3,3,R32,72.0,3.0,0.0,52.0,32.0,23.0,12.0,9.0,4.0,5.0,4.0,3.0,61.0,33.0,20.0,13.0,9.0,3.0,7.0,20.0,2212.0,54.0,1185.0,2024
2024-718,Dubai,Hard,64,P,2024-02-19,285,216347,1.0,,Iga Swiatek,R,176.0,POL,22.7,201585,,,Sloane Stephens,R,170.0,USA,30.9,6-4 6-4,3,R32,117.0,1.0,3.0,67.0,42.0,26.0,13.0,10.0,5.0,8.0,0.0,3.0,80.0,58.0,30.0,9.0,10.0,10.0,15.0,1.0,10300.0,41.0,1322.0,2024
2024-718,Dubai,Hard,64,P,2024-02-19,281,221103,3.0,,Coco Gauff,R,175.0,USA,19.9,220714,,LL,Elisabetta Cocciaretto,R,,ITA,23.0,6-1 7-5,3,R32,101.0,4.0,2.0,80.0,46.0,25.0,15.0,10.0,3.0,8.0,0.0,4.0,63.0,41.0,17.0,6.0,9.0,2.0,10.0,3.0,7110.0,58.0,1148.0,2024
2024-2074,San Diego,Hard,32,P,2024-02-26,290,216146,6.0,,Marta Kostyuk,R,175.0,UKR,21.6,223194,,WC,Taylah Preston,R,,AUS,18.3,6-4 6-3,3,R16,92.0,4.0,9.0,68.0,39.0,30.0,11.0,9.0,6.0,8.0,1.0,4.0,70.0,46.0,25.0,10.0,10.0,8.0,13.0,34.0,1521.0,153.0,489.0,2024
2024-2074,San Diego,Hard,32,P,2024-02-26,294,211107,,,Katie Boulter,R,180.0,GBR,27.5,202499,7.0,,Donna Vekic,R,179.0,CRO,27.6,6-4 6-3,3,QF,96.0,3.0,7.0,66.0,35.0,21.0,17.0,9.0,6.0,8.0,5.0,6.0,66.0,37.0,22.0,12.0,10.0,1.0,6.0,49.0,1218.0,28.0,1690.0,2024
2024-2074,San Diego,Hard,32,P,2024-02-26,291,201499,4.0,,Anastasia Pavlyuchenkova,R,177.0,RUS,32.6,216133,,,Xin Yu Wang,R,182.0,CHN,22.4,4-6 7-6(5) 6-2,3,R16,136.0,7.0,10.0,94.0,61.0,40.0,14.0,15.0,3.0,8.0,5.0,10.0,99.0,57.0,31.0,22.0,15.0,6.0,12.0,25.0,1874.0,41.0,1316.0,2024
2024-2074,San Diego,Hard,32,P,2024-02-26,292,215020,,,Anna Blinkova,R,179.0,RUS,25.4,215035,5.0,,Dayana Yastremska,R,175.0,UKR,23.7,7-6(6) 6-2,3,R16,87.0,0.0,5.0,72.0,44.0,27.0,15.0,10.0,4.0,7.0,6.0,3.0,60.0,35.0,22.0,9.0,10.0,3.0,8.0,51.0,1192.0,33.0,1532.0,2024
2024-2074,San Diego,Hard,32,P,2024-02-26,293,202468,1.0,,Jessica Pegula,R,170.0,USA,30.0,215898,,Q,Jule Niemeier,R,178.0,GER,24.5,6-0 6-4,3,R16,64.0,2.0,1.0,48.0,24.0,20.0,12.0,8.0,4.0,5.0,1.0,6.0,46.0,25.0,13.0,7.0,8.0,1.0,6.0,5.0,5050.0,126.0,590.0,2024
2024-2074,San Diego,Hard,32,P,2024-02-26,295,215613,3.0,,Emma Navarro,R,,USA,22.7,201611,,Q,Daria Saville,R,166.0,AUS,29.9,6-4 6-2,3,QF,87.0,0.0,0.0,57.0,32.0,15.0,12.0,9.0,3.0,8.0,1.0,7.0,50.0,32.0,11.0,4.0,9.0,4.0,12.0,26.0,1868.0,148.0,519.0,2024
2024-2082,Austin,Hard,32,I,2024-02-26,270,201585,2.0,,Sloane Stephens,R,170.0,USA,30.9,206124,,Q,Tereza Martincova,R,178.0,CZE,29.3,6-4 6-0,3,R32,89.0,1.0,0.0,68.0,48.0,31.0,13.0,8.0,7.0,7.0,1.0,5.0,62.0,46.0,24.0,6.0,8.0,6.0,10.0,40.0,1327.0,155.0,485.0,2024
2024-2074,San Diego,Hard,32,P,2024-02-26,297,202468,1.0,,Jessica Pegula,R,170.0,USA,30.0,215020,,,Anna Blinkova,R,179.0,RUS,25.4,6-1 2-6 6-2,3,QF,93.0,2.0,2.0,73.0,40.0,21.0,18.0,12.0,3.0,8.0,1.0,3.0,63.0,37.0,18.0,8.0,11.0,3.0,10.0,5.0,5050.0,51.0,1192.0,2024
2024-2074,San Diego,Hard,32,P,2024-02-26,298,211107,,,Katie Boulter,R,180.0,GBR,27.5,215613,3.0,,Emma Navarro,R,,USA,22.7,6-3 6-1,3,SF,74.0,2.0,4.0,47.0,24.0,21.0,13.0,8.0,2.0,2.0,2.0,2.0,58.0,37.0,23.0,7.0,8.0,6.0,10.0,49.0,1218.0,26.0,1868.0,2024
2024-2074,San Diego,Hard,32,P,2024-02-26,299,216146,6.0,,Marta Kostyuk,R,175.0,UKR,21.6,202468,1.0,,Jessica Pegula,R,170.0,USA,30.0,7-6(4) 6-1,3,SF,95.0,3.0,9.0,73.0,44.0,32.0,10.0,9.0,5.0,7.0,0.0,2.0,72.0,43.0,23.0,13.0,10.0,3.0,8.0,34.0,1521.0,5.0,5050.0,2024
2024-2074,San Diego,Hard,32,P,2024-02-26,300,211107,,,Katie Boulter,R,180.0,GBR,27.5,216146,6.0,,Marta Kostyuk,R,175.0,UKR,21.6,5-7 6-2 6-2,3,F,133.0,2.0,13.0,99.0,52.0,35.0,22.0,14.0,7.0,11.0,1.0,8.0,81.0,50.0,29.0,12.0,14.0,4.0,11.0,49.0,1218.0,34.0,1521.0,2024
2024-2074,San Diego,Hard,32,P,2024-02-26,289,201611,,Q,Daria Saville,R,166.0,AUS,29.9,213583,,,Tatjana Maria,R,172.0,GER,36.5,5-7 7-6(2) 6-2,3,R16,194.0,4.0,13.0,140.0,96.0,59.0,18.0,16.0,17.0,23.0,3.0,6.0,96.0,59.0,33.0,17.0,16.0,3.0,10.0,148.0,519.0,47.0,1240.0,2024
2024-2074,San Diego,Hard,32,P,2024-02-26,296,216146,6.0,,Marta Kostyuk,R,175.0,UKR,21.6,201499,4.0,,Anastasia Pavlyuchenkova,R,177.0,RUS,32.6,3-6 6-4 6-3,3,QF,132.0,5.0,10.0,101.0,63.0,38.0,19.0,14.0,8.0,12.0,0.0,3.0,94.0,67.0,39.0,14.0,14.0,6.0,11.0,34.0,1521.0,25.0,1874.0,2024
2024-2074,San Diego,Hard,32,P,2024-02-26,288,215613,3.0,,Emma Navarro,R,,USA,22.7,211701,,,Katerina Siniakova,R,174.0,CZE,27.7,6-3 3-6 6-1,3,R16,105.0,0.0,0.0,83.0,56.0,34.0,17.0,13.0,6.0,9.0,1.0,3.0,69.0,35.0,21.0,17.0,12.0,2.0,7.0,26.0,1868.0,43.0,1293.0,2024
2024-2074,San Diego,Hard,32,P,2024-02-26,272,222233,,Q,Marina Stakusic,R,,CAN,19.2,203379,,Q,Marina Melnikova,R,173.0,RUS,35.0,6-4 5-7 6-1,3,R32,129.0,4.0,7.0,93.0,50.0,32.0,19.0,15.0,10.0,16.0,0.0,6.0,87.0,69.0,38.0,4.0,14.0,2.0,10.0,283.0,261.0,440.0,131.0,2024
2024-2074,San Diego,Hard,32,P,2024-02-26,286,211107,,,Katie Boulter,R,180.0,GBR,27.5,206242,2.0,,Beatriz Haddad Maia,L,185.0,BRA,27.7,3-6 6-3 6-4,3,R16,141.0,4.0,9.0,81.0,43.0,31.0,22.0,14.0,3.0,5.0,4.0,3.0,80.0,41.0,32.0,20.0,14.0,3.0,6.0,49.0,1218.0,13.0,2870.0,2024
2024-2074,San Diego,Hard,32,P,2024-02-26,271,211107,,,Katie Boulter,R,180.0,GBR,27.5,201615,,,Lesia Tsurenko,R,174.0,UKR,34.7,6-3 6-1,3,R32,71.0,3.0,8.0,56.0,33.0,25.0,6.0,8.0,2.0,4.0,0.0,8.0,48.0,27.0,15.0,4.0,8.0,2.0,8.0,49.0,1218.0,36.0,1464.0,2024
2024-2074,San Diego,Hard,32,P,2024-02-26,284,215898,,Q,Jule Niemeier,R,178.0,GER,24.5,219875,,,Varvara Gracheva,R,,FRA,23.5,6-3 6-0,3,R32,54.0,4.0,4.0,40.0,21.0,18.0,12.0,8.0,0.0,1.0,1.0,2.0,37.0,22.0,9.0,6.0,7.0,2.0,7.0,126.0,590.0,55.0,1186.0,2024
2024-2074,San Diego,Hard,32,P,2024-02-26,283,215020,,,Anna Blinkova,R,179.0,RUS,25.4,201496,,WC,Caroline Wozniacki,R,177.0,DEN,33.6,1-6 6-4 6-1,3,R32,120.0,4.0,9.0,71.0,40.0,25.0,14.0,12.0,3.0,8.0,3.0,4.0,99.0,54.0,31.0,18.0,12.0,9.0,15.0,51.0,1192.0,206.0,372.0,2024
2024-2074,San Diego,Hard,32,P,2024-02-26,282,215035,5.0,,Dayana Yastremska,R,175.0,UKR,23.7,214452,,,Caroline Dolehide,R,178.0,USA,25.4,6-4 5-7 6-1,3,R32,128.0,3.0,9.0,91.0,51.0,39.0,14.0,15.0,5.0,10.0,3.0,6.0,83.0,53.0,28.0,11.0,14.0,1.0,8.0,33.0,1532.0,45.0,1263.0,2024
2024-2074,San Diego,Hard,32,P,2024-02-26,280,216133,,,Xin Yu Wang,R,182.0,CHN,22.4,220704,,,Clara Tauson,R,182.0,DEN,21.1,6-2 2-6 6-1,3,R32,97.0,1.0,7.0,69.0,48.0,35.0,10.0,12.0,4.0,7.0,4.0,5.0,74.0,39.0,24.0,15.0,11.0,8.0,13.0,41.0,1316.0,92.0,781.0,2024
2024-2074,San Diego,Hard,32,P,2024-02-26,279,223194,,WC,Taylah Preston,R,,AUS,18.3,211684,,,Magdalena Frech,R,171.0,POL,26.1,6-4 4-6 6-1,3,R32,124.0,2.0,3.0,91.0,59.0,38.0,20.0,14.0,10.0,13.0,3.0,2.0,86.0,56.0,35.0,12.0,13.0,5.0,10.0,153.0,489.0,42.0,1315.0,2024
2024-2074,San Diego,Hard,32,P,2024-02-26,278,216146,6.0,,Marta Kostyuk,R,175.0,UKR,21.6,215983,,Q,Ann Li,R,170.0,USA,23.6,6-4 4-6 6-2,3,R32,134.0,2.0,9.0,85.0,46.0,30.0,19.0,14.0,5.0,10.0,0.0,4.0,102.0,65.0,35.0,17.0,14.0,14.0,21.0,34.0,1521.0,167.0,452.0,2024
2024-2074,San Diego,Hard,32,P,2024-02-26,277,213583,,,Tatjana Maria,R,172.0,GER,36.5,220367,8.0,,Leylah Fernandez,L,168.0,CAN,21.4,6-7(7) 4-0 RET,3,R32,113.0,3.0,4.0,72.0,35.0,28.0,15.0,8.0,4.0,6.0,1.0,5.0,58.0,37.0,19.0,10.0,8.0,5.0,9.0,47.0,1240.0,32.0,1545.0,2024
2024-2074,San Diego,Hard,32,P,2024-02-26,276,201611,,Q,Daria Saville,R,166.0,AUS,29.9,202684,,,Lin Zhu,R,173.0,CHN,30.0,6-3 6-3,3,R32,81.0,4.0,3.0,56.0,32.0,25.0,11.0,9.0,3.0,4.0,0.0,3.0,54.0,31.0,19.0,9.0,9.0,0.0,4.0,148.0,519.0,58.0,1152.0,2024
2024-2074,San Diego,Hard,32,P,2024-02-26,275,211701,,,Katerina Siniakova,R,174.0,CZE,27.7,215988,,Q,Mai Hontama,R,,JPN,24.4,6-3 6-1,3,R32,73.0,2.0,7.0,51.0,28.0,22.0,11.0,8.0,2.0,3.0,0.0,1.0,47.0,35.0,16.0,4.0,8.0,1.0,6.0,43.0,1293.0,119.0,627.0,2024
2024-2074,San Diego,Hard,32,P,2024-02-26,273,202499,7.0,,Donna Vekic,R,179.0,CRO,27.6,222866,,WC,Katherine Hui,R,,USA,19.0,7-5 6-2,3,R32,87.0,2.0,6.0,60.0,31.0,24.0,11.0,10.0,6.0,10.0,0.0,3.0,55.0,35.0,12.0,8.0,10.0,3.0,10.0,28.0,1690.0,872.0,27.0,2024
2024-2074,San Diego,Hard,32,P,2024-02-26,287,202499,7.0,,Donna Vekic,R,179.0,CRO,27.6,222233,,Q,Marina Stakusic,R,,CAN,19.2,6-4 3-6 6-3,3,R16,120.0,2.0,3.0,80.0,42.0,32.0,19.0,14.0,3.0,6.0,6.0,4.0,79.0,51.0,32.0,16.0,14.0,4.0,8.0,28.0,1690.0,283.0,261.0,2024
2024-2082,Austin,Hard,32,I,2024-02-26,271,201545,,,Anastasija Sevastova,R,169.0,LAT,33.8,220699,,,Julia Riera,R,,ARG,21.7,6-4 6-3,3,R32,66.0,2.0,2.0,55.0,31.0,23.0,13.0,10.0,2.0,4.0,0.0,0.0,44.0,27.0,16.0,8.0,9.0,1.0,5.0,485.0,112.0,116.0,646.0,2024
2024-2082,Austin,Hard,32,I,2024-02-26,289,206294,8.0,,Yue Yuan,R,184.0,CHN,25.4,203501,,,Taylor Townsend,L,170.0,USA,27.8,6-3 7-6(5),3,R16,99.0,3.0,3.0,73.0,44.0,30.0,12.0,11.0,4.0,7.0,5.0,5.0,60.0,45.0,25.0,4.0,10.0,2.0,6.0,68.0,1006.0,83.0,882.0,2024
2024-2082,Austin,Hard,32,I,2024-02-26,273,203533,,,Anna Karolina Schmiedlova,R,176.0,SVK,29.4,220548,7.0,,Peyton Stearns,R,,USA,22.3,6-2 4-6 7-5,3,R32,158.0,7.0,3.0,104.0,58.0,41.0,23.0,15.0,1.0,4.0,4.0,3.0,92.0,62.0,37.0,15.0,15.0,7.0,12.0,76.0,925.0,61.0,1096.0,2024
2024-2082,Austin,Hard,32,I,2024-02-26,272,203500,,Q,Sachia Vickery,R,162.0,USA,28.7,201606,,Q,Rebecca Marino,R,183.0,CAN,33.1,6-2 6-4,3,R32,74.0,1.0,3.0,48.0,21.0,16.0,14.0,9.0,2.0,4.0,8.0,3.0,70.0,38.0,25.0,9.0,9.0,10.0,15.0,134.0,556.0,147.0,520.0,2024
2024-2082,Austin,Hard,32,I,2024-02-26,300,206294,8.0,,Yue Yuan,R,184.0,CHN,25.4,216016,6.0,,Xiyu Wang,L,,CHN,22.9,6-4 7-6(4),3,F,133.0,0.0,0.0,75.0,44.0,26.0,15.0,11.0,7.0,11.0,3.0,8.0,89.0,57.0,33.0,11.0,11.0,6.0,11.0,68.0,1006.0,64.0,1054.0,2024
2024-2082,Austin,Hard,32,I,2024-02-26,299,216016,6.0,,Xiyu Wang,L,,CHN,22.9,211843,1.0,,Anhelina Kalinina,R,179.0,UKR,27.0,6-3 7-6(4),3,SF,106.0,8.0,9.0,69.0,40.0,33.0,13.0,11.0,1.0,3.0,0.0,4.0,63.0,40.0,30.0,10.0,10.0,2.0,5.0,64.0,1054.0,35.0,1470.0,2024
2024-2082,Austin,Hard,32,I,2024-02-26,297,211843,1.0,,Anhelina Kalinina,R,179.0,UKR,27.0,220348,5.0,,Diane Parry,R,170.0,FRA,21.4,1-6 6-4 6-2,3,QF,138.0,3.0,5.0,75.0,52.0,34.0,8.0,12.0,8.0,12.0,9.0,2.0,89.0,48.0,30.0,18.0,13.0,9.0,14.0,35.0,1470.0,62.0,1073.0,2024
2024-2082,Austin,Hard,32,I,2024-02-26,296,216016,6.0,,Xiyu Wang,L,,CHN,22.9,203389,3.0,,Danielle Collins,R,178.0,USA,30.2,6-2 RET,3,QF,37.0,2.0,0.0,24.0,13.0,9.0,9.0,4.0,4.0,4.0,0.0,3.0,20.0,10.0,7.0,4.0,4.0,0.0,2.0,64.0,1054.0,48.0,1236.0,2024
2024-2082,Austin,Hard,32,I,2024-02-26,295,206294,8.0,,Yue Yuan,R,184.0,CHN,25.4,206374,,,Yafan Wang,R,170.0,CHN,29.8,6-3 7-5,3,QF,119.0,1.0,2.0,75.0,43.0,26.0,21.0,11.0,4.0,6.0,0.0,3.0,80.0,59.0,35.0,6.0,10.0,8.0,12.0,68.0,1006.0,69.0,993.0,2024
2024-2082,Austin,Hard,32,I,2024-02-26,294,203533,,,Anna Karolina Schmiedlova,R,176.0,SVK,29.4,201545,,,Anastasija Sevastova,R,169.0,LAT,33.8,4-6 1-2 RET,3,QF,70.0,0.0,3.0,40.0,20.0,13.0,7.0,7.0,1.0,5.0,2.0,3.0,47.0,35.0,24.0,4.0,7.0,4.0,6.0,76.0,925.0,485.0,112.0,2024
2024-2082,Austin,Hard,32,I,2024-02-26,293,211843,1.0,,Anhelina Kalinina,R,179.0,UKR,27.0,215785,,,Camila Osorio,R,162.0,COL,22.1,6-1 6-2,3,R16,66.0,1.0,3.0,41.0,24.0,16.0,9.0,7.0,1.0,3.0,0.0,5.0,46.0,33.0,13.0,3.0,8.0,3.0,10.0,35.0,1470.0,98.0,753.0,2024
2024-2082,Austin,Hard,32,I,2024-02-26,292,220348,5.0,,Diane Parry,R,170.0,FRA,21.4,215872,,,Kamilla Rakhimova,R,,RUS,22.4,6-3 6-3,3,R16,94.0,5.0,1.0,64.0,33.0,26.0,16.0,9.0,5.0,6.0,0.0,6.0,58.0,26.0,16.0,14.0,9.0,7.0,11.0,62.0,1073.0,94.0,778.0,2024
2024-2082,Austin,Hard,32,I,2024-02-26,291,203389,3.0,,Danielle Collins,R,178.0,USA,30.2,220465,,WC,Katie Volynets,R,,USA,22.1,4-6 7-6(3) 6-0,3,R16,140.0,4.0,4.0,86.0,52.0,36.0,17.0,14.0,5.0,9.0,1.0,0.0,86.0,64.0,38.0,9.0,14.0,0.0,6.0,48.0,1236.0,112.0,662.0,2024
2024-2082,Austin,Hard,32,I,2024-02-26,290,216016,6.0,,Xiyu Wang,L,,CHN,22.9,221985,,,Darja Semenistaja,L,,LAT,21.4,6-1 6-2,3,R16,79.0,4.0,5.0,60.0,40.0,29.0,10.0,8.0,4.0,4.0,0.0,0.0,51.0,31.0,16.0,9.0,7.0,4.0,8.0,64.0,1054.0,115.0,654.0,2024
2024-2082,Austin,Hard,32,I,2024-02-26,288,206374,,,Yafan Wang,R,170.0,CHN,29.8,215306,,,Emiliana Arango,R,,COL,23.2,6-2 6-2,3,R16,83.0,0.0,2.0,62.0,42.0,27.0,12.0,8.0,9.0,10.0,1.0,6.0,51.0,33.0,20.0,4.0,8.0,4.0,9.0,69.0,993.0,121.0,617.0,2024
2024-2082,Austin,Hard,32,I,2024-02-26,287,203533,,,Anna Karolina Schmiedlova,R,176.0,SVK,29.4,203500,,Q,Sachia Vickery,R,162.0,USA,28.7,5-7 7-6(5) 7-5,3,R16,170.0,1.0,6.0,108.0,73.0,46.0,13.0,18.0,4.0,12.0,1.0,4.0,111.0,59.0,36.0,24.0,18.0,5.0,13.0,76.0,925.0,134.0,556.0,2024
2024-2082,Austin,Hard,32,I,2024-02-26,298,206294,8.0,,Yue Yuan,R,184.0,CHN,25.4,203533,,,Anna Karolina Schmiedlova,R,176.0,SVK,29.4,6-0 6-3,3,SF,70.0,7.0,0.0,51.0,32.0,21.0,11.0,7.0,3.0,4.0,0.0,4.0,47.0,29.0,16.0,3.0,8.0,5.0,11.0,68.0,1006.0,76.0,925.0,2024
2024-2082,Austin,Hard,32,I,2024-02-26,285,211843,1.0,,Anhelina Kalinina,R,179.0,UKR,27.0,239383,,Q,Sara Bejlek,L,,CZE,18.0,6-3 6-2,3,R32,67.0,3.0,3.0,44.0,16.0,14.0,11.0,8.0,2.0,5.0,1.0,7.0,52.0,30.0,16.0,4.0,9.0,7.0,14.0,35.0,1470.0,132.0,566.0,2024
2024-2082,Austin,Hard,32,I,2024-02-26,286,201545,,,Anastasija Sevastova,R,169.0,LAT,33.8,201585,2.0,,Sloane Stephens,R,170.0,USA,30.9,6-3 6-2,3,R16,72.0,0.0,2.0,66.0,49.0,31.0,8.0,9.0,5.0,7.0,0.0,4.0,50.0,39.0,18.0,3.0,8.0,5.0,10.0,485.0,112.0,40.0,1327.0,2024
2024-2082,Austin,Hard,32,I,2024-02-26,276,203501,,,Taylor Townsend,L,170.0,USA,27.8,214782,,WC,Fernanda Contreras Gomez,R,,MEX,26.3,3-6 6-2 6-3,3,R32,161.0,4.0,3.0,82.0,50.0,32.0,19.0,13.0,6.0,8.0,3.0,3.0,126.0,78.0,51.0,18.0,13.0,13.0,17.0,83.0,882.0,366.0,176.0,2024
2024-2082,Austin,Hard,32,I,2024-02-26,277,206294,8.0,,Yue Yuan,R,184.0,CHN,25.4,201613,,,Arina Rodionova,R,168.0,AUS,34.1,3-6 6-3 6-1,3,R32,146.0,4.0,3.0,94.0,55.0,38.0,18.0,13.0,5.0,9.0,1.0,6.0,94.0,55.0,33.0,14.0,12.0,11.0,17.0,68.0,1006.0,99.0,745.0,2024
2024-2082,Austin,Hard,32,I,2024-02-26,278,216016,6.0,,Xiyu Wang,L,,CHN,22.9,206408,,,Nadia Podoroska,R,170.0,ARG,27.0,7-5 6-4,3,R32,112.0,7.0,4.0,63.0,44.0,34.0,10.0,11.0,2.0,3.0,1.0,8.0,86.0,48.0,34.0,14.0,11.0,11.0,14.0,64.0,1054.0,85.0,852.0,2024
2024-2082,Austin,Hard,32,I,2024-02-26,279,221985,,,Darja Semenistaja,L,,LAT,21.4,223286,,WC,Victoria Jimenez Kasintseva,L,,AND,18.5,6-7(2) 6-2 6-4,3,R32,148.0,2.0,2.0,103.0,67.0,38.0,24.0,15.0,6.0,9.0,4.0,5.0,106.0,61.0,38.0,21.0,15.0,9.0,15.0,115.0,654.0,318.0,217.0,2024
2024-2082,Austin,Hard,32,I,2024-02-26,275,215306,,,Emiliana Arango,R,,COL,23.2,219917,,,Alycia Parks,R,185.0,USA,23.1,6-2 6-3,3,R32,75.0,1.0,2.0,45.0,32.0,23.0,7.0,8.0,1.0,2.0,0.0,7.0,65.0,35.0,18.0,13.0,9.0,4.0,9.0,121.0,617.0,117.0,642.0,2024
2024-2082,Austin,Hard,32,I,2024-02-26,281,203389,3.0,,Danielle Collins,R,178.0,USA,30.2,216265,,Q,Olivia Gadecki,R,,AUS,21.8,7-5 6-3,3,R32,97.0,7.0,11.0,75.0,33.0,26.0,19.0,11.0,3.0,5.0,4.0,2.0,51.0,30.0,21.0,8.0,10.0,1.0,5.0,48.0,1236.0,143.0,528.0,2024
2024-2082,Austin,Hard,32,I,2024-02-26,282,220348,5.0,,Diane Parry,R,170.0,FRA,21.4,211316,,Q,Jessika Ponchet,R,,FRA,27.4,6-3 7-6(4),3,R32,90.0,11.0,2.0,62.0,36.0,34.0,16.0,11.0,2.0,2.0,4.0,1.0,64.0,38.0,32.0,13.0,10.0,1.0,2.0,62.0,1073.0,146.0,521.0,2024
2024-2082,Austin,Hard,32,I,2024-02-26,283,215872,,,Kamilla Rakhimova,R,,RUS,22.4,201518,,,Yanina Wickmayer,R,182.0,BEL,34.3,6-3 6-7(4) 7-6(5),3,R32,182.0,8.0,11.0,134.0,76.0,51.0,22.0,17.0,10.0,17.0,1.0,5.0,111.0,84.0,46.0,10.0,16.0,6.0,14.0,94.0,778.0,87.0,828.0,2024
2024-2082,Austin,Hard,32,I,2024-02-26,284,215785,,,Camila Osorio,R,162.0,COL,22.1,201427,,,Alize Cornet,R,173.0,FRA,34.0,6-3 6-2,3,R32,90.0,0.0,3.0,58.0,34.0,21.0,15.0,8.0,7.0,8.0,1.0,5.0,65.0,35.0,22.0,8.0,9.0,4.0,9.0,98.0,753.0,104.0,718.0,2024
2024-2082,Austin,Hard,32,I,2024-02-26,280,220465,,WC,Katie Volynets,R,,USA,22.1,213887,,,Renata Zarazua,R,,MEX,26.4,6-4 7-6(6),3,R32,135.0,1.0,0.0,73.0,62.0,37.0,6.0,11.0,3.0,6.0,0.0,6.0,81.0,46.0,25.0,17.0,11.0,10.0,14.0,112.0,662.0,102.0,726.0,2024
2024-2082,Austin,Hard,32,I,2024-02-26,274,206374,,,Yafan Wang,R,170.0,CHN,29.8,214459,4.0,,Lucia Bronzetti,R,,ITA,25.2,7-6(5) 6-4,3,R32,114.0,9.0,4.0,78.0,48.0,39.0,14.0,11.0,4.0,5.0,5.0,4.0,82.0,42.0,30.0,19.0,11.0,10.0,12.0,69.0,993.0,52.0,1192.0,2024
2024-609,Indian Wells,Hard,128,PM,2024-03-06,224,201496,,WC,Caroline Wozniacki,R,177.0,DEN,33.6,202684,,,Lin Zhu,R,173.0,CHN,30.1,7-6(6) 6-1,3,R128,107.0,3.0,0.0,58.0,40.0,29.0,8.0,9.0,3.0,5.0,0.0,3.0,78.0,39.0,22.0,15.0,10.0,2.0,7.0,204.0,373.0,62.0,1072.0,2024
2024-609,Indian Wells,Hard,128,PM,2024-03-06,240,215613,23.0,,Emma Navarro,R,,USA,22.8,201615,,,Lesia Tsurenko,R,174.0,UKR,34.7,4-6 7-5 7-5,3,R64,148.0,0.0,8.0,107.0,67.0,44.0,11.0,17.0,7.0,15.0,0.0,8.0,101.0,71.0,36.0,14.0,17.0,6.0,15.0,23.0,1998.0,37.0,1447.0,2024
2024-609,Indian Wells,Hard,128,PM,2024-03-06,227,211702,,Q,Nao Hibino,R,163.0,JPN,29.2,200748,,WC,Venus Williams,R,185.0,USA,43.7,2-6 6-3 6-0,3,R128,121.0,1.0,3.0,61.0,43.0,25.0,10.0,11.0,6.0,10.0,7.0,10.0,92.0,57.0,33.0,12.0,12.0,8.0,15.0,80.0,888.0,487.0,112.0,2024
2024-609,Indian Wells,Hard,128,PM,2024-03-06,228,201493,,,Angelique Kerber,L,173.0,GER,36.1,201549,,,Petra Martic,R,181.0,CRO,33.1,6-3 6-4,3,R128,89.0,1.0,5.0,62.0,45.0,31.0,8.0,10.0,2.0,4.0,3.0,5.0,72.0,39.0,24.0,13.0,9.0,7.0,11.0,607.0,71.0,58.0,1143.0,2024
2024-609,Indian Wells,Hard,128,PM,2024-03-06,231,201709,,,Yulia Putintseva,R,163.0,KAZ,29.1,211337,,,Tamara Korpatsch,R,170.0,GER,28.8,6-2 6-3,3,R128,93.0,1.0,0.0,56.0,37.0,23.0,15.0,8.0,4.0,5.0,1.0,7.0,53.0,28.0,17.0,9.0,9.0,3.0,8.0,79.0,898.0,76.0,918.0,2024
2024-609,Indian Wells,Hard,128,PM,2024-03-06,232,221024,,Q,Hailey Baptiste,R,,USA,22.3,221905,,Q,Robin Montgomery,L,,USA,19.4,6-2 4-6 6-1,3,R128,123.0,7.0,8.0,83.0,41.0,34.0,22.0,13.0,5.0,7.0,3.0,6.0,81.0,52.0,30.0,13.0,12.0,5.0,10.0,105.0,692.0,199.0,387.0,2024
2024-609,Indian Wells,Hard,128,PM,2024-03-06,235,202429,,,Camila Giorgi,R,168.0,ITA,32.1,211107,,,Katie Boulter,R,180.0,GBR,27.5,6-3 6-2,3,R128,78.0,1.0,7.0,58.0,28.0,21.0,17.0,9.0,3.0,4.0,1.0,6.0,47.0,22.0,14.0,9.0,8.0,0.0,4.0,106.0,691.0,27.0,1700.0,2024
2024-609,Indian Wells,Hard,128,PM,2024-03-06,236,203389,,,Danielle Collins,R,178.0,USA,30.2,222965,,Q,Erika Andreeva,R,,RUS,19.6,7-6(3) 7-6(6),3,R128,148.0,1.0,8.0,85.0,44.0,29.0,22.0,12.0,3.0,7.0,0.0,3.0,87.0,56.0,34.0,16.0,12.0,1.0,5.0,56.0,1180.0,98.0,739.0,2024
2024-609,Indian Wells,Hard,128,PM,2024-03-06,238,214544,2.0,,Aryna Sabalenka,R,182.0,BLR,25.8,220548,,,Peyton Stearns,R,,USA,22.4,6-7(2) 6-2 7-6(6),3,R64,173.0,10.0,9.0,109.0,67.0,51.0,18.0,16.0,6.0,10.0,3.0,4.0,117.0,75.0,47.0,19.0,16.0,6.0,12.0,2.0,8725.0,64.0,1046.0,2024
2024-609,Indian Wells,Hard,128,PM,2024-03-06,239,221054,,WC,Emma Raducanu,R,175.0,GBR,21.3,215035,30.0,,Dayana Yastremska,R,175.0,UKR,23.8,4-0 RET,3,R64,21.0,0.0,1.0,14.0,7.0,5.0,5.0,2.0,1.0,1.0,0.0,2.0,11.0,5.0,1.0,2.0,3.0,0.0,2.0,250.0,301.0,31.0,1577.0,2024
2024-609,Indian Wells,Hard,128,PM,2024-03-06,245,215020,,,Anna Blinkova,R,179.0,RUS,25.4,202468,5.0,,Jessica Pegula,R,170.0,USA,30.0,6-2 3-6 6-3,3,R64,125.0,3.0,6.0,102.0,54.0,38.0,18.0,13.0,12.0,16.0,1.0,2.0,75.0,45.0,29.0,12.0,13.0,5.0,11.0,45.0,1270.0,5.0,5145.0,2024
2024-609,Indian Wells,Hard,128,PM,2024-03-06,242,206289,9.0,,Maria Sakkari,R,172.0,GRE,28.6,223670,,,Diana Shnaider,L,,RUS,19.9,5-7 6-4 6-0,3,R64,136.0,4.0,6.0,89.0,58.0,44.0,12.0,14.0,6.0,9.0,1.0,4.0,94.0,56.0,36.0,16.0,14.0,7.0,13.0,9.0,3565.0,74.0,963.0,2024
2024-609,Indian Wells,Hard,128,PM,2024-03-06,243,201614,20.0,,Caroline Garcia,R,177.0,FRA,30.3,202600,,,Viktoriya Tomova,R,170.0,BUL,29.0,6-1 3-6 6-3,3,R64,96.0,9.0,4.0,81.0,43.0,33.0,20.0,13.0,4.0,6.0,3.0,8.0,67.0,38.0,27.0,10.0,12.0,1.0,5.0,26.0,1920.0,75.0,949.0,2024
2024-609,Indian Wells,Hard,128,PM,2024-03-06,244,220348,,,Diane Parry,R,170.0,FRA,21.5,220367,29.0,,Leylah Fernandez,L,168.0,CAN,21.4,7-5 5-7 6-2,3,R64,177.0,2.0,10.0,94.0,38.0,28.0,27.0,16.0,4.0,9.0,6.0,8.0,94.0,54.0,32.0,15.0,16.0,5.0,12.0,61.0,1098.0,34.0,1545.0,2024
2024-609,Indian Wells,Hard,128,PM,2024-03-06,246,221103,3.0,,Coco Gauff,R,175.0,USA,19.9,216262,,,Clara Burel,R,176.0,FRA,22.9,2-6 6-3 7-6(4),3,R64,136.0,2.0,10.0,101.0,65.0,42.0,12.0,15.0,8.0,14.0,1.0,6.0,87.0,44.0,26.0,18.0,14.0,2.0,7.0,3.0,6975.0,47.0,1253.0,2024
2024-609,Indian Wells,Hard,128,PM,2024-03-06,247,214459,,,Lucia Bronzetti,R,,ITA,25.2,211843,32.0,,Anhelina Kalinina,R,179.0,UKR,27.0,6-3 6-4,3,R64,84.0,2.0,1.0,46.0,27.0,20.0,11.0,9.0,2.0,4.0,0.0,1.0,62.0,36.0,20.0,11.0,10.0,6.0,11.0,53.0,1192.0,35.0,1538.0,2024
2024-609,Indian Wells,Hard,128,PM,2024-03-06,248,210722,24.0,,Elise Mertens,R,179.0,BEL,28.3,216133,,,Xin Yu Wang,R,182.0,CHN,22.4,6-1 6-4,3,R64,80.0,3.0,3.0,46.0,25.0,22.0,11.0,9.0,0.0,1.0,1.0,3.0,72.0,41.0,21.0,16.0,8.0,10.0,14.0,28.0,1646.0,42.0,1346.0,2024
2024-609,Indian Wells,Hard,128,PM,2024-03-06,249,211768,,,Naomi Osaka,R,180.0,JPN,26.3,214643,14.0,,Liudmila Samsonova,R,180.0,RUS,25.3,7-5 6-3,3,R64,97.0,4.0,5.0,68.0,32.0,21.0,24.0,11.0,5.0,7.0,2.0,6.0,63.0,30.0,20.0,17.0,10.0,3.0,7.0,287.0,258.0,15.0,2605.0,2024
2024-609,Indian Wells,Hard,128,PM,2024-03-06,250,214082,11.0,,Daria Kasatkina,R,170.0,RUS,26.8,206219,,,Oceane Dodin,R,,FRA,27.3,6-3 7-6(5),3,R64,86.0,3.0,8.0,70.0,51.0,36.0,8.0,10.0,3.0,4.0,2.0,8.0,72.0,35.0,26.0,14.0,11.0,1.0,4.0,12.0,3063.0,85.0,850.0,2024
2024-609,Indian Wells,Hard,128,PM,2024-03-06,223,220465,,WC,Katie Volynets,R,,USA,22.1,259799,,,Mirra Andreeva,R,,RUS,16.8,7-5 7-5,3,R128,127.0,0.0,0.0,82.0,68.0,37.0,6.0,12.0,7.0,11.0,1.0,4.0,78.0,59.0,32.0,7.0,12.0,0.0,6.0,131.0,582.0,38.0,1418.0,2024
2024-609,Indian Wells,Hard,128,PM,2024-03-06,241,202494,16.0,,Elina Svitolina,R,174.0,UKR,29.4,211701,,,Katerina Siniakova,R,174.0,CZE,27.8,6-3 2-6 6-1,3,R64,118.0,2.0,5.0,82.0,49.0,34.0,17.0,12.0,6.0,8.0,0.0,7.0,93.0,49.0,27.0,22.0,12.0,7.0,11.0,17.0,2332.0,41.0,1352.0,2024
2024-609,Indian Wells,Hard,128,PM,2024-03-06,220,206408,,LL,Nadia Podoroska,R,170.0,ARG,27.0,221909,,WC,Ashlyn Krueger,R,185.0,USA,19.8,3-6 6-3 6-3,3,R128,121.0,1.0,7.0,86.0,62.0,44.0,8.0,14.0,6.0,10.0,2.0,9.0,81.0,40.0,29.0,16.0,13.0,8.0,13.0,84.0,852.0,71.0,983.0,2024
2024-609,Indian Wells,Hard,128,PM,2024-03-06,195,216133,,,Xin Yu Wang,R,182.0,CHN,22.4,203533,,,Anna Karolina Schmiedlova,R,176.0,SVK,29.4,6-0 6-4,3,R128,70.0,3.0,0.0,53.0,32.0,22.0,13.0,8.0,2.0,3.0,1.0,1.0,48.0,25.0,15.0,7.0,8.0,2.0,7.0,42.0,1346.0,69.0,993.0,2024
2024-609,Indian Wells,Hard,128,PM,2024-03-06,216,203501,,Q,Taylor Townsend,L,170.0,USA,27.8,202663,,,Magda Linette,R,171.0,POL,32.0,3-6 7-6(3) 6-1,3,R128,152.0,1.0,3.0,78.0,51.0,32.0,12.0,13.0,0.0,5.0,3.0,2.0,116.0,79.0,38.0,19.0,15.0,10.0,17.0,77.0,911.0,54.0,1190.0,2024
2024-609,Indian Wells,Hard,128,PM,2024-03-06,175,220548,,,Peyton Stearns,R,,USA,22.4,220714,,,Elisabetta Cocciaretto,R,,ITA,23.1,6-3 6-2,3,R128,95.0,1.0,3.0,81.0,47.0,27.0,19.0,9.0,6.0,8.0,0.0,2.0,47.0,33.0,16.0,4.0,8.0,4.0,9.0,64.0,1046.0,60.0,1114.0,2024
2024-609,Indian Wells,Hard,128,PM,2024-03-06,176,221054,,WC,Emma Raducanu,R,175.0,GBR,21.3,214119,,Q,Rebeka Masarova,R,186.0,ESP,24.5,6-2 6-3,3,R128,105.0,0.0,8.0,54.0,28.0,19.0,14.0,8.0,8.0,10.0,2.0,3.0,81.0,46.0,25.0,12.0,9.0,10.0,16.0,250.0,301.0,96.0,757.0,2024
2024-609,Indian Wells,Hard,128,PM,2024-03-06,179,201615,,,Lesia Tsurenko,R,174.0,UKR,34.7,234222,,Q,Liv Hovde,U,,USA,18.3,6-3 6-1,3,R128,65.0,0.0,2.0,44.0,27.0,14.0,9.0,8.0,2.0,5.0,0.0,2.0,59.0,38.0,17.0,5.0,8.0,9.0,16.0,37.0,1447.0,286.0,259.0,2024
2024-609,Indian Wells,Hard,128,PM,2024-03-06,180,211701,,,Katerina Siniakova,R,174.0,CZE,27.8,213889,,,Greet Minnen,R,,BEL,26.5,7-5 7-6(3),3,R128,117.0,6.0,8.0,81.0,48.0,32.0,15.0,12.0,3.0,7.0,2.0,4.0,89.0,54.0,33.0,15.0,12.0,7.0,12.0,41.0,1352.0,81.0,879.0,2024
2024-609,Indian Wells,Hard,128,PM,2024-03-06,183,223670,,,Diana Shnaider,L,,RUS,19.9,202536,,,Ana Bogdan,R,171.0,ROU,31.2,5-7 7-6(6) 6-3,3,R128,161.0,2.0,6.0,120.0,75.0,44.0,23.0,16.0,8.0,14.0,3.0,4.0,112.0,60.0,37.0,24.0,17.0,3.0,10.0,74.0,963.0,65.0,1044.0,2024
2024-609,Indian Wells,Hard,128,PM,2024-03-06,184,202600,,,Viktoriya Tomova,R,170.0,BUL,29.0,213550,,,Sofia Kenin,R,170.0,USA,25.3,6-4 7-6(5),3,R128,99.0,0.0,3.0,70.0,44.0,25.0,13.0,11.0,2.0,6.0,0.0,2.0,77.0,46.0,26.0,15.0,11.0,6.0,11.0,75.0,949.0,55.0,1189.0,2024
2024-609,Indian Wells,Hard,128,PM,2024-03-06,187,220348,,,Diane Parry,R,170.0,FRA,21.5,203354,,,Martina Trevisan,L,160.0,ITA,30.3,7-5 6-3,3,R128,121.0,2.0,2.0,64.0,33.0,20.0,24.0,11.0,1.0,2.0,2.0,4.0,81.0,49.0,30.0,15.0,10.0,11.0,14.0,61.0,1098.0,59.0,1125.0,2024
2024-609,Indian Wells,Hard,128,PM,2024-03-06,188,215020,,,Anna Blinkova,R,179.0,RUS,25.4,201662,,WC,Karolina Pliskova,R,184.0,CZE,31.9,6-1 2-6 6-4,3,R128,106.0,3.0,7.0,80.0,48.0,31.0,19.0,13.0,5.0,8.0,3.0,14.0,91.0,53.0,37.0,14.0,12.0,7.0,11.0,45.0,1270.0,39.0,1392.0,2024
2024-609,Indian Wells,Hard,128,PM,2024-03-06,191,216262,,,Clara Burel,R,176.0,FRA,22.9,216016,,,Xiyu Wang,L,,CHN,22.9,4-6 6-2 6-4,3,R128,153.0,5.0,6.0,91.0,50.0,37.0,17.0,14.0,3.0,7.0,3.0,9.0,118.0,73.0,43.0,19.0,14.0,6.0,12.0,47.0,1253.0,52.0,1199.0,2024
2024-609,Indian Wells,Hard,128,PM,2024-03-06,192,214459,,,Lucia Bronzetti,R,,ITA,25.2,211684,,,Magdalena Frech,R,171.0,POL,26.2,6-2 6-4,3,R128,99.0,2.0,3.0,62.0,29.0,23.0,16.0,9.0,6.0,7.0,0.0,1.0,59.0,34.0,20.0,12.0,9.0,6.0,10.0,53.0,1192.0,43.0,1315.0,2024
2024-609,Indian Wells,Hard,128,PM,2024-03-06,196,211768,,,Naomi Osaka,R,180.0,JPN,26.3,201506,,Q,Sara Errani,R,164.0,ITA,36.8,6-3 6-1,3,R128,69.0,9.0,9.0,62.0,32.0,24.0,13.0,8.0,8.0,10.0,0.0,2.0,57.0,47.0,22.0,2.0,8.0,7.0,13.0,287.0,258.0,100.0,727.0,2024
2024-609,Indian Wells,Hard,128,PM,2024-03-06,199,206219,,,Oceane Dodin,R,,FRA,27.3,220589,,,Elina Avanesyan,R,,ARM,21.4,1-6 6-3 7-6(4),3,R128,119.0,2.0,9.0,99.0,58.0,40.0,16.0,14.0,3.0,8.0,2.0,3.0,94.0,70.0,45.0,11.0,14.0,4.0,8.0,85.0,850.0,63.0,1050.0,2024
2024-609,Indian Wells,Hard,128,PM,2024-03-06,251,201585,,,Sloane Stephens,R,170.0,USA,30.9,201514,19.0,,Sorana Cirstea,R,176.0,ROU,33.9,6-0 7-5,3,R64,80.0,0.0,2.0,61.0,42.0,31.0,9.0,9.0,4.0,5.0,1.0,2.0,57.0,29.0,16.0,12.0,9.0,4.0,9.0,44.0,1297.0,22.0,2223.0,2024
2024-609,Indian Wells,Hard,128,PM,2024-03-06,200,201585,,,Sloane Stephens,R,170.0,USA,30.9,210886,,,Mayar Sherif,R,180.0,EGY,27.8,7-5 6-3,3,R128,92.0,0.0,3.0,62.0,47.0,34.0,6.0,11.0,0.0,2.0,0.0,3.0,69.0,44.0,26.0,10.0,10.0,9.0,13.0,44.0,1297.0,70.0,983.0,2024
2024-609,Indian Wells,Hard,128,PM,2024-03-06,203,214452,,,Caroline Dolehide,R,178.0,USA,25.5,213710,,,Cristina Bucsa,R,,ESP,26.1,6-2 6-0,3,R128,57.0,0.0,1.0,45.0,39.0,27.0,2.0,7.0,1.0,2.0,2.0,6.0,53.0,33.0,14.0,7.0,7.0,6.0,12.0,51.0,1200.0,67.0,1020.0,2024
2024-609,Indian Wells,Hard,128,PM,2024-03-06,204,206294,,,Yue Yuan,R,184.0,CHN,25.4,219875,,,Varvara Gracheva,R,,FRA,23.5,6-4 6-1,3,R128,89.0,1.0,3.0,57.0,33.0,23.0,10.0,8.0,6.0,8.0,1.0,6.0,73.0,41.0,21.0,11.0,9.0,7.0,13.0,49.0,1241.0,68.0,1016.0,2024
2024-609,Indian Wells,Hard,128,PM,2024-03-06,207,211095,,Q,Bernarda Pera,L,175.0,USA,29.2,201611,,,Daria Saville,R,166.0,AUS,30.0,7-5 4-6 7-6(5),3,R128,188.0,1.0,12.0,128.0,90.0,53.0,10.0,17.0,12.0,21.0,2.0,13.0,129.0,72.0,42.0,21.0,17.0,13.0,22.0,78.0,906.0,116.0,652.0,2024
2024-609,Indian Wells,Hard,128,PM,2024-03-06,208,215988,,Q,Mai Hontama,R,,JPN,24.5,201533,,,Shuai Zhang,R,177.0,CHN,35.1,5-7 6-2 6-0,3,R128,106.0,2.0,0.0,75.0,57.0,30.0,15.0,13.0,5.0,9.0,1.0,5.0,84.0,53.0,30.0,8.0,13.0,8.0,16.0,120.0,639.0,713.0,49.0,2024
2024-609,Indian Wells,Hard,128,PM,2024-03-06,211,203463,,Q,Nuria Parrizas Diaz,R,167.0,ESP,32.6,220520,,WC,Mccartney Kessler,R,,USA,24.6,6-3 7-6(3),3,R128,115.0,0.0,1.0,76.0,54.0,35.0,10.0,11.0,6.0,9.0,0.0,7.0,80.0,44.0,27.0,17.0,10.0,7.0,11.0,134.0,559.0,123.0,618.0,2024
2024-609,Indian Wells,Hard,128,PM,2024-03-06,212,211685,,Q,Rebecca Sramkova,R,,SVK,27.3,206374,,,Yafan Wang,R,170.0,CHN,29.8,6-4 6-0,3,R128,87.0,2.0,1.0,52.0,23.0,14.0,19.0,8.0,3.0,4.0,2.0,4.0,61.0,33.0,16.0,12.0,8.0,8.0,13.0,127.0,593.0,66.0,1038.0,2024
2024-609,Indian Wells,Hard,128,PM,2024-03-06,215,213583,,,Tatjana Maria,R,172.0,GER,36.5,201551,,,Arantxa Rus,L,180.0,NED,33.2,7-6(5) 6-2,3,R128,112.0,2.0,4.0,63.0,35.0,30.0,11.0,10.0,3.0,5.0,0.0,8.0,76.0,51.0,31.0,9.0,10.0,4.0,8.0,46.0,1270.0,48.0,1244.0,2024
2024-609,Indian Wells,Hard,128,PM,2024-03-06,219,213631,,,Marie Bouzkova,R,180.0,CZE,25.6,204427,,,Sara Sorribes Tormo,R,176.0,ESP,27.4,6-1 6-1,3,R128,76.0,3.0,1.0,43.0,30.0,20.0,8.0,7.0,0.0,1.0,0.0,3.0,39.0,23.0,10.0,2.0,7.0,1.0,7.0,40.0,1379.0,50.0,1209.0,2024
2024-609,Indian Wells,Hard,128,PM,2024-03-06,252,214452,,,Caroline Dolehide,R,178.0,USA,25.5,201458,27.0,,Victoria Azarenka,R,180.0,BLR,34.5,7-5 2-6 6-3,3,R64,145.0,2.0,4.0,104.0,83.0,45.0,9.0,14.0,7.0,13.0,1.0,4.0,97.0,60.0,35.0,18.0,15.0,5.0,12.0,51.0,1200.0,30.0,1591.0,2024
2024-609,Indian Wells,Hard,128,PM,2024-03-06,288,221103,3.0,,Coco Gauff,R,175.0,USA,19.9,210722,24.0,,Elise Mertens,R,179.0,BEL,28.3,6-0 6-2,3,R16,66.0,3.0,6.0,42.0,31.0,26.0,2.0,7.0,1.0,2.0,0.0,4.0,48.0,26.0,10.0,7.0,7.0,2.0,8.0,3.0,6975.0,28.0,1646.0,2024
2024-609,Indian Wells,Hard,128,PM,2024-03-06,254,214954,7.0,,Marketa Vondrousova,L,173.0,CZE,24.6,211095,,Q,Bernarda Pera,L,175.0,USA,29.2,6-0 6-2,3,R64,64.0,4.0,2.0,44.0,24.0,18.0,13.0,7.0,1.0,1.0,0.0,3.0,41.0,23.0,11.0,5.0,7.0,3.0,8.0,7.0,4070.0,78.0,906.0,2024
2024-609,Indian Wells,Hard,128,PM,2024-03-06,280,211148,13.0,,Jasmine Paolini,R,160.0,ITA,28.1,214939,21.0,,Anna Kalinskaya,R,175.0,RUS,25.2,6-3 3-6 6-4,3,R32,121.0,3.0,4.0,82.0,49.0,34.0,18.0,14.0,1.0,4.0,1.0,10.0,100.0,67.0,43.0,14.0,14.0,9.0,13.0,14.0,2700.0,25.0,1943.0,2024
2024-609,Indian Wells,Hard,128,PM,2024-03-06,281,215713,28.0,,Anastasia Potapova,R,175.0,RUS,22.9,206408,,LL,Nadia Podoroska,R,170.0,ARG,27.0,6-1 6-1,3,R32,61.0,2.0,6.0,46.0,22.0,19.0,10.0,7.0,4.0,5.0,0.0,6.0,49.0,30.0,16.0,2.0,7.0,4.0,10.0,33.0,1557.0,84.0,852.0,2024
2024-609,Indian Wells,Hard,128,PM,2024-03-06,282,201496,,WC,Caroline Wozniacki,R,177.0,DEN,33.6,220465,,WC,Katie Volynets,R,,USA,22.1,6-2 4-6 6-0,3,R32,130.0,0.0,4.0,88.0,61.0,40.0,11.0,12.0,5.0,8.0,0.0,3.0,86.0,72.0,36.0,4.0,12.0,7.0,14.0,204.0,373.0,131.0,582.0,2024
2024-609,Indian Wells,Hard,128,PM,2024-03-06,283,201493,,,Angelique Kerber,L,173.0,GER,36.1,206368,17.0,,Veronika Kudermetova,R,175.0,RUS,26.8,6-4 7-5,3,R32,107.0,1.0,2.0,83.0,57.0,34.0,12.0,11.0,7.0,11.0,5.0,0.0,61.0,38.0,21.0,8.0,11.0,6.0,12.0,607.0,71.0,19.0,2305.0,2024
2024-609,Indian Wells,Hard,128,PM,2024-03-06,284,201709,,,Yulia Putintseva,R,163.0,KAZ,29.1,201619,18.0,,Madison Keys,R,178.0,USA,29.0,6-4 6-1,3,R32,82.0,0.0,5.0,55.0,36.0,26.0,10.0,8.0,7.0,8.0,0.0,1.0,57.0,32.0,17.0,11.0,9.0,2.0,7.0,79.0,898.0,20.0,2287.0,2024
2024-609,Indian Wells,Hard,128,PM,2024-03-06,285,216347,1.0,,Iga Swiatek,R,176.0,POL,22.7,222328,26.0,,Linda Noskova,R,,CZE,19.2,6-4 6-0,3,R32,72.0,0.0,1.0,54.0,33.0,21.0,13.0,8.0,4.0,5.0,2.0,7.0,45.0,27.0,13.0,6.0,8.0,4.0,9.0,1.0,10105.0,29.0,1613.0,2024
2024-609,Indian Wells,Hard,128,PM,2024-03-06,286,215613,23.0,,Emma Navarro,R,,USA,22.8,214544,2.0,,Aryna Sabalenka,R,182.0,BLR,25.8,6-3 3-6 6-2,3,R16,116.0,2.0,1.0,90.0,54.0,35.0,20.0,13.0,4.0,6.0,4.0,4.0,73.0,42.0,26.0,19.0,13.0,1.0,5.0,23.0,1998.0,2.0,8725.0,2024
2024-609,Indian Wells,Hard,128,PM,2024-03-06,287,206289,9.0,,Maria Sakkari,R,172.0,GRE,28.6,220348,,,Diane Parry,R,170.0,FRA,21.5,6-2 3-6 6-3,3,R16,131.0,3.0,3.0,82.0,39.0,28.0,26.0,13.0,6.0,8.0,3.0,3.0,81.0,36.0,26.0,23.0,13.0,3.0,7.0,9.0,3565.0,61.0,1098.0,2024
2024-609,Indian Wells,Hard,128,PM,2024-03-06,289,206294,,,Yue Yuan,R,184.0,CHN,25.4,214082,11.0,,Daria Kasatkina,R,170.0,RUS,26.8,4-6 6-4 6-3,3,R16,150.0,0.0,1.0,106.0,58.0,37.0,17.0,15.0,9.0,16.0,1.0,6.0,88.0,64.0,34.0,10.0,14.0,7.0,15.0,49.0,1241.0,12.0,3063.0,2024
2024-609,Indian Wells,Hard,128,PM,2024-03-06,279,201499,22.0,,Anastasia Pavlyuchenkova,R,177.0,RUS,32.6,206242,12.0,,Beatriz Haddad Maia,L,185.0,BRA,27.7,2-6 6-4 6-3,3,R32,158.0,4.0,4.0,98.0,53.0,35.0,20.0,13.0,2.0,6.0,4.0,4.0,97.0,55.0,31.0,22.0,14.0,11.0,16.0,24.0,1981.0,13.0,2870.0,2024
2024-609,Indian Wells,Hard,128,PM,2024-03-06,290,216146,31.0,,Marta Kostyuk,R,175.0,UKR,21.6,201499,22.0,,Anastasia Pavlyuchenkova,R,177.0,RUS,32.6,6-4 6-1,3,R16,78.0,0.0,3.0,49.0,18.0,14.0,18.0,8.0,1.0,2.0,2.0,4.0,59.0,37.0,20.0,8.0,9.0,3.0,8.0,32.0,1566.0,24.0,1981.0,2024
2024-609,Indian Wells,Hard,128,PM,2024-03-06,292,201496,,WC,Caroline Wozniacki,R,177.0,DEN,33.6,201493,,,Angelique Kerber,L,173.0,GER,36.1,6-4 6-2,3,R16,89.0,2.0,0.0,56.0,35.0,24.0,12.0,9.0,2.0,4.0,0.0,3.0,70.0,53.0,24.0,10.0,9.0,7.0,12.0,204.0,373.0,607.0,71.0,2024
2024-609,Indian Wells,Hard,128,PM,2024-03-06,293,216347,1.0,,Iga Swiatek,R,176.0,POL,22.7,201709,,,Yulia Putintseva,R,163.0,KAZ,29.1,6-1 6-2,3,R16,71.0,1.0,1.0,43.0,30.0,22.0,7.0,8.0,4.0,6.0,0.0,4.0,57.0,35.0,14.0,9.0,7.0,8.0,14.0,1.0,10105.0,79.0,898.0,2024
2024-609,Indian Wells,Hard,128,PM,2024-03-06,294,206289,9.0,,Maria Sakkari,R,172.0,GRE,28.6,215613,23.0,,Emma Navarro,R,,USA,22.8,5-7 6-2 6-4,3,QF,174.0,2.0,6.0,125.0,75.0,53.0,22.0,15.0,10.0,13.0,0.0,4.0,117.0,78.0,46.0,19.0,15.0,12.0,17.0,9.0,3565.0,23.0,1998.0,2024
2024-609,Indian Wells,Hard,128,PM,2024-03-06,295,221103,3.0,,Coco Gauff,R,175.0,USA,19.9,206294,,,Yue Yuan,R,184.0,CHN,25.4,6-4 6-3,3,QF,94.0,7.0,17.0,84.0,52.0,39.0,9.0,10.0,7.0,10.0,0.0,1.0,56.0,33.0,19.0,7.0,9.0,2.0,7.0,3.0,6975.0,49.0,1241.0,2024
2024-609,Indian Wells,Hard,128,PM,2024-03-06,296,216146,31.0,,Marta Kostyuk,R,175.0,UKR,21.6,215713,28.0,,Anastasia Potapova,R,175.0,RUS,22.9,6-0 7-5,3,QF,68.0,1.0,4.0,47.0,27.0,16.0,12.0,9.0,2.0,5.0,1.0,4.0,63.0,46.0,21.0,5.0,9.0,3.0,10.0,32.0,1566.0,33.0,1557.0,2024
2024-609,Indian Wells,Hard,128,PM,2024-03-06,297,216347,1.0,,Iga Swiatek,R,176.0,POL,22.7,201496,,WC,Caroline Wozniacki,R,177.0,DEN,33.6,6-4 1-0 RET,3,QF,65.0,2.0,0.0,27.0,16.0,10.0,8.0,5.0,0.0,1.0,1.0,1.0,55.0,34.0,18.0,9.0,6.0,7.0,10.0,1.0,10105.0,204.0,373.0,2024
2024-609,Indian Wells,Hard,128,PM,2024-03-06,298,206289,9.0,,Maria Sakkari,R,172.0,GRE,28.6,221103,3.0,,Coco Gauff,R,175.0,USA,19.9,6-4 6-7(5) 6-2,3,SF,161.0,2.0,4.0,120.0,76.0,51.0,21.0,15.0,11.0,14.0,3.0,7.0,100.0,53.0,37.0,19.0,15.0,6.0,12.0,9.0,3565.0,3.0,6975.0,2024
2024-609,Indian Wells,Hard,128,PM,2024-03-06,299,216347,1.0,,Iga Swiatek,R,176.0,POL,22.7,216146,31.0,,Marta Kostyuk,R,175.0,UKR,21.6,6-2 6-1,3,SF,69.0,0.0,0.0,39.0,29.0,24.0,5.0,7.0,0.0,0.0,2.0,4.0,52.0,26.0,16.0,8.0,8.0,1.0,6.0,1.0,10105.0,32.0,1566.0,2024
2024-609,Indian Wells,Hard,128,PM,2024-03-06,300,216347,1.0,,Iga Swiatek,R,176.0,POL,22.7,206289,9.0,,Maria Sakkari,R,172.0,GRE,28.6,6-4 6-0,3,F,68.0,2.0,2.0,43.0,29.0,22.0,9.0,8.0,1.0,2.0,1.0,1.0,44.0,27.0,12.0,7.0,8.0,3.0,8.0,1.0,10105.0,9.0,3565.0,2024
2024-609,Indian Wells,Hard,128,PM,2024-03-06,291,215713,28.0,,Anastasia Potapova,R,175.0,RUS,22.9,211148,13.0,,Jasmine Paolini,R,160.0,ITA,28.1,7-5 0-6 6-3,3,R16,107.0,2.0,8.0,77.0,46.0,33.0,13.0,13.0,2.0,6.0,1.0,4.0,81.0,55.0,36.0,11.0,14.0,3.0,7.0,33.0,1557.0,14.0,2700.0,2024
2024-609,Indian Wells,Hard,128,PM,2024-03-06,278,216146,31.0,,Marta Kostyuk,R,175.0,UKR,21.6,214954,7.0,,Marketa Vondrousova,L,173.0,CZE,24.6,W/O,3,R32,,,,,,,,,,,,,,,,,,,,32.0,1566.0,7.0,4070.0,2024
2024-609,Indian Wells,Hard,128,PM,2024-03-06,253,206294,,,Yue Yuan,R,184.0,CHN,25.4,221012,8.0,,Qinwen Zheng,R,,CHN,21.4,6-4 6-3,3,R64,100.0,0.0,0.0,66.0,32.0,19.0,22.0,10.0,4.0,6.0,6.0,6.0,69.0,34.0,21.0,14.0,9.0,9.0,13.0,49.0,1241.0,8.0,4040.0,2024
2024-609,Indian Wells,Hard,128,PM,2024-03-06,276,214082,11.0,,Daria Kasatkina,R,170.0,RUS,26.8,201585,,,Sloane Stephens,R,170.0,USA,30.9,2-6 6-4 6-4,3,R32,133.0,1.0,7.0,91.0,65.0,37.0,12.0,14.0,10.0,16.0,0.0,1.0,96.0,64.0,35.0,16.0,14.0,9.0,15.0,12.0,3063.0,44.0,1297.0,2024
2024-609,Indian Wells,Hard,128,PM,2024-03-06,255,216146,31.0,,Marta Kostyuk,R,175.0,UKR,21.6,215988,,Q,Mai Hontama,R,,JPN,24.5,6-4 6-2,3,R64,78.0,2.0,5.0,49.0,26.0,20.0,8.0,9.0,3.0,6.0,0.0,2.0,63.0,41.0,20.0,8.0,9.0,5.0,11.0,32.0,1566.0,120.0,639.0,2024
2024-609,Indian Wells,Hard,128,PM,2024-03-06,256,201499,22.0,,Anastasia Pavlyuchenkova,R,177.0,RUS,32.6,203463,,Q,Nuria Parrizas Diaz,R,167.0,ESP,32.6,6-3 6-1,3,R64,65.0,5.0,1.0,41.0,27.0,20.0,10.0,8.0,0.0,1.0,0.0,5.0,53.0,34.0,13.0,11.0,8.0,4.0,9.0,24.0,1981.0,134.0,559.0,2024
2024-609,Indian Wells,Hard,128,PM,2024-03-06,257,206242,12.0,,Beatriz Haddad Maia,L,185.0,BRA,27.7,211685,,Q,Rebecca Sramkova,R,,SVK,27.3,7-5 6-2,3,R64,115.0,0.0,5.0,73.0,44.0,31.0,13.0,10.0,6.0,8.0,2.0,0.0,74.0,43.0,20.0,18.0,10.0,11.0,16.0,13.0,2870.0,127.0,593.0,2024
2024-609,Indian Wells,Hard,128,PM,2024-03-06,258,211148,13.0,,Jasmine Paolini,R,160.0,ITA,28.1,213583,,,Tatjana Maria,R,172.0,GER,36.5,6-3 6-3,3,R64,77.0,0.0,1.0,59.0,39.0,24.0,13.0,9.0,6.0,8.0,2.0,7.0,60.0,26.0,15.0,13.0,9.0,6.0,11.0,14.0,2700.0,46.0,1270.0,2024
2024-609,Indian Wells,Hard,128,PM,2024-03-06,259,214939,21.0,,Anna Kalinskaya,R,175.0,RUS,25.2,203501,,Q,Taylor Townsend,L,170.0,USA,27.8,7-5 3-6 6-4,3,R64,143.0,0.0,10.0,91.0,47.0,30.0,24.0,15.0,5.0,10.0,5.0,1.0,108.0,79.0,48.0,13.0,16.0,13.0,19.0,25.0,1943.0,77.0,911.0,2024
2024-609,Indian Wells,Hard,128,PM,2024-03-06,260,215713,28.0,,Anastasia Potapova,R,175.0,RUS,22.9,213631,,,Marie Bouzkova,R,180.0,CZE,25.6,7-5 6-1,3,R64,99.0,1.0,3.0,75.0,43.0,27.0,13.0,10.0,7.0,11.0,0.0,2.0,58.0,37.0,15.0,9.0,9.0,9.0,16.0,33.0,1557.0,40.0,1379.0,2024
2024-609,Indian Wells,Hard,128,PM,2024-03-06,277,206294,,,Yue Yuan,R,184.0,CHN,25.4,214452,,,Caroline Dolehide,R,178.0,USA,25.5,1-6 6-4 7-6(2),3,R32,146.0,0.0,3.0,84.0,50.0,27.0,17.0,15.0,1.0,8.0,0.0,6.0,112.0,88.0,51.0,10.0,14.0,14.0,19.0,49.0,1241.0,51.0,1200.0,2024
2024-609,Indian Wells,Hard,128,PM,2024-03-06,262,220465,,WC,Katie Volynets,R,,USA,22.1,202460,6.0,,Ons Jabeur,R,167.0,TUN,29.5,6-4 6-4,3,R64,82.0,1.0,0.0,61.0,52.0,35.0,4.0,10.0,3.0,5.0,4.0,0.0,65.0,32.0,19.0,18.0,10.0,3.0,7.0,131.0,582.0,6.0,4173.0,2024
2024-609,Indian Wells,Hard,128,PM,2024-03-06,263,201496,,WC,Caroline Wozniacki,R,177.0,DEN,33.6,202499,25.0,,Donna Vekic,R,179.0,CRO,27.6,7-6(5) 6-3,3,R64,102.0,2.0,3.0,76.0,48.0,34.0,16.0,10.0,7.0,8.0,6.0,7.0,73.0,43.0,30.0,15.0,11.0,3.0,6.0,204.0,373.0,36.0,1518.0,2024
2024-609,Indian Wells,Hard,128,PM,2024-03-06,264,206368,17.0,,Veronika Kudermetova,R,175.0,RUS,26.8,211702,,Q,Nao Hibino,R,163.0,JPN,29.2,6-1 7-5,3,R64,94.0,3.0,3.0,62.0,39.0,29.0,11.0,10.0,3.0,6.0,0.0,6.0,58.0,30.0,16.0,9.0,9.0,5.0,11.0,19.0,2305.0,80.0,888.0,2024
2024-609,Indian Wells,Hard,128,PM,2024-03-06,261,206408,,LL,Nadia Podoroska,R,170.0,ARG,27.0,215037,,LL,Kayla Day,L,173.0,USA,24.4,7-6(3) 6-4,3,R64,137.0,0.0,1.0,79.0,55.0,38.0,18.0,11.0,10.0,11.0,3.0,6.0,96.0,54.0,36.0,21.0,11.0,11.0,13.0,84.0,852.0,88.0,818.0,2024
2024-609,Indian Wells,Hard,128,PM,2024-03-06,266,201709,,,Yulia Putintseva,R,163.0,KAZ,29.1,206420,15.0,,Ekaterina Alexandrova,R,175.0,RUS,29.3,7-5 6-1,3,R64,89.0,1.0,1.0,62.0,39.0,26.0,12.0,9.0,8.0,10.0,4.0,10.0,76.0,37.0,24.0,13.0,10.0,6.0,12.0,79.0,898.0,16.0,2475.0,2024
2024-609,Indian Wells,Hard,128,PM,2024-03-06,265,201493,,,Angelique Kerber,L,173.0,GER,36.1,211533,10.0,,Jelena Ostapenko,R,177.0,LAT,26.7,5-7 6-3 6-3,3,R64,133.0,3.0,8.0,106.0,62.0,36.0,22.0,15.0,8.0,14.0,9.0,12.0,114.0,62.0,40.0,14.0,15.0,12.0,20.0,607.0,71.0,10.0,3548.0,2024
2024-609,Indian Wells,Hard,128,PM,2024-03-06,274,221103,3.0,,Coco Gauff,R,175.0,USA,19.9,214459,,,Lucia Bronzetti,R,,ITA,25.2,6-2 7-6(5),3,R32,109.0,3.0,6.0,78.0,54.0,40.0,12.0,10.0,10.0,11.0,3.0,4.0,73.0,43.0,28.0,14.0,10.0,4.0,7.0,3.0,6975.0,53.0,1192.0,2024
2024-609,Indian Wells,Hard,128,PM,2024-03-06,273,220348,,,Diane Parry,R,170.0,FRA,21.5,215020,,,Anna Blinkova,R,179.0,RUS,25.4,6-4 6-3,3,R32,113.0,2.0,2.0,65.0,33.0,23.0,20.0,10.0,3.0,4.0,2.0,14.0,82.0,41.0,25.0,18.0,9.0,12.0,15.0,61.0,1098.0,45.0,1270.0,2024
2024-609,Indian Wells,Hard,128,PM,2024-03-06,272,206289,9.0,,Maria Sakkari,R,172.0,GRE,28.6,201614,20.0,,Caroline Garcia,R,177.0,FRA,30.3,6-3 6-4,3,R32,77.0,4.0,3.0,64.0,33.0,25.0,15.0,10.0,0.0,2.0,4.0,5.0,46.0,22.0,16.0,8.0,9.0,0.0,4.0,9.0,3565.0,26.0,1920.0,2024
2024-609,Indian Wells,Hard,128,PM,2024-03-06,275,210722,24.0,,Elise Mertens,R,179.0,BEL,28.3,211768,,,Naomi Osaka,R,180.0,JPN,26.3,7-5 6-4,3,R32,116.0,5.0,7.0,79.0,49.0,32.0,15.0,11.0,6.0,9.0,7.0,6.0,76.0,29.0,23.0,17.0,11.0,5.0,10.0,28.0,1646.0,287.0,258.0,2024
2024-609,Indian Wells,Hard,128,PM,2024-03-06,270,214544,2.0,,Aryna Sabalenka,R,182.0,BLR,25.8,221054,,WC,Emma Raducanu,R,175.0,GBR,21.3,6-3 7-5,3,R32,95.0,8.0,2.0,75.0,47.0,35.0,15.0,11.0,9.0,10.0,1.0,4.0,58.0,36.0,24.0,12.0,10.0,4.0,7.0,2.0,8725.0,250.0,301.0,2024
2024-609,Indian Wells,Hard,128,PM,2024-03-06,269,216347,1.0,,Iga Swiatek,R,176.0,POL,22.7,203389,,,Danielle Collins,R,178.0,USA,30.2,6-3 6-0,3,R64,81.0,2.0,2.0,63.0,45.0,32.0,9.0,8.0,4.0,4.0,4.0,7.0,44.0,16.0,8.0,12.0,7.0,2.0,6.0,1.0,10105.0,56.0,1180.0,2024
2024-609,Indian Wells,Hard,128,PM,2024-03-06,268,222328,26.0,,Linda Noskova,R,,CZE,19.2,202429,,,Camila Giorgi,R,168.0,ITA,32.1,6-3 7-5,3,R64,95.0,4.0,5.0,59.0,37.0,28.0,10.0,10.0,5.0,7.0,6.0,10.0,83.0,44.0,30.0,11.0,11.0,7.0,12.0,29.0,1613.0,106.0,691.0,2024
2024-609,Indian Wells,Hard,128,PM,2024-03-06,267,201619,18.0,,Madison Keys,R,178.0,USA,29.0,221024,,Q,Hailey Baptiste,R,,USA,22.3,6-4 4-6 7-6(4),3,R64,163.0,2.0,8.0,133.0,83.0,53.0,23.0,16.0,11.0,16.0,3.0,9.0,115.0,59.0,39.0,26.0,16.0,8.0,13.0,20.0,2287.0,105.0,692.0,2024
2024-609,Indian Wells,Hard,128,PM,2024-03-06,271,215613,23.0,,Emma Navarro,R,,USA,22.8,202494,16.0,,Elina Svitolina,R,174.0,UKR,29.4,6-1 4-6 6-3,3,R32,120.0,0.0,1.0,83.0,59.0,34.0,14.0,13.0,2.0,6.0,1.0,4.0,88.0,50.0,30.0,14.0,13.0,6.0,13.0,23.0,1998.0,17.0,2332.0,2024
2024-902,Miami,Hard,128,PM,2024-03-18,224,202684,,,Lin Zhu,R,173.0,CHN,30.1,213631,,,Marie Bouzkova,R,180.0,CZE,25.6,6-2 6-4,3,R128,84.0,3.0,3.0,51.0,26.0,22.0,14.0,9.0,1.0,2.0,1.0,1.0,55.0,39.0,21.0,8.0,9.0,6.0,10.0,63.0,1072.0,39.0,1404.0,2024
2024-902,Miami,Hard,128,PM,2024-03-18,225,215306,,Q,Emiliana Arango,R,,COL,23.3,213583,,,Tatjana Maria,R,172.0,GER,36.6,6-2 6-3,3,R128,85.0,0.0,1.0,62.0,54.0,33.0,6.0,8.0,7.0,8.0,4.0,0.0,52.0,22.0,12.0,12.0,9.0,4.0,9.0,123.0,635.0,48.0,1270.0,2024
2024-902,Miami,Hard,128,PM,2024-03-18,228,204411,,Q,Storm Hunter,L,166.0,AUS,29.6,203354,,,Martina Trevisan,L,160.0,ITA,30.3,6-3 3-0 RET,3,R128,46.0,0.0,2.0,32.0,20.0,16.0,8.0,6.0,0.0,0.0,1.0,3.0,35.0,26.0,15.0,3.0,6.0,2.0,5.0,122.0,636.0,61.0,1084.0,2024
2024-902,Miami,Hard,128,PM,2024-03-18,229,220465,,Q,Katie Volynets,R,,USA,22.2,213550,,,Sofia Kenin,R,170.0,USA,25.3,6-2 4-6 6-3,3,R128,123.0,3.0,2.0,77.0,61.0,35.0,9.0,13.0,2.0,6.0,0.0,5.0,105.0,82.0,39.0,13.0,14.0,9.0,16.0,121.0,637.0,58.0,1164.0,2024
2024-902,Miami,Hard,128,PM,2024-03-18,232,202499,,,Donna Vekic,R,179.0,CRO,27.7,201662,,,Karolina Pliskova,R,184.0,CZE,31.9,6-4 2-6 6-2,3,R128,121.0,9.0,3.0,85.0,54.0,38.0,15.0,13.0,5.0,8.0,6.0,7.0,91.0,59.0,39.0,12.0,13.0,8.0,12.0,34.0,1518.0,46.0,1282.0,2024
2024-902,Miami,Hard,128,PM,2024-03-18,233,201603,,,Shelby Rogers,R,175.0,USA,31.4,222258,,WC,Linda Fruhvirtova,R,,CZE,18.8,4-6 6-4 6-2,3,R128,134.0,2.0,2.0,91.0,53.0,32.0,23.0,14.0,3.0,6.0,6.0,4.0,89.0,56.0,40.0,14.0,14.0,5.0,10.0,325.0,208.0,138.0,536.0,2024
2024-902,Miami,Hard,128,PM,2024-03-18,236,221237,,Q,Maria Timofeeva,R,,RUS,20.3,219875,,,Varvara Gracheva,R,,FRA,23.6,6-3 6-3,3,R128,80.0,1.0,2.0,50.0,27.0,21.0,13.0,9.0,1.0,2.0,1.0,3.0,58.0,37.0,23.0,6.0,9.0,3.0,7.0,99.0,726.0,83.0,876.0,2024
2024-902,Miami,Hard,128,PM,2024-03-18,237,202429,,,Camila Giorgi,R,168.0,ITA,32.2,211684,,,Magdalena Frech,R,171.0,POL,26.2,6-4 6-2,3,R128,95.0,4.0,7.0,61.0,36.0,30.0,12.0,9.0,3.0,3.0,1.0,2.0,57.0,34.0,21.0,13.0,9.0,2.0,5.0,107.0,691.0,47.0,1270.0,2024
2024-902,Miami,Hard,128,PM,2024-03-18,239,214544,2.0,,Aryna Sabalenka,R,182.0,BLR,25.8,211651,,,Paula Badosa,R,180.0,ESP,26.3,6-4 6-3,3,R64,83.0,3.0,4.0,51.0,39.0,30.0,7.0,9.0,1.0,1.0,3.0,4.0,74.0,44.0,27.0,14.0,10.0,5.0,8.0,2.0,8195.0,80.0,906.0,2024
2024-902,Miami,Hard,128,PM,2024-03-18,250,216133,,,Xin Yu Wang,R,182.0,CHN,22.4,206368,16.0,,Veronika Kudermetova,R,175.0,RUS,26.8,6-3 6-2,3,R64,88.0,1.0,4.0,61.0,38.0,31.0,10.0,9.0,2.0,3.0,1.0,4.0,66.0,41.0,21.0,12.0,8.0,3.0,7.0,43.0,1316.0,19.0,2305.0,2024
2024-902,Miami,Hard,128,PM,2024-03-18,241,213889,,LL,Greet Minnen,R,,BEL,26.5,201615,,,Lesia Tsurenko,R,174.0,UKR,34.8,7-5 6-1,3,R64,92.0,2.0,3.0,55.0,38.0,27.0,6.0,9.0,3.0,6.0,0.0,3.0,85.0,59.0,30.0,8.0,10.0,10.0,17.0,79.0,908.0,40.0,1387.0,2024
2024-902,Miami,Hard,128,PM,2024-03-18,242,201709,,,Yulia Putintseva,R,163.0,KAZ,29.1,214643,13.0,,Liudmila Samsonova,R,180.0,RUS,25.3,6-1 4-6 6-3,3,R64,141.0,2.0,0.0,83.0,61.0,40.0,10.0,13.0,3.0,6.0,1.0,8.0,82.0,38.0,24.0,18.0,13.0,8.0,14.0,68.0,1008.0,15.0,2605.0,2024
2024-902,Miami,Hard,128,PM,2024-03-18,243,206242,11.0,,Beatriz Haddad Maia,L,185.0,BRA,27.8,220348,,,Diane Parry,R,170.0,FRA,21.5,3-6 6-1 6-4,3,R64,140.0,4.0,1.0,88.0,66.0,42.0,13.0,13.0,6.0,8.0,6.0,0.0,73.0,44.0,27.0,16.0,13.0,2.0,6.0,13.0,2870.0,54.0,1200.0,2024
2024-902,Miami,Hard,128,PM,2024-03-18,244,211107,24.0,,Katie Boulter,R,180.0,GBR,27.6,259104,,WC,Brenda Fruhvirtova,R,,CZE,16.9,7-6(5) 1-0 RET,3,R64,81.0,3.0,1.0,37.0,18.0,15.0,7.0,6.0,2.0,4.0,0.0,6.0,57.0,33.0,20.0,8.0,7.0,5.0,8.0,30.0,1690.0,105.0,704.0,2024
2024-902,Miami,Hard,128,PM,2024-03-18,245,201458,27.0,,Victoria Azarenka,R,180.0,BLR,34.6,220548,,,Peyton Stearns,R,,USA,22.4,7-5 3-6 6-4,3,R64,166.0,3.0,4.0,104.0,77.0,46.0,9.0,16.0,10.0,17.0,6.0,3.0,112.0,77.0,43.0,15.0,15.0,12.0,19.0,32.0,1591.0,67.0,1046.0,2024
2024-902,Miami,Hard,128,PM,2024-03-18,246,221012,7.0,,Qinwen Zheng,R,,CHN,21.4,211701,,,Katerina Siniakova,R,174.0,CZE,27.8,4-6 6-3 1-0 RET,3,R64,103.0,4.0,1.0,65.0,37.0,30.0,11.0,11.0,1.0,4.0,2.0,1.0,56.0,32.0,21.0,9.0,10.0,2.0,6.0,7.0,4050.0,42.0,1352.0,2024
2024-902,Miami,Hard,128,PM,2024-03-18,247,214981,4.0,,Elena Rybakina,R,184.0,KAZ,24.7,220704,,Q,Clara Tauson,R,182.0,DEN,21.2,3-6 7-5 6-4,3,R64,147.0,6.0,5.0,103.0,59.0,41.0,19.0,16.0,5.0,10.0,2.0,7.0,110.0,73.0,46.0,15.0,15.0,9.0,14.0,4.0,5848.0,91.0,793.0,2024
2024-902,Miami,Hard,128,PM,2024-03-18,248,203501,,Q,Taylor Townsend,L,170.0,USA,27.9,210722,25.0,,Elise Mertens,R,179.0,BEL,28.3,6-2 6-2,3,R64,78.0,4.0,2.0,48.0,34.0,26.0,8.0,8.0,2.0,2.0,1.0,4.0,48.0,22.0,11.0,14.0,8.0,1.0,5.0,72.0,974.0,28.0,1756.0,2024
2024-902,Miami,Hard,128,PM,2024-03-18,249,201619,17.0,,Madison Keys,R,178.0,USA,29.0,223670,,,Diana Shnaider,L,,RUS,19.9,6-2 6-4,3,R64,75.0,8.0,2.0,67.0,49.0,36.0,8.0,9.0,5.0,6.0,0.0,3.0,51.0,35.0,20.0,5.0,9.0,0.0,4.0,18.0,2342.0,62.0,1076.0,2024
2024-902,Miami,Hard,128,PM,2024-03-18,221,206408,,Q,Nadia Podoroska,R,170.0,ARG,27.0,221909,,,Ashlyn Krueger,R,185.0,USA,19.8,6-4 6-2,3,R128,81.0,1.0,0.0,57.0,40.0,27.0,12.0,9.0,3.0,3.0,1.0,2.0,56.0,32.0,20.0,13.0,9.0,7.0,10.0,78.0,919.0,75.0,963.0,2024
2024-902,Miami,Hard,128,PM,2024-03-18,240,211843,32.0,,Anhelina Kalinina,R,179.0,UKR,27.1,201496,,WC,Caroline Wozniacki,R,177.0,DEN,33.6,5-7 7-5 6-4,3,R64,198.0,5.0,2.0,120.0,83.0,47.0,22.0,17.0,14.0,19.0,1.0,7.0,130.0,82.0,45.0,24.0,17.0,15.0,21.0,36.0,1483.0,129.0,588.0,2024
2024-902,Miami,Hard,128,PM,2024-03-18,220,201551,,,Arantxa Rus,L,180.0,NED,33.2,204427,,,Sara Sorribes Tormo,R,176.0,ESP,27.4,6-0 6-3,3,R128,102.0,3.0,0.0,52.0,36.0,26.0,11.0,8.0,3.0,3.0,1.0,3.0,52.0,38.0,19.0,6.0,7.0,3.0,7.0,57.0,1174.0,52.0,1218.0,2024
2024-902,Miami,Hard,128,PM,2024-03-18,196,223670,,,Diana Shnaider,L,,RUS,19.9,200748,,WC,Venus Williams,R,185.0,USA,43.7,6-3 6-3,3,R128,79.0,2.0,4.0,51.0,30.0,23.0,8.0,9.0,0.0,3.0,2.0,6.0,64.0,36.0,23.0,7.0,9.0,5.0,11.0,62.0,1076.0,457.0,122.0,2024
2024-902,Miami,Hard,128,PM,2024-03-18,216,211768,,,Naomi Osaka,R,180.0,JPN,26.4,220714,,,Elisabetta Cocciaretto,R,,ITA,23.1,6-3 6-4,3,R128,78.0,6.0,2.0,49.0,20.0,17.0,23.0,10.0,0.0,0.0,2.0,2.0,59.0,36.0,23.0,11.0,9.0,5.0,7.0,229.0,323.0,51.0,1238.0,2024
2024-902,Miami,Hard,128,PM,2024-03-18,251,211533,9.0,,Jelena Ostapenko,R,177.0,LAT,26.7,201696,,Q,Laura Siegemund,R,168.0,GER,36.0,7-6(3) 6-4,3,R64,123.0,3.0,8.0,80.0,41.0,33.0,17.0,11.0,3.0,6.0,4.0,2.0,76.0,64.0,37.0,4.0,11.0,5.0,9.0,10.0,3493.0,90.0,795.0,2024
2024-902,Miami,Hard,128,PM,2024-03-18,174,203389,,,Danielle Collins,R,178.0,USA,30.2,214981,4.0,,Elena Rybakina,R,184.0,KAZ,24.7,7-5 6-3,3,F,122.0,4.0,3.0,95.0,59.0,44.0,15.0,11.0,10.0,11.0,5.0,0.0,62.0,33.0,23.0,16.0,10.0,4.0,7.0,53.0,1205.0,4.0,5848.0,2024
2024-902,Miami,Hard,128,PM,2024-03-18,176,211651,,,Paula Badosa,R,180.0,ESP,26.3,201594,,WC,Simona Halep,R,168.0,ROU,32.4,1-6 6-4 6-3,3,R128,118.0,5.0,6.0,82.0,49.0,38.0,11.0,13.0,1.0,5.0,5.0,10.0,97.0,61.0,43.0,11.0,13.0,7.0,11.0,80.0,906.0,,,2024
2024-902,Miami,Hard,128,PM,2024-03-18,177,201496,,WC,Caroline Wozniacki,R,177.0,DEN,33.6,216262,,,Clara Burel,R,176.0,FRA,22.9,6-1 6-4,3,R128,78.0,0.0,2.0,52.0,29.0,23.0,12.0,9.0,3.0,5.0,2.0,7.0,60.0,32.0,16.0,10.0,8.0,6.0,11.0,129.0,588.0,45.0,1287.0,2024
2024-902,Miami,Hard,128,PM,2024-03-18,180,201615,,,Lesia Tsurenko,R,174.0,UKR,34.8,202663,,,Magda Linette,R,171.0,POL,32.0,2-6 6-1 6-4,3,R128,144.0,0.0,5.0,86.0,62.0,40.0,5.0,12.0,8.0,13.0,3.0,4.0,100.0,65.0,41.0,9.0,13.0,11.0,18.0,40.0,1387.0,55.0,1190.0,2024
2024-902,Miami,Hard,128,PM,2024-03-18,181,201709,,,Yulia Putintseva,R,163.0,KAZ,29.1,213710,,,Cristina Bucsa,R,,ESP,26.2,6-2 3-6 6-4,3,R128,137.0,1.0,2.0,91.0,64.0,36.0,11.0,14.0,7.0,14.0,1.0,1.0,98.0,64.0,34.0,11.0,13.0,4.0,12.0,68.0,1008.0,74.0,965.0,2024
2024-902,Miami,Hard,128,PM,2024-03-18,184,220348,,,Diane Parry,R,170.0,FRA,21.5,211713,,,Jaqueline Cristian,R,180.0,ROU,25.7,7-6(2) 6-2,3,R128,105.0,3.0,2.0,67.0,32.0,24.0,21.0,10.0,2.0,3.0,3.0,1.0,65.0,37.0,24.0,12.0,10.0,4.0,7.0,54.0,1200.0,82.0,884.0,2024
2024-902,Miami,Hard,128,PM,2024-03-18,185,259104,,WC,Brenda Fruhvirtova,R,,CZE,16.9,214604,,Q,Maria Lourdes Carle,R,,ARG,24.1,6-3 6-3,3,R128,89.0,0.0,4.0,55.0,38.0,23.0,9.0,9.0,1.0,4.0,0.0,4.0,56.0,41.0,23.0,2.0,9.0,6.0,12.0,105.0,704.0,100.0,726.0,2024
2024-902,Miami,Hard,128,PM,2024-03-18,188,220548,,,Peyton Stearns,R,,USA,22.4,206374,,,Yafan Wang,R,170.0,CHN,29.8,6-2 6-3,3,R128,86.0,3.0,0.0,71.0,48.0,32.0,8.0,9.0,9.0,11.0,3.0,2.0,45.0,27.0,15.0,5.0,8.0,6.0,11.0,67.0,1046.0,64.0,1060.0,2024
2024-902,Miami,Hard,128,PM,2024-03-18,189,211701,,,Katerina Siniakova,R,174.0,CZE,27.8,202536,,,Ana Bogdan,R,171.0,ROU,31.3,6-2 6-4,3,R128,84.0,4.0,4.0,50.0,30.0,24.0,10.0,9.0,0.0,1.0,0.0,1.0,55.0,31.0,17.0,11.0,9.0,3.0,7.0,42.0,1352.0,66.0,1054.0,2024
2024-902,Miami,Hard,128,PM,2024-03-18,192,220704,,Q,Clara Tauson,R,182.0,DEN,21.2,214452,,,Caroline Dolehide,R,178.0,USA,25.5,6-3 3-6 6-2,3,R128,120.0,3.0,5.0,80.0,46.0,33.0,15.0,13.0,4.0,7.0,6.0,4.0,74.0,52.0,37.0,7.0,13.0,6.0,11.0,91.0,793.0,50.0,1245.0,2024
2024-902,Miami,Hard,128,PM,2024-03-18,193,203501,,Q,Taylor Townsend,L,170.0,USA,27.9,214459,,,Lucia Bronzetti,R,,ITA,25.2,3-6 6-3 6-4,3,R128,127.0,4.0,5.0,81.0,58.0,43.0,12.0,14.0,3.0,5.0,5.0,4.0,87.0,53.0,37.0,16.0,14.0,4.0,7.0,72.0,974.0,49.0,1247.0,2024
2024-902,Miami,Hard,128,PM,2024-03-18,197,216133,,,Xin Yu Wang,R,182.0,CHN,22.4,221024,,WC,Hailey Baptiste,R,,USA,22.3,7-6(1) 6-3,3,R128,86.0,6.0,2.0,65.0,38.0,32.0,17.0,11.0,3.0,4.0,2.0,5.0,60.0,28.0,23.0,15.0,10.0,3.0,5.0,43.0,1316.0,96.0,744.0,2024
2024-902,Miami,Hard,128,PM,2024-03-18,200,201696,,Q,Laura Siegemund,R,168.0,GER,36.0,202434,,Q,Aleksandra Krunic,R,163.0,SRB,31.0,4-6 6-2 6-2,3,R128,160.0,1.0,2.0,92.0,67.0,39.0,11.0,13.0,6.0,11.0,3.0,3.0,103.0,66.0,37.0,9.0,13.0,10.0,18.0,90.0,795.0,626.0,66.0,2024
2024-902,Miami,Hard,128,PM,2024-03-18,201,216016,,,Xiyu Wang,L,,CHN,22.9,203533,,Q,Anna Karolina Schmiedlova,R,176.0,SVK,29.5,6-1 6-3,3,R128,91.0,3.0,3.0,53.0,29.0,22.0,10.0,8.0,6.0,8.0,0.0,3.0,60.0,35.0,16.0,8.0,8.0,4.0,10.0,56.0,1174.0,69.0,983.0,2024
2024-902,Miami,Hard,128,PM,2024-03-18,204,201611,,,Daria Saville,R,166.0,AUS,30.0,201533,,,Shuai Zhang,R,177.0,CHN,35.1,6-4 2-6 6-4,3,R128,152.0,2.0,2.0,109.0,82.0,45.0,9.0,14.0,10.0,17.0,0.0,2.0,108.0,76.0,39.0,16.0,14.0,7.0,14.0,115.0,661.0,711.0,49.0,2024
2024-902,Miami,Hard,128,PM,2024-03-18,205,206294,,,Yue Yuan,R,184.0,CHN,25.4,215020,,,Anna Blinkova,R,179.0,RUS,25.5,6-4 6-2,3,R128,99.0,4.0,2.0,54.0,35.0,24.0,9.0,9.0,2.0,5.0,2.0,8.0,88.0,50.0,29.0,12.0,9.0,10.0,16.0,37.0,1436.0,44.0,1300.0,2024
2024-902,Miami,Hard,128,PM,2024-03-18,208,220589,,,Elina Avanesyan,R,,ARM,21.5,222965,,WC,Erika Andreeva,R,,RUS,19.7,6-0 3-6 6-1,3,R128,99.0,1.0,1.0,63.0,51.0,35.0,6.0,11.0,0.0,1.0,0.0,0.0,61.0,39.0,23.0,9.0,11.0,1.0,6.0,65.0,1059.0,94.0,767.0,2024
2024-902,Miami,Hard,128,PM,2024-03-18,209,203389,,,Danielle Collins,R,178.0,USA,30.2,211095,,LL,Bernarda Pera,L,175.0,USA,29.2,3-6 6-1 6-1,3,R128,106.0,12.0,9.0,93.0,53.0,39.0,19.0,12.0,10.0,12.0,3.0,7.0,77.0,53.0,33.0,7.0,11.0,8.0,13.0,53.0,1205.0,81.0,906.0,2024
2024-902,Miami,Hard,128,PM,2024-03-18,212,201585,,,Sloane Stephens,R,170.0,USA,30.9,201493,,,Angelique Kerber,L,173.0,GER,36.1,6-2 6-3,3,R128,70.0,0.0,1.0,59.0,43.0,30.0,8.0,9.0,1.0,2.0,0.0,3.0,59.0,43.0,25.0,4.0,8.0,4.0,8.0,41.0,1352.0,342.0,191.0,2024
2024-902,Miami,Hard,128,PM,2024-03-18,213,214906,,Q,Claire Liu,R,170.0,USA,23.8,201549,,,Petra Martic,R,181.0,CRO,33.1,6-4 6-1,3,R128,79.0,3.0,2.0,50.0,29.0,19.0,14.0,9.0,3.0,5.0,3.0,3.0,52.0,27.0,19.0,6.0,8.0,3.0,8.0,114.0,662.0,60.0,1143.0,2024
2024-902,Miami,Hard,128,PM,2024-03-18,217,202600,,,Viktoriya Tomova,R,170.0,BUL,29.0,211337,,LL,Tamara Korpatsch,R,170.0,GER,28.8,6-2 6-4,3,R128,99.0,0.0,1.0,55.0,40.0,25.0,9.0,9.0,3.0,5.0,1.0,3.0,63.0,43.0,20.0,11.0,9.0,6.0,11.0,73.0,969.0,77.0,928.0,2024
2024-902,Miami,Hard,128,PM,2024-03-18,252,214939,22.0,,Anna Kalinskaya,R,175.0,RUS,25.2,216016,,,Xiyu Wang,L,,CHN,22.9,6-2 6-2,3,R64,87.0,3.0,2.0,54.0,43.0,32.0,6.0,8.0,2.0,2.0,4.0,3.0,54.0,31.0,20.0,8.0,8.0,5.0,9.0,25.0,1973.0,56.0,1174.0,2024
2024-902,Miami,Hard,128,PM,2024-03-18,257,201514,19.0,,Sorana Cirstea,R,176.0,ROU,33.9,201585,,,Sloane Stephens,R,170.0,USA,30.9,6-2 6-1,3,R64,52.0,1.0,0.0,42.0,27.0,20.0,11.0,8.0,2.0,3.0,0.0,0.0,34.0,33.0,11.0,1.0,7.0,2.0,7.0,24.0,2018.0,41.0,1352.0,2024
2024-902,Miami,Hard,128,PM,2024-03-18,254,206289,8.0,,Maria Sakkari,R,172.0,GRE,28.6,206294,,,Yue Yuan,R,184.0,CHN,25.4,6-2 6-2,3,R64,79.0,2.0,0.0,47.0,30.0,24.0,9.0,8.0,3.0,4.0,2.0,1.0,58.0,31.0,18.0,8.0,8.0,4.0,9.0,9.0,3825.0,37.0,1436.0,2024
2024-902,Miami,Hard,128,PM,2024-03-18,280,201514,19.0,,Sorana Cirstea,R,176.0,ROU,33.9,214082,10.0,,Daria Kasatkina,R,170.0,RUS,26.8,7-5 6-2,3,R32,88.0,2.0,1.0,55.0,33.0,20.0,15.0,10.0,1.0,3.0,1.0,3.0,59.0,42.0,22.0,8.0,10.0,4.0,9.0,24.0,2018.0,11.0,3118.0,2024
2024-902,Miami,Hard,128,PM,2024-03-18,281,201614,23.0,,Caroline Garcia,R,177.0,FRA,30.4,211768,,,Naomi Osaka,R,180.0,JPN,26.4,7-6(4) 7-5,3,R32,108.0,12.0,4.0,79.0,51.0,38.0,14.0,12.0,3.0,4.0,16.0,2.0,76.0,46.0,32.0,18.0,12.0,7.0,9.0,27.0,1865.0,229.0,323.0,2024
2024-902,Miami,Hard,128,PM,2024-03-18,282,221103,3.0,,Coco Gauff,R,175.0,USA,20.0,206219,,LL,Oceane Dodin,R,,FRA,27.3,6-4 6-0,3,R32,64.0,6.0,3.0,44.0,24.0,18.0,12.0,8.0,2.0,3.0,2.0,9.0,58.0,36.0,22.0,5.0,8.0,6.0,11.0,3.0,7150.0,84.0,849.0,2024
2024-902,Miami,Hard,128,PM,2024-03-18,283,202468,5.0,,Jessica Pegula,R,170.0,USA,30.0,220367,31.0,,Leylah Fernandez,L,168.0,CAN,21.5,7-5 6-4,3,R32,101.0,1.0,1.0,63.0,44.0,31.0,8.0,11.0,6.0,9.0,1.0,4.0,80.0,58.0,34.0,8.0,11.0,8.0,13.0,5.0,5035.0,35.0,1490.0,2024
2024-902,Miami,Hard,128,PM,2024-03-18,284,215613,20.0,,Emma Navarro,R,,USA,22.8,211148,12.0,,Jasmine Paolini,R,160.0,ITA,28.2,6-2 3-6 6-0,3,R32,111.0,1.0,1.0,73.0,51.0,33.0,11.0,11.0,4.0,7.0,0.0,1.0,89.0,56.0,30.0,12.0,12.0,12.0,19.0,20.0,2178.0,14.0,2810.0,2024
2024-902,Miami,Hard,128,PM,2024-03-18,285,206420,14.0,,Ekaterina Alexandrova,R,175.0,RUS,29.3,201499,21.0,,Anastasia Pavlyuchenkova,R,177.0,RUS,32.7,6-4 3-6 6-3,3,R32,125.0,9.0,5.0,94.0,60.0,42.0,18.0,14.0,6.0,8.0,9.0,2.0,73.0,53.0,38.0,10.0,14.0,0.0,3.0,16.0,2475.0,22.0,2091.0,2024
2024-902,Miami,Hard,128,PM,2024-03-18,286,216347,1.0,,Iga Swiatek,R,176.0,POL,22.7,222328,26.0,,Linda Noskova,R,,CZE,19.3,6-7(7) 6-4 6-4,3,R32,153.0,2.0,3.0,98.0,73.0,49.0,14.0,16.0,5.0,8.0,7.0,4.0,99.0,55.0,37.0,22.0,16.0,3.0,8.0,1.0,10715.0,31.0,1613.0,2024
2024-902,Miami,Hard,128,PM,2024-03-18,287,201709,,,Yulia Putintseva,R,163.0,KAZ,29.1,211843,32.0,,Anhelina Kalinina,R,179.0,UKR,27.1,6-4 7-6(5),3,R16,143.0,1.0,0.0,70.0,49.0,31.0,16.0,11.0,4.0,6.0,0.0,1.0,81.0,61.0,37.0,10.0,11.0,6.0,9.0,68.0,1008.0,36.0,1483.0,2024
2024-902,Miami,Hard,128,PM,2024-03-18,288,201458,27.0,,Victoria Azarenka,R,180.0,BLR,34.6,211107,24.0,,Katie Boulter,R,180.0,GBR,27.6,7-5 6-1,3,R16,107.0,5.0,3.0,76.0,45.0,34.0,14.0,10.0,2.0,3.0,0.0,5.0,62.0,38.0,22.0,9.0,9.0,9.0,13.0,32.0,1591.0,30.0,1690.0,2024
2024-902,Miami,Hard,128,PM,2024-03-18,289,214981,4.0,,Elena Rybakina,R,184.0,KAZ,24.7,201619,17.0,,Madison Keys,R,178.0,USA,29.0,6-3 7-5,3,R16,84.0,5.0,1.0,63.0,41.0,33.0,11.0,11.0,1.0,2.0,3.0,0.0,63.0,47.0,29.0,7.0,10.0,5.0,8.0,4.0,5848.0,18.0,2342.0,2024
2024-902,Miami,Hard,128,PM,2024-03-18,290,206289,8.0,,Maria Sakkari,R,172.0,GRE,28.6,214939,22.0,,Anna Kalinskaya,R,175.0,RUS,25.2,W/O,3,R16,0.0,,,,,,,,,,,,,,,,,,,9.0,3825.0,25.0,1973.0,2024
2024-902,Miami,Hard,128,PM,2024-03-18,291,203389,,,Danielle Collins,R,178.0,USA,30.2,201514,19.0,,Sorana Cirstea,R,176.0,ROU,33.9,6-3 6-2,3,R16,89.0,6.0,2.0,71.0,40.0,30.0,16.0,9.0,3.0,3.0,3.0,2.0,55.0,42.0,24.0,5.0,8.0,5.0,8.0,53.0,1205.0,24.0,2018.0,2024
2024-902,Miami,Hard,128,PM,2024-03-18,292,201614,23.0,,Caroline Garcia,R,177.0,FRA,30.4,221103,3.0,,Coco Gauff,R,175.0,USA,20.0,6-3 1-6 6-2,3,R16,103.0,1.0,1.0,80.0,52.0,36.0,14.0,12.0,5.0,7.0,8.0,3.0,65.0,38.0,29.0,13.0,12.0,2.0,5.0,27.0,1865.0,3.0,7150.0,2024
2024-902,Miami,Hard,128,PM,2024-03-18,293,202468,5.0,,Jessica Pegula,R,170.0,USA,30.0,215613,20.0,,Emma Navarro,R,,USA,22.8,7-6(1) 6-3,3,R16,88.0,4.0,0.0,78.0,50.0,33.0,17.0,11.0,6.0,8.0,1.0,0.0,60.0,40.0,23.0,13.0,10.0,3.0,6.0,5.0,5035.0,20.0,2178.0,2024
2024-902,Miami,Hard,128,PM,2024-03-18,294,206420,14.0,,Ekaterina Alexandrova,R,175.0,RUS,29.3,216347,1.0,,Iga Swiatek,R,176.0,POL,22.7,6-4 6-2,3,R16,84.0,8.0,4.0,58.0,34.0,26.0,14.0,9.0,1.0,1.0,3.0,1.0,56.0,40.0,25.0,7.0,9.0,3.0,6.0,16.0,2475.0,1.0,10715.0,2024
2024-902,Miami,Hard,128,PM,2024-03-18,295,201458,27.0,,Victoria Azarenka,R,180.0,BLR,34.6,201709,,,Yulia Putintseva,R,163.0,KAZ,29.1,7-6(4) 1-6 6-3,3,QF,175.0,2.0,5.0,94.0,59.0,36.0,14.0,14.0,3.0,9.0,5.0,0.0,116.0,91.0,54.0,10.0,14.0,11.0,16.0,32.0,1591.0,68.0,1008.0,2024
2024-902,Miami,Hard,128,PM,2024-03-18,253,215035,28.0,,Dayana Yastremska,R,175.0,UKR,23.8,201611,,,Daria Saville,R,166.0,AUS,30.0,7-5 7-5,3,R64,125.0,3.0,2.0,74.0,46.0,28.0,14.0,12.0,4.0,8.0,0.0,5.0,87.0,66.0,38.0,5.0,12.0,8.0,14.0,33.0,1577.0,115.0,661.0,2024
2024-902,Miami,Hard,128,PM,2024-03-18,297,203389,,,Danielle Collins,R,178.0,USA,30.2,201614,23.0,,Caroline Garcia,R,177.0,FRA,30.4,6-3 6-2,3,QF,80.0,3.0,2.0,49.0,29.0,26.0,12.0,9.0,0.0,0.0,2.0,0.0,53.0,33.0,20.0,10.0,8.0,5.0,8.0,53.0,1205.0,27.0,1865.0,2024
2024-902,Miami,Hard,128,PM,2024-03-18,298,206420,14.0,,Ekaterina Alexandrova,R,175.0,RUS,29.3,202468,5.0,,Jessica Pegula,R,170.0,USA,30.0,3-6 6-4 6-4,3,QF,118.0,3.0,7.0,94.0,56.0,44.0,13.0,15.0,5.0,9.0,1.0,3.0,79.0,53.0,35.0,16.0,14.0,4.0,8.0,16.0,2475.0,5.0,5035.0,2024
2024-902,Miami,Hard,128,PM,2024-03-18,299,214981,4.0,,Elena Rybakina,R,184.0,KAZ,24.7,201458,27.0,,Victoria Azarenka,R,180.0,BLR,34.6,6-4 0-6 7-6(2),3,SF,153.0,11.0,3.0,84.0,49.0,40.0,13.0,14.0,4.0,8.0,8.0,6.0,99.0,66.0,50.0,14.0,14.0,9.0,11.0,4.0,5848.0,32.0,1591.0,2024
2024-902,Miami,Hard,128,PM,2024-03-18,300,203389,,,Danielle Collins,R,178.0,USA,30.2,206420,14.0,,Ekaterina Alexandrova,R,175.0,RUS,29.3,6-3 6-2,3,SF,75.0,5.0,0.0,47.0,24.0,19.0,17.0,9.0,3.0,4.0,1.0,3.0,52.0,31.0,20.0,7.0,8.0,8.0,12.0,53.0,1205.0,16.0,2475.0,2024
2024-902,Miami,Hard,128,PM,2024-03-18,279,203389,,,Danielle Collins,R,178.0,USA,30.2,220589,,,Elina Avanesyan,R,,ARM,21.5,6-1 6-2,3,R32,71.0,3.0,5.0,48.0,28.0,21.0,9.0,7.0,3.0,4.0,0.0,5.0,55.0,38.0,19.0,3.0,8.0,5.0,11.0,53.0,1205.0,65.0,1059.0,2024
2024-902,Miami,Hard,128,PM,2024-03-18,278,206289,8.0,,Maria Sakkari,R,172.0,GRE,28.6,215035,28.0,,Dayana Yastremska,R,175.0,UKR,23.8,7-5 6-4,3,R32,125.0,6.0,2.0,85.0,55.0,39.0,14.0,11.0,8.0,9.0,3.0,3.0,88.0,55.0,38.0,13.0,11.0,5.0,8.0,9.0,3825.0,33.0,1577.0,2024
2024-902,Miami,Hard,128,PM,2024-03-18,296,214981,4.0,,Elena Rybakina,R,184.0,KAZ,24.7,206289,8.0,,Maria Sakkari,R,172.0,GRE,28.6,7-5 6-7(4) 6-4,3,QF,168.0,10.0,5.0,104.0,62.0,48.0,21.0,17.0,5.0,8.0,4.0,8.0,118.0,70.0,48.0,23.0,17.0,11.0,16.0,4.0,5848.0,9.0,3825.0,2024
2024-902,Miami,Hard,128,PM,2024-03-18,276,201619,17.0,,Madison Keys,R,178.0,USA,29.0,216133,,,Xin Yu Wang,R,182.0,CHN,22.4,6-4 7-6(5),3,R32,103.0,3.0,1.0,71.0,42.0,30.0,19.0,11.0,4.0,5.0,5.0,0.0,88.0,51.0,34.0,20.0,11.0,5.0,7.0,18.0,2342.0,43.0,1316.0,2024
2024-902,Miami,Hard,128,PM,2024-03-18,255,220589,,,Elina Avanesyan,R,,ARM,21.5,202460,6.0,,Ons Jabeur,R,167.0,TUN,29.5,6-1 4-6 6-3,3,R64,114.0,1.0,1.0,73.0,55.0,35.0,10.0,13.0,3.0,7.0,2.0,0.0,81.0,46.0,27.0,15.0,13.0,6.0,13.0,65.0,1059.0,6.0,4118.0,2024
2024-902,Miami,Hard,128,PM,2024-03-18,256,203389,,,Danielle Collins,R,178.0,USA,30.2,215713,30.0,,Anastasia Potapova,R,175.0,RUS,22.9,6-2 6-2,3,R64,62.0,1.0,3.0,45.0,20.0,15.0,17.0,8.0,1.0,2.0,1.0,3.0,43.0,29.0,16.0,2.0,8.0,2.0,7.0,53.0,1205.0,29.0,1707.0,2024
2024-902,Miami,Hard,128,PM,2024-03-18,258,214082,10.0,,Daria Kasatkina,R,170.0,RUS,26.8,214906,,Q,Claire Liu,R,170.0,USA,23.8,6-0 1-0 RET,3,R64,61.0,0.0,2.0,21.0,13.0,11.0,3.0,4.0,0.0,0.0,1.0,4.0,41.0,24.0,11.0,4.0,4.0,3.0,7.0,11.0,3118.0,114.0,662.0,2024
2024-902,Miami,Hard,128,PM,2024-03-18,259,211768,,,Naomi Osaka,R,180.0,JPN,26.4,202494,15.0,,Elina Svitolina,R,174.0,UKR,29.5,6-2 7-6(5),3,R64,90.0,5.0,2.0,64.0,38.0,27.0,17.0,10.0,3.0,4.0,2.0,0.0,62.0,40.0,27.0,12.0,10.0,2.0,5.0,229.0,323.0,17.0,2397.0,2024
2024-902,Miami,Hard,128,PM,2024-03-18,260,201614,23.0,,Caroline Garcia,R,177.0,FRA,30.4,202600,,,Viktoriya Tomova,R,170.0,BUL,29.0,6-1 5-2 RET,3,R64,60.0,3.0,3.0,48.0,24.0,20.0,12.0,7.0,4.0,4.0,0.0,0.0,42.0,32.0,14.0,5.0,7.0,4.0,8.0,27.0,1865.0,73.0,969.0,2024
2024-902,Miami,Hard,128,PM,2024-03-18,261,206219,,LL,Oceane Dodin,R,,FRA,27.3,201551,,,Arantxa Rus,L,180.0,NED,33.2,6-4 3-6 6-3,3,R64,105.0,3.0,6.0,78.0,47.0,34.0,15.0,14.0,4.0,8.0,3.0,4.0,83.0,62.0,37.0,9.0,14.0,6.0,11.0,84.0,849.0,57.0,1174.0,2024
2024-902,Miami,Hard,128,PM,2024-03-18,263,202468,5.0,,Jessica Pegula,R,170.0,USA,30.0,202684,,,Lin Zhu,R,173.0,CHN,30.1,6-4 4-1 RET,3,R64,70.0,5.0,1.0,42.0,25.0,19.0,12.0,8.0,3.0,4.0,0.0,3.0,57.0,33.0,20.0,9.0,7.0,4.0,7.0,5.0,5035.0,63.0,1072.0,2024
2024-902,Miami,Hard,128,PM,2024-03-18,264,220367,31.0,,Leylah Fernandez,L,168.0,CAN,21.5,215306,,Q,Emiliana Arango,R,,COL,23.3,6-4 6-2,3,R64,77.0,0.0,4.0,47.0,33.0,22.0,5.0,9.0,2.0,5.0,2.0,3.0,61.0,46.0,25.0,3.0,9.0,0.0,6.0,35.0,1490.0,123.0,635.0,2024
2024-902,Miami,Hard,128,PM,2024-03-18,265,215613,20.0,,Emma Navarro,R,,USA,22.8,204411,,Q,Storm Hunter,L,166.0,AUS,29.6,6-4 6-3,3,R64,89.0,2.0,1.0,67.0,47.0,28.0,11.0,10.0,4.0,7.0,1.0,2.0,68.0,44.0,26.0,10.0,9.0,6.0,11.0,20.0,2178.0,122.0,636.0,2024
2024-902,Miami,Hard,128,PM,2024-03-18,262,221103,3.0,,Coco Gauff,R,175.0,USA,20.0,206408,,Q,Nadia Podoroska,R,170.0,ARG,27.0,6-1 6-2,3,R64,77.0,5.0,6.0,61.0,39.0,34.0,7.0,8.0,5.0,5.0,0.0,1.0,55.0,35.0,21.0,5.0,7.0,2.0,6.0,3.0,7150.0,78.0,919.0,2024
2024-902,Miami,Hard,128,PM,2024-03-18,267,206420,14.0,,Ekaterina Alexandrova,R,175.0,RUS,29.3,202499,,,Donna Vekic,R,179.0,CRO,27.7,6-3 6-4,3,R64,83.0,8.0,6.0,67.0,45.0,38.0,9.0,10.0,9.0,9.0,4.0,6.0,60.0,37.0,24.0,10.0,9.0,2.0,4.0,16.0,2475.0,34.0,1518.0,2024
2024-902,Miami,Hard,128,PM,2024-03-18,275,214981,4.0,,Elena Rybakina,R,184.0,KAZ,24.7,203501,,Q,Taylor Townsend,L,170.0,USA,27.9,6-3 6-7(3) 6-4,3,R32,144.0,16.0,3.0,106.0,60.0,47.0,22.0,16.0,5.0,7.0,9.0,1.0,95.0,66.0,42.0,18.0,15.0,6.0,10.0,4.0,5848.0,72.0,974.0,2024
2024-902,Miami,Hard,128,PM,2024-03-18,274,201458,27.0,,Victoria Azarenka,R,180.0,BLR,34.6,221012,7.0,,Qinwen Zheng,R,,CHN,21.4,6-4 7-5,3,R32,117.0,2.0,5.0,76.0,49.0,36.0,15.0,11.0,5.0,7.0,7.0,1.0,72.0,41.0,29.0,13.0,11.0,6.0,10.0,32.0,1591.0,7.0,4050.0,2024
2024-902,Miami,Hard,128,PM,2024-03-18,266,211148,12.0,,Jasmine Paolini,R,160.0,ITA,28.2,220465,,Q,Katie Volynets,R,,USA,22.2,7-6(8) 7-5,3,R64,126.0,2.0,0.0,79.0,49.0,35.0,15.0,12.0,4.0,7.0,0.0,2.0,83.0,69.0,44.0,2.0,12.0,2.0,6.0,14.0,2810.0,121.0,637.0,2024
2024-902,Miami,Hard,128,PM,2024-03-18,273,211107,24.0,,Katie Boulter,R,180.0,GBR,27.6,206242,11.0,,Beatriz Haddad Maia,L,185.0,BRA,27.8,6-2 6-3,3,R32,90.0,2.0,5.0,59.0,38.0,30.0,9.0,8.0,0.0,0.0,2.0,3.0,51.0,34.0,20.0,8.0,9.0,3.0,7.0,30.0,1690.0,13.0,2870.0,2024
2024-902,Miami,Hard,128,PM,2024-03-18,272,201709,,,Yulia Putintseva,R,163.0,KAZ,29.1,213889,,LL,Greet Minnen,R,,BEL,26.5,6-2 2-6 6-4,3,R32,102.0,1.0,2.0,72.0,47.0,38.0,12.0,13.0,0.0,2.0,2.0,4.0,71.0,45.0,34.0,13.0,13.0,1.0,4.0,68.0,1008.0,79.0,908.0,2024
2024-902,Miami,Hard,128,PM,2024-03-18,277,214939,22.0,,Anna Kalinskaya,R,175.0,RUS,25.2,211533,9.0,,Jelena Ostapenko,R,177.0,LAT,26.7,6-3 6-1,3,R32,69.0,2.0,1.0,56.0,33.0,24.0,14.0,8.0,2.0,2.0,2.0,3.0,46.0,24.0,14.0,10.0,8.0,2.0,6.0,25.0,1973.0,10.0,3493.0,2024
2024-902,Miami,Hard,128,PM,2024-03-18,270,216347,1.0,,Iga Swiatek,R,176.0,POL,22.7,202429,,,Camila Giorgi,R,168.0,ITA,32.2,6-1 6-1,3,R64,67.0,2.0,1.0,42.0,26.0,20.0,11.0,7.0,4.0,4.0,2.0,9.0,48.0,29.0,17.0,5.0,7.0,6.0,11.0,1.0,10715.0,107.0,691.0,2024
2024-902,Miami,Hard,128,PM,2024-03-18,269,222328,26.0,,Linda Noskova,R,,CZE,19.3,221237,,Q,Maria Timofeeva,R,,RUS,20.3,6-4 6-4,3,R64,81.0,5.0,5.0,60.0,35.0,31.0,12.0,10.0,4.0,4.0,5.0,2.0,57.0,38.0,27.0,10.0,10.0,5.0,7.0,31.0,1613.0,99.0,726.0,2024
2024-902,Miami,Hard,128,PM,2024-03-18,268,201499,21.0,,Anastasia Pavlyuchenkova,R,177.0,RUS,32.7,201603,,,Shelby Rogers,R,175.0,USA,31.4,6-2 6-1,3,R64,75.0,1.0,1.0,56.0,38.0,23.0,11.0,8.0,3.0,4.0,3.0,4.0,52.0,32.0,14.0,8.0,7.0,6.0,11.0,22.0,2091.0,325.0,208.0,2024
2024-902,Miami,Hard,128,PM,2024-03-18,271,211843,32.0,,Anhelina Kalinina,R,179.0,UKR,27.1,214544,2.0,,Aryna Sabalenka,R,182.0,BLR,25.8,6-4 1-6 6-1,3,R32,122.0,1.0,5.0,82.0,55.0,33.0,10.0,12.0,6.0,11.0,3.0,6.0,76.0,50.0,31.0,8.0,12.0,5.0,11.0,36.0,1483.0,2.0,8195.0,2024
2024-804,Charleston,Clay,64,P,2024-04-01,281,214082,4.0,,Daria Kasatkina,R,170.0,RUS,26.9,221909,,,Ashlyn Krueger,R,185.0,USA,19.9,6-3 0-6 6-1,3,R32,108.0,1.0,8.0,85.0,52.0,30.0,16.0,11.0,8.0,12.0,3.0,3.0,71.0,50.0,32.0,6.0,11.0,7.0,12.0,11.0,3173.0,73.0,963.0,2024
2024-804,Charleston,Clay,64,P,2024-04-01,276,206368,9.0,,Veronika Kudermetova,R,175.0,RUS,26.9,201603,,WC,Shelby Rogers,R,175.0,USA,31.4,7-6(5) 6-4,3,R32,112.0,4.0,6.0,72.0,45.0,30.0,15.0,11.0,2.0,5.0,1.0,5.0,67.0,35.0,26.0,12.0,11.0,2.0,6.0,19.0,2305.0,325.0,208.0,2024
2024-804,Charleston,Clay,64,P,2024-04-01,277,206242,5.0,,Beatriz Haddad Maia,L,185.0,BRA,27.8,214452,,,Caroline Dolehide,R,178.0,USA,25.5,6-2 7-5,3,R32,100.0,3.0,3.0,61.0,38.0,28.0,8.0,10.0,0.0,3.0,2.0,1.0,62.0,47.0,21.0,7.0,10.0,3.0,9.0,13.0,2870.0,47.0,1240.0,2024
2024-804,Charleston,Clay,64,P,2024-04-01,278,211713,,,Jaqueline Cristian,R,180.0,ROU,25.8,201619,8.0,,Madison Keys,R,178.0,USA,29.1,3-6 6-3 6-3,3,R32,122.0,0.0,5.0,86.0,45.0,30.0,20.0,13.0,4.0,8.0,8.0,4.0,85.0,56.0,33.0,14.0,14.0,9.0,15.0,83.0,844.0,18.0,2397.0,2024
2024-804,Charleston,Clay,64,P,2024-04-01,279,215613,10.0,,Emma Navarro,R,,USA,22.8,220465,,Q,Katie Volynets,R,,USA,22.2,6-1 6-1,3,R32,69.0,0.0,0.0,39.0,23.0,20.0,9.0,7.0,0.0,0.0,1.0,1.0,63.0,48.0,23.0,4.0,7.0,6.0,11.0,20.0,2218.0,110.0,687.0,2024
2024-804,Charleston,Clay,64,P,2024-04-01,280,211843,15.0,,Anhelina Kalinina,R,179.0,UKR,27.1,201496,,WC,Caroline Wozniacki,R,177.0,DEN,33.7,6-2 6-3,3,R32,80.0,1.0,3.0,43.0,31.0,24.0,6.0,8.0,0.0,1.0,1.0,1.0,64.0,43.0,23.0,6.0,9.0,6.0,11.0,33.0,1593.0,126.0,623.0,2024
2024-804,Charleston,Clay,64,P,2024-04-01,275,206292,,LL,Astra Sharma,R,178.0,AUS,28.5,201615,16.0,,Lesia Tsurenko,R,174.0,UKR,34.8,6-4 6-0,3,R32,76.0,3.0,4.0,55.0,33.0,24.0,11.0,8.0,0.0,1.0,0.0,1.0,55.0,44.0,21.0,4.0,8.0,6.0,11.0,135.0,544.0,39.0,1392.0,2024
2024-804,Charleston,Clay,64,P,2024-04-01,290,211713,,,Jaqueline Cristian,R,180.0,ROU,25.8,215613,10.0,,Emma Navarro,R,,USA,22.8,6-3 5-7 6-1,3,R16,147.0,3.0,7.0,86.0,50.0,37.0,19.0,14.0,4.0,6.0,1.0,2.0,108.0,73.0,43.0,16.0,14.0,8.0,13.0,83.0,844.0,20.0,2218.0,2024
2024-804,Charleston,Clay,64,P,2024-04-01,283,201458,12.0,,Victoria Azarenka,R,180.0,BLR,34.6,220714,,,Elisabetta Cocciaretto,R,,ITA,23.1,6-1 6-2,3,R32,70.0,1.0,1.0,53.0,42.0,28.0,6.0,8.0,4.0,5.0,0.0,1.0,39.0,22.0,12.0,4.0,7.0,2.0,7.0,26.0,1916.0,56.0,1127.0,2024
2024-804,Charleston,Clay,64,P,2024-04-01,284,202663,,,Magda Linette,R,171.0,POL,32.1,215035,13.0,,Dayana Yastremska,R,175.0,UKR,23.8,0-6 6-4 6-3,3,R32,106.0,2.0,2.0,66.0,38.0,23.0,16.0,13.0,2.0,7.0,1.0,3.0,70.0,45.0,28.0,15.0,12.0,4.0,8.0,63.0,1080.0,32.0,1597.0,2024
2024-804,Charleston,Clay,64,P,2024-04-01,285,202468,1.0,,Jessica Pegula,R,170.0,USA,30.0,216153,,,Amanda Anisimova,R,180.0,USA,22.5,3-6 6-4 7-6(3),3,R32,146.0,7.0,3.0,95.0,55.0,39.0,19.0,15.0,4.0,8.0,3.0,6.0,126.0,80.0,46.0,22.0,16.0,11.0,15.0,5.0,4860.0,264.0,280.0,2024
2024-804,Charleston,Clay,64,P,2024-04-01,286,203389,,,Danielle Collins,R,178.0,USA,30.2,201585,,,Sloane Stephens,R,170.0,USA,31.0,6-2 6-2,3,R16,71.0,2.0,2.0,58.0,30.0,23.0,18.0,8.0,4.0,4.0,1.0,3.0,46.0,33.0,21.0,4.0,8.0,1.0,5.0,22.0,2140.0,40.0,1377.0,2024
2024-804,Charleston,Clay,64,P,2024-04-01,287,210722,11.0,,Elise Mertens,R,179.0,BEL,28.3,202494,7.0,,Elina Svitolina,R,174.0,UKR,29.5,6-4 6-1,3,R16,66.0,3.0,4.0,63.0,40.0,29.0,11.0,9.0,7.0,8.0,2.0,0.0,35.0,25.0,15.0,3.0,8.0,2.0,6.0,30.0,1646.0,17.0,2406.0,2024
2024-804,Charleston,Clay,64,P,2024-04-01,288,206289,3.0,,Maria Sakkari,R,172.0,GRE,28.6,206292,,LL,Astra Sharma,R,178.0,AUS,28.5,6-4 6-1,3,R16,90.0,3.0,3.0,69.0,40.0,27.0,17.0,9.0,6.0,7.0,4.0,2.0,56.0,39.0,24.0,6.0,8.0,2.0,6.0,7.0,4030.0,135.0,544.0,2024
2024-804,Charleston,Clay,64,P,2024-04-01,289,206368,9.0,,Veronika Kudermetova,R,175.0,RUS,26.9,206242,5.0,,Beatriz Haddad Maia,L,185.0,BRA,27.8,7-5 6-1,3,R16,97.0,5.0,1.0,52.0,29.0,21.0,10.0,9.0,3.0,5.0,3.0,5.0,62.0,39.0,20.0,9.0,10.0,5.0,11.0,19.0,2305.0,13.0,2870.0,2024
2024-804,Charleston,Clay,64,P,2024-04-01,274,206289,3.0,,Maria Sakkari,R,172.0,GRE,28.6,202600,,,Viktoriya Tomova,R,170.0,BUL,29.0,6-3 6-3,3,R32,80.0,4.0,0.0,51.0,33.0,25.0,11.0,9.0,3.0,4.0,2.0,2.0,66.0,40.0,18.0,15.0,9.0,4.0,8.0,7.0,4030.0,74.0,949.0,2024
2024-804,Charleston,Clay,64,P,2024-04-01,282,203501,,,Taylor Townsend,L,170.0,USA,27.9,206420,6.0,,Ekaterina Alexandrova,R,175.0,RUS,29.3,7-5 6-2,3,R32,97.0,7.0,0.0,58.0,38.0,26.0,13.0,10.0,0.0,1.0,0.0,5.0,70.0,30.0,20.0,18.0,10.0,4.0,8.0,68.0,1034.0,15.0,2650.0,2024
2024-804,Charleston,Clay,64,P,2024-04-01,273,202494,7.0,,Elina Svitolina,R,174.0,UKR,29.5,201611,,Q,Daria Saville,R,166.0,AUS,30.0,6-2 6-4,3,R32,81.0,1.0,1.0,56.0,38.0,23.0,8.0,9.0,0.0,3.0,2.0,3.0,63.0,45.0,22.0,6.0,9.0,6.0,12.0,17.0,2406.0,108.0,695.0,2024
2024-804,Charleston,Clay,64,P,2024-04-01,255,211713,,,Jaqueline Cristian,R,180.0,ROU,25.8,203500,,Q,Sachia Vickery,R,162.0,USA,28.8,6-1 6-4,3,R64,95.0,2.0,1.0,72.0,46.0,28.0,15.0,9.0,8.0,10.0,1.0,2.0,57.0,27.0,14.0,13.0,8.0,6.0,11.0,83.0,844.0,132.0,580.0,2024
2024-804,Charleston,Clay,64,P,2024-04-01,271,201585,,,Sloane Stephens,R,170.0,USA,31.0,220367,14.0,,Leylah Fernandez,L,168.0,CAN,21.5,6-4 6-4,3,R32,105.0,1.0,0.0,56.0,41.0,28.0,10.0,10.0,1.0,2.0,1.0,6.0,87.0,54.0,28.0,19.0,10.0,6.0,9.0,40.0,1377.0,34.0,1520.0,2024
2024-804,Charleston,Clay,64,P,2024-04-01,291,214082,4.0,,Daria Kasatkina,R,170.0,RUS,26.9,211843,15.0,,Anhelina Kalinina,R,179.0,UKR,27.1,6-1 6-4,3,R16,83.0,3.0,2.0,54.0,32.0,15.0,10.0,8.0,3.0,8.0,0.0,2.0,60.0,40.0,13.0,6.0,9.0,2.0,11.0,11.0,3173.0,33.0,1593.0,2024
2024-804,Charleston,Clay,64,P,2024-04-01,239,203389,,,Danielle Collins,R,178.0,USA,30.2,211651,,,Paula Badosa,R,180.0,ESP,26.3,6-1 6-4,3,R64,81.0,8.0,6.0,58.0,30.0,22.0,15.0,9.0,4.0,6.0,0.0,5.0,51.0,30.0,17.0,6.0,8.0,1.0,6.0,22.0,2140.0,82.0,876.0,2024
2024-804,Charleston,Clay,64,P,2024-04-01,240,201585,,,Sloane Stephens,R,170.0,USA,31.0,211684,,,Magdalena Frech,R,171.0,POL,26.2,6-0 6-2,3,R64,66.0,1.0,0.0,40.0,31.0,24.0,5.0,7.0,1.0,2.0,1.0,0.0,44.0,29.0,12.0,5.0,7.0,5.0,11.0,40.0,1377.0,53.0,1195.0,2024
2024-804,Charleston,Clay,64,P,2024-04-01,243,219875,,Q,Varvara Gracheva,R,,FRA,23.6,238064,,WC,Clervie Ngounoue,R,,USA,17.7,6-2 6-1,3,R64,76.0,1.0,2.0,51.0,30.0,13.0,8.0,8.0,5.0,11.0,2.0,2.0,54.0,38.0,24.0,10.0,7.0,8.0,9.0,100.0,736.0,363.0,176.0,2024
2024-804,Charleston,Clay,64,P,2024-04-01,244,201611,,Q,Daria Saville,R,166.0,AUS,30.0,211337,,,Tamara Korpatsch,R,170.0,GER,28.8,6-4 3-6 6-2,3,R64,134.0,1.0,3.0,91.0,69.0,40.0,9.0,13.0,8.0,13.0,1.0,4.0,75.0,43.0,22.0,14.0,14.0,1.0,8.0,108.0,695.0,76.0,938.0,2024
2024-804,Charleston,Clay,64,P,2024-04-01,247,202600,,,Viktoriya Tomova,R,170.0,BUL,29.0,210886,,,Mayar Sherif,R,180.0,EGY,27.9,6-4 3-6 6-2,3,R64,156.0,2.0,3.0,81.0,59.0,41.0,11.0,13.0,3.0,5.0,2.0,0.0,115.0,87.0,50.0,14.0,14.0,9.0,13.0,74.0,949.0,72.0,973.0,2024
2024-804,Charleston,Clay,64,P,2024-04-01,248,206292,,LL,Astra Sharma,R,178.0,AUS,28.5,201613,,,Arina Rodionova,R,168.0,AUS,34.2,6-4 6-1,3,R64,72.0,3.0,2.0,62.0,38.0,27.0,14.0,9.0,3.0,4.0,0.0,0.0,42.0,33.0,17.0,6.0,8.0,0.0,4.0,135.0,544.0,101.0,731.0,2024
2024-804,Charleston,Clay,64,P,2024-04-01,251,201603,,WC,Shelby Rogers,R,175.0,USA,31.4,214906,,Q,Claire Liu,R,170.0,USA,23.8,6-1 6-1,3,R64,73.0,2.0,1.0,40.0,24.0,16.0,10.0,7.0,2.0,3.0,0.0,4.0,51.0,29.0,14.0,5.0,7.0,6.0,12.0,325.0,208.0,116.0,662.0,2024
2024-804,Charleston,Clay,64,P,2024-04-01,252,214452,,,Caroline Dolehide,R,178.0,USA,25.5,215037,,,Kayla Day,L,173.0,USA,24.5,6-3 0-6 6-4,3,R64,121.0,0.0,4.0,77.0,57.0,33.0,7.0,12.0,4.0,10.0,5.0,5.0,77.0,49.0,28.0,13.0,13.0,3.0,9.0,47.0,1240.0,84.0,840.0,2024
2024-804,Charleston,Clay,64,P,2024-04-01,256,220465,,Q,Katie Volynets,R,,USA,22.2,201551,,,Arantxa Rus,L,180.0,NED,33.3,6-2 6-7(6) 7-6(6),3,R64,223.0,0.0,2.0,124.0,103.0,57.0,9.0,16.0,11.0,17.0,2.0,7.0,138.0,96.0,51.0,17.0,16.0,13.0,21.0,110.0,687.0,54.0,1189.0,2024
2024-804,Charleston,Clay,64,P,2024-04-01,259,201496,,WC,Caroline Wozniacki,R,177.0,DEN,33.7,220520,,LL,Mccartney Kessler,R,,USA,24.7,6-0 6-1,3,R64,61.0,3.0,0.0,37.0,28.0,21.0,6.0,7.0,0.0,1.0,0.0,1.0,46.0,29.0,11.0,5.0,6.0,6.0,12.0,126.0,623.0,122.0,641.0,2024
2024-804,Charleston,Clay,64,P,2024-04-01,260,221909,,,Ashlyn Krueger,R,185.0,USA,19.9,211342,,Q,Gabriela Lee,L,,ROU,28.6,7-6(0) 6-3,3,R64,103.0,2.0,3.0,69.0,47.0,32.0,10.0,11.0,4.0,8.0,1.0,4.0,72.0,46.0,25.0,9.0,10.0,5.0,10.0,73.0,963.0,312.0,222.0,2024
2024-804,Charleston,Clay,64,P,2024-04-01,263,203501,,,Taylor Townsend,L,170.0,USA,27.9,213550,,,Sofia Kenin,R,170.0,USA,25.3,6-3 6-3,3,R64,82.0,10.0,3.0,46.0,29.0,26.0,8.0,9.0,0.0,1.0,4.0,7.0,72.0,43.0,25.0,12.0,9.0,5.0,9.0,68.0,1034.0,57.0,1109.0,2024
2024-804,Charleston,Clay,64,P,2024-04-01,264,220714,,,Elisabetta Cocciaretto,R,,ITA,23.1,202536,,,Ana Bogdan,R,171.0,ROU,31.3,2-6 6-1 7-6(6),3,R64,143.0,1.0,5.0,78.0,60.0,39.0,7.0,13.0,5.0,9.0,2.0,2.0,95.0,71.0,43.0,10.0,14.0,2.0,7.0,56.0,1127.0,66.0,1054.0,2024
2024-804,Charleston,Clay,64,P,2024-04-01,267,202663,,,Magda Linette,R,171.0,POL,32.1,201549,,,Petra Martic,R,181.0,CRO,33.1,6-3 6-4,3,R64,93.0,3.0,1.0,58.0,33.0,28.0,15.0,10.0,3.0,3.0,1.0,3.0,53.0,29.0,20.0,13.0,9.0,3.0,5.0,63.0,1080.0,61.0,1088.0,2024
2024-804,Charleston,Clay,64,P,2024-04-01,268,216153,,,Amanda Anisimova,R,180.0,USA,22.5,201427,,,Alize Cornet,R,173.0,FRA,34.1,6-3 6-0,3,R64,85.0,2.0,0.0,51.0,38.0,25.0,9.0,7.0,4.0,4.0,0.0,4.0,77.0,45.0,26.0,10.0,8.0,9.0,14.0,264.0,280.0,97.0,743.0,2024
2024-804,Charleston,Clay,64,P,2024-04-01,270,203389,,,Danielle Collins,R,178.0,USA,30.2,202460,2.0,,Ons Jabeur,R,167.0,TUN,29.5,6-3 1-6 6-3,3,R32,122.0,0.0,5.0,83.0,49.0,27.0,20.0,13.0,8.0,12.0,1.0,2.0,93.0,53.0,30.0,20.0,12.0,6.0,10.0,22.0,2140.0,6.0,4118.0,2024
2024-804,Charleston,Clay,64,P,2024-04-01,272,210722,11.0,,Elise Mertens,R,179.0,BEL,28.3,219875,,Q,Varvara Gracheva,R,,FRA,23.6,6-4 3-6 6-2,3,R32,150.0,6.0,5.0,97.0,46.0,31.0,24.0,13.0,10.0,14.0,0.0,3.0,92.0,67.0,44.0,6.0,14.0,8.0,14.0,30.0,1646.0,100.0,736.0,2024
2024-804,Charleston,Clay,64,P,2024-04-01,292,201458,12.0,,Victoria Azarenka,R,180.0,BLR,34.6,203501,,,Taylor Townsend,L,170.0,USA,27.9,6-7(5) 6-3 6-4,3,R16,166.0,4.0,3.0,108.0,78.0,52.0,15.0,16.0,6.0,8.0,12.0,3.0,114.0,85.0,51.0,15.0,15.0,14.0,18.0,26.0,1916.0,68.0,1034.0,2024
2024-894,Bogota,Clay,32,I,2024-04-01,273,215785,6.0,,Camila Osorio,R,162.0,COL,22.2,222233,,Q,Marina Stakusic,R,,CAN,19.3,6-4 6-2,3,R32,72.0,1.0,8.0,54.0,24.0,15.0,13.0,9.0,4.0,9.0,1.0,9.0,52.0,25.0,10.0,7.0,9.0,4.0,12.0,85.0,822.0,206.0,361.0,2024
2024-804,Charleston,Clay,64,P,2024-04-01,294,203389,,,Danielle Collins,R,178.0,USA,30.2,210722,11.0,,Elise Mertens,R,179.0,BEL,28.3,6-3 6-4,3,QF,83.0,5.0,4.0,60.0,37.0,28.0,12.0,10.0,4.0,6.0,1.0,7.0,47.0,25.0,15.0,9.0,9.0,1.0,5.0,22.0,2140.0,30.0,1646.0,2024
2024-894,Bogota,Clay,32,I,2024-04-01,285,213631,1.0,,Marie Bouzkova,R,180.0,CZE,25.6,201606,,,Rebecca Marino,R,183.0,CAN,33.2,6-0 6-3,3,R32,74.0,2.0,2.0,52.0,26.0,20.0,15.0,7.0,5.0,5.0,1.0,7.0,45.0,22.0,12.0,7.0,8.0,1.0,6.0,42.0,1349.0,156.0,466.0,2024
2024-894,Bogota,Clay,32,I,2024-04-01,286,213583,2.0,,Tatjana Maria,R,172.0,GER,36.6,220699,,,Julia Riera,R,,ARG,21.8,2-6 6-0 6-2,3,R16,114.0,1.0,5.0,91.0,59.0,33.0,16.0,11.0,7.0,11.0,0.0,9.0,68.0,38.0,18.0,11.0,11.0,3.0,10.0,46.0,1270.0,111.0,686.0,2024
2024-894,Bogota,Clay,32,I,2024-04-01,287,215785,6.0,,Camila Osorio,R,162.0,COL,22.2,223331,,Q,Anca Alexia Todoni,R,,ROU,19.4,7-6(4) 6-4,3,R16,119.0,2.0,8.0,75.0,47.0,32.0,13.0,11.0,2.0,5.0,1.0,3.0,80.0,38.0,23.0,21.0,11.0,6.0,10.0,85.0,822.0,217.0,346.0,2024
2024-894,Bogota,Clay,32,I,2024-04-01,289,210705,,,Irina Bara,R,,ROU,29.0,206007,,,Laura Pigossi,R,164.0,BRA,29.6,3-6 7-6(3) 6-4,3,R16,202.0,0.0,10.0,111.0,78.0,45.0,13.0,15.0,8.0,15.0,0.0,5.0,120.0,85.0,45.0,19.0,16.0,10.0,17.0,178.0,421.0,119.0,653.0,2024
2024-894,Bogota,Clay,32,I,2024-04-01,290,215872,8.0,,Kamilla Rakhimova,R,,RUS,22.5,213887,,,Renata Zarazua,R,,MEX,26.5,7-6(4) 6-7(5) 6-3,3,R16,189.0,2.0,12.0,115.0,57.0,30.0,27.0,17.0,6.0,15.0,2.0,7.0,116.0,74.0,39.0,11.0,16.0,6.0,16.0,92.0,760.0,103.0,726.0,2024
2024-894,Bogota,Clay,32,I,2024-04-01,291,213710,4.0,,Cristina Bucsa,R,,ESP,26.2,215898,,,Jule Niemeier,R,178.0,GER,24.6,6-4 6-1,3,R16,88.0,0.0,1.0,54.0,32.0,20.0,11.0,8.0,2.0,5.0,2.0,13.0,71.0,29.0,14.0,15.0,9.0,7.0,14.0,75.0,945.0,113.0,675.0,2024
2024-894,Bogota,Clay,32,I,2024-04-01,292,201696,7.0,,Laura Siegemund,R,168.0,GER,36.0,215936,,,Francesca Jones,R,,GBR,23.5,6-7(4) 6-4 6-2,3,R16,177.0,0.0,4.0,90.0,65.0,36.0,12.0,15.0,6.0,12.0,0.0,7.0,108.0,65.0,36.0,15.0,15.0,9.0,18.0,89.0,795.0,214.0,347.0,2024
2024-894,Bogota,Clay,32,I,2024-04-01,284,221024,,,Hailey Baptiste,R,,USA,22.4,214461,,,Tamara Zidansek,R,168.0,SLO,26.2,6-2 4-6 6-3,3,R32,133.0,5.0,13.0,108.0,54.0,41.0,25.0,14.0,10.0,12.0,0.0,7.0,75.0,48.0,32.0,12.0,13.0,2.0,6.0,96.0,744.0,127.0,614.0,2024
2024-894,Bogota,Clay,32,I,2024-04-01,293,213631,1.0,,Marie Bouzkova,R,180.0,CZE,25.6,221024,,,Hailey Baptiste,R,,USA,22.4,6-3 6-4,3,R16,103.0,3.0,1.0,55.0,29.0,22.0,13.0,9.0,3.0,5.0,2.0,9.0,78.0,36.0,21.0,18.0,10.0,5.0,10.0,42.0,1349.0,96.0,744.0,2024
2024-894,Bogota,Clay,32,I,2024-04-01,295,201506,,,Sara Errani,R,164.0,ITA,36.9,210705,,,Irina Bara,R,,ROU,29.0,4-6 6-2 6-3,3,QF,162.0,0.0,1.0,104.0,91.0,49.0,7.0,14.0,17.0,23.0,1.0,4.0,95.0,64.0,31.0,14.0,13.0,12.0,20.0,117.0,654.0,178.0,421.0,2024
2024-894,Bogota,Clay,32,I,2024-04-01,296,215872,8.0,,Kamilla Rakhimova,R,,RUS,22.5,213710,4.0,,Cristina Bucsa,R,,ESP,26.2,0-6 6-4 7-5,3,QF,131.0,0.0,10.0,91.0,38.0,24.0,22.0,14.0,4.0,11.0,2.0,4.0,90.0,54.0,33.0,15.0,14.0,6.0,12.0,92.0,760.0,75.0,945.0,2024
2024-894,Bogota,Clay,32,I,2024-04-01,297,213631,1.0,,Marie Bouzkova,R,180.0,CZE,25.6,201696,7.0,,Laura Siegemund,R,168.0,GER,36.0,2-6 6-2 7-5,3,QF,178.0,1.0,6.0,104.0,67.0,46.0,18.0,14.0,6.0,8.0,0.0,3.0,95.0,65.0,45.0,14.0,14.0,10.0,13.0,42.0,1349.0,89.0,795.0,2024
2024-894,Bogota,Clay,32,I,2024-04-01,298,215785,6.0,,Camila Osorio,R,162.0,COL,22.2,201506,,,Sara Errani,R,164.0,ITA,36.9,7-6(4) 6-4,3,SF,111.0,1.0,4.0,72.0,49.0,30.0,11.0,11.0,4.0,8.0,0.0,1.0,82.0,69.0,35.0,7.0,11.0,5.0,10.0,85.0,822.0,117.0,654.0,2024
2024-894,Bogota,Clay,32,I,2024-04-01,299,213631,1.0,,Marie Bouzkova,R,180.0,CZE,25.6,215872,8.0,,Kamilla Rakhimova,R,,RUS,22.5,6-4 7-6(2),3,SF,134.0,8.0,5.0,74.0,41.0,29.0,14.0,11.0,0.0,3.0,2.0,10.0,82.0,37.0,24.0,19.0,11.0,4.0,8.0,42.0,1349.0,92.0,760.0,2024
2024-894,Bogota,Clay,32,I,2024-04-01,300,215785,6.0,,Camila Osorio,R,162.0,COL,22.2,213631,1.0,,Marie Bouzkova,R,180.0,CZE,25.6,6-3 7-6(5),3,F,115.0,0.0,7.0,78.0,48.0,33.0,13.0,11.0,6.0,9.0,1.0,6.0,71.0,45.0,27.0,11.0,10.0,4.0,8.0,85.0,822.0,42.0,1349.0,2024
2024-804,Charleston,Clay,64,P,2024-04-01,293,202468,1.0,,Jessica Pegula,R,170.0,USA,30.0,202663,,,Magda Linette,R,171.0,POL,32.1,6-2 6-2,3,R16,59.0,2.0,0.0,40.0,22.0,18.0,14.0,8.0,0.0,0.0,2.0,1.0,44.0,30.0,18.0,4.0,8.0,1.0,5.0,5.0,4860.0,63.0,1080.0,2024
2024-894,Bogota,Clay,32,I,2024-04-01,294,215785,6.0,,Camila Osorio,R,162.0,COL,22.2,213583,2.0,,Tatjana Maria,R,172.0,GER,36.6,1-6 6-3 6-3,3,QF,109.0,0.0,3.0,78.0,51.0,31.0,9.0,13.0,6.0,13.0,1.0,5.0,83.0,45.0,22.0,17.0,12.0,6.0,13.0,85.0,822.0,46.0,1270.0,2024
2024-894,Bogota,Clay,32,I,2024-04-01,283,215936,,,Francesca Jones,R,,GBR,23.5,214060,,WC,Yuliana Monroy,U,,COL,25.5,6-1 6-2,3,R32,70.0,0.0,4.0,38.0,24.0,16.0,8.0,7.0,2.0,4.0,0.0,2.0,65.0,54.0,22.0,3.0,8.0,5.0,12.0,214.0,347.0,765.0,41.0,2024
2024-894,Bogota,Clay,32,I,2024-04-01,288,201506,,,Sara Errani,R,164.0,ITA,36.9,204427,3.0,,Sara Sorribes Tormo,R,176.0,ESP,27.4,6-2 4-6 6-4,3,R16,180.0,0.0,6.0,93.0,71.0,42.0,9.0,14.0,9.0,15.0,0.0,9.0,91.0,64.0,33.0,11.0,14.0,14.0,22.0,117.0,654.0,50.0,1227.0,2024
2024-894,Bogota,Clay,32,I,2024-04-01,281,213710,4.0,,Cristina Bucsa,R,,ESP,26.2,214646,,Q,Xiaodi You,U,,CHN,27.8,6-1 7-5,3,R32,92.0,0.0,7.0,59.0,42.0,29.0,8.0,9.0,4.0,6.0,1.0,4.0,55.0,29.0,13.0,10.0,10.0,2.0,8.0,75.0,945.0,211.0,351.0,2024
2024-804,Charleston,Clay,64,P,2024-04-01,295,206289,3.0,,Maria Sakkari,R,172.0,GRE,28.6,206368,9.0,,Veronika Kudermetova,R,175.0,RUS,26.9,6-2 6-4,3,QF,93.0,2.0,3.0,54.0,38.0,26.0,9.0,9.0,1.0,3.0,2.0,0.0,53.0,34.0,17.0,7.0,9.0,0.0,5.0,7.0,4030.0,19.0,2305.0,2024
2024-804,Charleston,Clay,64,P,2024-04-01,296,214082,4.0,,Daria Kasatkina,R,170.0,RUS,26.9,211713,,,Jaqueline Cristian,R,180.0,ROU,25.8,6-7(4) 6-2 6-3,3,QF,162.0,2.0,5.0,96.0,62.0,35.0,16.0,14.0,7.0,13.0,0.0,4.0,108.0,57.0,34.0,17.0,15.0,10.0,20.0,11.0,3173.0,83.0,844.0,2024
2024-804,Charleston,Clay,64,P,2024-04-01,297,202468,1.0,,Jessica Pegula,R,170.0,USA,30.0,201458,12.0,,Victoria Azarenka,R,180.0,BLR,34.6,6-4 3-6 7-6(7),3,QF,156.0,2.0,0.0,96.0,70.0,44.0,11.0,15.0,7.0,12.0,1.0,12.0,117.0,72.0,45.0,20.0,16.0,15.0,20.0,5.0,4860.0,26.0,1916.0,2024
2024-894,Bogota,Clay,32,I,2024-04-01,282,201696,7.0,,Laura Siegemund,R,168.0,GER,36.0,213576,,Q,Iryna Shymanovich,R,,BLR,26.7,7-6(5) 7-5,3,R32,136.0,0.0,3.0,75.0,55.0,31.0,9.0,12.0,4.0,10.0,0.0,5.0,82.0,45.0,26.0,13.0,12.0,4.0,11.0,89.0,795.0,230.0,328.0,2024
2024-804,Charleston,Clay,64,P,2024-04-01,299,214082,4.0,,Daria Kasatkina,R,170.0,RUS,26.9,202468,1.0,,Jessica Pegula,R,170.0,USA,30.0,6-4 4-6 7-6(5),3,SF,167.0,2.0,2.0,103.0,73.0,38.0,13.0,16.0,3.0,11.0,2.0,2.0,125.0,75.0,45.0,19.0,16.0,5.0,13.0,11.0,3173.0,5.0,4860.0,2024
2024-804,Charleston,Clay,64,P,2024-04-01,300,203389,,,Danielle Collins,R,178.0,USA,30.2,214082,4.0,,Daria Kasatkina,R,170.0,RUS,26.9,6-2 6-1,3,F,77.0,2.0,3.0,43.0,21.0,20.0,13.0,8.0,2.0,2.0,1.0,5.0,71.0,42.0,27.0,8.0,7.0,8.0,12.0,22.0,2140.0,11.0,3173.0,2024
2024-894,Bogota,Clay,32,I,2024-04-01,270,213583,2.0,,Tatjana Maria,R,172.0,GER,36.6,214388,,,Anna Bondar,R,,HUN,26.8,6-3 6-2,3,R32,96.0,2.0,4.0,76.0,29.0,16.0,28.0,9.0,4.0,6.0,3.0,3.0,47.0,19.0,11.0,11.0,8.0,2.0,7.0,46.0,1270.0,112.0,682.0,2024
2024-894,Bogota,Clay,32,I,2024-04-01,271,220699,,,Julia Riera,R,,ARG,21.8,215306,,,Emiliana Arango,R,,COL,23.3,6-0 6-3,3,R32,71.0,1.0,5.0,50.0,29.0,23.0,11.0,8.0,2.0,3.0,0.0,6.0,49.0,31.0,15.0,6.0,7.0,3.0,8.0,111.0,686.0,118.0,653.0,2024
2024-894,Bogota,Clay,32,I,2024-04-01,272,223331,,Q,Anca Alexia Todoni,R,,ROU,19.4,214593,,,Lucrezia Stefanini,R,,ITA,25.8,4-6 6-2 6-4,3,R32,152.0,3.0,3.0,88.0,44.0,29.0,21.0,14.0,2.0,7.0,1.0,8.0,94.0,63.0,34.0,13.0,14.0,9.0,16.0,217.0,346.0,147.0,506.0,2024
2024-804,Charleston,Clay,64,P,2024-04-01,298,203389,,,Danielle Collins,R,178.0,USA,30.2,206289,3.0,,Maria Sakkari,R,172.0,GRE,28.6,6-3 6-3,3,SF,85.0,4.0,2.0,56.0,31.0,24.0,14.0,9.0,4.0,5.0,0.0,6.0,55.0,31.0,17.0,12.0,9.0,3.0,7.0,22.0,2140.0,7.0,4030.0,2024
2024-894,Bogota,Clay,32,I,2024-04-01,274,204427,3.0,,Sara Sorribes Tormo,R,176.0,ESP,27.4,221237,,,Maria Timofeeva,R,,RUS,20.3,6-1 6-3,3,R32,87.0,0.0,4.0,55.0,36.0,26.0,7.0,8.0,4.0,6.0,1.0,8.0,53.0,28.0,14.0,7.0,8.0,4.0,10.0,50.0,1227.0,93.0,749.0,2024
2024-894,Bogota,Clay,32,I,2024-04-01,275,201506,,,Sara Errani,R,164.0,ITA,36.9,263857,,,Yuliia Starodubtseva,R,,UKR,24.1,6-2 7-6(5),3,R32,105.0,0.0,3.0,69.0,55.0,30.0,7.0,10.0,2.0,6.0,2.0,8.0,64.0,34.0,22.0,9.0,10.0,1.0,7.0,117.0,654.0,136.0,541.0,2024
2024-894,Bogota,Clay,32,I,2024-04-01,276,210705,,,Irina Bara,R,,ROU,29.0,215290,,Q,Katarina Zavatska,R,173.0,UKR,24.1,2-6 6-3 6-4,3,R32,143.0,0.0,4.0,84.0,58.0,32.0,9.0,13.0,5.0,12.0,1.0,7.0,86.0,54.0,26.0,14.0,14.0,10.0,18.0,178.0,421.0,195.0,384.0,2024
2024-894,Bogota,Clay,32,I,2024-04-01,277,206007,,,Laura Pigossi,R,164.0,BRA,29.6,206408,5.0,,Nadia Podoroska,R,170.0,ARG,27.1,6-4 6-1,3,R32,75.0,0.0,3.0,55.0,33.0,27.0,9.0,9.0,3.0,4.0,1.0,3.0,47.0,28.0,16.0,8.0,8.0,6.0,10.0,119.0,653.0,67.0,1051.0,2024
2024-894,Bogota,Clay,32,I,2024-04-01,278,215872,8.0,,Kamilla Rakhimova,R,,RUS,22.5,260848,,WC,Valentina Mediorreal Arias,U,,COL,,6-4 6-7(6) 6-1,3,R32,147.0,0.0,9.0,92.0,46.0,28.0,29.0,14.0,4.0,7.0,2.0,9.0,127.0,76.0,48.0,19.0,15.0,14.0,21.0,92.0,760.0,,,2024
2024-894,Bogota,Clay,32,I,2024-04-01,279,213887,,,Renata Zarazua,R,,MEX,26.5,246476,,WC,Mariana Isabel Higuita Barraza,U,,COL,16.7,6-0 6-0,3,R32,49.0,1.0,3.0,37.0,19.0,17.0,9.0,6.0,1.0,1.0,0.0,5.0,31.0,16.0,3.0,4.0,6.0,3.0,9.0,103.0,726.0,,,2024
2024-894,Bogota,Clay,32,I,2024-04-01,280,215898,,,Jule Niemeier,R,178.0,GER,24.6,215572,,Q,Nuria Brancaccio,R,,ITA,23.7,6-2 6-3,3,R32,76.0,0.0,5.0,50.0,30.0,22.0,11.0,9.0,6.0,8.0,0.0,8.0,58.0,39.0,21.0,6.0,8.0,2.0,7.0,113.0,675.0,235.0,320.0,2024
2024-W-FC-2024-QUA,BJK Cup Qualifiers,,48,D,2024-04-12,116,220348,,,Diane Parry,R,170.0,FRA,21.6,211107,,,Katie Boulter,R,180.0,GBR,27.6,6-2 6-0,3,RR,,3.0,1.0,49.0,28.0,18.0,12.0,7.0,3.0,4.0,0.0,2.0,56.0,35.0,13.0,10.0,7.0,6.0,12.0,49.0,1215.0,28.0,1802.0,2024
2024-W-FC-2024-QUA,BJK Cup Qualifiers,,48,D,2024-04-12,117,203533,,,Anna Karolina Schmiedlova,R,176.0,SVK,29.5,223308,,,Ela Nala Milic,U,,SLO,18.2,6-4 6-3,3,RR,,1.0,6.0,58.0,36.0,22.0,6.0,9.0,2.0,7.0,0.0,6.0,76.0,50.0,22.0,9.0,10.0,8.0,16.0,68.0,983.0,812.0,34.0,2024
2024-W-FC-2024-QUA,BJK Cup Qualifiers,,48,D,2024-04-12,118,214149,,,Viktoria Hruncakova,R,,SVK,25.9,220662,,,Veronika Erjavec,R,,SLO,24.2,6-1 5-7 6-3,3,RR,,8.0,8.0,94.0,48.0,35.0,22.0,14.0,8.0,11.0,6.0,4.0,84.0,52.0,33.0,12.0,14.0,6.0,12.0,146.0,517.0,203.0,377.0,2024
2024-W-FC-2024-QUA,BJK Cup Qualifiers,,48,D,2024-04-12,119,201615,,,Lesia Tsurenko,R,174.0,UKR,34.8,202536,,,Ana Bogdan,R,171.0,ROU,31.3,3-6 6-2 6-0,3,RR,,0.0,3.0,60.0,42.0,22.0,6.0,11.0,5.0,11.0,1.0,3.0,81.0,60.0,26.0,5.0,12.0,5.0,15.0,42.0,1363.0,64.0,1054.0,2024
2024-W-FC-2024-QUA,BJK Cup Qualifiers,,48,D,2024-04-12,120,202494,,,Elina Svitolina,R,174.0,UKR,29.5,211713,,,Jaqueline Cristian,R,180.0,ROU,25.8,6-3 7-5,3,RR,,0.0,1.0,61.0,36.0,23.0,12.0,10.0,10.0,13.0,1.0,1.0,71.0,38.0,22.0,13.0,11.0,6.0,12.0,18.0,2465.0,75.0,950.0,2024
2024-W-FC-2024-QUA,BJK Cup Qualifiers,,48,D,2024-04-12,124,211702,,,Nao Hibino,R,163.0,JPN,29.3,201709,,,Yulia Putintseva,R,163.0,KAZ,29.2,6-4 3-6 7-6(7),3,RR,,2.0,4.0,104.0,77.0,48.0,12.0,15.0,2.0,7.0,1.0,2.0,99.0,70.0,43.0,13.0,16.0,2.0,7.0,79.0,883.0,50.0,1213.0,2024
2024-W-FC-2024-QUA,BJK Cup Qualifiers,,48,D,2024-04-12,122,215613,,,Emma Navarro,R,,USA,22.9,243420,,,Hanne Vandewinkel,U,,BEL,19.8,4-6 6-4 6-3,3,RR,,7.0,1.0,100.0,65.0,45.0,17.0,15.0,7.0,10.0,3.0,9.0,103.0,60.0,38.0,20.0,14.0,5.0,9.0,21.0,2218.0,278.0,266.0,2024
2024-W-FC-2024-QUA,BJK Cup Qualifiers,,48,D,2024-04-12,123,223194,,,Taylah Preston,R,,AUS,18.4,204420,,,Marcela Zacarias,R,,MEX,30.0,6-1 6-1,3,RR,,3.0,0.0,49.0,37.0,26.0,5.0,7.0,3.0,4.0,0.0,4.0,44.0,33.0,13.0,3.0,7.0,4.0,10.0,136.0,545.0,562.0,83.0,2024
2024-W-FC-2024-QUA,BJK Cup Qualifiers,,48,D,2024-04-12,126,206242,,,Beatriz Haddad Maia,L,185.0,BRA,27.8,204431,,,Anna Lena Friedsam,R,,GER,30.1,5-7 6-0 6-1,3,RR,,2.0,3.0,69.0,44.0,31.0,13.0,12.0,4.0,7.0,1.0,10.0,113.0,73.0,41.0,13.0,13.0,11.0,19.0,13.0,2920.0,189.0,393.0,2024
2024-W-FC-2024-QUA,BJK Cup Qualifiers,,48,D,2024-04-12,125,260761,,,Renata Jamrichova,U,,SVK,16.8,220662,,,Veronika Erjavec,R,,SLO,24.2,6-2 6-0,3,RR,,2.0,3.0,39.0,22.0,13.0,13.0,7.0,0.0,1.0,0.0,3.0,48.0,28.0,9.0,9.0,7.0,10.0,16.0,684.0,56.0,203.0,377.0,2024
2024-W-FC-2024-QUA,BJK Cup Qualifiers,,48,D,2024-04-12,115,211768,,,Naomi Osaka,R,180.0,JPN,26.4,201709,,,Yulia Putintseva,R,163.0,KAZ,29.2,6-2 7-6(5),3,RR,,15.0,0.0,64.0,38.0,31.0,17.0,10.0,3.0,3.0,4.0,2.0,71.0,53.0,34.0,10.0,10.0,3.0,5.0,193.0,388.0,50.0,1213.0,2024
2024-W-FC-2024-QUA,BJK Cup Qualifiers,,48,D,2024-04-12,121,202468,,,Jessica Pegula,R,170.0,USA,30.1,223321,,,Sofia Costoulas,U,,BEL,19.0,4-6 6-2 6-3,3,RR,,0.0,3.0,86.0,35.0,25.0,25.0,13.0,6.0,10.0,4.0,9.0,115.0,66.0,35.0,20.0,14.0,13.0,20.0,5.0,4870.0,279.0,266.0,2024
2024-W-FC-2024-QUA,BJK Cup Qualifiers,,48,D,2024-04-12,114,211702,,,Nao Hibino,R,163.0,JPN,29.3,206363,,,Anna Danilina,R,,KAZ,28.6,6-1 6-0,3,RR,,2.0,0.0,44.0,35.0,24.0,6.0,7.0,2.0,2.0,1.0,3.0,39.0,27.0,13.0,2.0,6.0,4.0,9.0,79.0,883.0,939.0,21.0,2024
2024-W-FC-2024-QUA,BJK Cup Qualifiers,,48,D,2024-04-12,103,201696,,,Laura Siegemund,R,168.0,GER,36.1,206430,,,Carolina Alves,U,,BRA,27.9,6-1 2-6 6-3,3,RR,,0.0,3.0,81.0,61.0,35.0,9.0,11.0,5.0,10.0,1.0,3.0,72.0,43.0,15.0,16.0,12.0,3.0,10.0,85.0,848.0,345.0,190.0,2024
2024-W-FC-2024-QUA,BJK Cup Qualifiers,,48,D,2024-04-12,113,201611,,,Daria Saville,R,166.0,AUS,30.1,204420,,,Marcela Zacarias,R,,MEX,30.0,6-1 6-0,3,RR,,3.0,2.0,34.0,23.0,21.0,7.0,7.0,0.0,0.0,0.0,3.0,36.0,24.0,9.0,5.0,6.0,1.0,6.0,94.0,751.0,562.0,83.0,2024
2024-W-FC-2024-QUA,BJK Cup Qualifiers,,48,D,2024-04-12,127,202468,,,Jessica Pegula,R,170.0,USA,30.1,243420,,,Hanne Vandewinkel,U,,BEL,19.8,6-2 6-0,3,RR,,1.0,0.0,33.0,20.0,19.0,10.0,7.0,1.0,1.0,3.0,3.0,46.0,29.0,15.0,5.0,7.0,3.0,8.0,5.0,4870.0,278.0,266.0,2024
2024-W-FC-2024-QUA,BJK Cup Qualifiers,,48,D,2024-04-12,101,216347,,,Iga Swiatek,R,176.0,POL,22.8,215899,,,Simona Waltert,R,,SUI,23.3,6-3 6-1,3,RR,,1.0,1.0,53.0,36.0,27.0,9.0,8.0,6.0,7.0,1.0,2.0,52.0,31.0,16.0,6.0,8.0,4.0,9.0,1.0,10835.0,158.0,471.0,2024
2024-W-FC-2024-QUA,BJK Cup Qualifiers,,48,D,2024-04-12,102,211684,,,Magdalena Frech,R,171.0,POL,26.3,232447,,,Celine Naef,R,,SUI,18.7,6-7(8) 7-5 6-3,3,RR,,3.0,0.0,109.0,77.0,54.0,15.0,17.0,0.0,3.0,4.0,1.0,113.0,70.0,49.0,17.0,16.0,6.0,11.0,52.0,1195.0,148.0,516.0,2024
2024-W-FC-2024-QUA,BJK Cup Qualifiers,,48,D,2024-04-12,105,201696,,,Laura Siegemund,R,168.0,GER,36.1,206242,,,Beatriz Haddad Maia,L,185.0,BRA,27.8,6-4 6-2,3,RR,,0.0,2.0,54.0,35.0,22.0,11.0,9.0,2.0,4.0,0.0,3.0,54.0,37.0,19.0,4.0,9.0,2.0,7.0,85.0,848.0,13.0,2920.0,2024
2024-W-FC-2024-QUA,BJK Cup Qualifiers,,48,D,2024-04-12,106,213583,,,Tatjana Maria,R,172.0,GER,36.6,206007,,,Laura Pigossi,R,164.0,BRA,29.6,2-6 6-4 6-4,3,RR,,4.0,3.0,79.0,48.0,31.0,13.0,14.0,2.0,8.0,0.0,2.0,100.0,75.0,43.0,9.0,14.0,7.0,13.0,66.0,1044.0,125.0,623.0,2024
2024-W-FC-2024-QUA,BJK Cup Qualifiers,,48,D,2024-04-12,104,221054,,,Emma Raducanu,R,175.0,GBR,21.4,201614,,,Caroline Garcia,R,177.0,FRA,30.4,3-6 6-3 6-2,3,RR,,9.0,0.0,95.0,69.0,44.0,14.0,13.0,7.0,10.0,9.0,0.0,76.0,39.0,27.0,17.0,13.0,2.0,7.0,302.0,236.0,23.0,2070.0,2024
2024-W-FC-2024-QUA,BJK Cup Qualifiers,,48,D,2024-04-12,108,211107,,,Katie Boulter,R,180.0,GBR,27.6,216262,,,Clara Burel,R,176.0,FRA,23.0,7-5 6-0,3,RR,,0.0,5.0,75.0,49.0,33.0,12.0,9.0,6.0,7.0,5.0,7.0,60.0,32.0,19.0,10.0,9.0,5.0,10.0,28.0,1802.0,44.0,1296.0,2024
2024-W-FC-2024-QUA,BJK Cup Qualifiers,,48,D,2024-04-12,109,221054,,,Emma Raducanu,R,175.0,GBR,21.4,220348,,,Diane Parry,R,170.0,FRA,21.6,4-6 6-1 7-6(1),3,RR,,4.0,2.0,100.0,71.0,49.0,12.0,14.0,4.0,8.0,5.0,2.0,108.0,74.0,42.0,15.0,15.0,6.0,12.0,302.0,236.0,49.0,1215.0,2024
2024-W-FC-2024-QUA,BJK Cup Qualifiers,,48,D,2024-04-12,110,202536,,,Ana Bogdan,R,171.0,ROU,31.3,202494,,,Elina Svitolina,R,174.0,UKR,29.5,6-4 4-6 6-3,3,RR,,0.0,3.0,97.0,69.0,42.0,8.0,15.0,5.0,11.0,5.0,2.0,133.0,87.0,46.0,20.0,14.0,13.0,20.0,64.0,1054.0,18.0,2465.0,2024
2024-W-FC-2024-QUA,BJK Cup Qualifiers,,48,D,2024-04-12,111,211713,,,Jaqueline Cristian,R,180.0,ROU,25.8,201615,,,Lesia Tsurenko,R,174.0,UKR,34.8,2-6 6-4 6-4,3,RR,,2.0,7.0,102.0,65.0,37.0,16.0,14.0,11.0,17.0,0.0,5.0,83.0,55.0,34.0,11.0,14.0,5.0,11.0,75.0,950.0,42.0,1363.0,2024
2024-W-FC-2024-QUA,BJK Cup Qualifiers,,48,D,2024-04-12,112,201613,,,Arina Rodionova,R,168.0,AUS,34.3,205892,,,Giuliana Olmos,R,170.0,MEX,31.1,3-6 6-3 6-1,3,RR,,6.0,4.0,87.0,49.0,34.0,19.0,12.0,6.0,8.0,2.0,1.0,85.0,62.0,35.0,11.0,13.0,9.0,14.0,103.0,731.0,,,2024
2024-W-FC-2024-QUA,BJK Cup Qualifiers,,48,D,2024-04-12,107,216347,,,Iga Swiatek,R,176.0,POL,22.8,232447,,,Celine Naef,R,,SUI,18.7,6-4 6-3,3,RR,,0.0,1.0,52.0,40.0,29.0,4.0,10.0,2.0,5.0,1.0,2.0,56.0,30.0,16.0,11.0,9.0,6.0,11.0,1.0,10835.0,148.0,516.0,2024
2024-1051,Stuttgart,Clay,32,P,2024-04-15,282,222328,,,Linda Noskova,R,,CZE,19.4,211533,8.0,,Jelena Ostapenko,R,177.0,LAT,26.8,6-3 6-1,3,R32,68.0,8.0,8.0,72.0,43.0,31.0,11.0,8.0,8.0,9.0,1.0,2.0,38.0,24.0,12.0,1.0,8.0,0.0,5.0,31.0,1643.0,10.0,3438.0,2024
2024-1051,Stuttgart,Clay,32,P,2024-04-15,287,214954,6.0,,Marketa Vondrousova,L,173.0,CZE,24.7,215713,,,Anastasia Potapova,R,175.0,RUS,23.0,7-6(5) 6-1,3,R16,77.0,4.0,3.0,68.0,46.0,36.0,10.0,10.0,2.0,3.0,2.0,2.0,55.0,32.0,15.0,13.0,9.0,1.0,4.0,8.0,3895.0,36.0,1502.0,2024
2024-1051,Stuttgart,Clay,32,P,2024-04-15,286,214544,2.0,,Aryna Sabalenka,R,182.0,BLR,25.9,211651,,,Paula Badosa,R,180.0,ESP,26.4,7-6(4) 4-6 3-3 RET,3,R16,142.0,4.0,3.0,106.0,70.0,49.0,16.0,15.0,7.0,11.0,4.0,5.0,90.0,59.0,40.0,15.0,14.0,6.0,9.0,2.0,8045.0,93.0,777.0,2024
2024-1051,Stuttgart,Clay,32,P,2024-04-15,284,210722,,,Elise Mertens,R,179.0,BEL,28.4,213583,,WC,Tatjana Maria,R,172.0,GER,36.6,6-1 4-6 6-0,3,R32,103.0,2.0,3.0,62.0,35.0,28.0,11.0,11.0,3.0,6.0,0.0,1.0,62.0,35.0,19.0,8.0,12.0,2.0,10.0,30.0,1744.0,66.0,1044.0,2024
2024-1051,Stuttgart,Clay,32,P,2024-04-15,283,221054,,WC,Emma Raducanu,R,175.0,GBR,21.4,201493,,WC,Angelique Kerber,L,173.0,GER,36.2,6-2 6-1,3,R32,84.0,4.0,0.0,66.0,40.0,26.0,11.0,7.0,9.0,11.0,1.0,8.0,64.0,38.0,21.0,4.0,8.0,7.0,14.0,303.0,236.0,332.0,201.0,2024
2024-1051,Stuttgart,Clay,32,P,2024-04-15,280,206368,,,Veronika Kudermetova,R,175.0,RUS,26.9,206252,,,Barbora Krejcikova,R,178.0,CZE,28.3,5-7 6-4 6-4,3,R32,186.0,4.0,2.0,122.0,80.0,54.0,17.0,16.0,9.0,13.0,2.0,5.0,95.0,57.0,40.0,17.0,16.0,3.0,8.0,19.0,2383.0,24.0,1996.0,2024
2024-1051,Stuttgart,Clay,32,P,2024-04-15,272,215713,,,Anastasia Potapova,R,175.0,RUS,23.0,214643,,,Liudmila Samsonova,R,180.0,RUS,25.4,6-4 4-6 6-3,3,R32,147.0,5.0,2.0,93.0,51.0,37.0,17.0,15.0,7.0,12.0,9.0,4.0,102.0,46.0,33.0,23.0,14.0,7.0,13.0,36.0,1502.0,17.0,2550.0,2024
2024-1051,Stuttgart,Clay,32,P,2024-04-15,278,202460,7.0,,Ons Jabeur,R,167.0,TUN,29.6,206420,,,Ekaterina Alexandrova,R,175.0,RUS,29.4,2-6 6-3 7-6(1),3,R32,120.0,4.0,4.0,92.0,44.0,33.0,23.0,15.0,4.0,9.0,4.0,9.0,86.0,39.0,32.0,19.0,14.0,1.0,5.0,9.0,3658.0,16.0,2560.0,2024
2024-1051,Stuttgart,Clay,32,P,2024-04-15,277,221012,5.0,,Qinwen Zheng,R,,CHN,21.5,201514,,,Sorana Cirstea,R,176.0,ROU,34.0,6-2 6-3,3,R32,76.0,1.0,0.0,49.0,28.0,18.0,11.0,8.0,2.0,4.0,2.0,2.0,53.0,34.0,20.0,4.0,9.0,4.0,10.0,7.0,3995.0,29.0,1748.0,2024
2024-1051,Stuttgart,Clay,32,P,2024-04-15,276,216146,,,Marta Kostyuk,R,175.0,UKR,21.7,201696,,WC,Laura Siegemund,R,168.0,GER,36.1,6-3 6-7(4) 6-4,3,R32,189.0,0.0,15.0,138.0,87.0,53.0,15.0,16.0,13.0,20.0,0.0,6.0,106.0,85.0,44.0,6.0,15.0,9.0,18.0,27.0,1911.0,84.0,848.0,2024
2024-1051,Stuttgart,Clay,32,P,2024-04-15,275,203500,,Q,Sachia Vickery,R,162.0,USA,28.9,205925,,Q,Aliaksandra Sasnovich,R,174.0,BLR,30.0,7-6(2) 7-5,3,R32,113.0,1.0,3.0,75.0,40.0,27.0,15.0,12.0,5.0,10.0,2.0,4.0,86.0,58.0,32.0,10.0,12.0,7.0,13.0,134.0,550.0,110.0,701.0,2024
2024-1051,Stuttgart,Clay,32,P,2024-04-15,273,214954,6.0,,Marketa Vondrousova,L,173.0,CZE,24.7,202499,,,Donna Vekic,R,179.0,CRO,27.7,6-4 6-3,3,R32,86.0,4.0,6.0,66.0,37.0,26.0,15.0,10.0,1.0,3.0,0.0,3.0,52.0,28.0,19.0,8.0,9.0,4.0,8.0,8.0,3895.0,37.0,1488.0,2024
2024-1051,Stuttgart,Clay,32,P,2024-04-15,271,211651,,,Paula Badosa,R,180.0,ESP,26.4,223670,,Q,Diana Shnaider,L,,RUS,20.0,6-3 6-4,3,R32,101.0,4.0,10.0,87.0,44.0,29.0,25.0,10.0,8.0,8.0,1.0,2.0,57.0,39.0,28.0,7.0,9.0,2.0,4.0,93.0,777.0,62.0,1055.0,2024
2024-1051,Stuttgart,Clay,32,P,2024-04-15,279,211148,,,Jasmine Paolini,R,160.0,ITA,28.2,201506,,Q,Sara Errani,R,164.0,ITA,36.9,6-1 6-0,3,R32,46.0,3.0,2.0,33.0,20.0,18.0,7.0,6.0,1.0,1.0,0.0,0.0,38.0,26.0,9.0,2.0,7.0,1.0,7.0,14.0,2865.0,102.0,737.0,2024
2024-1051,Stuttgart,Clay,32,P,2024-04-15,288,221103,3.0,,Coco Gauff,R,175.0,USA,20.0,203500,,Q,Sachia Vickery,R,162.0,USA,28.9,6-3 4-6 7-5,3,R16,146.0,2.0,15.0,110.0,60.0,37.0,20.0,16.0,12.0,19.0,1.0,4.0,92.0,51.0,28.0,13.0,15.0,6.0,14.0,3.0,7205.0,134.0,550.0,2024
2024-1051,Stuttgart,Clay,32,P,2024-04-15,291,214981,4.0,,Elena Rybakina,R,184.0,KAZ,24.8,206368,,,Veronika Kudermetova,R,175.0,RUS,26.9,7-6(3) 1-6 6-4,3,R16,153.0,9.0,3.0,101.0,64.0,42.0,14.0,14.0,6.0,11.0,5.0,2.0,93.0,58.0,40.0,15.0,15.0,5.0,9.0,4.0,5848.0,19.0,2383.0,2024
2024-1051,Stuttgart,Clay,32,P,2024-04-15,290,211148,,,Jasmine Paolini,R,160.0,ITA,28.2,202460,7.0,,Ons Jabeur,R,167.0,TUN,29.6,7-6(8) 6-4,3,R16,105.0,1.0,1.0,82.0,58.0,41.0,11.0,11.0,7.0,9.0,7.0,0.0,79.0,44.0,31.0,16.0,11.0,1.0,4.0,14.0,2865.0,9.0,3658.0,2024
2024-2066,Rouen,Clay,32,I,2024-04-15,283,202663,,,Magda Linette,R,171.0,POL,32.1,221039,,WC,Elsa Jacquemot,R,,FRA,20.9,7-5 6-1,3,R32,97.0,4.0,2.0,73.0,44.0,31.0,12.0,10.0,5.0,7.0,2.0,0.0,51.0,40.0,20.0,6.0,9.0,3.0,8.0,60.0,1085.0,157.0,478.0,2024
2024-2066,Rouen,Clay,32,I,2024-04-15,284,201551,,,Arantxa Rus,L,180.0,NED,33.3,221905,,Q,Robin Montgomery,L,,USA,19.6,6-3 6-1,3,R32,93.0,1.0,4.0,63.0,47.0,36.0,6.0,8.0,4.0,4.0,2.0,3.0,48.0,32.0,20.0,3.0,8.0,1.0,5.0,53.0,1188.0,181.0,408.0,2024
2024-2066,Rouen,Clay,32,I,2024-04-15,285,201499,1.0,,Anastasia Pavlyuchenkova,R,177.0,RUS,32.7,215806,,WC,Alice Robbe,U,,FRA,23.9,6-2 6-2,3,R32,67.0,2.0,2.0,48.0,26.0,16.0,15.0,8.0,1.0,3.0,1.0,4.0,47.0,30.0,14.0,4.0,8.0,5.0,11.0,22.0,2141.0,265.0,276.0,2024
2024-2066,Rouen,Clay,32,I,2024-04-15,286,201614,2.0,,Caroline Garcia,R,177.0,FRA,30.4,203533,,,Anna Karolina Schmiedlova,R,176.0,SVK,29.5,6-1 6-0,3,R16,48.0,8.0,0.0,29.0,20.0,20.0,4.0,6.0,0.0,0.0,1.0,3.0,45.0,28.0,12.0,6.0,7.0,5.0,11.0,23.0,2070.0,68.0,983.0,2024
2024-2066,Rouen,Clay,32,I,2024-04-15,287,211817,,Q,Elena Gabriela Ruse,R,,ROU,26.4,216262,7.0,,Clara Burel,R,176.0,FRA,23.0,6-0 2-6 6-3,3,R16,114.0,3.0,3.0,77.0,46.0,28.0,14.0,11.0,6.0,10.0,0.0,4.0,75.0,44.0,22.0,13.0,12.0,7.0,14.0,162.0,460.0,44.0,1296.0,2024
2024-2066,Rouen,Clay,32,I,2024-04-15,288,206294,4.0,,Yue Yuan,R,184.0,CHN,25.5,219875,,,Varvara Gracheva,R,,FRA,23.7,6-4 4-6 7-6(6),3,R16,167.0,2.0,0.0,104.0,63.0,35.0,28.0,16.0,4.0,9.0,4.0,6.0,110.0,78.0,47.0,14.0,16.0,4.0,9.0,38.0,1451.0,94.0,763.0,2024
2024-2066,Rouen,Clay,32,I,2024-04-15,289,201585,6.0,,Sloane Stephens,R,170.0,USA,31.0,201662,,,Karolina Pliskova,R,184.0,CZE,32.0,6-3 6-2,3,R16,70.0,2.0,1.0,52.0,37.0,22.0,10.0,9.0,0.0,3.0,4.0,8.0,53.0,34.0,16.0,6.0,8.0,7.0,13.0,39.0,1407.0,47.0,1227.0,2024
2024-2066,Rouen,Clay,32,I,2024-04-15,290,259799,5.0,,Mirra Andreeva,R,,RUS,16.9,220589,,,Elina Avanesyan,R,,ARM,21.5,7-5 6-4,3,R16,101.0,3.0,3.0,75.0,55.0,36.0,8.0,11.0,9.0,12.0,0.0,1.0,68.0,38.0,19.0,16.0,11.0,4.0,9.0,43.0,1343.0,67.0,1024.0,2024
2024-2066,Rouen,Clay,32,I,2024-04-15,282,210337,,Q,Natalija Stevanovic,R,,SRB,29.7,215020,8.0,,Anna Blinkova,R,179.0,RUS,25.5,7-6(2) 3-6 7-6(2),3,R32,197.0,0.0,2.0,123.0,71.0,48.0,22.0,16.0,8.0,15.0,1.0,11.0,129.0,77.0,47.0,21.0,17.0,3.0,9.0,204.0,376.0,45.0,1275.0,2024
2024-2066,Rouen,Clay,32,I,2024-04-15,291,211843,3.0,,Anhelina Kalinina,R,179.0,UKR,27.1,203354,,,Martina Trevisan,L,160.0,ITA,30.4,6-2 6-3,3,R16,93.0,2.0,0.0,56.0,40.0,22.0,10.0,9.0,6.0,10.0,0.0,4.0,54.0,39.0,16.0,5.0,8.0,1.0,8.0,32.0,1623.0,78.0,898.0,2024
2024-2066,Rouen,Clay,32,I,2024-04-15,293,201551,,,Arantxa Rus,L,180.0,NED,33.3,201499,1.0,,Anastasia Pavlyuchenkova,R,177.0,RUS,32.7,6-3 1-6 6-3,3,R16,133.0,1.0,1.0,81.0,59.0,31.0,8.0,12.0,7.0,13.0,2.0,6.0,92.0,63.0,38.0,7.0,13.0,8.0,15.0,53.0,1188.0,22.0,2141.0,2024
2024-2066,Rouen,Clay,32,I,2024-04-15,294,201614,2.0,,Caroline Garcia,R,177.0,FRA,30.4,211817,,Q,Elena Gabriela Ruse,R,,ROU,26.4,6-3 6-4,3,QF,89.0,8.0,1.0,79.0,56.0,39.0,12.0,10.0,8.0,8.0,3.0,3.0,52.0,29.0,21.0,13.0,9.0,3.0,5.0,23.0,2070.0,162.0,460.0,2024
2024-2066,Rouen,Clay,32,I,2024-04-15,295,201585,6.0,,Sloane Stephens,R,170.0,USA,31.0,206294,4.0,,Yue Yuan,R,184.0,CHN,25.5,6-2 6-2,3,QF,69.0,2.0,0.0,47.0,34.0,26.0,8.0,8.0,3.0,3.0,1.0,1.0,51.0,33.0,19.0,7.0,8.0,2.0,6.0,39.0,1407.0,38.0,1451.0,2024
2024-2066,Rouen,Clay,32,I,2024-04-15,296,211843,3.0,,Anhelina Kalinina,R,179.0,UKR,27.1,259799,5.0,,Mirra Andreeva,R,,RUS,16.9,6-4 7-5,3,QF,96.0,1.0,2.0,61.0,36.0,21.0,13.0,11.0,5.0,10.0,0.0,0.0,58.0,46.0,19.0,6.0,11.0,2.0,9.0,32.0,1623.0,43.0,1343.0,2024
2024-1051,Stuttgart,Clay,32,P,2024-04-15,289,216146,,,Marta Kostyuk,R,175.0,UKR,21.7,221012,5.0,,Qinwen Zheng,R,,CHN,21.5,6-2 4-6 7-5,3,R16,160.0,3.0,8.0,100.0,63.0,45.0,17.0,15.0,4.0,6.0,6.0,7.0,112.0,54.0,39.0,26.0,15.0,10.0,14.0,27.0,1911.0,7.0,3995.0,2024
2024-2066,Rouen,Clay,32,I,2024-04-15,298,201585,6.0,,Sloane Stephens,R,170.0,USA,31.0,201614,2.0,,Caroline Garcia,R,177.0,FRA,30.4,6-3 6-2,3,SF,75.0,0.0,1.0,59.0,46.0,32.0,6.0,9.0,2.0,3.0,1.0,3.0,57.0,38.0,22.0,8.0,8.0,6.0,10.0,39.0,1407.0,23.0,2070.0,2024
2024-2066,Rouen,Clay,32,I,2024-04-15,299,202663,,,Magda Linette,R,171.0,POL,32.1,211843,3.0,,Anhelina Kalinina,R,179.0,UKR,27.1,6-1 4-6 6-2,3,SF,129.0,7.0,1.0,75.0,44.0,30.0,21.0,13.0,4.0,6.0,0.0,5.0,81.0,50.0,32.0,12.0,12.0,3.0,8.0,60.0,1085.0,32.0,1623.0,2024
2024-2066,Rouen,Clay,32,I,2024-04-15,300,201585,6.0,,Sloane Stephens,R,170.0,USA,31.0,202663,,,Magda Linette,R,171.0,POL,32.1,6-1 2-6 6-2,3,F,130.0,1.0,2.0,82.0,67.0,43.0,5.0,11.0,1.0,4.0,2.0,0.0,90.0,57.0,34.0,11.0,12.0,9.0,15.0,39.0,1407.0,60.0,1085.0,2024
2024-2066,Rouen,Clay,32,I,2024-04-15,292,202663,,,Magda Linette,R,171.0,POL,32.1,210337,,Q,Natalija Stevanovic,R,,SRB,29.7,6-2 6-1,3,R16,68.0,3.0,3.0,44.0,21.0,18.0,15.0,8.0,1.0,1.0,0.0,1.0,39.0,29.0,16.0,3.0,7.0,1.0,5.0,60.0,1085.0,204.0,376.0,2024
2024-2066,Rouen,Clay,32,I,2024-04-15,281,211843,3.0,,Anhelina Kalinina,R,179.0,UKR,27.1,201427,,,Alize Cornet,R,173.0,FRA,34.2,6-4 7-5,3,R32,126.0,0.0,1.0,63.0,42.0,22.0,7.0,11.0,4.0,10.0,4.0,10.0,98.0,51.0,27.0,16.0,11.0,11.0,19.0,32.0,1623.0,106.0,728.0,2024
2024-2066,Rouen,Clay,32,I,2024-04-15,297,202663,,,Magda Linette,R,171.0,POL,32.1,201551,,,Arantxa Rus,L,180.0,NED,33.3,7-6(9) 6-1,3,QF,128.0,1.0,2.0,64.0,46.0,32.0,12.0,9.0,2.0,3.0,3.0,8.0,86.0,61.0,37.0,8.0,10.0,3.0,7.0,60.0,1085.0,53.0,1188.0,2024
2024-2066,Rouen,Clay,32,I,2024-04-15,279,220589,,,Elina Avanesyan,R,,ARM,21.5,211539,,Q,Fiona Ferro,R,170.0,FRA,27.0,6-2 1-6 7-5,3,R32,133.0,0.0,1.0,89.0,58.0,36.0,14.0,13.0,6.0,10.0,0.0,2.0,101.0,71.0,37.0,19.0,14.0,8.0,13.0,67.0,1024.0,144.0,520.0,2024
2024-2066,Rouen,Clay,32,I,2024-04-15,280,203354,,,Martina Trevisan,L,160.0,ITA,30.4,211768,,WC,Naomi Osaka,R,180.0,JPN,26.4,6-4 6-2,3,R32,92.0,3.0,1.0,63.0,42.0,31.0,10.0,9.0,7.0,8.0,5.0,2.0,60.0,32.0,21.0,11.0,9.0,2.0,6.0,78.0,898.0,192.0,388.0,2024
2024-1051,Stuttgart,Clay,32,P,2024-04-15,292,221054,,WC,Emma Raducanu,R,175.0,GBR,21.4,222328,,,Linda Noskova,R,,CZE,19.4,6-0 7-5,3,R16,79.0,4.0,0.0,54.0,40.0,30.0,9.0,9.0,2.0,2.0,4.0,6.0,62.0,47.0,27.0,5.0,9.0,3.0,7.0,303.0,236.0,31.0,1643.0,2024
2024-1051,Stuttgart,Clay,32,P,2024-04-15,294,214954,6.0,,Marketa Vondrousova,L,173.0,CZE,24.7,214544,2.0,,Aryna Sabalenka,R,182.0,BLR,25.9,3-6 6-3 7-5,3,QF,121.0,5.0,4.0,95.0,59.0,34.0,17.0,15.0,9.0,15.0,4.0,9.0,78.0,44.0,27.0,13.0,15.0,1.0,8.0,8.0,3895.0,2.0,8045.0,2024
2024-1051,Stuttgart,Clay,32,P,2024-04-15,295,216146,,,Marta Kostyuk,R,175.0,UKR,21.7,221103,3.0,,Coco Gauff,R,175.0,USA,20.0,3-6 6-4 7-6(6),3,QF,168.0,1.0,10.0,109.0,63.0,33.0,22.0,15.0,7.0,15.0,3.0,8.0,124.0,62.0,34.0,29.0,16.0,13.0,21.0,27.0,1911.0,3.0,7205.0,2024
2024-1051,Stuttgart,Clay,32,P,2024-04-15,296,214981,4.0,,Elena Rybakina,R,184.0,KAZ,24.8,211148,,,Jasmine Paolini,R,160.0,ITA,28.2,6-3 5-7 6-3,3,QF,128.0,7.0,2.0,82.0,51.0,33.0,18.0,15.0,3.0,7.0,0.0,1.0,101.0,68.0,43.0,13.0,15.0,9.0,15.0,4.0,5848.0,14.0,2865.0,2024
2024-1051,Stuttgart,Clay,32,P,2024-04-15,297,216347,1.0,,Iga Swiatek,R,176.0,POL,22.8,221054,,WC,Emma Raducanu,R,175.0,GBR,21.4,7-6(2) 6-3,3,QF,123.0,1.0,1.0,61.0,40.0,30.0,14.0,10.0,0.0,1.0,1.0,2.0,88.0,57.0,36.0,12.0,11.0,8.0,11.0,1.0,10835.0,303.0,236.0,2024
2024-1051,Stuttgart,Clay,32,P,2024-04-15,298,216146,,,Marta Kostyuk,R,175.0,UKR,21.7,214954,6.0,,Marketa Vondrousova,L,173.0,CZE,24.7,7-6(2) 6-2,3,SF,95.0,0.0,6.0,74.0,49.0,35.0,11.0,10.0,4.0,6.0,1.0,3.0,69.0,39.0,22.0,16.0,10.0,3.0,7.0,27.0,1911.0,8.0,3895.0,2024
2024-1051,Stuttgart,Clay,32,P,2024-04-15,299,214981,4.0,,Elena Rybakina,R,184.0,KAZ,24.8,216347,1.0,,Iga Swiatek,R,176.0,POL,22.8,6-3 4-6 6-3,3,SF,169.0,10.0,5.0,105.0,63.0,44.0,19.0,14.0,11.0,13.0,0.0,7.0,106.0,60.0,39.0,22.0,14.0,16.0,20.0,4.0,5848.0,1.0,10835.0,2024
2024-1051,Stuttgart,Clay,32,P,2024-04-15,300,214981,4.0,,Elena Rybakina,R,184.0,KAZ,24.8,216146,,,Marta Kostyuk,R,175.0,UKR,21.7,6-2 6-2,3,F,69.0,0.0,2.0,58.0,37.0,30.0,10.0,8.0,3.0,3.0,0.0,6.0,48.0,25.0,14.0,10.0,8.0,2.0,6.0,4.0,5848.0,27.0,1911.0,2024
2024-1051,Stuttgart,Clay,32,P,2024-04-15,293,216347,1.0,,Iga Swiatek,R,176.0,POL,22.8,210722,,,Elise Mertens,R,179.0,BEL,28.4,6-3 6-4,3,R16,93.0,1.0,1.0,64.0,48.0,31.0,8.0,10.0,5.0,7.0,1.0,2.0,49.0,26.0,15.0,9.0,9.0,2.0,6.0,1.0,10835.0,30.0,1744.0,2024
2024-2066,Rouen,Clay,32,I,2024-04-15,271,203533,,,Anna Karolina Schmiedlova,R,176.0,SVK,29.5,220348,,,Diane Parry,R,170.0,FRA,21.6,3-6 3-1 RET,3,R32,68.0,3.0,3.0,46.0,29.0,17.0,5.0,7.0,2.0,6.0,0.0,0.0,38.0,22.0,12.0,6.0,7.0,1.0,4.0,68.0,983.0,49.0,1215.0,2024
2024-2066,Rouen,Clay,32,I,2024-04-15,272,211817,,Q,Elena Gabriela Ruse,R,,ROU,26.4,211702,,,Nao Hibino,R,163.0,JPN,29.3,6-2 6-1,3,R32,62.0,5.0,3.0,52.0,32.0,26.0,8.0,8.0,2.0,3.0,0.0,4.0,41.0,25.0,12.0,5.0,7.0,5.0,10.0,162.0,460.0,85.0,846.0,2024
2024-2066,Rouen,Clay,32,I,2024-04-15,273,216262,7.0,,Clara Burel,R,176.0,FRA,23.0,215290,,Q,Katarina Zavatska,R,173.0,UKR,24.1,3-6 6-3 6-2,3,R32,132.0,1.0,4.0,101.0,66.0,40.0,16.0,13.0,8.0,13.0,0.0,5.0,78.0,48.0,24.0,12.0,13.0,3.0,10.0,44.0,1296.0,182.0,401.0,2024
2024-2066,Rouen,Clay,32,I,2024-04-15,274,206294,4.0,,Yue Yuan,R,184.0,CHN,25.5,210886,,,Mayar Sherif,R,180.0,EGY,27.9,6-3 7-6(7),3,R32,116.0,1.0,5.0,91.0,55.0,38.0,17.0,11.0,4.0,7.0,4.0,0.0,61.0,41.0,24.0,9.0,10.0,2.0,6.0,38.0,1451.0,72.0,973.0,2024
2024-2066,Rouen,Clay,32,I,2024-04-15,275,219875,,,Varvara Gracheva,R,,FRA,23.7,202600,,,Viktoriya Tomova,R,170.0,BUL,29.1,6-2 3-6 7-5,3,R32,140.0,1.0,1.0,92.0,53.0,30.0,22.0,15.0,6.0,12.0,2.0,5.0,96.0,63.0,33.0,15.0,14.0,6.0,13.0,94.0,763.0,81.0,866.0,2024
2024-2066,Rouen,Clay,32,I,2024-04-15,276,201662,,,Karolina Pliskova,R,184.0,CZE,32.0,221236,,Q,Polina Kudermetova,R,,RUS,20.8,7-5 1-6 7-5,3,R32,123.0,12.0,8.0,99.0,63.0,48.0,15.0,15.0,3.0,6.0,6.0,6.0,103.0,56.0,38.0,26.0,16.0,3.0,6.0,47.0,1227.0,178.0,413.0,2024
2024-2066,Rouen,Clay,32,I,2024-04-15,277,201585,6.0,,Sloane Stephens,R,170.0,USA,31.0,220548,,,Peyton Stearns,R,,USA,22.5,1-6 6-1 6-3,3,R32,100.0,0.0,0.0,67.0,49.0,26.0,11.0,11.0,3.0,7.0,1.0,4.0,79.0,49.0,24.0,16.0,12.0,5.0,11.0,39.0,1407.0,79.0,882.0,2024
2024-2066,Rouen,Clay,32,I,2024-04-15,270,201614,2.0,,Caroline Garcia,R,177.0,FRA,30.4,220714,,,Elisabetta Cocciaretto,R,,ITA,23.2,6-1 3-6 7-5,3,R32,115.0,11.0,5.0,81.0,49.0,38.0,16.0,14.0,2.0,4.0,4.0,8.0,89.0,57.0,36.0,17.0,14.0,3.0,7.0,23.0,2070.0,55.0,1149.0,2024
2024-2066,Rouen,Clay,32,I,2024-04-15,278,259799,5.0,,Mirra Andreeva,R,,RUS,16.9,206408,,,Nadia Podoroska,R,170.0,ARG,27.1,6-1 6-3,3,R32,75.0,2.0,0.0,47.0,29.0,21.0,13.0,8.0,4.0,5.0,0.0,0.0,47.0,34.0,14.0,5.0,8.0,3.0,8.0,43.0,1343.0,65.0,1051.0,2024
2024-1038,Madrid,Clay,128,PM,2024-04-22,211,214604,,Q,Maria Lourdes Carle,R,,ARG,24.1,221054,,WC,Emma Raducanu,R,175.0,GBR,21.4,6-2 6-2,3,R128,85.0,1.0,5.0,69.0,54.0,32.0,9.0,8.0,7.0,9.0,0.0,3.0,40.0,26.0,12.0,2.0,8.0,1.0,7.0,82.0,853.0,221.0,343.0,2024
2024-1038,Madrid,Clay,128,PM,2024-04-22,212,222601,,Q,Jessica Bouzas Maneiro,R,,ESP,21.5,211651,,,Paula Badosa,R,180.0,ESP,26.4,2-6 6-3 6-3,3,R128,125.0,0.0,4.0,84.0,49.0,26.0,17.0,13.0,7.0,13.0,1.0,5.0,93.0,56.0,32.0,14.0,13.0,12.0,19.0,93.0,782.0,101.0,737.0,2024
2024-1038,Madrid,Clay,128,PM,2024-04-22,215,211768,,,Naomi Osaka,R,180.0,JPN,26.5,213889,,LL,Greet Minnen,R,,BEL,26.6,6-4 6-1,3,R128,79.0,8.0,3.0,57.0,30.0,23.0,17.0,9.0,1.0,1.0,2.0,3.0,59.0,39.0,24.0,8.0,8.0,7.0,10.0,197.0,389.0,69.0,990.0,2024
2024-1038,Madrid,Clay,128,PM,2024-04-22,216,201593,,,Irina Camelia Begu,R,181.0,ROU,33.6,222258,,WC,Linda Fruhvirtova,R,,CZE,18.9,6-4 7-6(0),3,R128,122.0,1.0,3.0,76.0,51.0,33.0,13.0,11.0,7.0,11.0,0.0,6.0,70.0,41.0,23.0,12.0,11.0,4.0,9.0,128.0,612.0,146.0,521.0,2024
2024-1038,Madrid,Clay,128,PM,2024-04-22,219,215306,,Q,Emiliana Arango,R,,COL,23.3,216153,,WC,Amanda Anisimova,R,180.0,USA,22.6,1-6 6-4 7-6(2),3,R128,128.0,0.0,2.0,94.0,71.0,42.0,6.0,14.0,3.0,11.0,1.0,4.0,99.0,49.0,26.0,22.0,15.0,7.0,14.0,121.0,635.0,241.0,312.0,2024
2024-1038,Madrid,Clay,128,PM,2024-04-22,220,201551,,,Arantxa Rus,L,180.0,NED,33.3,259104,,WC,Brenda Fruhvirtova,R,,CZE,17.0,7-5 6-3,3,R128,120.0,0.0,5.0,79.0,61.0,37.0,8.0,11.0,5.0,8.0,3.0,5.0,64.0,43.0,23.0,7.0,10.0,2.0,7.0,47.0,1222.0,106.0,729.0,2024
2024-1038,Madrid,Clay,128,PM,2024-04-22,223,202499,,,Donna Vekic,R,179.0,CRO,27.8,201696,,Q,Laura Siegemund,R,168.0,GER,36.1,6-1 6-2,3,R128,79.0,3.0,3.0,51.0,31.0,22.0,13.0,8.0,0.0,0.0,1.0,2.0,50.0,39.0,19.0,5.0,7.0,6.0,10.0,38.0,1443.0,83.0,849.0,2024
2024-1038,Madrid,Clay,128,PM,2024-04-22,228,201506,,Q,Sara Errani,R,164.0,ITA,36.9,201496,,WC,Caroline Wozniacki,R,177.0,DEN,33.7,3-6 7-5 7-5,3,R128,168.0,0.0,0.0,116.0,106.0,53.0,6.0,17.0,3.0,11.0,1.0,2.0,100.0,57.0,31.0,19.0,16.0,10.0,18.0,100.0,742.0,117.0,655.0,2024
2024-1038,Madrid,Clay,128,PM,2024-04-22,227,206408,,ALT,Nadia Podoroska,R,170.0,ARG,27.1,211701,,,Katerina Siniakova,R,174.0,CZE,27.9,6-2 7-6(2),3,R128,93.0,2.0,4.0,60.0,45.0,32.0,7.0,10.0,2.0,4.0,0.0,2.0,66.0,46.0,26.0,9.0,10.0,0.0,4.0,66.0,1051.0,40.0,1377.0,2024
2024-1038,Madrid,Clay,128,PM,2024-04-22,231,204427,,,Sara Sorribes Tormo,R,176.0,ESP,27.5,211095,,Q,Bernarda Pera,L,175.0,USA,29.3,7-5 6-2,3,R128,114.0,3.0,4.0,60.0,39.0,19.0,10.0,10.0,3.0,8.0,0.0,8.0,77.0,45.0,20.0,12.0,10.0,6.0,14.0,55.0,1148.0,79.0,910.0,2024
2024-1038,Madrid,Clay,128,PM,2024-04-22,232,213583,,,Tatjana Maria,R,172.0,GER,36.7,220548,,,Peyton Stearns,R,,USA,22.5,6-7(4) 6-2 7-6(5),3,R128,165.0,9.0,2.0,114.0,66.0,50.0,18.0,16.0,5.0,9.0,0.0,1.0,114.0,85.0,44.0,20.0,16.0,3.0,9.0,67.0,1019.0,87.0,798.0,2024
2024-1038,Madrid,Clay,128,PM,2024-04-22,235,223253,,WC,Alexandra Eala,L,173.0,PHI,18.9,201615,,,Lesia Tsurenko,R,174.0,UKR,34.8,2-6 6-4 6-4,3,R128,140.0,1.0,4.0,87.0,55.0,34.0,9.0,14.0,5.0,12.0,0.0,3.0,100.0,74.0,41.0,9.0,14.0,6.0,13.0,170.0,440.0,41.0,1363.0,2024
2024-1038,Madrid,Clay,128,PM,2024-04-22,236,216016,,,Xiyu Wang,L,,CHN,23.0,202536,,,Ana Bogdan,R,171.0,ROU,31.4,6-7(5) 7-6(4) 6-2,3,R128,201.0,4.0,2.0,119.0,89.0,57.0,14.0,16.0,5.0,9.0,7.0,8.0,139.0,94.0,60.0,15.0,16.0,9.0,15.0,52.0,1174.0,64.0,1054.0,2024
2024-1038,Madrid,Clay,128,PM,2024-04-22,208,215713,,,Anastasia Potapova,R,175.0,RUS,23.0,223670,,,Diana Shnaider,L,,RUS,20.0,7-5 6-4,3,R128,98.0,5.0,4.0,80.0,47.0,31.0,17.0,11.0,10.0,13.0,0.0,1.0,63.0,42.0,27.0,7.0,11.0,4.0,9.0,39.0,1377.0,61.0,1079.0,2024
2024-1038,Madrid,Clay,128,PM,2024-04-22,224,201585,,,Sloane Stephens,R,170.0,USA,31.0,203354,,,Martina Trevisan,L,160.0,ITA,30.4,6-3 5-7 6-4,3,R128,196.0,2.0,1.0,107.0,80.0,51.0,12.0,16.0,6.0,11.0,0.0,5.0,134.0,98.0,54.0,14.0,15.0,15.0,21.0,33.0,1625.0,76.0,918.0,2024
2024-1038,Madrid,Clay,128,PM,2024-04-22,207,203533,,,Anna Karolina Schmiedlova,R,176.0,SVK,29.6,213550,,,Sofia Kenin,R,170.0,USA,25.4,6-3 6-4,3,R128,78.0,4.0,2.0,60.0,40.0,28.0,12.0,10.0,5.0,6.0,0.0,2.0,48.0,30.0,17.0,9.0,9.0,1.0,4.0,68.0,1000.0,60.0,1080.0,2024
2024-1038,Madrid,Clay,128,PM,2024-04-22,187,259799,,,Mirra Andreeva,R,,RUS,16.9,203501,,,Taylor Townsend,L,170.0,USA,28.0,4-6 6-1 7-5,3,R128,130.0,3.0,3.0,96.0,65.0,44.0,14.0,15.0,5.0,9.0,4.0,2.0,85.0,54.0,34.0,14.0,14.0,5.0,11.0,43.0,1317.0,58.0,1093.0,2024
2024-1038,Madrid,Clay,128,PM,2024-04-22,203,214452,,,Caroline Dolehide,R,178.0,USA,25.6,222296,,LL,Zhuoxuan Bai,R,,CHN,21.4,6-3 6-3,3,R128,78.0,3.0,1.0,58.0,44.0,27.0,11.0,9.0,6.0,7.0,7.0,0.0,67.0,54.0,30.0,4.0,9.0,6.0,10.0,56.0,1142.0,90.0,787.0,2024
2024-1038,Madrid,Clay,128,PM,2024-04-22,238,214544,2.0,,Aryna Sabalenka,R,182.0,BLR,25.9,202663,,,Magda Linette,R,171.0,POL,32.1,6-4 3-6 6-3,3,R64,129.0,10.0,6.0,90.0,52.0,41.0,18.0,14.0,8.0,9.0,3.0,1.0,92.0,60.0,41.0,20.0,14.0,4.0,6.0,2.0,7848.0,48.0,1218.0,2024
2024-1038,Madrid,Clay,128,PM,2024-04-22,175,202663,,,Magda Linette,R,171.0,POL,32.1,220714,,,Elisabetta Cocciaretto,R,,ITA,23.2,3-6 6-4 6-4,3,R128,130.0,4.0,2.0,83.0,49.0,36.0,15.0,15.0,5.0,10.0,0.0,4.0,86.0,55.0,32.0,18.0,14.0,5.0,10.0,48.0,1218.0,54.0,1149.0,2024
2024-1038,Madrid,Clay,128,PM,2024-04-22,176,221905,,WC,Robin Montgomery,L,,USA,19.6,220589,,,Elina Avanesyan,R,,ARM,21.5,6-2 6-2,3,R128,67.0,2.0,2.0,54.0,38.0,29.0,8.0,8.0,6.0,6.0,1.0,0.0,42.0,24.0,11.0,10.0,8.0,0.0,4.0,183.0,413.0,65.0,1053.0,2024
2024-1038,Madrid,Clay,128,PM,2024-04-22,179,211713,,Q,Jaqueline Cristian,R,180.0,ROU,25.8,211684,,,Magdalena Frech,R,171.0,POL,26.3,7-5 6-2,3,R128,100.0,2.0,4.0,65.0,29.0,24.0,15.0,10.0,7.0,10.0,1.0,4.0,64.0,39.0,20.0,10.0,10.0,4.0,10.0,73.0,923.0,51.0,1195.0,2024
2024-1038,Madrid,Clay,128,PM,2024-04-22,180,215337,,Q,Olga Danilovic,L,,SRB,23.2,216262,,,Clara Burel,R,176.0,FRA,23.0,3-6 7-6(8) 6-4,3,R128,157.0,4.0,4.0,105.0,73.0,39.0,11.0,16.0,4.0,14.0,1.0,9.0,118.0,62.0,34.0,20.0,15.0,8.0,17.0,122.0,635.0,44.0,1311.0,2024
2024-1038,Madrid,Clay,128,PM,2024-04-22,183,223286,,WC,Victoria Jimenez Kasintseva,L,,AND,18.7,202684,,,Lin Zhu,R,173.0,CHN,30.2,6-4 6-3,3,R128,106.0,1.0,1.0,68.0,56.0,37.0,5.0,10.0,4.0,6.0,0.0,3.0,62.0,34.0,23.0,10.0,9.0,3.0,7.0,335.0,200.0,57.0,1097.0,2024
2024-1038,Madrid,Clay,128,PM,2024-04-22,204,201709,,,Yulia Putintseva,R,163.0,KAZ,29.2,206294,,,Yue Yuan,R,184.0,CHN,25.5,6-2 6-4,3,R128,87.0,0.0,1.0,69.0,59.0,38.0,5.0,9.0,8.0,9.0,1.0,3.0,57.0,34.0,20.0,10.0,9.0,3.0,7.0,50.0,1213.0,37.0,1480.0,2024
2024-1038,Madrid,Clay,128,PM,2024-04-22,184,216133,,,Xin Yu Wang,R,182.0,CHN,22.5,202600,,,Viktoriya Tomova,R,170.0,BUL,29.1,5-7 7-5 6-4,3,R128,169.0,5.0,5.0,126.0,84.0,47.0,20.0,17.0,14.0,21.0,1.0,5.0,132.0,88.0,50.0,21.0,17.0,12.0,20.0,42.0,1346.0,81.0,866.0,2024
2024-1038,Madrid,Clay,128,PM,2024-04-22,191,214459,,,Lucia Bronzetti,R,,ITA,25.3,219875,,Q,Varvara Gracheva,R,,FRA,23.7,6-3 6-3,3,R128,71.0,2.0,2.0,52.0,28.0,21.0,15.0,9.0,1.0,2.0,0.0,0.0,48.0,42.0,25.0,1.0,9.0,2.0,6.0,46.0,1231.0,91.0,783.0,2024
2024-1038,Madrid,Clay,128,PM,2024-04-22,192,210886,,,Mayar Sherif,R,180.0,EGY,27.9,201616,,,Lauren Davis,R,157.0,USA,30.5,4-6 7-6(4) 6-4,3,R128,195.0,1.0,1.0,111.0,85.0,49.0,12.0,16.0,8.0,14.0,0.0,1.0,120.0,90.0,46.0,19.0,16.0,10.0,16.0,72.0,924.0,166.0,448.0,2024
2024-1038,Madrid,Clay,128,PM,2024-04-22,195,239383,,Q,Sara Bejlek,L,,CZE,18.2,215020,,,Anna Blinkova,R,179.0,RUS,25.6,4-6 6-3 6-3,3,R128,123.0,0.0,3.0,99.0,75.0,41.0,12.0,14.0,8.0,13.0,2.0,5.0,107.0,62.0,33.0,20.0,14.0,12.0,19.0,136.0,554.0,45.0,1275.0,2024
2024-1038,Madrid,Clay,128,PM,2024-04-22,196,221909,,,Ashlyn Krueger,R,185.0,USA,19.9,211702,,,Nao Hibino,R,163.0,JPN,29.3,6-4 6-4,3,R128,87.0,6.0,7.0,61.0,39.0,27.0,9.0,10.0,1.0,4.0,0.0,4.0,75.0,51.0,30.0,9.0,10.0,7.0,12.0,70.0,980.0,85.0,823.0,2024
2024-1038,Madrid,Clay,128,PM,2024-04-22,199,213710,,,Cristina Bucsa,R,,ESP,26.3,211279,,Q,Harriet Dart,R,175.0,GBR,27.7,6-4 6-4,3,R128,102.0,0.0,2.0,79.0,63.0,38.0,6.0,10.0,5.0,8.0,2.0,8.0,63.0,33.0,21.0,9.0,10.0,1.0,6.0,75.0,919.0,86.0,809.0,2024
2024-1038,Madrid,Clay,128,PM,2024-04-22,200,201611,,LL,Daria Saville,R,166.0,AUS,30.1,221024,,Q,Hailey Baptiste,R,,USA,22.4,6-4 7-6(5),3,R128,140.0,0.0,6.0,80.0,48.0,31.0,15.0,11.0,6.0,9.0,2.0,4.0,92.0,48.0,28.0,22.0,11.0,9.0,13.0,96.0,751.0,110.0,704.0,2024
2024-1038,Madrid,Clay,128,PM,2024-04-22,188,201603,,,Shelby Rogers,R,175.0,USA,31.5,201533,,,Shuai Zhang,R,177.0,CHN,35.2,6-3 6-2,3,R128,62.0,5.0,2.0,44.0,28.0,25.0,11.0,9.0,0.0,0.0,1.0,1.0,52.0,31.0,19.0,10.0,8.0,5.0,8.0,352.0,185.0,671.0,58.0,2024
2024-1038,Madrid,Clay,128,PM,2024-04-22,239,221905,,WC,Robin Montgomery,L,,USA,19.6,211107,26.0,,Katie Boulter,R,180.0,GBR,27.7,1-6 6-3 6-4,3,R64,122.0,5.0,4.0,81.0,50.0,34.0,15.0,13.0,3.0,7.0,5.0,5.0,80.0,40.0,27.0,20.0,13.0,6.0,10.0,183.0,413.0,28.0,1802.0,2024
2024-1038,Madrid,Clay,128,PM,2024-04-22,277,201709,,,Yulia Putintseva,R,163.0,KAZ,29.2,214452,,,Caroline Dolehide,R,178.0,USA,25.6,6-2 6-2,3,R32,67.0,0.0,0.0,44.0,35.0,26.0,7.0,8.0,1.0,1.0,0.0,1.0,47.0,38.0,19.0,4.0,8.0,1.0,5.0,50.0,1213.0,56.0,1142.0,2024
2024-1038,Madrid,Clay,128,PM,2024-04-22,241,203389,13.0,,Danielle Collins,R,178.0,USA,30.3,215337,,Q,Olga Danilovic,L,,SRB,23.2,4-6 6-4 7-6(8),3,R64,163.0,9.0,10.0,116.0,71.0,57.0,13.0,16.0,6.0,10.0,3.0,8.0,100.0,62.0,46.0,16.0,16.0,5.0,9.0,15.0,2639.0,122.0,635.0,2024
2024-1038,Madrid,Clay,128,PM,2024-04-22,273,259799,,,Mirra Andreeva,R,,RUS,16.9,214954,7.0,,Marketa Vondrousova,L,173.0,CZE,24.8,7-5 6-1,3,R32,75.0,0.0,0.0,45.0,34.0,23.0,5.0,9.0,2.0,5.0,0.0,2.0,62.0,41.0,18.0,8.0,10.0,5.0,12.0,43.0,1317.0,7.0,4090.0,2024
2024-1038,Madrid,Clay,128,PM,2024-04-22,274,214981,4.0,,Elena Rybakina,R,184.0,KAZ,24.8,210886,,,Mayar Sherif,R,180.0,EGY,27.9,6-1 6-4,3,R32,90.0,1.0,2.0,53.0,26.0,22.0,16.0,9.0,3.0,3.0,0.0,1.0,69.0,47.0,26.0,11.0,8.0,10.0,13.0,4.0,6293.0,72.0,924.0,2024
2024-1038,Madrid,Clay,128,PM,2024-04-22,275,239383,,Q,Sara Bejlek,L,,CZE,18.2,221909,,,Ashlyn Krueger,R,185.0,USA,19.9,6-3 6-1,3,R32,71.0,0.0,2.0,60.0,37.0,25.0,13.0,8.0,3.0,4.0,1.0,1.0,51.0,40.0,18.0,6.0,8.0,4.0,9.0,136.0,554.0,70.0,980.0,2024
2024-1038,Madrid,Clay,128,PM,2024-04-22,276,214082,10.0,,Daria Kasatkina,R,170.0,RUS,26.9,201499,20.0,,Anastasia Pavlyuchenkova,R,177.0,RUS,32.8,7-6(5) 7-5,3,R32,112.0,0.0,5.0,87.0,67.0,44.0,5.0,12.0,4.0,8.0,2.0,2.0,77.0,48.0,29.0,12.0,12.0,3.0,8.0,11.0,3313.0,22.0,2161.0,2024
2024-1038,Madrid,Clay,128,PM,2024-04-22,278,202460,8.0,,Ons Jabeur,R,167.0,TUN,29.6,220367,32.0,,Leylah Fernandez,L,168.0,CAN,21.6,7-5 2-6 6-4,3,R32,144.0,4.0,2.0,98.0,57.0,42.0,14.0,15.0,8.0,13.0,1.0,6.0,110.0,70.0,47.0,15.0,15.0,12.0,17.0,9.0,3533.0,35.0,1520.0,2024
2024-1038,Madrid,Clay,128,PM,2024-04-22,279,211533,9.0,,Jelena Ostapenko,R,177.0,LAT,26.8,214604,,Q,Maria Lourdes Carle,R,,ARG,24.1,6-3 6-3,3,R32,89.0,1.0,5.0,54.0,34.0,19.0,9.0,9.0,5.0,9.0,1.0,4.0,73.0,56.0,27.0,4.0,9.0,7.0,14.0,10.0,3438.0,82.0,853.0,2024
2024-1038,Madrid,Clay,128,PM,2024-04-22,280,201619,18.0,,Madison Keys,R,178.0,USA,29.1,214643,15.0,,Liudmila Samsonova,R,180.0,RUS,25.4,6-2 6-3,3,R32,75.0,7.0,0.0,53.0,37.0,29.0,9.0,8.0,4.0,4.0,7.0,2.0,57.0,37.0,24.0,5.0,9.0,2.0,6.0,20.0,2298.0,17.0,2550.0,2024
2024-1038,Madrid,Clay,128,PM,2024-04-22,281,221103,3.0,,Coco Gauff,R,175.0,USA,20.1,215035,31.0,,Dayana Yastremska,R,175.0,UKR,23.9,6-4 6-1,3,R32,77.0,3.0,8.0,55.0,28.0,23.0,10.0,9.0,3.0,6.0,2.0,2.0,49.0,31.0,15.0,4.0,8.0,4.0,10.0,3.0,7258.0,34.0,1597.0,2024
2024-1038,Madrid,Clay,128,PM,2024-04-22,282,206289,5.0,,Maria Sakkari,R,172.0,GRE,28.7,201585,,,Sloane Stephens,R,170.0,USA,31.0,6-1 6-3,3,R32,63.0,2.0,2.0,45.0,26.0,20.0,11.0,8.0,2.0,3.0,1.0,0.0,41.0,34.0,16.0,2.0,8.0,2.0,7.0,6.0,4195.0,33.0,1625.0,2024
2024-1038,Madrid,Clay,128,PM,2024-04-22,283,206242,11.0,,Beatriz Haddad Maia,L,185.0,BRA,27.8,215613,19.0,,Emma Navarro,R,,USA,22.9,6-4 6-4,3,R32,112.0,2.0,2.0,75.0,55.0,40.0,7.0,10.0,6.0,7.0,2.0,6.0,69.0,44.0,31.0,10.0,10.0,8.0,11.0,14.0,2830.0,23.0,2158.0,2024
2024-1038,Madrid,Clay,128,PM,2024-04-22,284,204427,,,Sara Sorribes Tormo,R,176.0,ESP,27.5,201458,23.0,,Victoria Azarenka,R,180.0,BLR,34.7,7-6(0) 6-3,3,R32,170.0,0.0,0.0,93.0,74.0,44.0,8.0,11.0,8.0,12.0,1.0,2.0,78.0,55.0,30.0,7.0,10.0,4.0,9.0,55.0,1148.0,26.0,1969.0,2024
2024-1038,Madrid,Clay,128,PM,2024-04-22,285,216347,1.0,,Iga Swiatek,R,176.0,POL,22.8,201514,27.0,,Sorana Cirstea,R,176.0,ROU,34.0,6-1 6-1,3,R32,78.0,0.0,0.0,45.0,29.0,19.0,11.0,7.0,1.0,2.0,0.0,2.0,53.0,25.0,13.0,9.0,7.0,8.0,14.0,1.0,10560.0,30.0,1748.0,2024
2024-1038,Madrid,Clay,128,PM,2024-04-22,286,214544,2.0,,Aryna Sabalenka,R,182.0,BLR,25.9,203389,13.0,,Danielle Collins,R,178.0,USA,30.3,4-6 6-4 6-3,3,R16,144.0,4.0,4.0,91.0,60.0,41.0,14.0,14.0,7.0,11.0,5.0,4.0,93.0,48.0,33.0,18.0,15.0,3.0,9.0,2.0,7848.0,15.0,2639.0,2024
2024-1038,Madrid,Clay,128,PM,2024-04-22,287,259799,,,Mirra Andreeva,R,,RUS,16.9,211148,12.0,,Jasmine Paolini,R,160.0,ITA,28.2,7-6(2) 6-4,3,R16,100.0,5.0,1.0,85.0,56.0,32.0,12.0,11.0,3.0,8.0,1.0,1.0,66.0,51.0,26.0,6.0,11.0,2.0,8.0,43.0,1317.0,13.0,2938.0,2024
2024-1038,Madrid,Clay,128,PM,2024-04-22,289,201709,,,Yulia Putintseva,R,163.0,KAZ,29.2,214082,10.0,,Daria Kasatkina,R,170.0,RUS,26.9,3-6 6-2 6-2,3,R16,113.0,1.0,0.0,70.0,52.0,33.0,11.0,12.0,5.0,8.0,0.0,3.0,92.0,71.0,38.0,10.0,13.0,5.0,11.0,50.0,1213.0,11.0,3313.0,2024
2024-1038,Madrid,Clay,128,PM,2024-04-22,290,202460,8.0,,Ons Jabeur,R,167.0,TUN,29.6,211533,9.0,,Jelena Ostapenko,R,177.0,LAT,26.8,6-0 6-4,3,R16,67.0,2.0,1.0,50.0,26.0,20.0,12.0,8.0,1.0,2.0,1.0,5.0,50.0,28.0,18.0,4.0,8.0,1.0,6.0,9.0,3533.0,10.0,3438.0,2024
2024-1038,Madrid,Clay,128,PM,2024-04-22,291,201619,18.0,,Madison Keys,R,178.0,USA,29.1,221103,3.0,,Coco Gauff,R,175.0,USA,20.1,7-6(4) 4-6 6-4,3,R16,150.0,1.0,2.0,121.0,77.0,45.0,18.0,16.0,8.0,15.0,1.0,13.0,105.0,55.0,37.0,20.0,16.0,7.0,14.0,20.0,2298.0,3.0,7258.0,2024
2024-1038,Madrid,Clay,128,PM,2024-04-22,292,206242,11.0,,Beatriz Haddad Maia,L,185.0,BRA,27.8,206289,5.0,,Maria Sakkari,R,172.0,GRE,28.7,6-4 6-4,3,R16,109.0,3.0,6.0,65.0,46.0,32.0,7.0,10.0,4.0,6.0,3.0,3.0,67.0,47.0,29.0,7.0,10.0,5.0,9.0,14.0,2830.0,6.0,4195.0,2024
2024-1038,Madrid,Clay,128,PM,2024-04-22,293,216347,1.0,,Iga Swiatek,R,176.0,POL,22.8,204427,,,Sara Sorribes Tormo,R,176.0,ESP,27.5,6-1 6-0,3,R16,67.0,0.0,1.0,38.0,24.0,18.0,9.0,7.0,0.0,1.0,0.0,3.0,38.0,29.0,7.0,3.0,6.0,3.0,9.0,1.0,10560.0,55.0,1148.0,2024
2024-1038,Madrid,Clay,128,PM,2024-04-22,294,214544,2.0,,Aryna Sabalenka,R,182.0,BLR,25.9,259799,,,Mirra Andreeva,R,,RUS,16.9,6-1 6-4,3,QF,79.0,2.0,1.0,52.0,34.0,27.0,11.0,9.0,0.0,0.0,3.0,2.0,58.0,31.0,20.0,11.0,8.0,2.0,5.0,2.0,7848.0,43.0,1317.0,2024
2024-1038,Madrid,Clay,128,PM,2024-04-22,295,214981,4.0,,Elena Rybakina,R,184.0,KAZ,24.8,201709,,,Yulia Putintseva,R,163.0,KAZ,29.2,4-6 7-6(4) 7-5,3,QF,168.0,6.0,8.0,117.0,71.0,50.0,22.0,17.0,7.0,10.0,0.0,2.0,110.0,84.0,53.0,16.0,17.0,9.0,12.0,4.0,6293.0,50.0,1213.0,2024
2024-1038,Madrid,Clay,128,PM,2024-04-22,296,201619,18.0,,Madison Keys,R,178.0,USA,29.1,202460,8.0,,Ons Jabeur,R,167.0,TUN,29.6,0-6 7-5 6-1,3,QF,93.0,3.0,3.0,82.0,53.0,33.0,17.0,13.0,3.0,7.0,3.0,0.0,63.0,39.0,28.0,11.0,12.0,3.0,7.0,20.0,2298.0,9.0,3533.0,2024
2024-1038,Madrid,Clay,128,PM,2024-04-22,297,216347,1.0,,Iga Swiatek,R,176.0,POL,22.8,206242,11.0,,Beatriz Haddad Maia,L,185.0,BRA,27.8,4-6 6-0 6-2,3,QF,149.0,0.0,3.0,70.0,49.0,31.0,13.0,12.0,4.0,7.0,1.0,6.0,96.0,63.0,28.0,16.0,12.0,11.0,18.0,1.0,10560.0,14.0,2830.0,2024
2024-1038,Madrid,Clay,128,PM,2024-04-22,240,211713,,Q,Jaqueline Cristian,R,180.0,ROU,25.8,206252,22.0,,Barbora Krejcikova,R,178.0,CZE,28.3,2-6 6-0 6-2,3,R64,126.0,3.0,4.0,68.0,42.0,27.0,11.0,11.0,5.0,9.0,2.0,7.0,75.0,36.0,26.0,11.0,11.0,6.0,13.0,73.0,923.0,27.0,1942.0,2024
2024-1038,Madrid,Clay,128,PM,2024-04-22,298,214544,2.0,,Aryna Sabalenka,R,182.0,BLR,25.9,214981,4.0,,Elena Rybakina,R,184.0,KAZ,24.8,1-6 7-5 7-6(5),3,SF,137.0,4.0,4.0,88.0,56.0,43.0,16.0,15.0,6.0,10.0,9.0,3.0,106.0,65.0,46.0,24.0,16.0,5.0,8.0,2.0,7848.0,4.0,6293.0,2024
2024-1038,Madrid,Clay,128,PM,2024-04-22,299,216347,1.0,,Iga Swiatek,R,176.0,POL,22.8,201619,18.0,,Madison Keys,R,178.0,USA,29.1,6-1 6-3,3,SF,70.0,0.0,0.0,50.0,36.0,25.0,11.0,8.0,3.0,3.0,5.0,0.0,45.0,28.0,15.0,6.0,8.0,1.0,5.0,1.0,10560.0,20.0,2298.0,2024
2024-1038,Madrid,Clay,128,PM,2024-04-22,300,216347,1.0,,Iga Swiatek,R,176.0,POL,22.8,214544,2.0,,Aryna Sabalenka,R,182.0,BLR,25.9,7-5 4-6 7-6(7),3,F,191.0,2.0,4.0,119.0,78.0,52.0,21.0,17.0,8.0,13.0,4.0,4.0,118.0,68.0,46.0,24.0,17.0,7.0,12.0,1.0,10560.0,2.0,7848.0,2024
2024-1038,Madrid,Clay,128,PM,2024-04-22,272,211148,12.0,,Jasmine Paolini,R,160.0,ITA,28.2,201614,21.0,,Caroline Garcia,R,177.0,FRA,30.5,6-3 6-2,3,R32,63.0,3.0,1.0,42.0,32.0,28.0,5.0,9.0,1.0,2.0,3.0,0.0,59.0,39.0,23.0,7.0,8.0,7.0,11.0,13.0,2938.0,24.0,2068.0,2024
2024-1038,Madrid,Clay,128,PM,2024-04-22,271,203389,13.0,,Danielle Collins,R,178.0,USA,30.3,211713,,Q,Jaqueline Cristian,R,180.0,ROU,25.8,3-6 6-4 6-1,3,R32,121.0,8.0,3.0,78.0,50.0,38.0,14.0,13.0,1.0,2.0,4.0,2.0,79.0,52.0,38.0,12.0,13.0,3.0,6.0,15.0,2639.0,73.0,923.0,2024
2024-1038,Madrid,Clay,128,PM,2024-04-22,288,214981,4.0,,Elena Rybakina,R,184.0,KAZ,24.8,239383,,Q,Sara Bejlek,L,,CZE,18.2,6-1 6-3,3,R16,76.0,0.0,0.0,69.0,46.0,28.0,11.0,8.0,13.0,15.0,1.0,6.0,52.0,31.0,18.0,4.0,8.0,4.0,10.0,4.0,6293.0,136.0,554.0,2024
2024-1038,Madrid,Clay,128,PM,2024-04-22,269,216347,1.0,,Iga Swiatek,R,176.0,POL,22.8,216016,,,Xiyu Wang,L,,CHN,23.0,6-1 6-4,3,R64,76.0,3.0,3.0,52.0,33.0,24.0,9.0,8.0,3.0,4.0,1.0,2.0,49.0,38.0,16.0,7.0,9.0,2.0,7.0,1.0,10560.0,52.0,1174.0,2024
2024-1038,Madrid,Clay,128,PM,2024-04-22,270,214544,2.0,,Aryna Sabalenka,R,182.0,BLR,25.9,221905,,WC,Robin Montgomery,L,,USA,19.6,6-1 6-7(5) 6-4,3,R32,149.0,8.0,4.0,101.0,72.0,51.0,18.0,15.0,2.0,3.0,6.0,4.0,96.0,53.0,35.0,21.0,14.0,4.0,8.0,2.0,7848.0,183.0,413.0,2024
2024-1038,Madrid,Clay,128,PM,2024-04-22,242,211148,12.0,,Jasmine Paolini,R,160.0,ITA,28.2,223286,,WC,Victoria Jimenez Kasintseva,L,,AND,18.7,6-0 6-1,3,R64,59.0,0.0,1.0,40.0,34.0,24.0,3.0,6.0,3.0,4.0,0.0,2.0,53.0,39.0,14.0,5.0,7.0,7.0,14.0,13.0,2938.0,335.0,200.0,2024
2024-1038,Madrid,Clay,128,PM,2024-04-22,243,201614,21.0,,Caroline Garcia,R,177.0,FRA,30.5,216133,,,Xin Yu Wang,R,182.0,CHN,22.5,6-1 6-4,3,R64,76.0,8.0,4.0,60.0,27.0,20.0,17.0,9.0,6.0,8.0,2.0,4.0,61.0,38.0,18.0,11.0,8.0,5.0,10.0,24.0,2068.0,42.0,1346.0,2024
2024-1038,Madrid,Clay,128,PM,2024-04-22,244,259799,,,Mirra Andreeva,R,,RUS,16.9,222328,29.0,,Linda Noskova,R,,CZE,19.4,4-6 6-3 6-3,3,R64,112.0,4.0,2.0,87.0,53.0,34.0,15.0,14.0,5.0,10.0,3.0,7.0,87.0,55.0,35.0,8.0,14.0,4.0,11.0,43.0,1317.0,31.0,1674.0,2024
2024-1038,Madrid,Clay,128,PM,2024-04-22,245,214954,7.0,,Marketa Vondrousova,L,173.0,CZE,24.8,201603,,,Shelby Rogers,R,175.0,USA,31.5,6-1 6-3,3,R64,77.0,3.0,3.0,41.0,30.0,24.0,4.0,8.0,0.0,1.0,0.0,0.0,69.0,38.0,20.0,12.0,8.0,3.0,8.0,7.0,4090.0,352.0,185.0,2024
2024-1038,Madrid,Clay,128,PM,2024-04-22,246,214981,4.0,,Elena Rybakina,R,184.0,KAZ,24.8,214459,,,Lucia Bronzetti,R,,ITA,25.3,6-4 6-3,3,R64,75.0,6.0,5.0,57.0,32.0,23.0,13.0,10.0,3.0,5.0,2.0,4.0,48.0,24.0,18.0,7.0,9.0,1.0,5.0,4.0,6293.0,46.0,1231.0,2024
2024-1038,Madrid,Clay,128,PM,2024-04-22,247,210886,,,Mayar Sherif,R,180.0,EGY,27.9,216146,25.0,,Marta Kostyuk,R,175.0,UKR,21.8,6-2 7-5,3,R64,94.0,0.0,0.0,66.0,53.0,31.0,7.0,10.0,1.0,4.0,2.0,4.0,74.0,51.0,26.0,8.0,10.0,7.0,13.0,72.0,924.0,21.0,2235.0,2024
2024-1038,Madrid,Clay,128,PM,2024-04-22,249,221909,,,Ashlyn Krueger,R,185.0,USA,19.9,206420,14.0,,Ekaterina Alexandrova,R,175.0,RUS,29.4,6-3 6-3,3,R64,79.0,4.0,0.0,47.0,26.0,19.0,19.0,9.0,1.0,1.0,3.0,5.0,65.0,39.0,25.0,10.0,9.0,6.0,9.0,70.0,980.0,16.0,2560.0,2024
2024-1038,Madrid,Clay,128,PM,2024-04-22,250,214082,10.0,,Daria Kasatkina,R,170.0,RUS,26.9,213710,,,Cristina Bucsa,R,,ESP,26.3,5-7 7-6(5) 6-3,3,R64,150.0,0.0,6.0,108.0,71.0,36.0,17.0,17.0,4.0,14.0,0.0,2.0,113.0,90.0,43.0,11.0,16.0,2.0,12.0,11.0,3313.0,75.0,919.0,2024
2024-1038,Madrid,Clay,128,PM,2024-04-22,251,201499,20.0,,Anastasia Pavlyuchenkova,R,177.0,RUS,32.8,201611,,LL,Daria Saville,R,166.0,AUS,30.1,6-1 6-4,3,R64,87.0,1.0,3.0,59.0,39.0,30.0,8.0,9.0,6.0,7.0,0.0,5.0,64.0,45.0,24.0,8.0,8.0,8.0,12.0,22.0,2161.0,96.0,751.0,2024
2024-1038,Madrid,Clay,128,PM,2024-04-22,252,214452,,,Caroline Dolehide,R,178.0,USA,25.6,211843,30.0,,Anhelina Kalinina,R,179.0,UKR,27.2,6-7(6) 6-2 6-3,3,R64,169.0,1.0,2.0,121.0,95.0,60.0,13.0,14.0,7.0,9.0,3.0,4.0,119.0,94.0,50.0,14.0,15.0,6.0,12.0,56.0,1142.0,32.0,1666.0,2024
2024-1038,Madrid,Clay,128,PM,2024-04-22,253,201709,,,Yulia Putintseva,R,163.0,KAZ,29.2,221012,6.0,,Qinwen Zheng,R,,CHN,21.5,7-5 2-0 RET,3,R64,85.0,1.0,0.0,47.0,40.0,20.0,3.0,7.0,2.0,5.0,2.0,1.0,49.0,24.0,14.0,7.0,7.0,2.0,7.0,50.0,1213.0,8.0,4000.0,2024
2024-1038,Madrid,Clay,128,PM,2024-04-22,254,202460,8.0,,Ons Jabeur,R,167.0,TUN,29.6,203533,,,Anna Karolina Schmiedlova,R,176.0,SVK,29.6,6-4 5-7 6-3,3,R64,148.0,4.0,3.0,104.0,62.0,35.0,22.0,15.0,9.0,15.0,0.0,6.0,103.0,60.0,35.0,18.0,16.0,5.0,13.0,9.0,3533.0,68.0,1000.0,2024
2024-1038,Madrid,Clay,128,PM,2024-04-22,248,239383,,Q,Sara Bejlek,L,,CZE,18.2,214939,24.0,,Anna Kalinskaya,R,175.0,RUS,25.3,6-1 6-4,3,R64,79.0,0.0,1.0,74.0,55.0,35.0,8.0,9.0,8.0,10.0,0.0,5.0,63.0,46.0,22.0,7.0,8.0,7.0,12.0,136.0,554.0,25.0,1971.0,2024
2024-1038,Madrid,Clay,128,PM,2024-04-22,264,215613,19.0,,Emma Navarro,R,,USA,22.9,206408,,ALT,Nadia Podoroska,R,170.0,ARG,27.1,6-2 6-1,3,R64,71.0,2.0,0.0,58.0,34.0,21.0,15.0,8.0,2.0,3.0,1.0,1.0,45.0,29.0,14.0,5.0,7.0,4.0,9.0,23.0,2158.0,66.0,1051.0,2024
2024-1038,Madrid,Clay,128,PM,2024-04-22,256,214604,,Q,Maria Lourdes Carle,R,,ARG,24.1,206368,17.0,,Veronika Kudermetova,R,175.0,RUS,26.9,6-4 6-4,3,R64,135.0,0.0,4.0,66.0,48.0,31.0,4.0,10.0,3.0,7.0,1.0,2.0,87.0,57.0,29.0,13.0,10.0,6.0,12.0,82.0,853.0,19.0,2383.0,2024
2024-1038,Madrid,Clay,128,PM,2024-04-22,257,211533,9.0,,Jelena Ostapenko,R,177.0,LAT,26.8,222601,,Q,Jessica Bouzas Maneiro,R,,ESP,21.5,6-3 6-1,3,R64,66.0,2.0,3.0,50.0,34.0,24.0,5.0,8.0,2.0,4.0,1.0,2.0,56.0,38.0,15.0,9.0,8.0,1.0,7.0,10.0,3438.0,93.0,782.0,2024
2024-1038,Madrid,Clay,128,PM,2024-04-22,258,214643,15.0,,Liudmila Samsonova,R,180.0,RUS,25.4,211768,,,Naomi Osaka,R,180.0,JPN,26.5,6-2 4-6 7-5,3,R64,142.0,4.0,6.0,90.0,48.0,37.0,20.0,15.0,5.0,9.0,7.0,5.0,95.0,52.0,36.0,14.0,15.0,6.0,12.0,17.0,2550.0,197.0,389.0,2024
2024-1038,Madrid,Clay,128,PM,2024-04-22,259,201619,18.0,,Madison Keys,R,178.0,USA,29.1,201593,,,Irina Camelia Begu,R,181.0,ROU,33.6,7-6(3) 7-6(6),3,R64,131.0,3.0,2.0,98.0,67.0,45.0,13.0,12.0,10.0,13.0,0.0,4.0,84.0,58.0,37.0,12.0,12.0,4.0,7.0,20.0,2298.0,128.0,612.0,2024
2024-1038,Madrid,Clay,128,PM,2024-04-22,260,215035,31.0,,Dayana Yastremska,R,175.0,UKR,23.9,215306,,Q,Emiliana Arango,R,,COL,23.3,0-6 7-5 6-4,3,R64,153.0,2.0,5.0,95.0,58.0,26.0,17.0,14.0,4.0,12.0,1.0,9.0,109.0,84.0,42.0,12.0,14.0,10.0,17.0,34.0,1597.0,121.0,635.0,2024
2024-1038,Madrid,Clay,128,PM,2024-04-22,261,221103,3.0,,Coco Gauff,R,175.0,USA,20.1,201551,,,Arantxa Rus,L,180.0,NED,33.3,6-0 6-0,3,R64,51.0,1.0,3.0,37.0,22.0,17.0,10.0,6.0,4.0,4.0,0.0,2.0,32.0,23.0,7.0,1.0,6.0,1.0,7.0,3.0,7258.0,47.0,1222.0,2024
2024-1038,Madrid,Clay,128,PM,2024-04-22,262,206289,5.0,,Maria Sakkari,R,172.0,GRE,28.7,202499,,,Donna Vekic,R,179.0,CRO,27.8,6-3 6-2,3,R64,83.0,7.0,1.0,52.0,30.0,21.0,15.0,9.0,0.0,1.0,2.0,1.0,56.0,36.0,20.0,6.0,8.0,5.0,9.0,6.0,4195.0,38.0,1443.0,2024
2024-1038,Madrid,Clay,128,PM,2024-04-22,263,201585,,,Sloane Stephens,R,170.0,USA,31.0,210722,28.0,,Elise Mertens,R,179.0,BEL,28.4,3-6 6-3 6-1,3,R64,139.0,0.0,2.0,95.0,70.0,47.0,14.0,13.0,5.0,7.0,3.0,6.0,83.0,48.0,34.0,11.0,12.0,7.0,11.0,33.0,1625.0,29.0,1794.0,2024
2024-1038,Madrid,Clay,128,PM,2024-04-22,265,206242,11.0,,Beatriz Haddad Maia,L,185.0,BRA,27.8,201506,,Q,Sara Errani,R,164.0,ITA,36.9,6-3 6-2,3,R64,76.0,6.0,2.0,49.0,35.0,29.0,7.0,9.0,4.0,5.0,0.0,0.0,50.0,37.0,19.0,6.0,8.0,2.0,6.0,14.0,2830.0,100.0,742.0,2024
2024-1038,Madrid,Clay,128,PM,2024-04-22,266,204427,,,Sara Sorribes Tormo,R,176.0,ESP,27.5,202494,16.0,,Elina Svitolina,R,174.0,UKR,29.6,6-3 7-5,3,R64,132.0,0.0,3.0,75.0,58.0,31.0,9.0,10.0,5.0,9.0,2.0,1.0,73.0,46.0,21.0,11.0,11.0,11.0,18.0,55.0,1148.0,18.0,2457.0,2024
2024-1038,Madrid,Clay,128,PM,2024-04-22,267,201458,23.0,,Victoria Azarenka,R,180.0,BLR,34.7,213583,,,Tatjana Maria,R,172.0,GER,36.7,6-3 6-1,3,R64,81.0,2.0,1.0,56.0,38.0,24.0,11.0,8.0,5.0,7.0,4.0,1.0,53.0,27.0,12.0,8.0,8.0,2.0,8.0,26.0,1969.0,67.0,1019.0,2024
2024-1038,Madrid,Clay,128,PM,2024-04-22,255,220367,32.0,,Leylah Fernandez,L,168.0,CAN,21.6,215713,,,Anastasia Potapova,R,175.0,RUS,23.0,7-5 6-3,3,R64,91.0,2.0,8.0,83.0,49.0,35.0,13.0,11.0,6.0,9.0,2.0,4.0,53.0,29.0,18.0,7.0,10.0,3.0,8.0,35.0,1520.0,39.0,1377.0,2024
2024-1038,Madrid,Clay,128,PM,2024-04-22,268,201514,27.0,,Sorana Cirstea,R,176.0,ROU,34.0,223253,,WC,Alexandra Eala,L,173.0,PHI,18.9,6-3 6-7(6) 6-4,3,R64,137.0,1.0,3.0,95.0,57.0,33.0,17.0,16.0,2.0,8.0,0.0,5.0,90.0,56.0,30.0,13.0,15.0,6.0,14.0,30.0,1748.0,170.0,440.0,2024
2024-709,Rome,Clay,128,PM,2024-05-06,216,211651,,,Paula Badosa,R,180.0,ESP,26.4,259799,,,Mirra Andreeva,R,,RUS,17.0,6-2 6-3,3,R128,94.0,2.0,4.0,64.0,43.0,29.0,11.0,9.0,5.0,7.0,2.0,2.0,60.0,40.0,20.0,9.0,8.0,6.0,11.0,126.0,627.0,40.0,1412.0,2024
2024-709,Rome,Clay,128,PM,2024-05-06,215,223670,,,Diana Shnaider,L,,RUS,20.0,213889,,,Greet Minnen,R,,BEL,26.7,6-2 6-3,3,R128,85.0,1.0,1.0,52.0,33.0,22.0,12.0,8.0,2.0,3.0,1.0,3.0,70.0,48.0,26.0,7.0,9.0,5.0,10.0,62.0,1074.0,76.0,887.0,2024
2024-709,Rome,Clay,128,PM,2024-05-06,236,211095,,Q,Bernarda Pera,L,175.0,USA,29.4,214452,,,Caroline Dolehide,R,178.0,USA,25.6,7-6(6) 6-3,3,R128,102.0,2.0,1.0,86.0,58.0,45.0,14.0,11.0,8.0,9.0,2.0,2.0,68.0,50.0,31.0,11.0,10.0,1.0,3.0,77.0,875.0,54.0,1138.0,2024
2024-709,Rome,Clay,128,PM,2024-05-06,219,220589,,,Elina Avanesyan,R,,ARM,21.6,213710,,,Cristina Bucsa,R,,ESP,26.3,6-7(3) 6-0 7-5,3,R128,156.0,2.0,6.0,100.0,58.0,41.0,18.0,15.0,3.0,6.0,0.0,1.0,104.0,75.0,41.0,13.0,15.0,11.0,18.0,72.0,922.0,70.0,944.0,2024
2024-709,Rome,Clay,128,PM,2024-05-06,211,211768,,,Naomi Osaka,R,180.0,JPN,26.5,216262,,,Clara Burel,R,176.0,FRA,23.1,7-6(2) 6-1,3,R128,84.0,8.0,0.0,61.0,34.0,28.0,14.0,9.0,2.0,3.0,2.0,3.0,65.0,31.0,17.0,18.0,10.0,5.0,9.0,173.0,424.0,45.0,1300.0,2024
2024-709,Rome,Clay,128,PM,2024-05-06,212,213583,,,Tatjana Maria,R,172.0,GER,36.7,222258,,Q,Linda Fruhvirtova,R,,CZE,19.0,7-6(5) 3-6 6-2,3,R128,148.0,5.0,2.0,95.0,51.0,28.0,20.0,14.0,3.0,11.0,0.0,6.0,90.0,54.0,26.0,16.0,15.0,2.0,11.0,65.0,1019.0,150.0,496.0,2024
2024-709,Rome,Clay,128,PM,2024-05-06,220,211684,,,Magdalena Frech,R,171.0,POL,26.3,221909,,,Ashlyn Krueger,R,185.0,USA,19.9,7-6(2) 6-3,3,R128,134.0,0.0,2.0,83.0,53.0,31.0,11.0,11.0,2.0,7.0,0.0,9.0,91.0,46.0,25.0,15.0,10.0,11.0,17.0,55.0,1138.0,66.0,1004.0,2024
2024-709,Rome,Clay,128,PM,2024-05-06,235,201709,,,Yulia Putintseva,R,163.0,KAZ,29.3,203354,,WC,Martina Trevisan,L,160.0,ITA,30.5,6-3 6-4,3,R128,102.0,4.0,1.0,72.0,49.0,31.0,12.0,10.0,6.0,8.0,1.0,3.0,55.0,35.0,23.0,5.0,9.0,4.0,8.0,41.0,1393.0,87.0,808.0,2024
2024-709,Rome,Clay,128,PM,2024-05-06,224,259104,,Q,Brenda Fruhvirtova,R,,CZE,17.0,203501,,,Taylor Townsend,L,170.0,USA,28.0,3-6 6-2 6-0,3,R128,121.0,5.0,5.0,97.0,70.0,43.0,14.0,11.0,13.0,15.0,2.0,2.0,68.0,46.0,27.0,8.0,12.0,3.0,9.0,102.0,729.0,59.0,1083.0,2024
2024-709,Rome,Clay,128,PM,2024-05-06,227,215785,,,Camila Osorio,R,162.0,COL,22.3,201551,,,Arantxa Rus,L,180.0,NED,33.3,4-6 6-3 6-4,3,R128,151.0,0.0,9.0,95.0,64.0,35.0,13.0,14.0,6.0,12.0,1.0,5.0,100.0,62.0,36.0,12.0,15.0,4.0,12.0,64.0,1027.0,49.0,1194.0,2024
2024-709,Rome,Clay,128,PM,2024-05-06,228,216133,,,Xin Yu Wang,R,182.0,CHN,22.6,206294,,,Yue Yuan,R,184.0,CHN,25.6,4-6 6-1 6-2,3,R128,142.0,2.0,3.0,76.0,48.0,34.0,14.0,12.0,5.0,8.0,2.0,1.0,120.0,75.0,38.0,20.0,13.0,16.0,23.0,42.0,1371.0,38.0,1461.0,2024
2024-709,Rome,Clay,128,PM,2024-05-06,231,205925,,Q,Aliaksandra Sasnovich,R,174.0,BLR,30.1,203533,,,Anna Karolina Schmiedlova,R,176.0,SVK,29.6,6-2 7-6(6),3,R128,119.0,1.0,1.0,76.0,53.0,28.0,16.0,10.0,3.0,5.0,1.0,10.0,81.0,52.0,32.0,9.0,10.0,14.0,18.0,113.0,691.0,67.0,1003.0,2024
2024-709,Rome,Clay,128,PM,2024-05-06,232,201493,,,Angelique Kerber,L,173.0,GER,36.2,201616,,,Lauren Davis,R,157.0,USA,30.5,6-1 6-0,3,R128,62.0,0.0,2.0,46.0,32.0,24.0,8.0,7.0,1.0,1.0,0.0,8.0,47.0,28.0,11.0,7.0,6.0,4.0,9.0,331.0,202.0,194.0,392.0,2024
2024-709,Rome,Clay,128,PM,2024-05-06,208,214593,,WC,Lucrezia Stefanini,R,,ITA,25.9,260510,,WC,Vittoria Paganetti,U,,ITA,,7-5 6-3,3,R128,110.0,0.0,4.0,64.0,48.0,25.0,8.0,11.0,4.0,9.0,0.0,6.0,62.0,36.0,19.0,6.0,10.0,1.0,8.0,179.0,414.0,,,2024
2024-709,Rome,Clay,128,PM,2024-05-06,223,202536,,,Ana Bogdan,R,171.0,ROU,31.4,220367,,,Leylah Fernandez,L,168.0,CAN,21.6,6-4 6-1,3,R128,102.0,0.0,3.0,64.0,39.0,26.0,13.0,8.0,5.0,6.0,2.0,3.0,59.0,41.0,23.0,6.0,9.0,3.0,8.0,63.0,1029.0,34.0,1575.0,2024
2024-709,Rome,Clay,128,PM,2024-05-06,207,201603,,,Shelby Rogers,R,175.0,USA,31.5,221354,,WC,Lisa Pigato,R,,ITA,20.8,6-1 6-0,3,R128,61.0,2.0,1.0,34.0,24.0,19.0,8.0,6.0,2.0,2.0,0.0,1.0,45.0,31.0,11.0,5.0,7.0,5.0,11.0,398.0,155.0,318.0,215.0,2024
2024-709,Rome,Clay,128,PM,2024-05-06,179,220704,,Q,Clara Tauson,R,182.0,DEN,21.3,201611,,,Daria Saville,R,166.0,AUS,30.1,6-2 6-3,3,R128,77.0,6.0,2.0,47.0,24.0,20.0,11.0,8.0,1.0,2.0,0.0,9.0,50.0,33.0,16.0,6.0,9.0,2.0,7.0,78.0,872.0,84.0,819.0,2024
2024-709,Rome,Clay,128,PM,2024-05-06,203,201615,,,Lesia Tsurenko,R,174.0,UKR,34.9,202499,,,Donna Vekic,R,179.0,CRO,27.8,6-2 3-6 7-6(5),3,R128,159.0,3.0,5.0,110.0,79.0,54.0,13.0,14.0,9.0,11.0,5.0,7.0,103.0,58.0,38.0,26.0,15.0,4.0,7.0,44.0,1308.0,37.0,1468.0,2024
2024-709,Rome,Clay,128,PM,2024-05-06,238,214544,2.0,,Aryna Sabalenka,R,182.0,BLR,26.0,220465,,Q,Katie Volynets,R,,USA,22.3,4-6 6-3 6-2,3,R64,135.0,3.0,4.0,98.0,68.0,43.0,12.0,14.0,11.0,16.0,1.0,3.0,94.0,73.0,37.0,9.0,13.0,6.0,13.0,2.0,7498.0,109.0,704.0,2024
2024-709,Rome,Clay,128,PM,2024-05-06,175,220465,,Q,Katie Volynets,R,,USA,22.3,206374,,,Yafan Wang,R,170.0,CHN,30.0,7-6(6) 6-1,3,R128,123.0,1.0,0.0,74.0,63.0,39.0,8.0,10.0,6.0,8.0,1.0,4.0,78.0,50.0,30.0,9.0,9.0,7.0,11.0,109.0,704.0,69.0,967.0,2024
2024-709,Rome,Clay,128,PM,2024-05-06,176,201696,,Q,Laura Siegemund,R,168.0,GER,36.1,214604,,Q,Maria Lourdes Carle,R,,ARG,24.2,2-6 6-4 6-4,3,R128,154.0,0.0,1.0,88.0,72.0,40.0,9.0,14.0,4.0,10.0,0.0,5.0,91.0,77.0,42.0,3.0,14.0,4.0,10.0,86.0,814.0,71.0,933.0,2024
2024-709,Rome,Clay,128,PM,2024-05-06,180,201506,,WC,Sara Errani,R,164.0,ITA,37.0,216153,,,Amanda Anisimova,R,180.0,USA,22.6,4-6 6-2 6-1,3,R128,111.0,0.0,0.0,79.0,59.0,35.0,11.0,12.0,3.0,7.0,7.0,9.0,84.0,48.0,23.0,12.0,13.0,10.0,18.0,93.0,777.0,237.0,312.0,2024
2024-709,Rome,Clay,128,PM,2024-05-06,183,215713,,,Anastasia Potapova,R,175.0,RUS,23.1,216016,,,Xiyu Wang,L,,CHN,23.1,6-1 7-5,3,R128,90.0,3.0,4.0,57.0,27.0,22.0,20.0,10.0,4.0,5.0,2.0,5.0,61.0,38.0,23.0,8.0,9.0,4.0,8.0,43.0,1347.0,53.0,1144.0,2024
2024-709,Rome,Clay,128,PM,2024-05-06,184,204427,,,Sara Sorribes Tormo,R,176.0,ESP,27.5,206408,,,Nadia Podoroska,R,170.0,ARG,27.2,6-4 6-3,3,R128,119.0,0.0,3.0,73.0,53.0,33.0,8.0,10.0,3.0,6.0,0.0,3.0,53.0,32.0,17.0,8.0,9.0,2.0,7.0,47.0,1266.0,61.0,1076.0,2024
2024-709,Rome,Clay,128,PM,2024-05-06,204,219875,,Q,Varvara Gracheva,R,,FRA,23.7,202580,,WC,Federica Di Sarra,R,,ITA,33.9,6-1 6-3,3,R128,70.0,0.0,1.0,49.0,33.0,25.0,7.0,8.0,4.0,5.0,0.0,4.0,44.0,29.0,15.0,4.0,8.0,4.0,9.0,88.0,803.0,530.0,99.0,2024
2024-709,Rome,Clay,128,PM,2024-05-06,187,211685,,Q,Rebecca Sramkova,R,,SVK,27.5,223410,,WC,Georgia Pedone,R,,ITA,19.6,6-4 6-1,3,R128,83.0,0.0,1.0,42.0,28.0,20.0,10.0,8.0,1.0,2.0,0.0,0.0,67.0,48.0,24.0,6.0,9.0,6.0,11.0,120.0,665.0,270.0,265.0,2024
2024-709,Rome,Clay,128,PM,2024-05-06,191,201593,,,Irina Camelia Begu,R,181.0,ROU,33.6,214119,,Q,Rebeka Masarova,R,186.0,ESP,24.7,5-7 6-3 6-4,3,R128,170.0,4.0,5.0,117.0,88.0,60.0,11.0,16.0,13.0,16.0,2.0,9.0,112.0,67.0,46.0,18.0,15.0,8.0,12.0,161.0,471.0,104.0,725.0,2024
2024-709,Rome,Clay,128,PM,2024-05-06,192,211701,,,Katerina Siniakova,R,174.0,CZE,27.9,215572,,WC,Nuria Brancaccio,R,,ITA,23.8,6-4 6-2,3,R128,87.0,0.0,5.0,68.0,44.0,26.0,9.0,9.0,6.0,10.0,0.0,2.0,52.0,32.0,14.0,4.0,9.0,4.0,11.0,36.0,1510.0,292.0,247.0,2024
2024-709,Rome,Clay,128,PM,2024-05-06,195,220714,,,Elisabetta Cocciaretto,R,,ITA,23.2,213887,,Q,Renata Zarazua,R,,MEX,26.5,4-6 7-5 6-3,3,R128,160.0,1.0,4.0,93.0,65.0,38.0,14.0,16.0,6.0,12.0,1.0,1.0,89.0,58.0,35.0,8.0,15.0,9.0,16.0,56.0,1124.0,103.0,727.0,2024
2024-709,Rome,Clay,128,PM,2024-05-06,196,215020,,,Anna Blinkova,R,179.0,RUS,25.6,220348,,,Diane Parry,R,170.0,FRA,21.6,6-2 6-3,3,R128,75.0,0.0,4.0,47.0,27.0,21.0,11.0,8.0,2.0,3.0,0.0,7.0,64.0,29.0,21.0,10.0,9.0,5.0,10.0,46.0,1275.0,50.0,1190.0,2024
2024-709,Rome,Clay,128,PM,2024-05-06,199,210886,,,Mayar Sherif,R,180.0,EGY,28.0,201549,,,Petra Martic,R,181.0,CRO,33.2,6-2 6-2,3,R128,75.0,0.0,1.0,44.0,35.0,26.0,6.0,8.0,0.0,1.0,0.0,2.0,51.0,28.0,17.0,5.0,8.0,3.0,8.0,80.0,854.0,81.0,849.0,2024
2024-709,Rome,Clay,128,PM,2024-05-06,200,202663,,,Magda Linette,R,171.0,POL,32.2,202684,,,Lin Zhu,R,173.0,CHN,30.2,6-3 6-2,3,R128,81.0,0.0,1.0,45.0,22.0,19.0,17.0,9.0,0.0,0.0,1.0,4.0,59.0,33.0,17.0,14.0,8.0,7.0,10.0,51.0,1188.0,57.0,1097.0,2024
2024-709,Rome,Clay,128,PM,2024-05-06,188,213550,,,Sofia Kenin,R,170.0,USA,25.4,214459,,,Lucia Bronzetti,R,,ITA,25.4,6-3 6-2,3,R128,99.0,0.0,2.0,70.0,45.0,30.0,12.0,9.0,8.0,10.0,4.0,6.0,69.0,38.0,24.0,8.0,8.0,5.0,10.0,58.0,1094.0,48.0,1256.0,2024
2024-709,Rome,Clay,128,PM,2024-05-06,239,215035,32.0,,Dayana Yastremska,R,175.0,UKR,23.9,201696,,Q,Laura Siegemund,R,168.0,GER,36.1,4-6 7-5 6-2,3,R64,176.0,1.0,6.0,103.0,49.0,30.0,24.0,15.0,9.0,15.0,2.0,3.0,83.0,62.0,32.0,8.0,15.0,3.0,11.0,33.0,1590.0,86.0,814.0,2024
2024-709,Rome,Clay,128,PM,2024-05-06,249,203389,13.0,,Danielle Collins,R,178.0,USA,30.3,215020,,,Anna Blinkova,R,179.0,RUS,25.6,6-4 0-0 RET,3,R64,58.0,1.0,2.0,37.0,19.0,15.0,6.0,6.0,6.0,8.0,2.0,3.0,30.0,16.0,10.0,5.0,5.0,0.0,3.0,15.0,2759.0,46.0,1275.0,2024
2024-709,Rome,Clay,128,PM,2024-05-06,241,202494,16.0,,Elina Svitolina,R,174.0,UKR,29.6,201506,,WC,Sara Errani,R,164.0,ITA,37.0,6-0 6-2,3,R64,77.0,4.0,4.0,62.0,27.0,21.0,14.0,7.0,10.0,11.0,0.0,3.0,42.0,30.0,10.0,3.0,7.0,2.0,8.0,19.0,2400.0,93.0,777.0,2024
2024-709,Rome,Clay,128,PM,2024-05-06,274,201593,,,Irina Camelia Begu,R,181.0,ROU,33.6,210722,27.0,,Elise Mertens,R,179.0,BEL,28.4,6-2 6-0,3,R32,78.0,0.0,6.0,48.0,34.0,24.0,5.0,7.0,4.0,5.0,0.0,6.0,42.0,17.0,7.0,9.0,7.0,3.0,9.0,161.0,471.0,30.0,1684.0,2024
2024-709,Rome,Clay,128,PM,2024-05-06,275,203389,13.0,,Danielle Collins,R,178.0,USA,30.3,201614,22.0,,Caroline Garcia,R,177.0,FRA,30.5,6-3 6-3,3,R32,81.0,7.0,8.0,61.0,29.0,24.0,12.0,9.0,6.0,8.0,7.0,2.0,55.0,35.0,20.0,6.0,9.0,1.0,6.0,15.0,2759.0,23.0,2068.0,2024
2024-709,Rome,Clay,128,PM,2024-05-06,276,201458,24.0,,Victoria Azarenka,R,180.0,BLR,34.7,210886,,,Mayar Sherif,R,180.0,EGY,28.0,6-2 6-7(6) 6-3,3,R32,174.0,0.0,4.0,108.0,80.0,46.0,10.0,15.0,3.0,10.0,0.0,2.0,102.0,72.0,33.0,11.0,14.0,7.0,17.0,24.0,2024.0,80.0,854.0,2024
2024-709,Rome,Clay,128,PM,2024-05-06,277,206289,5.0,,Maria Sakkari,R,172.0,GRE,28.7,211843,30.0,,Anhelina Kalinina,R,179.0,UKR,27.2,7-6(4) 6-0,3,R32,109.0,3.0,3.0,66.0,42.0,36.0,8.0,9.0,5.0,6.0,1.0,1.0,70.0,48.0,26.0,11.0,9.0,4.0,8.0,8.0,3925.0,31.0,1666.0,2024
2024-709,Rome,Clay,128,PM,2024-05-06,240,214939,23.0,,Anna Kalinskaya,R,175.0,RUS,25.4,220704,,Q,Clara Tauson,R,182.0,DEN,21.3,6-1 6-2,3,R64,84.0,1.0,3.0,62.0,41.0,22.0,12.0,8.0,3.0,5.0,2.0,4.0,58.0,31.0,16.0,8.0,7.0,7.0,13.0,26.0,1916.0,78.0,872.0,2024
2024-709,Rome,Clay,128,PM,2024-05-06,279,211768,,,Naomi Osaka,R,180.0,JPN,26.5,214082,10.0,,Daria Kasatkina,R,170.0,RUS,26.9,6-3 6-3,3,R32,80.0,5.0,2.0,62.0,33.0,21.0,16.0,9.0,4.0,6.0,0.0,3.0,58.0,40.0,23.0,5.0,9.0,7.0,12.0,173.0,424.0,11.0,3313.0,2024
2024-709,Rome,Clay,128,PM,2024-05-06,280,211651,,,Paula Badosa,R,180.0,ESP,26.4,223670,,,Diana Shnaider,L,,RUS,20.0,5-7 6-4 6-4,3,R32,156.0,2.0,9.0,103.0,62.0,43.0,20.0,16.0,6.0,10.0,2.0,5.0,108.0,60.0,38.0,23.0,16.0,11.0,16.0,126.0,627.0,62.0,1074.0,2024
2024-709,Rome,Clay,128,PM,2024-05-06,281,221103,3.0,,Coco Gauff,R,175.0,USA,20.1,211713,,LL,Jaqueline Cristian,R,180.0,ROU,25.9,6-1 0-6 6-3,3,R32,124.0,1.0,15.0,86.0,44.0,32.0,17.0,11.0,7.0,10.0,3.0,4.0,78.0,35.0,20.0,22.0,11.0,9.0,13.0,3.0,7313.0,68.0,983.0,2024
2024-709,Rome,Clay,128,PM,2024-05-06,282,201514,28.0,,Sorana Cirstea,R,176.0,ROU,34.0,214954,6.0,,Marketa Vondrousova,L,173.0,CZE,24.8,7-6(1) 6-3,3,R32,97.0,3.0,2.0,78.0,47.0,29.0,15.0,10.0,4.0,7.0,1.0,4.0,64.0,40.0,25.0,9.0,11.0,3.0,8.0,32.0,1619.0,6.0,4090.0,2024
2024-709,Rome,Clay,128,PM,2024-05-06,283,201619,18.0,,Madison Keys,R,178.0,USA,29.2,206242,12.0,,Beatriz Haddad Maia,L,185.0,BRA,27.9,6-4 4-6 6-3,3,R32,150.0,3.0,3.0,76.0,42.0,28.0,15.0,14.0,1.0,6.0,1.0,3.0,102.0,62.0,35.0,18.0,15.0,6.0,13.0,16.0,2688.0,13.0,3035.0,2024
2024-709,Rome,Clay,128,PM,2024-05-06,284,201493,,,Angelique Kerber,L,173.0,GER,36.2,205925,,Q,Aliaksandra Sasnovich,R,174.0,BLR,30.1,6-3 7-6(4),3,R32,85.0,1.0,2.0,67.0,47.0,27.0,10.0,11.0,2.0,6.0,3.0,8.0,69.0,51.0,28.0,6.0,10.0,0.0,5.0,331.0,202.0,113.0,691.0,2024
2024-709,Rome,Clay,128,PM,2024-05-06,285,216347,1.0,,Iga Swiatek,R,176.0,POL,22.9,201709,,,Yulia Putintseva,R,163.0,KAZ,29.3,6-3 6-4,3,R32,106.0,0.0,2.0,73.0,45.0,32.0,17.0,10.0,4.0,5.0,4.0,2.0,61.0,45.0,30.0,5.0,9.0,3.0,6.0,1.0,10910.0,41.0,1393.0,2024
2024-709,Rome,Clay,128,PM,2024-05-06,286,214544,2.0,,Aryna Sabalenka,R,182.0,BLR,26.0,202494,16.0,,Elina Svitolina,R,174.0,UKR,29.6,4-6 6-1 7-6(7),3,R16,144.0,3.0,1.0,118.0,85.0,49.0,16.0,15.0,13.0,18.0,2.0,6.0,85.0,44.0,29.0,15.0,14.0,1.0,7.0,2.0,7498.0,19.0,2400.0,2024
2024-709,Rome,Clay,128,PM,2024-05-06,287,211533,9.0,,Jelena Ostapenko,R,177.0,LAT,26.9,211685,,Q,Rebecca Sramkova,R,,SVK,27.5,4-6 6-4 7-6(3),3,R16,166.0,7.0,6.0,108.0,62.0,36.0,22.0,16.0,9.0,15.0,4.0,6.0,116.0,82.0,43.0,18.0,16.0,6.0,12.0,10.0,3493.0,120.0,665.0,2024
2024-709,Rome,Clay,128,PM,2024-05-06,288,203389,13.0,,Danielle Collins,R,178.0,USA,30.3,201593,,,Irina Camelia Begu,R,181.0,ROU,33.6,6-0 6-3,3,R16,67.0,2.0,2.0,46.0,28.0,22.0,12.0,8.0,0.0,0.0,5.0,4.0,49.0,30.0,19.0,4.0,7.0,3.0,7.0,15.0,2759.0,161.0,471.0,2024
2024-709,Rome,Clay,128,PM,2024-05-06,289,201458,24.0,,Victoria Azarenka,R,180.0,BLR,34.7,206289,5.0,,Maria Sakkari,R,172.0,GRE,28.7,6-4 6-1,3,R16,78.0,0.0,1.0,47.0,37.0,24.0,6.0,8.0,1.0,3.0,2.0,1.0,55.0,27.0,15.0,8.0,9.0,4.0,10.0,24.0,2024.0,8.0,3925.0,2024
2024-709,Rome,Clay,128,PM,2024-05-06,290,221012,7.0,,Qinwen Zheng,R,,CHN,21.5,211768,,,Naomi Osaka,R,180.0,JPN,26.5,6-2 6-4,3,R16,84.0,2.0,0.0,48.0,23.0,18.0,15.0,9.0,1.0,2.0,2.0,0.0,56.0,28.0,19.0,12.0,9.0,0.0,4.0,7.0,3945.0,173.0,424.0,2024
2024-709,Rome,Clay,128,PM,2024-05-06,291,221103,3.0,,Coco Gauff,R,175.0,USA,20.1,211651,,,Paula Badosa,R,180.0,ESP,26.4,5-7 6-4 6-1,3,R16,147.0,3.0,11.0,100.0,38.0,29.0,28.0,15.0,4.0,9.0,2.0,9.0,90.0,48.0,29.0,16.0,14.0,9.0,16.0,3.0,7313.0,126.0,627.0,2024
2024-709,Rome,Clay,128,PM,2024-05-06,292,201619,18.0,,Madison Keys,R,178.0,USA,29.2,201514,28.0,,Sorana Cirstea,R,176.0,ROU,34.0,6-2 6-1,3,R16,60.0,5.0,0.0,48.0,35.0,25.0,7.0,7.0,2.0,2.0,1.0,3.0,45.0,28.0,14.0,5.0,8.0,1.0,6.0,16.0,2688.0,32.0,1619.0,2024
2024-709,Rome,Clay,128,PM,2024-05-06,293,216347,1.0,,Iga Swiatek,R,176.0,POL,22.9,201493,,,Angelique Kerber,L,173.0,GER,36.2,7-5 6-3,3,R16,98.0,2.0,1.0,62.0,45.0,30.0,12.0,11.0,1.0,3.0,1.0,6.0,69.0,43.0,26.0,11.0,10.0,9.0,13.0,1.0,10910.0,331.0,202.0,2024
2024-709,Rome,Clay,128,PM,2024-05-06,294,214544,2.0,,Aryna Sabalenka,R,182.0,BLR,26.0,211533,9.0,,Jelena Ostapenko,R,177.0,LAT,26.9,6-2 6-4,3,QF,72.0,2.0,1.0,49.0,37.0,30.0,6.0,9.0,0.0,0.0,3.0,4.0,63.0,46.0,31.0,6.0,9.0,4.0,7.0,2.0,7498.0,10.0,3493.0,2024
2024-709,Rome,Clay,128,PM,2024-05-06,295,203389,13.0,,Danielle Collins,R,178.0,USA,30.3,201458,24.0,,Victoria Azarenka,R,180.0,BLR,34.7,6-4 6-3,3,QF,104.0,6.0,8.0,67.0,38.0,26.0,12.0,10.0,7.0,10.0,0.0,9.0,65.0,43.0,26.0,6.0,9.0,10.0,15.0,15.0,2759.0,24.0,2024.0,2024
2024-709,Rome,Clay,128,PM,2024-05-06,296,221103,3.0,,Coco Gauff,R,175.0,USA,20.1,221012,7.0,,Qinwen Zheng,R,,CHN,21.5,7-6(4) 6-1,3,QF,108.0,2.0,6.0,60.0,40.0,32.0,8.0,9.0,0.0,1.0,5.0,3.0,74.0,30.0,19.0,20.0,10.0,4.0,8.0,3.0,7313.0,7.0,3945.0,2024
2024-709,Rome,Clay,128,PM,2024-05-06,297,216347,1.0,,Iga Swiatek,R,176.0,POL,22.9,201619,18.0,,Madison Keys,R,178.0,USA,29.2,6-1 6-3,3,QF,76.0,1.0,1.0,64.0,48.0,34.0,9.0,8.0,10.0,10.0,2.0,3.0,41.0,23.0,14.0,8.0,8.0,2.0,6.0,1.0,10910.0,16.0,2688.0,2024
2024-709,Rome,Clay,128,PM,2024-05-06,298,214544,2.0,,Aryna Sabalenka,R,182.0,BLR,26.0,203389,13.0,,Danielle Collins,R,178.0,USA,30.3,7-5 6-2,3,SF,83.0,4.0,2.0,58.0,35.0,26.0,13.0,10.0,1.0,2.0,1.0,5.0,62.0,33.0,22.0,12.0,10.0,3.0,7.0,2.0,7498.0,15.0,2759.0,2024
2024-709,Rome,Clay,128,PM,2024-05-06,299,216347,1.0,,Iga Swiatek,R,176.0,POL,22.9,221103,3.0,,Coco Gauff,R,175.0,USA,20.1,6-4 6-3,3,SF,107.0,1.0,1.0,55.0,36.0,26.0,10.0,9.0,1.0,2.0,3.0,4.0,83.0,45.0,29.0,14.0,10.0,7.0,11.0,1.0,10910.0,3.0,7313.0,2024
2024-709,Rome,Clay,128,PM,2024-05-06,300,216347,1.0,,Iga Swiatek,R,176.0,POL,22.9,214544,2.0,,Aryna Sabalenka,R,182.0,BLR,26.0,6-2 6-3,3,F,89.0,1.0,1.0,57.0,31.0,23.0,16.0,8.0,7.0,7.0,2.0,2.0,54.0,32.0,18.0,9.0,9.0,3.0,7.0,1.0,10910.0,2.0,7498.0,2024
2024-709,Rome,Clay,128,PM,2024-05-06,273,211685,,Q,Rebecca Sramkova,R,,SVK,27.5,213550,,,Sofia Kenin,R,170.0,USA,25.4,6-4 4-6 6-4,3,R32,139.0,1.0,1.0,102.0,68.0,41.0,17.0,15.0,2.0,7.0,2.0,1.0,91.0,62.0,40.0,13.0,15.0,7.0,13.0,120.0,665.0,58.0,1094.0,2024
2024-709,Rome,Clay,128,PM,2024-05-06,272,211533,9.0,,Jelena Ostapenko,R,177.0,LAT,26.9,204427,,,Sara Sorribes Tormo,R,176.0,ESP,27.5,6-4 5-7 6-1,3,R32,153.0,1.0,6.0,104.0,60.0,32.0,20.0,15.0,7.0,14.0,0.0,4.0,96.0,69.0,31.0,11.0,14.0,9.0,18.0,10.0,3493.0,47.0,1266.0,2024
2024-709,Rome,Clay,128,PM,2024-05-06,278,221012,7.0,,Qinwen Zheng,R,,CHN,21.5,222328,29.0,,Linda Noskova,R,,CZE,19.4,3-6 6-1 6-2,3,R32,108.0,4.0,5.0,71.0,30.0,25.0,19.0,12.0,2.0,5.0,1.0,6.0,64.0,34.0,24.0,9.0,12.0,2.0,8.0,7.0,3945.0,29.0,1684.0,2024
2024-709,Rome,Clay,128,PM,2024-05-06,270,214544,2.0,,Aryna Sabalenka,R,182.0,BLR,26.0,215035,32.0,,Dayana Yastremska,R,175.0,UKR,23.9,6-4 6-2,3,R32,86.0,1.0,3.0,50.0,33.0,25.0,13.0,9.0,2.0,2.0,2.0,4.0,70.0,42.0,26.0,14.0,9.0,7.0,10.0,2.0,7498.0,33.0,1590.0,2024
2024-709,Rome,Clay,128,PM,2024-05-06,242,211533,9.0,,Jelena Ostapenko,R,177.0,LAT,26.9,215713,,,Anastasia Potapova,R,175.0,RUS,23.1,6-4 6-2,3,R64,97.0,0.0,2.0,76.0,39.0,25.0,16.0,9.0,6.0,9.0,3.0,4.0,60.0,30.0,15.0,13.0,9.0,4.0,10.0,10.0,3493.0,43.0,1347.0,2024
2024-709,Rome,Clay,128,PM,2024-05-06,243,204427,,,Sara Sorribes Tormo,R,176.0,ESP,27.5,201499,20.0,,Anastasia Pavlyuchenkova,R,177.0,RUS,32.8,6-3 1-6 7-5,3,R64,142.0,0.0,2.0,81.0,65.0,30.0,9.0,14.0,5.0,12.0,0.0,15.0,92.0,60.0,39.0,8.0,14.0,6.0,13.0,47.0,1266.0,21.0,2191.0,2024
2024-709,Rome,Clay,128,PM,2024-05-06,244,211685,,Q,Rebecca Sramkova,R,,SVK,27.5,211107,26.0,,Katie Boulter,R,180.0,GBR,27.7,6-4 7-6(8),3,R64,127.0,2.0,1.0,101.0,61.0,38.0,22.0,11.0,16.0,19.0,4.0,7.0,75.0,37.0,26.0,15.0,11.0,0.0,4.0,120.0,665.0,28.0,1742.0,2024
2024-709,Rome,Clay,128,PM,2024-05-06,245,213550,,,Sofia Kenin,R,170.0,USA,25.4,202460,8.0,,Ons Jabeur,R,167.0,TUN,29.6,7-5 2-6 6-4,3,R64,137.0,0.0,5.0,102.0,59.0,36.0,20.0,15.0,6.0,12.0,9.0,5.0,114.0,61.0,39.0,21.0,15.0,13.0,19.0,58.0,1094.0,9.0,3748.0,2024
2024-709,Rome,Clay,128,PM,2024-05-06,246,201593,,,Irina Camelia Begu,R,181.0,ROU,33.6,206219,,LL,Oceane Dodin,R,,FRA,27.5,5-2 RET,3,R64,26.0,1.0,1.0,17.0,12.0,8.0,2.0,3.0,1.0,2.0,0.0,2.0,21.0,11.0,5.0,3.0,4.0,1.0,4.0,161.0,471.0,73.0,919.0,2024
2024-709,Rome,Clay,128,PM,2024-05-06,247,210722,27.0,,Elise Mertens,R,179.0,BEL,28.4,211701,,,Katerina Siniakova,R,174.0,CZE,27.9,6-1 6-4,3,R64,96.0,4.0,2.0,61.0,41.0,24.0,12.0,9.0,1.0,3.0,3.0,3.0,54.0,36.0,17.0,8.0,8.0,6.0,11.0,30.0,1684.0,36.0,1510.0,2024
2024-709,Rome,Clay,128,PM,2024-05-06,248,201614,22.0,,Caroline Garcia,R,177.0,FRA,30.5,220714,,,Elisabetta Cocciaretto,R,,ITA,23.2,6-2 7-6(5),3,R64,96.0,11.0,3.0,65.0,35.0,30.0,15.0,10.0,2.0,3.0,2.0,3.0,65.0,37.0,24.0,15.0,10.0,4.0,7.0,23.0,2068.0,56.0,1124.0,2024
2024-709,Rome,Clay,128,PM,2024-05-06,271,202494,16.0,,Elina Svitolina,R,174.0,UKR,29.6,214939,23.0,,Anna Kalinskaya,R,175.0,RUS,25.4,6-3 6-3,3,R32,73.0,2.0,1.0,52.0,32.0,25.0,9.0,9.0,2.0,3.0,0.0,4.0,57.0,41.0,24.0,6.0,9.0,5.0,9.0,19.0,2400.0,26.0,1916.0,2024
2024-709,Rome,Clay,128,PM,2024-05-06,250,210886,,,Mayar Sherif,R,180.0,EGY,28.0,211148,11.0,,Jasmine Paolini,R,160.0,ITA,28.3,7-6(4) 2-6 6-4,3,R64,161.0,1.0,5.0,113.0,79.0,45.0,14.0,15.0,7.0,14.0,1.0,3.0,106.0,77.0,41.0,14.0,15.0,8.0,14.0,80.0,854.0,12.0,3048.0,2024
2024-709,Rome,Clay,128,PM,2024-05-06,251,201458,24.0,,Victoria Azarenka,R,180.0,BLR,34.7,202663,,,Magda Linette,R,171.0,POL,32.2,6-7(5) 6-4 6-3,3,R64,171.0,1.0,12.0,112.0,64.0,44.0,21.0,16.0,3.0,8.0,4.0,7.0,91.0,52.0,34.0,17.0,15.0,3.0,10.0,24.0,2024.0,51.0,1188.0,2024
2024-709,Rome,Clay,128,PM,2024-05-06,252,211843,30.0,,Anhelina Kalinina,R,179.0,UKR,27.2,201615,,,Lesia Tsurenko,R,174.0,UKR,34.9,2-0 RET,3,R64,11.0,0.0,0.0,8.0,3.0,2.0,3.0,1.0,0.0,0.0,0.0,2.0,5.0,0.0,0.0,1.0,1.0,0.0,1.0,31.0,1666.0,44.0,1308.0,2024
2024-709,Rome,Clay,128,PM,2024-05-06,254,221012,7.0,,Qinwen Zheng,R,,CHN,21.5,201603,,,Shelby Rogers,R,175.0,USA,31.5,6-2 6-0,3,R64,74.0,6.0,3.0,48.0,20.0,15.0,18.0,7.0,2.0,2.0,2.0,2.0,46.0,29.0,17.0,4.0,7.0,1.0,6.0,7.0,3945.0,398.0,155.0,2024
2024-709,Rome,Clay,128,PM,2024-05-06,255,222328,29.0,,Linda Noskova,R,,CZE,19.4,214593,,WC,Lucrezia Stefanini,R,,ITA,25.9,6-3 7-6(1),3,R64,115.0,4.0,4.0,70.0,39.0,26.0,9.0,10.0,4.0,9.0,0.0,4.0,90.0,66.0,30.0,9.0,11.0,6.0,13.0,29.0,1684.0,179.0,414.0,2024
2024-709,Rome,Clay,128,PM,2024-05-06,253,206289,5.0,,Maria Sakkari,R,172.0,GRE,28.7,219875,,Q,Varvara Gracheva,R,,FRA,23.7,6-2 6-2,3,R64,83.0,3.0,3.0,61.0,34.0,23.0,18.0,8.0,4.0,4.0,0.0,1.0,53.0,38.0,18.0,8.0,8.0,5.0,9.0,8.0,3925.0,88.0,803.0,2024
2024-709,Rome,Clay,128,PM,2024-05-06,257,214082,10.0,,Daria Kasatkina,R,170.0,RUS,26.9,213583,,,Tatjana Maria,R,172.0,GER,36.7,7-5 6-1,3,R64,95.0,1.0,5.0,72.0,51.0,30.0,8.0,9.0,5.0,9.0,3.0,1.0,63.0,32.0,14.0,10.0,10.0,7.0,15.0,11.0,3313.0,65.0,1019.0,2024
2024-709,Rome,Clay,128,PM,2024-05-06,269,216347,1.0,,Iga Swiatek,R,176.0,POL,22.9,211095,,Q,Bernarda Pera,L,175.0,USA,29.4,6-0 6-2,3,R64,77.0,0.0,0.0,52.0,30.0,21.0,13.0,7.0,4.0,5.0,2.0,3.0,61.0,39.0,20.0,6.0,7.0,9.0,15.0,1.0,10910.0,77.0,875.0,2024
2024-709,Rome,Clay,128,PM,2024-05-06,268,201709,,,Yulia Putintseva,R,163.0,KAZ,29.3,201585,31.0,,Sloane Stephens,R,170.0,USA,31.1,6-3 6-2,3,R64,74.0,0.0,3.0,60.0,45.0,32.0,8.0,9.0,3.0,4.0,0.0,0.0,49.0,33.0,17.0,8.0,8.0,3.0,7.0,41.0,1393.0,35.0,1552.0,2024
2024-709,Rome,Clay,128,PM,2024-05-06,267,201493,,,Angelique Kerber,L,173.0,GER,36.2,206368,17.0,,Veronika Kudermetova,R,175.0,RUS,27.0,6-3 6-0,3,R64,69.0,2.0,1.0,51.0,37.0,25.0,10.0,8.0,0.0,0.0,1.0,1.0,35.0,18.0,9.0,6.0,7.0,1.0,5.0,331.0,202.0,25.0,2003.0,2024
2024-709,Rome,Clay,128,PM,2024-05-06,266,205925,,Q,Aliaksandra Sasnovich,R,174.0,BLR,30.1,206420,14.0,,Ekaterina Alexandrova,R,175.0,RUS,29.4,6-0 6-1,3,R64,59.0,0.0,2.0,38.0,23.0,20.0,10.0,7.0,2.0,2.0,0.0,10.0,44.0,19.0,10.0,6.0,6.0,7.0,12.0,113.0,691.0,18.0,2450.0,2024
2024-709,Rome,Clay,128,PM,2024-05-06,256,211768,,,Naomi Osaka,R,180.0,JPN,26.5,216146,19.0,,Marta Kostyuk,R,175.0,UKR,21.8,6-3 6-2,3,R64,71.0,2.0,0.0,44.0,20.0,17.0,14.0,9.0,2.0,4.0,0.0,7.0,60.0,30.0,15.0,12.0,8.0,2.0,7.0,173.0,424.0,20.0,2235.0,2024
2024-709,Rome,Clay,128,PM,2024-05-06,264,201619,18.0,,Madison Keys,R,178.0,USA,29.2,215785,,,Camila Osorio,R,162.0,COL,22.3,6-0 4-6 6-3,3,R64,107.0,3.0,4.0,66.0,45.0,31.0,10.0,12.0,3.0,6.0,2.0,5.0,96.0,65.0,36.0,11.0,13.0,11.0,18.0,16.0,2688.0,64.0,1027.0,2024
2024-709,Rome,Clay,128,PM,2024-05-06,265,206242,12.0,,Beatriz Haddad Maia,L,185.0,BRA,27.9,216133,,,Xin Yu Wang,R,182.0,CHN,22.6,4-6 6-3 6-4,3,R64,136.0,2.0,3.0,82.0,60.0,42.0,11.0,15.0,4.0,8.0,2.0,3.0,89.0,52.0,28.0,21.0,14.0,6.0,11.0,13.0,3035.0,42.0,1371.0,2024
2024-709,Rome,Clay,128,PM,2024-05-06,262,214954,6.0,,Marketa Vondrousova,L,173.0,CZE,24.8,202536,,,Ana Bogdan,R,171.0,ROU,31.4,6-2 3-6 6-4,3,R64,146.0,1.0,5.0,87.0,54.0,31.0,17.0,13.0,6.0,11.0,5.0,2.0,95.0,60.0,32.0,14.0,14.0,7.0,14.0,6.0,4090.0,63.0,1029.0,2024
2024-709,Rome,Clay,128,PM,2024-05-06,261,221103,3.0,,Coco Gauff,R,175.0,USA,20.1,211684,,,Magdalena Frech,R,171.0,POL,26.3,6-3 6-3,3,R64,88.0,3.0,9.0,53.0,27.0,19.0,10.0,9.0,4.0,8.0,2.0,0.0,52.0,34.0,13.0,5.0,9.0,4.0,11.0,3.0,7313.0,55.0,1138.0,2024
2024-709,Rome,Clay,128,PM,2024-05-06,260,211713,,LL,Jaqueline Cristian,R,180.0,ROU,25.9,220589,,,Elina Avanesyan,R,,ARM,21.6,5-7 6-2 6-2,3,R64,170.0,4.0,3.0,102.0,62.0,42.0,19.0,14.0,13.0,17.0,1.0,4.0,111.0,74.0,38.0,16.0,14.0,9.0,16.0,68.0,983.0,72.0,922.0,2024
2024-709,Rome,Clay,128,PM,2024-05-06,259,211651,,,Paula Badosa,R,180.0,ESP,26.4,215613,21.0,,Emma Navarro,R,,USA,22.9,1-6 6-4 6-2,3,R64,116.0,3.0,1.0,89.0,58.0,34.0,19.0,13.0,9.0,13.0,1.0,2.0,88.0,53.0,33.0,17.0,12.0,7.0,11.0,126.0,627.0,22.0,2143.0,2024
2024-709,Rome,Clay,128,PM,2024-05-06,258,223670,,,Diana Shnaider,L,,RUS,20.0,214643,15.0,,Liudmila Samsonova,R,180.0,RUS,25.4,6-1 6-3,3,R64,87.0,0.0,1.0,45.0,30.0,19.0,8.0,8.0,0.0,2.0,2.0,9.0,62.0,24.0,15.0,10.0,8.0,8.0,14.0,62.0,1074.0,17.0,2495.0,2024
2024-709,Rome,Clay,128,PM,2024-05-06,263,201514,28.0,,Sorana Cirstea,R,176.0,ROU,34.0,259104,,Q,Brenda Fruhvirtova,R,,CZE,17.0,7-5 6-0,3,R64,92.0,4.0,1.0,67.0,34.0,20.0,17.0,9.0,7.0,10.0,1.0,9.0,62.0,31.0,17.0,8.0,9.0,6.0,13.0,32.0,1619.0,102.0,729.0,2024
2024-406,Strasbourg,Clay,32,I,2024-05-20,280,211701,,,Katerina Siniakova,R,174.0,CZE,28.0,201709,,Q,Yulia Putintseva,R,163.0,KAZ,29.3,6-0 7-5,3,R32,89.0,0.0,0.0,50.0,34.0,24.0,5.0,9.0,0.0,3.0,2.0,5.0,71.0,48.0,19.0,10.0,9.0,7.0,14.0,34.0,1535.0,37.0,1423.0,2024
2024-406,Strasbourg,Clay,32,I,2024-05-20,286,206242,2.0,,Beatriz Haddad Maia,L,185.0,BRA,27.9,215613,,,Emma Navarro,R,,USA,23.0,6-4 7-6(1),3,R16,136.0,2.0,1.0,93.0,59.0,36.0,12.0,11.0,11.0,17.0,2.0,3.0,78.0,50.0,23.0,13.0,11.0,5.0,12.0,14.0,2885.0,24.0,2068.0,2024
2024-406,Strasbourg,Clay,32,I,2024-05-20,284,211684,,Q,Magdalena Frech,R,171.0,POL,26.4,201585,,,Sloane Stephens,R,170.0,USA,31.1,6-3 6-3,3,R32,85.0,2.0,1.0,59.0,38.0,26.0,15.0,9.0,3.0,3.0,1.0,1.0,58.0,44.0,27.0,6.0,9.0,7.0,10.0,54.0,1108.0,35.0,1527.0,2024
2024-406,Strasbourg,Clay,32,I,2024-05-20,283,211539,,WC,Fiona Ferro,R,170.0,FRA,27.1,222965,,Q,Erika Andreeva,R,,RUS,19.9,6-2 6-2,3,R32,88.0,1.0,0.0,53.0,33.0,21.0,14.0,8.0,6.0,7.0,0.0,2.0,60.0,36.0,18.0,9.0,8.0,9.0,14.0,142.0,526.0,101.0,744.0,2024
2024-406,Strasbourg,Clay,32,I,2024-05-20,282,211843,,,Anhelina Kalinina,R,179.0,UKR,27.2,201499,8.0,,Anastasia Pavlyuchenkova,R,177.0,RUS,32.8,6-3 3-6 6-4,3,R32,157.0,2.0,3.0,96.0,58.0,38.0,14.0,14.0,6.0,12.0,6.0,9.0,104.0,55.0,28.0,22.0,14.0,13.0,20.0,56.0,1081.0,22.0,2166.0,2024
2024-406,Strasbourg,Clay,32,I,2024-05-20,279,216262,,,Clara Burel,R,176.0,FRA,23.1,201662,,WC,Karolina Pliskova,R,184.0,CZE,32.1,7-5 0-6 6-1,3,R32,112.0,3.0,13.0,102.0,51.0,31.0,25.0,13.0,14.0,19.0,2.0,7.0,67.0,43.0,23.0,13.0,12.0,4.0,9.0,43.0,1290.0,51.0,1147.0,2024
2024-406,Strasbourg,Clay,32,I,2024-05-20,287,214643,5.0,,Liudmila Samsonova,R,180.0,RUS,25.5,220367,,,Leylah Fernandez,L,168.0,CAN,21.7,4-6 6-4 6-2,3,R16,146.0,2.0,6.0,99.0,58.0,37.0,23.0,14.0,8.0,11.0,1.0,8.0,86.0,52.0,36.0,12.0,14.0,4.0,9.0,19.0,2440.0,33.0,1535.0,2024
2024-406,Strasbourg,Clay,32,I,2024-05-20,277,206420,6.0,,Ekaterina Alexandrova,R,175.0,RUS,29.5,213710,,Q,Cristina Bucsa,R,,ESP,26.3,6-0 7-5,3,R32,83.0,5.0,8.0,65.0,25.0,18.0,21.0,9.0,6.0,8.0,1.0,5.0,65.0,40.0,24.0,6.0,9.0,5.0,11.0,18.0,2450.0,72.0,924.0,2024
2024-406,Strasbourg,Clay,32,I,2024-05-20,276,202663,,,Magda Linette,R,171.0,POL,32.2,201514,,,Sorana Cirstea,R,176.0,ROU,34.1,7-5 7-5,3,R32,113.0,5.0,7.0,74.0,38.0,27.0,17.0,12.0,7.0,11.0,1.0,5.0,80.0,56.0,34.0,5.0,12.0,5.0,11.0,50.0,1158.0,30.0,1704.0,2024
2024-406,Strasbourg,Clay,32,I,2024-05-20,275,216133,,,Xin Yu Wang,R,182.0,CHN,22.6,214939,,,Anna Kalinskaya,R,175.0,RUS,25.4,6-4 7-6(3),3,R32,100.0,3.0,3.0,84.0,50.0,29.0,21.0,11.0,6.0,8.0,1.0,6.0,69.0,44.0,27.0,14.0,11.0,2.0,5.0,39.0,1381.0,25.0,1916.0,2024
2024-406,Strasbourg,Clay,32,I,2024-05-20,273,214643,5.0,,Liudmila Samsonova,R,180.0,RUS,25.5,206252,,,Barbora Krejcikova,R,178.0,CZE,28.4,6-2 6-7(5) 6-4,3,R32,180.0,8.0,11.0,96.0,40.0,31.0,30.0,15.0,2.0,5.0,2.0,16.0,123.0,62.0,39.0,25.0,15.0,9.0,15.0,19.0,2440.0,26.0,1767.0,2024
2024-406,Strasbourg,Clay,32,I,2024-05-20,272,220367,,,Leylah Fernandez,L,168.0,CAN,21.7,215713,,,Anastasia Potapova,R,175.0,RUS,23.1,4-6 7-6(4) 6-3,3,R32,161.0,2.0,9.0,106.0,66.0,42.0,18.0,15.0,14.0,19.0,1.0,9.0,130.0,79.0,47.0,20.0,16.0,13.0,19.0,33.0,1535.0,41.0,1317.0,2024
2024-406,Strasbourg,Clay,32,I,2024-05-20,271,215613,,,Emma Navarro,R,,USA,23.0,201427,,WC,Alize Cornet,R,173.0,FRA,34.3,6-4 6-1,3,R32,77.0,0.0,3.0,46.0,23.0,17.0,14.0,8.0,0.0,1.0,0.0,9.0,53.0,30.0,17.0,7.0,9.0,0.0,5.0,24.0,2068.0,107.0,720.0,2024
2024-406,Strasbourg,Clay,32,I,2024-05-20,278,202494,7.0,,Elina Svitolina,R,174.0,UKR,29.6,220348,,,Diane Parry,R,170.0,FRA,21.7,6-3 6-4,3,R32,85.0,0.0,2.0,53.0,34.0,21.0,11.0,9.0,1.0,3.0,4.0,2.0,62.0,29.0,16.0,15.0,10.0,5.0,10.0,17.0,2510.0,61.0,1036.0,2024
2024-406,Strasbourg,Clay,32,I,2024-05-20,288,201619,4.0,,Madison Keys,R,178.0,USA,29.2,216133,,,Xin Yu Wang,R,182.0,CHN,22.6,7-5 6-0,3,R16,80.0,2.0,4.0,64.0,41.0,33.0,8.0,9.0,5.0,6.0,0.0,0.0,52.0,33.0,18.0,8.0,9.0,4.0,9.0,16.0,2783.0,39.0,1381.0,2024
2024-1005,Rabat,Clay,32,I,2024-05-20,297,215872,,,Kamilla Rakhimova,R,,RUS,22.7,220714,7.0,,Elisabetta Cocciaretto,R,,ITA,23.3,7-5 7-5,3,QF,111.0,1.0,3.0,70.0,40.0,30.0,13.0,12.0,2.0,5.0,2.0,2.0,75.0,57.0,35.0,6.0,12.0,8.0,13.0,105.0,736.0,52.0,1124.0,2024
2024-406,Strasbourg,Clay,32,I,2024-05-20,290,216262,,,Clara Burel,R,176.0,FRA,23.1,202494,7.0,,Elina Svitolina,R,174.0,UKR,29.6,7-6(1) 4-6 6-1,3,R16,135.0,3.0,2.0,92.0,50.0,35.0,17.0,14.0,8.0,13.0,0.0,5.0,108.0,77.0,41.0,15.0,15.0,8.0,15.0,43.0,1290.0,17.0,2510.0,2024
2024-1005,Rabat,Clay,32,I,2024-05-20,282,220714,7.0,,Elisabetta Cocciaretto,R,,ITA,23.3,236956,,WC,Yasmine Kabbaj,U,,MAR,20.3,6-3 6-4,3,R32,105.0,0.0,0.0,63.0,48.0,29.0,6.0,10.0,5.0,9.0,0.0,2.0,65.0,55.0,23.0,6.0,9.0,6.0,12.0,52.0,1124.0,566.0,86.0,2024
2024-1005,Rabat,Clay,32,I,2024-05-20,283,222296,,,Zhuoxuan Bai,R,,CHN,21.5,215037,,,Kayla Day,L,173.0,USA,24.6,6-3 7-6(4),3,R32,138.0,1.0,2.0,82.0,52.0,33.0,16.0,10.0,8.0,10.0,1.0,2.0,86.0,52.0,28.0,19.0,11.0,3.0,7.0,99.0,757.0,100.0,749.0,2024
2024-1005,Rabat,Clay,32,I,2024-05-20,284,215872,,,Kamilla Rakhimova,R,,RUS,22.7,203501,,,Taylor Townsend,L,170.0,USA,28.0,2-0 RET,3,R32,18.0,2.0,0.0,8.0,6.0,5.0,1.0,2.0,0.0,0.0,0.0,2.0,6.0,2.0,1.0,1.0,1.0,1.0,2.0,105.0,736.0,75.0,904.0,2024
2024-1005,Rabat,Clay,32,I,2024-05-20,285,202662,,Q,Camilla Rosatello,R,,ITA,28.9,206294,1.0,,Yue Yuan,R,184.0,CHN,25.6,7-6(7) 1-6 6-4,3,R32,155.0,0.0,4.0,122.0,74.0,41.0,19.0,15.0,9.0,16.0,2.0,1.0,87.0,56.0,37.0,13.0,14.0,3.0,8.0,294.0,236.0,36.0,1442.0,2024
2024-1005,Rabat,Clay,32,I,2024-05-20,286,201696,,,Laura Siegemund,R,168.0,GER,36.2,215785,,,Camila Osorio,R,162.0,COL,22.4,6-4 6-4,3,R16,146.0,0.0,3.0,82.0,64.0,38.0,7.0,10.0,11.0,15.0,0.0,8.0,93.0,69.0,36.0,11.0,10.0,9.0,15.0,78.0,879.0,77.0,895.0,2024
2024-1005,Rabat,Clay,32,I,2024-05-20,287,202600,,,Viktoriya Tomova,R,170.0,BUL,29.2,206374,,,Yafan Wang,R,170.0,CHN,30.0,7-6(4) 6-0,3,R16,101.0,1.0,1.0,71.0,50.0,31.0,9.0,9.0,4.0,7.0,1.0,0.0,56.0,39.0,20.0,5.0,9.0,5.0,11.0,84.0,846.0,68.0,962.0,2024
2024-1005,Rabat,Clay,32,I,2024-05-20,288,214459,4.0,,Lucia Bronzetti,R,,ITA,25.4,203354,,,Martina Trevisan,L,160.0,ITA,30.5,6-2 6-3,3,R16,97.0,2.0,5.0,63.0,37.0,27.0,10.0,9.0,3.0,5.0,0.0,4.0,53.0,30.0,15.0,9.0,8.0,8.0,13.0,48.0,1209.0,88.0,808.0,2024
2024-1005,Rabat,Clay,32,I,2024-05-20,289,220548,,,Peyton Stearns,R,,USA,22.6,216016,6.0,,Xiyu Wang,L,,CHN,23.1,6-3 6-1,3,R16,101.0,0.0,3.0,54.0,39.0,28.0,7.0,8.0,5.0,6.0,1.0,3.0,72.0,45.0,22.0,11.0,8.0,10.0,15.0,81.0,850.0,62.0,1034.0,2024
2024-1005,Rabat,Clay,32,I,2024-05-20,281,204427,3.0,,Sara Sorribes Tormo,R,176.0,ESP,27.6,211279,,,Harriet Dart,R,175.0,GBR,27.8,6-2 6-0,3,R32,75.0,0.0,2.0,50.0,40.0,26.0,4.0,7.0,4.0,6.0,0.0,3.0,36.0,23.0,7.0,1.0,7.0,2.0,9.0,46.0,1246.0,91.0,789.0,2024
2024-1005,Rabat,Clay,32,I,2024-05-20,291,204427,3.0,,Sara Sorribes Tormo,R,176.0,ESP,27.6,206408,,,Nadia Podoroska,R,170.0,ARG,27.2,7-5 3-6 6-3,3,R16,178.0,0.0,4.0,95.0,81.0,43.0,8.0,15.0,4.0,11.0,0.0,6.0,100.0,69.0,37.0,11.0,15.0,5.0,13.0,46.0,1246.0,59.0,1076.0,2024
2024-1005,Rabat,Clay,32,I,2024-05-20,293,215872,,,Kamilla Rakhimova,R,,RUS,22.7,202662,,Q,Camilla Rosatello,R,,ITA,28.9,4-0 RET,3,R16,30.0,0.0,2.0,18.0,11.0,9.0,3.0,3.0,0.0,0.0,0.0,1.0,14.0,5.0,1.0,4.0,2.0,0.0,2.0,105.0,736.0,294.0,236.0,2024
2024-1005,Rabat,Clay,32,I,2024-05-20,294,202600,,,Viktoriya Tomova,R,170.0,BUL,29.2,201696,,,Laura Siegemund,R,168.0,GER,36.2,6-4 6-3,3,QF,115.0,0.0,2.0,59.0,39.0,24.0,9.0,9.0,4.0,7.0,0.0,3.0,72.0,53.0,26.0,6.0,10.0,8.0,14.0,84.0,846.0,78.0,879.0,2024
2024-1005,Rabat,Clay,32,I,2024-05-20,295,220548,,,Peyton Stearns,R,,USA,22.6,214459,4.0,,Lucia Bronzetti,R,,ITA,25.4,6-4 4-6 7-5,3,QF,165.0,3.0,1.0,115.0,88.0,45.0,12.0,16.0,14.0,22.0,1.0,3.0,113.0,79.0,41.0,11.0,16.0,13.0,22.0,81.0,850.0,48.0,1209.0,2024
2024-1005,Rabat,Clay,32,I,2024-05-20,296,210886,,,Mayar Sherif,R,180.0,EGY,28.0,204427,3.0,,Sara Sorribes Tormo,R,176.0,ESP,27.6,6-3 6-3,3,QF,97.0,0.0,0.0,49.0,43.0,30.0,1.0,9.0,1.0,3.0,0.0,0.0,58.0,46.0,26.0,2.0,9.0,7.0,12.0,66.0,980.0,46.0,1246.0,2024
2024-1005,Rabat,Clay,32,I,2024-05-20,298,220548,,,Peyton Stearns,R,,USA,22.6,202600,,,Viktoriya Tomova,R,170.0,BUL,29.2,6-7(6) 7-5 7-6(4),3,SF,195.0,2.0,3.0,131.0,94.0,57.0,18.0,18.0,5.0,12.0,1.0,6.0,134.0,85.0,48.0,22.0,18.0,4.0,12.0,81.0,850.0,84.0,846.0,2024
2024-1005,Rabat,Clay,32,I,2024-05-20,299,210886,,,Mayar Sherif,R,180.0,EGY,28.0,215872,,,Kamilla Rakhimova,R,,RUS,22.7,6-0 6-1,3,SF,61.0,0.0,0.0,34.0,28.0,18.0,5.0,6.0,2.0,3.0,0.0,4.0,47.0,28.0,8.0,7.0,7.0,5.0,12.0,66.0,980.0,105.0,736.0,2024
2024-1005,Rabat,Clay,32,I,2024-05-20,300,220548,,,Peyton Stearns,R,,USA,22.6,210886,,,Mayar Sherif,R,180.0,EGY,28.0,6-2 6-1,3,F,72.0,0.0,0.0,55.0,43.0,28.0,9.0,8.0,4.0,4.0,1.0,1.0,42.0,31.0,16.0,4.0,7.0,0.0,4.0,81.0,850.0,66.0,980.0,2024
2024-406,Strasbourg,Clay,32,I,2024-05-20,289,202663,,,Magda Linette,R,171.0,POL,32.2,206420,6.0,,Ekaterina Alexandrova,R,175.0,RUS,29.5,6-7(5) 6-3 6-3,3,R16,176.0,10.0,4.0,137.0,76.0,48.0,30.0,15.0,12.0,15.0,3.0,7.0,103.0,56.0,38.0,18.0,15.0,6.0,12.0,50.0,1158.0,18.0,2450.0,2024
2024-1005,Rabat,Clay,32,I,2024-05-20,292,220714,7.0,,Elisabetta Cocciaretto,R,,ITA,23.3,222296,,,Zhuoxuan Bai,R,,CHN,21.5,6-4 6-2,3,R16,87.0,0.0,1.0,56.0,42.0,30.0,10.0,9.0,1.0,1.0,1.0,0.0,54.0,42.0,24.0,8.0,9.0,4.0,7.0,52.0,1124.0,99.0,757.0,2024
2024-1005,Rabat,Clay,32,I,2024-05-20,280,206408,,,Nadia Podoroska,R,170.0,ARG,27.2,213583,,,Tatjana Maria,R,172.0,GER,36.7,6-2 6-4,3,R32,84.0,0.0,2.0,55.0,40.0,30.0,7.0,9.0,1.0,2.0,2.0,1.0,55.0,32.0,17.0,10.0,9.0,4.0,8.0,59.0,1076.0,64.0,1024.0,2024
2024-1005,Rabat,Clay,32,I,2024-05-20,290,210886,,,Mayar Sherif,R,180.0,EGY,28.0,214604,,,Maria Lourdes Carle,R,,ARG,24.2,6-3 6-2,3,R16,81.0,0.0,0.0,55.0,44.0,31.0,5.0,9.0,1.0,2.0,0.0,4.0,47.0,36.0,24.0,1.0,8.0,1.0,5.0,66.0,980.0,83.0,848.0,2024
2024-1005,Rabat,Clay,32,I,2024-05-20,278,214604,,,Maria Lourdes Carle,R,,ARG,24.2,201551,5.0,,Arantxa Rus,L,180.0,NED,33.4,6-3 6-3,3,R32,97.0,1.0,3.0,66.0,47.0,30.0,10.0,9.0,9.0,11.0,0.0,4.0,49.0,29.0,17.0,7.0,9.0,2.0,7.0,83.0,848.0,49.0,1159.0,2024
2024-406,Strasbourg,Clay,32,I,2024-05-20,291,203389,3.0,,Danielle Collins,R,178.0,USA,30.4,211701,,,Katerina Siniakova,R,174.0,CZE,28.0,6-1 6-2,3,R16,64.0,1.0,2.0,49.0,31.0,23.0,13.0,8.0,4.0,4.0,2.0,2.0,41.0,24.0,11.0,8.0,7.0,2.0,6.0,12.0,3148.0,34.0,1535.0,2024
2024-1005,Rabat,Clay,32,I,2024-05-20,279,210886,,,Mayar Sherif,R,180.0,EGY,28.0,223671,,WC,Aya El Aouni,U,,MAR,18.8,6-2 6-1,3,R32,72.0,0.0,1.0,52.0,37.0,28.0,8.0,8.0,3.0,3.0,2.0,1.0,50.0,45.0,22.0,1.0,7.0,6.0,10.0,66.0,980.0,629.0,68.0,2024
2024-406,Strasbourg,Clay,32,I,2024-05-20,292,211843,,,Anhelina Kalinina,R,179.0,UKR,27.2,211539,,WC,Fiona Ferro,R,170.0,FRA,27.1,6-3 3-6 6-0,3,R16,133.0,1.0,4.0,78.0,50.0,32.0,14.0,12.0,5.0,9.0,1.0,4.0,85.0,56.0,28.0,12.0,12.0,7.0,14.0,56.0,1081.0,142.0,526.0,2024
2024-406,Strasbourg,Clay,32,I,2024-05-20,293,214954,1.0,,Marketa Vondrousova,L,173.0,CZE,24.8,211684,,Q,Magdalena Frech,R,171.0,POL,26.4,5-7 6-1 6-0,3,R16,133.0,6.0,7.0,87.0,49.0,37.0,17.0,13.0,6.0,8.0,1.0,3.0,74.0,43.0,27.0,10.0,12.0,3.0,9.0,6.0,4035.0,54.0,1108.0,2024
2024-406,Strasbourg,Clay,32,I,2024-05-20,294,214643,5.0,,Liudmila Samsonova,R,180.0,RUS,25.5,206242,2.0,,Beatriz Haddad Maia,L,185.0,BRA,27.9,6-3 6-0,3,QF,89.0,5.0,2.0,57.0,32.0,25.0,12.0,7.0,5.0,5.0,1.0,1.0,44.0,30.0,17.0,5.0,8.0,2.0,7.0,19.0,2440.0,14.0,2885.0,2024
2024-406,Strasbourg,Clay,32,I,2024-05-20,295,201619,4.0,,Madison Keys,R,178.0,USA,29.2,202663,,,Magda Linette,R,171.0,POL,32.2,6-1 6-3,3,QF,69.0,2.0,0.0,46.0,37.0,28.0,5.0,8.0,1.0,1.0,0.0,2.0,50.0,32.0,20.0,6.0,8.0,4.0,8.0,16.0,2783.0,50.0,1158.0,2024
2024-406,Strasbourg,Clay,32,I,2024-05-20,297,211843,,,Anhelina Kalinina,R,179.0,UKR,27.2,214954,1.0,,Marketa Vondrousova,L,173.0,CZE,24.8,5-7 6-3 6-2,3,QF,154.0,0.0,2.0,111.0,68.0,39.0,22.0,15.0,12.0,18.0,4.0,12.0,82.0,48.0,26.0,12.0,14.0,5.0,13.0,56.0,1081.0,6.0,4035.0,2024
2024-406,Strasbourg,Clay,32,I,2024-05-20,298,201619,4.0,,Madison Keys,R,178.0,USA,29.2,214643,5.0,,Liudmila Samsonova,R,180.0,RUS,25.5,6-1 6-3,3,SF,77.0,0.0,4.0,50.0,38.0,23.0,6.0,8.0,1.0,3.0,0.0,4.0,55.0,29.0,15.0,6.0,8.0,4.0,10.0,16.0,2783.0,19.0,2440.0,2024
2024-406,Strasbourg,Clay,32,I,2024-05-20,299,203389,3.0,,Danielle Collins,R,178.0,USA,30.4,211843,,,Anhelina Kalinina,R,179.0,UKR,27.2,7-6(3) 6-2,3,SF,99.0,2.0,2.0,61.0,32.0,25.0,15.0,10.0,2.0,4.0,2.0,3.0,72.0,38.0,25.0,14.0,10.0,3.0,7.0,12.0,3148.0,56.0,1081.0,2024
2024-406,Strasbourg,Clay,32,I,2024-05-20,300,201619,4.0,,Madison Keys,R,178.0,USA,29.2,203389,3.0,,Danielle Collins,R,178.0,USA,30.4,6-1 6-2,3,F,72.0,1.0,3.0,45.0,28.0,19.0,9.0,7.0,2.0,3.0,2.0,5.0,60.0,39.0,19.0,6.0,8.0,10.0,16.0,16.0,2783.0,12.0,3148.0,2024
2024-406,Strasbourg,Clay,32,I,2024-05-20,296,203389,3.0,,Danielle Collins,R,178.0,USA,30.4,216262,,,Clara Burel,R,176.0,FRA,23.1,6-1 6-3,3,QF,63.0,0.0,3.0,43.0,29.0,22.0,7.0,8.0,0.0,1.0,2.0,3.0,51.0,26.0,15.0,8.0,8.0,2.0,7.0,12.0,3148.0,43.0,1290.0,2024
2024-1005,Rabat,Clay,32,I,2024-05-20,270,201696,,,Laura Siegemund,R,168.0,GER,36.2,215020,2.0,,Anna Blinkova,R,179.0,RUS,25.6,6-1 7-6(4),3,R32,108.0,0.0,2.0,64.0,45.0,26.0,6.0,9.0,8.0,13.0,1.0,5.0,75.0,43.0,18.0,11.0,10.0,8.0,16.0,78.0,879.0,45.0,1275.0,2024
2024-1005,Rabat,Clay,32,I,2024-05-20,271,215785,,,Camila Osorio,R,162.0,COL,22.4,220589,,,Elina Avanesyan,R,,ARM,21.6,3-6 6-4 4-0 RET,3,R32,130.0,0.0,6.0,98.0,70.0,33.0,14.0,12.0,7.0,13.0,1.0,3.0,72.0,44.0,22.0,10.0,12.0,5.0,12.0,77.0,895.0,69.0,956.0,2024
2024-1005,Rabat,Clay,32,I,2024-05-20,272,202600,,,Viktoriya Tomova,R,170.0,BUL,29.2,214507,,Q,Berfu Cengiz,R,,TUR,24.5,6-2 6-1,3,R32,58.0,4.0,2.0,50.0,35.0,27.0,6.0,7.0,3.0,3.0,0.0,3.0,48.0,33.0,17.0,5.0,8.0,3.0,8.0,84.0,846.0,347.0,187.0,2024
2024-1005,Rabat,Clay,32,I,2024-05-20,273,206374,,,Yafan Wang,R,170.0,CHN,30.0,202684,8.0,,Lin Zhu,R,173.0,CHN,30.3,4-6 6-0 6-2,3,R32,128.0,2.0,3.0,87.0,49.0,31.0,23.0,12.0,7.0,9.0,0.0,3.0,71.0,41.0,20.0,16.0,12.0,3.0,9.0,68.0,962.0,58.0,1077.0,2024
2024-1005,Rabat,Clay,32,I,2024-05-20,274,214459,4.0,,Lucia Bronzetti,R,,ITA,25.4,259753,,WC,Malak El Allami,U,,MAR,17.8,6-1 6-0,3,R32,52.0,0.0,2.0,33.0,22.0,16.0,6.0,6.0,0.0,1.0,2.0,1.0,45.0,28.0,10.0,3.0,7.0,3.0,10.0,48.0,1209.0,1143.0,11.0,2024
2024-1005,Rabat,Clay,32,I,2024-05-20,275,203354,,,Martina Trevisan,L,160.0,ITA,30.5,211702,,,Nao Hibino,R,163.0,JPN,29.4,7-5 4-6 6-3,3,R32,156.0,1.0,9.0,93.0,61.0,35.0,14.0,15.0,7.0,14.0,0.0,5.0,100.0,64.0,35.0,15.0,16.0,6.0,15.0,88.0,808.0,96.0,764.0,2024
2024-1005,Rabat,Clay,32,I,2024-05-20,276,220548,,,Peyton Stearns,R,,USA,22.6,202434,,Q,Aleksandra Krunic,R,163.0,SRB,31.1,5-7 6-2 6-1,3,R32,124.0,2.0,3.0,100.0,65.0,38.0,18.0,14.0,2.0,6.0,1.0,1.0,81.0,56.0,26.0,14.0,13.0,6.0,13.0,81.0,850.0,471.0,126.0,2024
2024-1005,Rabat,Clay,32,I,2024-05-20,277,216016,6.0,,Xiyu Wang,L,,CHN,23.1,215572,,Q,Nuria Brancaccio,R,,ITA,23.9,7-6(5) 7-5,3,R32,133.0,0.0,1.0,81.0,58.0,34.0,13.0,12.0,6.0,9.0,0.0,0.0,88.0,66.0,38.0,11.0,12.0,7.0,11.0,62.0,1034.0,286.0,246.0,2024
2024-520,Roland Garros,Clay,128,G,2024-05-27,193,201619,14.0,,Madison Keys,R,178.0,USA,29.2,210886,,,Mayar Sherif,R,180.0,EGY,28.0,6-0 7-6(7),3,R64,,0.0,1.0,56.0,47.0,34.0,5.0,9.0,2.0,3.0,1.0,1.0,63.0,51.0,26.0,7.0,9.0,6.0,10.0,12.0,3283.0,53.0,1113.0,2024
2024-520,Roland Garros,Clay,128,G,2024-05-27,194,215613,22.0,,Emma Navarro,R,,USA,23.0,201506,,Q,Sara Errani,R,164.0,ITA,37.0,6-2 7-5,3,R64,,2.0,0.0,65.0,50.0,25.0,8.0,10.0,2.0,6.0,0.0,1.0,68.0,53.0,22.0,5.0,10.0,2.0,9.0,24.0,2068.0,95.0,765.0,2024
2024-520,Roland Garros,Clay,128,G,2024-05-27,195,211651,,,Paula Badosa,R,180.0,ESP,26.5,201709,,,Yulia Putintseva,R,163.0,KAZ,29.3,4-6 6-1 7-5,3,R64,,3.0,2.0,93.0,71.0,45.0,16.0,15.0,5.0,8.0,1.0,3.0,79.0,50.0,34.0,13.0,14.0,2.0,7.0,139.0,532.0,39.0,1393.0,2024
2024-520,Roland Garros,Clay,128,G,2024-05-27,196,214544,2.0,,Aryna Sabalenka,R,182.0,BLR,26.0,220416,,Q,Moyuka Uchijima,R,171.0,JPN,22.7,6-2 6-2,3,R64,,2.0,0.0,47.0,29.0,22.0,13.0,8.0,4.0,4.0,4.0,3.0,53.0,39.0,21.0,5.0,8.0,3.0,7.0,2.0,8138.0,83.0,855.0,2024
2024-520,Roland Garros,Clay,128,G,2024-05-27,201,221103,3.0,,Coco Gauff,R,175.0,USA,20.2,215035,30.0,,Dayana Yastremska,R,175.0,UKR,24.0,6-2 6-4,3,R32,,3.0,4.0,70.0,33.0,24.0,17.0,9.0,9.0,11.0,2.0,1.0,66.0,45.0,23.0,9.0,9.0,6.0,11.0,3.0,7638.0,32.0,1622.0,2024
2024-520,Roland Garros,Clay,128,G,2024-05-27,198,215713,,,Anastasia Potapova,R,175.0,RUS,23.1,216133,,,Xin Yu Wang,R,182.0,CHN,22.6,7-5 6-7(6) 6-4,3,R32,,1.0,3.0,116.0,75.0,49.0,20.0,18.0,4.0,10.0,0.0,4.0,145.0,105.0,57.0,18.0,16.0,17.0,24.0,41.0,1317.0,37.0,1411.0,2024
2024-520,Roland Garros,Clay,128,G,2024-05-27,200,214954,5.0,,Marketa Vondrousova,L,173.0,CZE,24.9,203564,,WC,Chloe Paquet,R,179.0,FRA,29.9,6-1 6-3,3,R32,,0.0,1.0,48.0,30.0,18.0,11.0,8.0,2.0,4.0,0.0,4.0,63.0,35.0,16.0,10.0,8.0,9.0,15.0,6.0,4143.0,136.0,540.0,2024
2024-520,Roland Garros,Clay,128,G,2024-05-27,199,215337,,Q,Olga Danilovic,L,,SRB,23.3,202499,,,Donna Vekic,R,179.0,CRO,27.9,0-6 7-5 7-6(8),3,R32,,4.0,7.0,140.0,94.0,53.0,21.0,15.0,13.0,19.0,3.0,4.0,107.0,66.0,42.0,20.0,15.0,8.0,12.0,125.0,588.0,40.0,1358.0,2024
2024-520,Roland Garros,Clay,128,G,2024-05-27,192,220548,,,Peyton Stearns,R,,USA,22.6,214082,10.0,,Daria Kasatkina,R,170.0,RUS,27.0,7-5 6-2,3,R64,,0.0,0.0,69.0,42.0,24.0,14.0,10.0,2.0,5.0,0.0,1.0,65.0,48.0,24.0,6.0,10.0,2.0,8.0,62.0,1040.0,13.0,3258.0,2024
2024-520,Roland Garros,Clay,128,G,2024-05-27,197,216347,1.0,,Iga Swiatek,R,176.0,POL,22.9,213631,,,Marie Bouzkova,R,180.0,CZE,25.8,6-4 6-2,3,R32,,2.0,1.0,49.0,31.0,23.0,12.0,9.0,0.0,1.0,5.0,3.0,59.0,43.0,25.0,5.0,9.0,3.0,7.0,1.0,11695.0,42.0,1305.0,2024
2024-520,Roland Garros,Clay,128,G,2024-05-27,191,259799,,,Mirra Andreeva,R,,RUS,17.0,201458,19.0,,Victoria Azarenka,R,180.0,BLR,34.8,6-3 3-6 7-5,3,R64,,2.0,3.0,99.0,66.0,35.0,12.0,15.0,8.0,17.0,0.0,1.0,95.0,80.0,37.0,6.0,15.0,3.0,13.0,38.0,1407.0,21.0,2174.0,2024
2024-520,Roland Garros,Clay,128,G,2024-05-27,182,220589,,,Elina Avanesyan,R,,ARM,21.6,215020,,,Anna Blinkova,R,179.0,RUS,25.7,6-3 6-0,3,R64,,0.0,2.0,57.0,44.0,28.0,7.0,8.0,3.0,4.0,0.0,6.0,60.0,40.0,18.0,9.0,7.0,9.0,14.0,70.0,956.0,55.0,1096.0,2024
2024-520,Roland Garros,Clay,128,G,2024-05-27,189,219875,,,Varvara Gracheva,R,,FRA,23.8,211095,,,Bernarda Pera,L,175.0,USA,29.4,6-1 6-3,3,R64,,1.0,0.0,42.0,34.0,20.0,6.0,8.0,1.0,3.0,0.0,2.0,46.0,29.0,13.0,5.0,8.0,4.0,10.0,88.0,800.0,80.0,871.0,2024
2024-520,Roland Garros,Clay,128,G,2024-05-27,188,214981,4.0,,Elena Rybakina,R,184.0,KAZ,24.9,201551,,,Arantxa Rus,L,180.0,NED,33.4,6-3 6-4,3,R64,,8.0,1.0,59.0,44.0,34.0,6.0,10.0,2.0,3.0,1.0,3.0,50.0,33.0,22.0,7.0,9.0,1.0,4.0,4.0,5673.0,50.0,1159.0,2024
2024-520,Roland Garros,Clay,128,G,2024-05-27,187,210722,25.0,,Elise Mertens,R,179.0,BEL,28.5,201549,,,Petra Martic,R,181.0,CRO,33.3,6-4 6-3,3,R64,,3.0,5.0,60.0,32.0,26.0,15.0,10.0,1.0,2.0,2.0,4.0,54.0,34.0,22.0,9.0,9.0,2.0,5.0,27.0,1739.0,81.0,863.0,2024
2024-520,Roland Garros,Clay,128,G,2024-05-27,186,202536,,,Ana Bogdan,R,171.0,ROU,31.5,201499,20.0,,Anastasia Pavlyuchenkova,R,177.0,RUS,32.9,6-4 6-4,3,R64,,1.0,2.0,65.0,51.0,26.0,13.0,10.0,1.0,3.0,2.0,3.0,61.0,38.0,21.0,11.0,10.0,3.0,7.0,64.0,1029.0,22.0,2116.0,2024
2024-520,Roland Garros,Clay,128,G,2024-05-27,185,202494,15.0,,Elina Svitolina,R,174.0,UKR,29.7,220348,,,Diane Parry,R,170.0,FRA,21.7,6-4 7-6(3),3,R64,,4.0,0.0,68.0,43.0,32.0,11.0,11.0,3.0,6.0,5.0,1.0,82.0,42.0,25.0,20.0,11.0,10.0,14.0,19.0,2290.0,63.0,1036.0,2024
2024-520,Roland Garros,Clay,128,G,2024-05-27,184,211148,12.0,,Jasmine Paolini,R,160.0,ITA,28.3,221024,,LL,Hailey Baptiste,R,,USA,22.5,6-4 7-6(6),3,R64,,1.0,3.0,75.0,47.0,30.0,14.0,11.0,2.0,6.0,3.0,1.0,82.0,42.0,25.0,19.0,11.0,3.0,8.0,15.0,2898.0,107.0,719.0,2024
2024-520,Roland Garros,Clay,128,G,2024-05-27,183,215370,,PR,Bianca Andreescu,R,170.0,CAN,23.9,214939,23.0,,Anna Kalinskaya,R,175.0,RUS,25.4,1-6 7-5 6-3,3,R64,,0.0,1.0,97.0,66.0,41.0,17.0,14.0,10.0,12.0,1.0,3.0,93.0,74.0,52.0,8.0,14.0,10.0,12.0,228.0,323.0,25.0,1916.0,2024
2024-520,Roland Garros,Clay,128,G,2024-05-27,181,221012,7.0,,Qinwen Zheng,R,,CHN,21.6,211337,,,Tamara Korpatsch,R,170.0,GER,29.0,6-2 6-2,3,R64,,1.0,3.0,52.0,24.0,19.0,17.0,8.0,2.0,2.0,0.0,3.0,48.0,28.0,14.0,10.0,8.0,0.0,4.0,8.0,3945.0,79.0,897.0,2024
2024-520,Roland Garros,Clay,128,G,2024-05-27,202,220714,,,Elisabetta Cocciaretto,R,,ITA,23.3,214643,17.0,,Liudmila Samsonova,R,180.0,RUS,25.5,7-6(4) 6-2,3,R32,,0.0,2.0,60.0,45.0,33.0,11.0,10.0,3.0,5.0,8.0,4.0,60.0,37.0,24.0,12.0,10.0,3.0,7.0,51.0,1149.0,17.0,2580.0,2024
2024-520,Roland Garros,Clay,128,G,2024-05-27,180,202460,8.0,,Ons Jabeur,R,167.0,TUN,29.7,215785,,,Camila Osorio,R,162.0,COL,22.4,6-3 1-6 6-3,3,R64,,0.0,4.0,93.0,57.0,26.0,17.0,13.0,3.0,9.0,0.0,6.0,88.0,64.0,33.0,5.0,12.0,3.0,9.0,9.0,3748.0,77.0,905.0,2024
2024-520,Roland Garros,Clay,128,G,2024-05-27,190,201593,,PR,Irina Camelia Begu,R,181.0,ROU,33.7,222328,27.0,,Linda Noskova,R,,CZE,19.5,6-4 6-2,3,R64,,3.0,1.0,47.0,33.0,26.0,8.0,9.0,1.0,2.0,1.0,2.0,63.0,36.0,20.0,14.0,9.0,5.0,9.0,127.0,581.0,29.0,1714.0,2024
2024-520,Roland Garros,Clay,128,G,2024-05-27,203,220704,,,Clara Tauson,R,182.0,DEN,21.4,213550,,,Sofia Kenin,R,170.0,USA,25.5,6-2 7-5,3,R32,,6.0,4.0,68.0,50.0,33.0,8.0,10.0,7.0,9.0,0.0,8.0,91.0,69.0,35.0,11.0,10.0,10.0,15.0,72.0,924.0,56.0,1094.0,2024
2024-520,Roland Garros,Clay,128,G,2024-05-27,224,259799,,,Mirra Andreeva,R,,RUS,17.0,214544,2.0,,Aryna Sabalenka,R,182.0,BLR,26.0,6-7(5) 6-4 6-4,3,QF,,4.0,7.0,93.0,46.0,26.0,23.0,16.0,0.0,6.0,3.0,6.0,107.0,57.0,30.0,24.0,16.0,6.0,14.0,38.0,1407.0,2.0,8138.0,2024
2024-520,Roland Garros,Clay,128,G,2024-05-27,205,220589,,,Elina Avanesyan,R,,ARM,21.6,221012,7.0,,Qinwen Zheng,R,,CHN,21.6,3-6 6-3 7-6(6),3,R32,,2.0,0.0,108.0,78.0,47.0,17.0,15.0,7.0,12.0,4.0,7.0,102.0,48.0,34.0,27.0,15.0,4.0,9.0,70.0,956.0,8.0,3945.0,2024
2024-520,Roland Garros,Clay,128,G,2024-05-27,179,220367,31.0,,Leylah Fernandez,L,168.0,CAN,21.7,216016,,,Xiyu Wang,L,,CHN,23.1,6-3 6-4,3,R64,,1.0,2.0,64.0,39.0,26.0,17.0,10.0,5.0,6.0,1.0,8.0,51.0,32.0,22.0,8.0,9.0,2.0,5.0,34.0,1565.0,61.0,1046.0,2024
2024-520,Roland Garros,Clay,128,G,2024-05-27,227,216347,1.0,,Iga Swiatek,R,176.0,POL,22.9,211148,12.0,,Jasmine Paolini,R,160.0,ITA,28.3,6-2 6-1,3,F,,1.0,0.0,42.0,26.0,18.0,11.0,8.0,0.0,1.0,1.0,2.0,46.0,31.0,12.0,6.0,7.0,4.0,9.0,1.0,11695.0,15.0,2898.0,2024
2024-520,Roland Garros,Clay,128,G,2024-05-27,226,211148,12.0,,Jasmine Paolini,R,160.0,ITA,28.3,259799,,,Mirra Andreeva,R,,RUS,17.0,6-3 6-1,3,SF,,1.0,0.0,59.0,47.0,32.0,7.0,8.0,6.0,6.0,1.0,1.0,50.0,32.0,16.0,6.0,8.0,2.0,6.0,15.0,2898.0,38.0,1407.0,2024
2024-520,Roland Garros,Clay,128,G,2024-05-27,225,216347,1.0,,Iga Swiatek,R,176.0,POL,22.9,221103,3.0,,Coco Gauff,R,175.0,USA,20.2,6-2 6-4,3,SF,,0.0,0.0,63.0,42.0,27.0,14.0,9.0,3.0,4.0,3.0,4.0,63.0,32.0,22.0,10.0,9.0,3.0,7.0,1.0,11695.0,3.0,7638.0,2024
2024-520,Roland Garros,Clay,128,G,2024-05-27,223,211148,12.0,,Jasmine Paolini,R,160.0,ITA,28.3,214981,4.0,,Elena Rybakina,R,184.0,KAZ,24.9,6-2 4-6 6-4,3,QF,,1.0,1.0,93.0,65.0,37.0,18.0,14.0,6.0,11.0,10.0,3.0,87.0,58.0,34.0,11.0,14.0,9.0,16.0,15.0,2898.0,4.0,5673.0,2024
2024-520,Roland Garros,Clay,128,G,2024-05-27,222,221103,3.0,,Coco Gauff,R,175.0,USA,20.2,202460,8.0,,Ons Jabeur,R,167.0,TUN,29.7,4-6 6-2 6-3,3,QF,,3.0,4.0,102.0,63.0,43.0,25.0,14.0,6.0,8.0,4.0,1.0,83.0,58.0,36.0,14.0,13.0,1.0,5.0,3.0,7638.0,9.0,3748.0,2024
2024-520,Roland Garros,Clay,128,G,2024-05-27,221,216347,1.0,,Iga Swiatek,R,176.0,POL,22.9,214954,5.0,,Marketa Vondrousova,L,173.0,CZE,24.9,6-0 6-2,3,QF,,0.0,0.0,39.0,27.0,23.0,6.0,7.0,1.0,1.0,0.0,4.0,50.0,33.0,16.0,5.0,7.0,4.0,9.0,1.0,11695.0,6.0,4143.0,2024
2024-520,Roland Garros,Clay,128,G,2024-05-27,220,214544,2.0,,Aryna Sabalenka,R,182.0,BLR,26.0,215613,22.0,,Emma Navarro,R,,USA,23.0,6-2 6-3,3,R16,,7.0,0.0,43.0,27.0,22.0,11.0,8.0,0.0,0.0,4.0,2.0,62.0,46.0,28.0,3.0,9.0,6.0,10.0,2.0,8138.0,24.0,2068.0,2024
2024-520,Roland Garros,Clay,128,G,2024-05-27,219,259799,,,Mirra Andreeva,R,,RUS,17.0,219875,,,Varvara Gracheva,R,,FRA,23.8,7-5 6-2,3,R16,,5.0,3.0,66.0,37.0,24.0,16.0,10.0,5.0,7.0,1.0,1.0,70.0,49.0,21.0,11.0,10.0,4.0,9.0,38.0,1407.0,88.0,800.0,2024
2024-520,Roland Garros,Clay,128,G,2024-05-27,218,214981,4.0,,Elena Rybakina,R,184.0,KAZ,24.9,202494,15.0,,Elina Svitolina,R,174.0,UKR,29.7,6-4 6-3,3,R16,,5.0,1.0,48.0,27.0,20.0,11.0,9.0,1.0,3.0,5.0,3.0,59.0,38.0,23.0,8.0,10.0,2.0,7.0,4.0,5673.0,19.0,2290.0,2024
2024-520,Roland Garros,Clay,128,G,2024-05-27,204,202460,8.0,,Ons Jabeur,R,167.0,TUN,29.7,220367,31.0,,Leylah Fernandez,L,168.0,CAN,21.7,6-4 7-6(5),3,R32,,3.0,0.0,74.0,51.0,33.0,21.0,11.0,4.0,6.0,1.0,5.0,79.0,54.0,33.0,13.0,11.0,4.0,7.0,9.0,3748.0,34.0,1565.0,2024
2024-520,Roland Garros,Clay,128,G,2024-05-27,217,211148,12.0,,Jasmine Paolini,R,160.0,ITA,28.3,220589,,,Elina Avanesyan,R,,ARM,21.6,4-6 6-0 6-1,3,R16,,0.0,3.0,85.0,62.0,36.0,10.0,12.0,5.0,9.0,0.0,3.0,80.0,65.0,28.0,6.0,11.0,9.0,17.0,15.0,2898.0,70.0,956.0,2024
2024-520,Roland Garros,Clay,128,G,2024-05-27,215,221103,3.0,,Coco Gauff,R,175.0,USA,20.2,220714,,,Elisabetta Cocciaretto,R,,ITA,23.3,6-1 6-2,3,R16,,3.0,5.0,42.0,24.0,19.0,11.0,8.0,2.0,3.0,0.0,1.0,40.0,28.0,10.0,7.0,7.0,2.0,7.0,3.0,7638.0,51.0,1149.0,2024
2024-520,Roland Garros,Clay,128,G,2024-05-27,214,214954,5.0,,Marketa Vondrousova,L,173.0,CZE,24.9,215337,,Q,Olga Danilovic,L,,SRB,23.3,6-4 6-2,3,R16,,1.0,4.0,55.0,31.0,25.0,12.0,9.0,4.0,5.0,1.0,2.0,55.0,38.0,19.0,10.0,9.0,3.0,7.0,6.0,4143.0,125.0,588.0,2024
2024-520,Roland Garros,Clay,128,G,2024-05-27,213,216347,1.0,,Iga Swiatek,R,176.0,POL,22.9,215713,,,Anastasia Potapova,R,175.0,RUS,23.1,6-0 6-0,3,R16,,3.0,0.0,27.0,16.0,15.0,9.0,6.0,0.0,0.0,0.0,1.0,31.0,12.0,3.0,4.0,6.0,2.0,8.0,1.0,11695.0,41.0,1317.0,2024
2024-520,Roland Garros,Clay,128,G,2024-05-27,212,214544,2.0,,Aryna Sabalenka,R,182.0,BLR,26.0,211651,,,Paula Badosa,R,180.0,ESP,26.5,7-5 6-1,3,R32,,0.0,1.0,51.0,35.0,22.0,8.0,9.0,1.0,4.0,1.0,3.0,67.0,40.0,20.0,10.0,10.0,11.0,18.0,2.0,8138.0,139.0,532.0,2024
2024-520,Roland Garros,Clay,128,G,2024-05-27,211,215613,22.0,,Emma Navarro,R,,USA,23.0,201619,14.0,,Madison Keys,R,178.0,USA,29.2,7-6(5) 7-6(3),3,R32,,2.0,2.0,96.0,74.0,49.0,8.0,12.0,6.0,10.0,6.0,1.0,84.0,61.0,38.0,8.0,12.0,5.0,9.0,24.0,2068.0,12.0,3283.0,2024
2024-520,Roland Garros,Clay,128,G,2024-05-27,210,259799,,,Mirra Andreeva,R,,RUS,17.0,220548,,,Peyton Stearns,R,,USA,22.6,6-2 6-1,3,R32,,2.0,2.0,55.0,36.0,24.0,9.0,7.0,2.0,3.0,0.0,2.0,54.0,35.0,15.0,9.0,8.0,5.0,11.0,38.0,1407.0,62.0,1040.0,2024
2024-520,Roland Garros,Clay,128,G,2024-05-27,209,219875,,,Varvara Gracheva,R,,FRA,23.8,201593,,PR,Irina Camelia Begu,R,181.0,ROU,33.7,7-5 6-3,3,R32,,0.0,1.0,74.0,52.0,28.0,12.0,11.0,6.0,9.0,3.0,2.0,55.0,45.0,26.0,2.0,10.0,5.0,10.0,88.0,800.0,127.0,581.0,2024
2024-520,Roland Garros,Clay,128,G,2024-05-27,208,214981,4.0,,Elena Rybakina,R,184.0,KAZ,24.9,210722,25.0,,Elise Mertens,R,179.0,BEL,28.5,6-4 6-2,3,R32,,3.0,2.0,54.0,36.0,27.0,8.0,9.0,1.0,3.0,0.0,3.0,46.0,29.0,13.0,9.0,9.0,1.0,6.0,4.0,5673.0,27.0,1739.0,2024
2024-520,Roland Garros,Clay,128,G,2024-05-27,207,202494,15.0,,Elina Svitolina,R,174.0,UKR,29.7,202536,,,Ana Bogdan,R,171.0,ROU,31.5,7-5 6-2,3,R32,,4.0,3.0,76.0,48.0,26.0,13.0,10.0,5.0,9.0,0.0,1.0,54.0,37.0,16.0,4.0,10.0,3.0,10.0,19.0,2290.0,64.0,1029.0,2024
2024-520,Roland Garros,Clay,128,G,2024-05-27,206,211148,12.0,,Jasmine Paolini,R,160.0,ITA,28.3,215370,,PR,Bianca Andreescu,R,170.0,CAN,23.9,6-1 3-6 6-0,3,R32,,1.0,1.0,58.0,38.0,27.0,11.0,11.0,1.0,3.0,1.0,2.0,78.0,57.0,28.0,9.0,11.0,6.0,12.0,15.0,2898.0,228.0,323.0,2024
2024-520,Roland Garros,Clay,128,G,2024-05-27,216,202460,8.0,,Ons Jabeur,R,167.0,TUN,29.7,220704,,,Clara Tauson,R,182.0,DEN,21.4,6-4 6-4,3,R16,,5.0,3.0,78.0,47.0,36.0,13.0,10.0,2.0,3.0,2.0,4.0,73.0,48.0,30.0,11.0,10.0,4.0,7.0,9.0,3748.0,72.0,924.0,2024
2024-520,Roland Garros,Clay,128,G,2024-05-27,178,213550,,,Sofia Kenin,R,170.0,USA,25.5,201614,21.0,,Caroline Garcia,R,177.0,FRA,30.6,6-3 6-3,3,R64,,1.0,0.0,52.0,42.0,32.0,6.0,9.0,3.0,4.0,7.0,4.0,78.0,50.0,31.0,10.0,9.0,5.0,9.0,56.0,1094.0,23.0,2068.0,2024
2024-520,Roland Garros,Clay,128,G,2024-05-27,106,215713,,,Anastasia Potapova,R,175.0,RUS,23.1,215872,,,Kamilla Rakhimova,R,,RUS,22.7,6-2 6-3,3,R128,,3.0,6.0,56.0,34.0,26.0,7.0,8.0,5.0,7.0,0.0,4.0,53.0,40.0,19.0,3.0,9.0,3.0,9.0,41.0,1317.0,87.0,804.0,2024
2024-520,Roland Garros,Clay,128,G,2024-05-27,176,220714,,,Elisabetta Cocciaretto,R,,ITA,23.3,213710,,,Cristina Bucsa,R,,ESP,26.4,6-1 6-4,3,R64,,3.0,0.0,62.0,45.0,30.0,11.0,9.0,4.0,4.0,1.0,3.0,50.0,40.0,26.0,4.0,8.0,6.0,9.0,51.0,1149.0,73.0,924.0,2024
2024-520,Roland Garros,Clay,128,G,2024-05-27,107,216133,,,Xin Yu Wang,R,182.0,CHN,22.6,215898,,Q,Jule Niemeier,R,178.0,GER,24.7,0-6 6-2 6-4,3,R128,,2.0,1.0,79.0,54.0,28.0,13.0,12.0,7.0,13.0,3.0,8.0,100.0,64.0,36.0,15.0,12.0,14.0,20.0,37.0,1411.0,97.0,761.0,2024
2024-520,Roland Garros,Clay,128,G,2024-05-27,105,203530,,,Viktorija Golubic,R,169.0,SUI,31.6,206252,24.0,,Barbora Krejcikova,R,178.0,CZE,28.4,7-6(3) 6-4,3,R128,,1.0,1.0,74.0,53.0,30.0,9.0,11.0,3.0,7.0,2.0,2.0,78.0,51.0,28.0,11.0,11.0,4.0,9.0,76.0,908.0,26.0,1768.0,2024
2024-520,Roland Garros,Clay,128,G,2024-05-27,104,213631,,,Marie Bouzkova,R,180.0,CZE,25.8,206368,29.0,,Veronika Kudermetova,R,175.0,RUS,27.0,6-2 6-4,3,R128,,0.0,4.0,55.0,33.0,24.0,12.0,9.0,2.0,3.0,1.0,3.0,56.0,27.0,15.0,15.0,9.0,4.0,8.0,42.0,1305.0,31.0,1623.0,2024
2024-520,Roland Garros,Clay,128,G,2024-05-27,103,213544,,LL,Jana Fett,R,168.0,CRO,27.5,222601,,,Jessica Bouzas Maneiro,R,,ESP,21.6,6-2 3-6 7-5,3,R128,,1.0,10.0,86.0,50.0,32.0,12.0,15.0,5.0,12.0,1.0,9.0,94.0,58.0,31.0,13.0,14.0,5.0,13.0,135.0,541.0,86.0,811.0,2024
2024-520,Roland Garros,Clay,128,G,2024-05-27,177,220704,,,Clara Tauson,R,182.0,DEN,21.4,211533,9.0,,Jelena Ostapenko,R,177.0,LAT,26.9,7-6(4) 4-6 6-3,3,R64,,4.0,5.0,96.0,48.0,34.0,22.0,15.0,4.0,10.0,5.0,11.0,113.0,64.0,38.0,21.0,15.0,9.0,15.0,72.0,924.0,11.0,3318.0,2024
2024-520,Roland Garros,Clay,128,G,2024-05-27,102,211768,,PR,Naomi Osaka,R,180.0,JPN,26.6,214459,,,Lucia Bronzetti,R,,ITA,25.4,6-1 4-6 7-5,3,R128,,6.0,4.0,92.0,49.0,34.0,24.0,15.0,1.0,4.0,0.0,1.0,85.0,63.0,39.0,11.0,14.0,6.0,11.0,134.0,544.0,67.0,983.0,2024
2024-520,Roland Garros,Clay,128,G,2024-05-27,101,216347,1.0,,Iga Swiatek,R,176.0,POL,22.9,206417,,Q,Leolia Jeanjean,R,,FRA,28.7,6-1 6-2,3,R128,,1.0,0.0,37.0,27.0,21.0,5.0,7.0,1.0,2.0,0.0,1.0,46.0,26.0,12.0,6.0,8.0,0.0,6.0,1.0,11695.0,148.0,498.0,2024
2024-520,Roland Garros,Clay,128,G,2024-05-27,128,201614,21.0,,Caroline Garcia,R,177.0,FRA,30.6,220332,,Q,Eva Lys,R,165.0,GER,22.3,4-6 7-5 6-2,3,R128,,18.0,8.0,108.0,65.0,44.0,22.0,15.0,7.0,11.0,2.0,8.0,91.0,55.0,33.0,17.0,15.0,9.0,15.0,23.0,2068.0,143.0,516.0,2024
2024-520,Roland Garros,Clay,128,G,2024-05-27,129,220367,31.0,,Leylah Fernandez,L,168.0,CAN,21.7,211316,,WC,Jessika Ponchet,R,,FRA,27.6,6-2 6-0,3,R128,,0.0,2.0,43.0,28.0,23.0,8.0,7.0,0.0,0.0,2.0,1.0,61.0,30.0,19.0,8.0,7.0,6.0,11.0,34.0,1565.0,147.0,502.0,2024
2024-520,Roland Garros,Clay,128,G,2024-05-27,131,215785,,,Camila Osorio,R,162.0,COL,22.4,211843,,,Anhelina Kalinina,R,179.0,UKR,27.2,3-6 7-6(2) 4-1,3,R128,,0.0,4.0,87.0,64.0,40.0,8.0,12.0,7.0,12.0,0.0,0.0,91.0,59.0,37.0,12.0,14.0,3.0,9.0,77.0,905.0,48.0,1221.0,2024
2024-520,Roland Garros,Clay,128,G,2024-05-27,132,202460,8.0,,Ons Jabeur,R,167.0,TUN,29.7,203500,,WC,Sachia Vickery,R,162.0,USA,29.0,6-3 6-2,3,R128,,1.0,1.0,53.0,29.0,24.0,13.0,9.0,1.0,2.0,0.0,1.0,82.0,50.0,32.0,10.0,8.0,10.0,14.0,9.0,3748.0,124.0,607.0,2024
2024-520,Roland Garros,Clay,128,G,2024-05-27,133,221012,7.0,,Qinwen Zheng,R,,CHN,21.6,201427,,WC,Alize Cornet,R,173.0,FRA,34.3,6-2 6-1,3,R128,,1.0,0.0,44.0,27.0,22.0,6.0,7.0,3.0,4.0,1.0,3.0,63.0,37.0,20.0,6.0,8.0,10.0,16.0,8.0,3945.0,106.0,720.0,2024
2024-520,Roland Garros,Clay,128,G,2024-05-27,134,211337,,,Tamara Korpatsch,R,170.0,GER,29.0,221909,,,Ashlyn Krueger,R,185.0,USA,20.0,4-6 6-4 7-6(9),3,R128,,0.0,11.0,131.0,83.0,51.0,20.0,16.0,13.0,19.0,1.0,6.0,107.0,66.0,38.0,20.0,16.0,4.0,10.0,79.0,897.0,66.0,994.0,2024
2024-520,Roland Garros,Clay,128,G,2024-05-27,135,220589,,,Elina Avanesyan,R,,ARM,21.6,202684,,,Lin Zhu,R,173.0,CHN,30.3,6-2 6-4,3,R128,,0.0,0.0,51.0,33.0,20.0,7.0,9.0,1.0,5.0,0.0,3.0,62.0,38.0,17.0,6.0,9.0,4.0,11.0,70.0,956.0,58.0,1077.0,2024
2024-520,Roland Garros,Clay,128,G,2024-05-27,136,215020,,,Anna Blinkova,R,179.0,RUS,25.7,201514,28.0,,Sorana Cirstea,R,176.0,ROU,34.1,6-3 3-6 7-6(5),3,R128,,1.0,6.0,102.0,72.0,44.0,9.0,15.0,4.0,11.0,3.0,3.0,112.0,60.0,32.0,25.0,15.0,7.0,14.0,55.0,1096.0,30.0,1704.0,2024
2024-520,Roland Garros,Clay,128,G,2024-05-27,108,202600,,,Viktoriya Tomova,R,170.0,BUL,29.2,206420,16.0,,Ekaterina Alexandrova,R,175.0,RUS,29.5,6-3 7-6(5),3,R128,,1.0,3.0,65.0,47.0,29.0,11.0,11.0,1.0,4.0,1.0,3.0,73.0,34.0,19.0,18.0,10.0,4.0,8.0,75.0,914.0,18.0,2480.0,2024
2024-520,Roland Garros,Clay,128,G,2024-05-27,109,203389,11.0,,Danielle Collins,R,178.0,USA,30.4,214452,,,Caroline Dolehide,R,178.0,USA,25.7,6-3 6-4,3,R128,,1.0,3.0,61.0,34.0,25.0,17.0,10.0,2.0,3.0,1.0,2.0,65.0,39.0,22.0,14.0,9.0,7.0,10.0,10.0,3472.0,60.0,1068.0,2024
2024-520,Roland Garros,Clay,128,G,2024-05-27,110,215337,,Q,Olga Danilovic,L,,SRB,23.3,203354,,,Martina Trevisan,L,160.0,ITA,30.5,6-1 6-2,3,R128,,1.0,4.0,66.0,39.0,25.0,14.0,8.0,8.0,9.0,0.0,1.0,42.0,26.0,8.0,8.0,7.0,1.0,6.0,125.0,588.0,92.0,778.0,2024
2024-520,Roland Garros,Clay,128,G,2024-05-27,111,202499,,,Donna Vekic,R,179.0,CRO,27.9,201615,,,Lesia Tsurenko,R,174.0,UKR,34.9,6-5 RET,3,R128,,1.0,3.0,43.0,25.0,15.0,5.0,6.0,3.0,7.0,1.0,4.0,37.0,21.0,9.0,5.0,5.0,2.0,6.0,40.0,1358.0,45.0,1278.0,2024
2024-520,Roland Garros,Clay,128,G,2024-05-27,127,213550,,,Sofia Kenin,R,170.0,USA,25.5,201696,,,Laura Siegemund,R,168.0,GER,36.2,4-6 6-2 6-2,3,R128,,0.0,3.0,88.0,62.0,36.0,16.0,13.0,8.0,11.0,0.0,9.0,68.0,41.0,25.0,9.0,13.0,1.0,7.0,56.0,1094.0,71.0,932.0,2024
2024-520,Roland Garros,Clay,128,G,2024-05-27,126,220704,,,Clara Tauson,R,182.0,DEN,21.4,213583,,,Tatjana Maria,R,172.0,GER,36.8,6-2 6-3,3,R128,,3.0,1.0,44.0,26.0,21.0,10.0,8.0,0.0,1.0,3.0,1.0,59.0,33.0,19.0,11.0,9.0,6.0,11.0,72.0,924.0,65.0,1024.0,2024
2024-520,Roland Garros,Clay,128,G,2024-05-27,125,211533,9.0,,Jelena Ostapenko,R,177.0,LAT,26.9,211713,,,Jaqueline Cristian,R,180.0,ROU,25.9,6-4 7-5,3,R128,,2.0,6.0,66.0,45.0,26.0,16.0,11.0,5.0,8.0,1.0,3.0,65.0,42.0,18.0,14.0,11.0,4.0,9.0,11.0,3318.0,69.0,965.0,2024
2024-520,Roland Garros,Clay,128,G,2024-05-27,124,220714,,,Elisabetta Cocciaretto,R,,ITA,23.3,206242,13.0,,Beatriz Haddad Maia,L,185.0,BRA,27.9,3-6 6-4 6-1,3,R128,,0.0,2.0,91.0,61.0,39.0,14.0,13.0,9.0,13.0,2.0,4.0,90.0,56.0,30.0,16.0,13.0,6.0,12.0,51.0,1149.0,14.0,2983.0,2024
2024-520,Roland Garros,Clay,128,G,2024-05-27,123,213710,,,Cristina Bucsa,R,,ESP,26.4,263857,,Q,Yuliia Starodubtseva,R,,UKR,24.2,6-4 6-1,3,R128,,0.0,1.0,51.0,38.0,25.0,6.0,9.0,2.0,5.0,0.0,2.0,57.0,38.0,18.0,8.0,8.0,6.0,12.0,73.0,924.0,142.0,518.0,2024
2024-520,Roland Garros,Clay,128,G,2024-05-27,122,216153,,PR,Amanda Anisimova,R,180.0,USA,22.7,211685,,Q,Rebecca Sramkova,R,,SVK,27.6,7-6(6) 6-4,3,R128,,5.0,7.0,71.0,43.0,29.0,16.0,11.0,3.0,5.0,2.0,1.0,69.0,41.0,29.0,12.0,11.0,3.0,6.0,231.0,322.0,101.0,745.0,2024
2024-520,Roland Garros,Clay,128,G,2024-05-27,121,214643,17.0,,Liudmila Samsonova,R,180.0,RUS,25.5,202663,,,Magda Linette,R,171.0,POL,32.2,6-1 6-1,3,R128,,2.0,2.0,34.0,15.0,12.0,16.0,7.0,0.0,0.0,2.0,2.0,57.0,31.0,15.0,11.0,7.0,4.0,9.0,17.0,2580.0,46.0,1236.0,2024
2024-520,Roland Garros,Clay,128,G,2024-05-27,137,214939,23.0,,Anna Kalinskaya,R,175.0,RUS,25.4,216262,,,Clara Burel,R,176.0,FRA,23.1,7-6(3) 7-5,3,R128,,1.0,5.0,91.0,64.0,33.0,10.0,12.0,9.0,16.0,2.0,2.0,87.0,44.0,20.0,17.0,12.0,11.0,19.0,25.0,1916.0,44.0,1288.0,2024
2024-520,Roland Garros,Clay,128,G,2024-05-27,120,215035,30.0,,Dayana Yastremska,R,175.0,UKR,24.0,201548,,WC,Ajla Tomljanovic,R,180.0,AUS,31.0,3-6 6-3 6-3,3,R128,,6.0,4.0,91.0,53.0,34.0,24.0,14.0,6.0,8.0,1.0,3.0,92.0,67.0,43.0,12.0,13.0,3.0,6.0,32.0,1622.0,202.0,357.0,2024
2024-520,Roland Garros,Clay,128,G,2024-05-27,118,214461,,Q,Tamara Zidansek,R,168.0,SLO,26.4,202421,,PR,Alison Van Uytvanck,R,173.0,BEL,30.1,6-2 2-6 6-1,3,R128,,0.0,5.0,75.0,42.0,28.0,14.0,12.0,2.0,6.0,3.0,2.0,87.0,55.0,30.0,14.0,11.0,11.0,17.0,131.0,556.0,397.0,158.0,2024
2024-520,Roland Garros,Clay,128,G,2024-05-27,117,221103,3.0,,Coco Gauff,R,175.0,USA,20.2,222919,,Q,Julia Avdeeva,R,,RUS,21.8,6-1 6-1,3,R128,,3.0,4.0,38.0,24.0,23.0,7.0,7.0,0.0,0.0,1.0,5.0,38.0,19.0,10.0,5.0,7.0,3.0,8.0,3.0,7638.0,208.0,352.0,2024
2024-520,Roland Garros,Clay,128,G,2024-05-27,116,214954,5.0,,Marketa Vondrousova,L,173.0,CZE,24.9,214119,,,Rebeka Masarova,R,186.0,ESP,24.8,6-1 6-3,3,R128,,2.0,3.0,70.0,56.0,36.0,6.0,8.0,5.0,6.0,2.0,2.0,55.0,40.0,20.0,5.0,8.0,5.0,10.0,6.0,4143.0,94.0,772.0,2024
2024-520,Roland Garros,Clay,128,G,2024-05-27,115,220465,,Q,Katie Volynets,R,,USA,22.4,202434,,PR,Aleksandra Krunic,R,163.0,SRB,31.2,7-6(4) 6-2,3,R128,,1.0,0.0,63.0,49.0,27.0,9.0,10.0,5.0,9.0,0.0,1.0,79.0,52.0,25.0,12.0,10.0,7.0,13.0,108.0,717.0,425.0,144.0,2024
2024-520,Roland Garros,Clay,128,G,2024-05-27,114,203564,,WC,Chloe Paquet,R,179.0,FRA,29.9,223670,,,Diana Shnaider,L,,RUS,20.1,6-3 6-1,3,R128,,4.0,0.0,49.0,31.0,20.0,12.0,8.0,2.0,3.0,1.0,2.0,47.0,32.0,17.0,6.0,8.0,0.0,5.0,136.0,540.0,47.0,1236.0,2024
2024-520,Roland Garros,Clay,128,G,2024-05-27,113,211701,32.0,,Katerina Siniakova,R,174.0,CZE,28.0,213646,,LL,Dalma Galfi,R,178.0,HUN,25.7,7-5 7-6(3),3,R128,,1.0,6.0,81.0,54.0,33.0,14.0,12.0,1.0,5.0,2.0,1.0,79.0,51.0,31.0,14.0,12.0,3.0,8.0,33.0,1585.0,145.0,509.0,2024
2024-520,Roland Garros,Clay,128,G,2024-05-27,112,216146,18.0,,Marta Kostyuk,R,175.0,UKR,21.9,206007,,Q,Laura Pigossi,R,164.0,BRA,29.8,7-5 6-7(4) 6-4,3,R128,,5.0,11.0,134.0,72.0,35.0,33.0,17.0,7.0,13.0,0.0,4.0,148.0,108.0,55.0,16.0,17.0,11.0,19.0,20.0,2180.0,119.0,645.0,2024
2024-520,Roland Garros,Clay,128,G,2024-05-27,119,206374,,,Yafan Wang,R,170.0,CHN,30.0,221237,,,Maria Timofeeva,R,,RUS,20.5,6-3 6-3,3,R128,,0.0,2.0,54.0,31.0,18.0,16.0,9.0,5.0,7.0,2.0,1.0,79.0,48.0,25.0,14.0,9.0,9.0,14.0,68.0,979.0,105.0,722.0,2024
2024-520,Roland Garros,Clay,128,G,2024-05-27,138,215370,,PR,Bianca Andreescu,R,170.0,CAN,23.9,204427,,,Sara Sorribes Tormo,R,176.0,ESP,27.6,7-5 6-1,3,R128,,0.0,0.0,53.0,38.0,20.0,11.0,9.0,1.0,4.0,0.0,2.0,65.0,41.0,17.0,9.0,10.0,4.0,11.0,228.0,323.0,43.0,1299.0,2024
2024-520,Roland Garros,Clay,128,G,2024-05-27,130,216016,,,Xiyu Wang,L,,CHN,23.1,222296,,,Zhuoxuan Bai,R,,CHN,21.5,7-5 6-7(4) 6-3,3,R128,,1.0,7.0,99.0,62.0,39.0,17.0,16.0,9.0,15.0,2.0,3.0,125.0,78.0,41.0,21.0,17.0,8.0,17.0,61.0,1046.0,93.0,775.0,2024
2024-520,Roland Garros,Clay,128,G,2024-05-27,140,211148,12.0,,Jasmine Paolini,R,160.0,ITA,28.3,201611,,,Daria Saville,R,166.0,AUS,30.2,6-3 6-4,3,R128,,1.0,3.0,65.0,45.0,25.0,7.0,10.0,3.0,8.0,2.0,9.0,69.0,51.0,22.0,5.0,9.0,10.0,17.0,15.0,2898.0,84.0,820.0,2024
2024-520,Roland Garros,Clay,128,G,2024-05-27,160,215613,22.0,,Emma Navarro,R,,USA,23.0,220309,,Q,Zeynep Sonmez,R,,TUR,22.0,6-2 6-0,3,R128,,0.0,0.0,38.0,21.0,15.0,12.0,7.0,1.0,2.0,0.0,3.0,41.0,21.0,5.0,8.0,7.0,1.0,7.0,24.0,2068.0,163.0,460.0,2024
2024-520,Roland Garros,Clay,128,G,2024-05-27,161,211651,,,Paula Badosa,R,180.0,ESP,26.5,211107,26.0,,Katie Boulter,R,180.0,GBR,27.8,4-6 7-5 6-4,3,R128,,6.0,5.0,96.0,68.0,42.0,17.0,16.0,5.0,9.0,6.0,9.0,106.0,58.0,41.0,20.0,16.0,5.0,10.0,139.0,532.0,28.0,1730.0,2024
2024-520,Roland Garros,Clay,128,G,2024-05-27,162,201709,,,Yulia Putintseva,R,163.0,KAZ,29.3,201585,,,Sloane Stephens,R,170.0,USA,31.1,6-1 6-2,3,R128,,1.0,2.0,50.0,42.0,31.0,4.0,8.0,1.0,1.0,0.0,3.0,35.0,25.0,12.0,3.0,7.0,0.0,4.0,39.0,1393.0,35.0,1447.0,2024
2024-520,Roland Garros,Clay,128,G,2024-05-27,163,220416,,Q,Moyuka Uchijima,R,171.0,JPN,22.7,213706,,Q,Irene Burillo Escorihuela,R,,ESP,26.8,6-1 6-1,3,R128,,1.0,2.0,32.0,17.0,14.0,10.0,7.0,0.0,1.0,0.0,4.0,56.0,38.0,16.0,5.0,7.0,5.0,11.0,83.0,855.0,302.0,226.0,2024
2024-520,Roland Garros,Clay,128,G,2024-05-27,164,214544,2.0,,Aryna Sabalenka,R,182.0,BLR,26.0,222965,,,Erika Andreeva,R,,RUS,19.9,6-1 6-2,3,R128,,1.0,1.0,50.0,32.0,23.0,10.0,8.0,2.0,3.0,2.0,4.0,39.0,23.0,8.0,8.0,7.0,1.0,6.0,2.0,8138.0,100.0,749.0,2024
2024-520,Roland Garros,Clay,128,G,2024-05-27,139,221024,,LL,Hailey Baptiste,R,,USA,22.5,215037,,,Kayla Day,L,173.0,USA,24.6,4-6 6-2 6-2,3,R128,,4.0,4.0,80.0,74.0,51.0,2.0,13.0,2.0,4.0,2.0,4.0,85.0,81.0,47.0,0.0,13.0,6.0,11.0,107.0,719.0,99.0,749.0,2024
2024-520,Roland Garros,Clay,128,G,2024-05-27,166,213631,,,Marie Bouzkova,R,180.0,CZE,25.8,213544,,LL,Jana Fett,R,168.0,CRO,27.5,6-2 6-2,3,R64,,1.0,1.0,53.0,30.0,20.0,15.0,8.0,3.0,4.0,1.0,3.0,59.0,35.0,17.0,11.0,8.0,8.0,13.0,42.0,1305.0,135.0,541.0,2024
2024-520,Roland Garros,Clay,128,G,2024-05-27,159,201506,,Q,Sara Errani,R,164.0,ITA,37.0,203533,,,Anna Karolina Schmiedlova,R,176.0,SVK,29.7,6-3 6-2,3,R128,,0.0,0.0,58.0,46.0,20.0,6.0,8.0,7.0,12.0,1.0,5.0,71.0,47.0,15.0,4.0,9.0,4.0,13.0,95.0,765.0,54.0,1110.0,2024
2024-520,Roland Garros,Clay,128,G,2024-05-27,167,215713,,,Anastasia Potapova,R,175.0,RUS,23.1,203530,,,Viktorija Golubic,R,169.0,SUI,31.6,6-2 6-2,3,R64,,2.0,2.0,54.0,33.0,26.0,12.0,8.0,5.0,5.0,0.0,1.0,49.0,33.0,20.0,4.0,8.0,2.0,6.0,41.0,1317.0,76.0,908.0,2024
2024-520,Roland Garros,Clay,128,G,2024-05-27,169,215337,,Q,Olga Danilovic,L,,SRB,23.3,203389,11.0,,Danielle Collins,R,178.0,USA,30.4,6-7(3) 7-5 6-4,3,R64,,3.0,3.0,110.0,69.0,44.0,23.0,17.0,6.0,10.0,5.0,7.0,102.0,58.0,46.0,15.0,16.0,3.0,9.0,125.0,588.0,10.0,3472.0,2024
2024-520,Roland Garros,Clay,128,G,2024-05-27,170,202499,,,Donna Vekic,R,179.0,CRO,27.9,216146,18.0,,Marta Kostyuk,R,175.0,UKR,21.9,7-5 6-4,3,R64,,1.0,7.0,81.0,45.0,29.0,11.0,11.0,10.0,15.0,2.0,8.0,87.0,49.0,27.0,14.0,11.0,6.0,13.0,40.0,1358.0,20.0,2180.0,2024
2024-520,Roland Garros,Clay,128,G,2024-05-27,171,203564,,WC,Chloe Paquet,R,179.0,FRA,29.9,211701,32.0,,Katerina Siniakova,R,174.0,CZE,28.0,3-6 7-6(2) 7-6(6),3,R64,,4.0,7.0,124.0,63.0,39.0,29.0,17.0,9.0,15.0,1.0,6.0,114.0,78.0,44.0,19.0,16.0,9.0,13.0,136.0,540.0,33.0,1585.0,2024
2024-520,Roland Garros,Clay,128,G,2024-05-27,172,214954,5.0,,Marketa Vondrousova,L,173.0,CZE,24.9,220465,,Q,Katie Volynets,R,,USA,22.4,0-6 6-1 6-4,3,R64,,1.0,9.0,91.0,56.0,32.0,15.0,12.0,5.0,10.0,0.0,3.0,60.0,49.0,26.0,5.0,11.0,3.0,8.0,6.0,4143.0,108.0,717.0,2024
2024-520,Roland Garros,Clay,128,G,2024-05-27,173,221103,3.0,,Coco Gauff,R,175.0,USA,20.2,214461,,Q,Tamara Zidansek,R,168.0,SLO,26.4,6-3 6-4,3,R64,,2.0,6.0,62.0,30.0,22.0,15.0,10.0,6.0,9.0,0.0,4.0,66.0,36.0,18.0,14.0,9.0,3.0,8.0,3.0,7638.0,131.0,556.0,2024
2024-520,Roland Garros,Clay,128,G,2024-05-27,174,215035,30.0,,Dayana Yastremska,R,175.0,UKR,24.0,206374,,,Yafan Wang,R,170.0,CHN,30.0,6-2 6-0,3,R64,,1.0,2.0,37.0,20.0,13.0,13.0,7.0,0.0,1.0,1.0,3.0,44.0,25.0,11.0,4.0,7.0,3.0,9.0,32.0,1622.0,68.0,979.0,2024
2024-520,Roland Garros,Clay,128,G,2024-05-27,175,214643,17.0,,Liudmila Samsonova,R,180.0,RUS,25.5,216153,,PR,Amanda Anisimova,R,180.0,USA,22.7,6-2 6-1,3,R64,,3.0,1.0,35.0,20.0,14.0,11.0,7.0,0.0,1.0,0.0,4.0,48.0,31.0,9.0,10.0,8.0,4.0,10.0,17.0,2580.0,231.0,322.0,2024
2024-520,Roland Garros,Clay,128,G,2024-05-27,168,216133,,,Xin Yu Wang,R,182.0,CHN,22.6,202600,,,Viktoriya Tomova,R,170.0,BUL,29.2,7-5 5-7 6-1,3,R64,,1.0,3.0,100.0,75.0,48.0,16.0,15.0,6.0,8.0,1.0,4.0,107.0,73.0,46.0,16.0,15.0,15.0,20.0,37.0,1411.0,75.0,914.0,2024
2024-520,Roland Garros,Clay,128,G,2024-05-27,158,210886,,,Mayar Sherif,R,180.0,EGY,28.0,206294,,,Yue Yuan,R,184.0,CHN,25.6,6-1 6-3,3,R128,,0.0,0.0,53.0,42.0,27.0,6.0,8.0,4.0,5.0,0.0,1.0,52.0,34.0,15.0,8.0,8.0,6.0,11.0,53.0,1113.0,36.0,1442.0,2024
2024-520,Roland Garros,Clay,128,G,2024-05-27,165,216347,1.0,,Iga Swiatek,R,176.0,POL,22.9,211768,,PR,Naomi Osaka,R,180.0,JPN,26.6,7-6(1) 1-6 7-5,3,R64,,0.0,3.0,115.0,69.0,45.0,22.0,16.0,4.0,9.0,8.0,4.0,108.0,67.0,49.0,17.0,15.0,12.0,15.0,1.0,11695.0,134.0,544.0,2024
2024-520,Roland Garros,Clay,128,G,2024-05-27,156,214082,10.0,,Daria Kasatkina,R,170.0,RUS,27.0,211684,,,Magdalena Frech,R,171.0,POL,26.4,7-5 6-1,3,R128,,3.0,3.0,62.0,38.0,30.0,9.0,9.0,5.0,7.0,2.0,0.0,64.0,51.0,24.0,6.0,10.0,3.0,9.0,13.0,3258.0,49.0,1166.0,2024
2024-520,Roland Garros,Clay,128,G,2024-05-27,157,201619,14.0,,Madison Keys,R,178.0,USA,29.2,213887,,,Renata Zarazua,R,,MEX,26.6,6-3 6-2,3,R128,,2.0,4.0,55.0,40.0,26.0,4.0,8.0,5.0,8.0,0.0,5.0,50.0,34.0,14.0,3.0,9.0,2.0,9.0,12.0,3283.0,102.0,743.0,2024
2024-520,Roland Garros,Clay,128,G,2024-05-27,142,220348,,,Diane Parry,R,170.0,FRA,21.7,211539,,WC,Fiona Ferro,R,170.0,FRA,27.2,3-6 6-3 6-3,3,R128,,2.0,1.0,75.0,48.0,33.0,16.0,13.0,2.0,4.0,1.0,1.0,81.0,54.0,34.0,13.0,14.0,4.0,8.0,63.0,1036.0,126.0,584.0,2024
2024-520,Roland Garros,Clay,128,G,2024-05-27,143,202536,,,Ana Bogdan,R,171.0,ROU,31.5,221039,,WC,Elsa Jacquemot,R,,FRA,21.0,6-1 6-3,3,R128,,0.0,0.0,42.0,25.0,16.0,13.0,8.0,0.0,1.0,1.0,4.0,49.0,26.0,16.0,7.0,8.0,3.0,8.0,64.0,1029.0,149.0,493.0,2024
2024-520,Roland Garros,Clay,128,G,2024-05-27,144,201499,20.0,,Anastasia Pavlyuchenkova,R,177.0,RUS,32.9,215910,,LL,Panna Udvardy,R,170.0,HUN,25.6,6-3 6-4,3,R128,,2.0,3.0,74.0,48.0,29.0,13.0,10.0,6.0,9.0,2.0,2.0,59.0,33.0,20.0,8.0,9.0,2.0,7.0,22.0,2116.0,132.0,552.0,2024
2024-520,Roland Garros,Clay,128,G,2024-05-27,145,210722,25.0,,Elise Mertens,R,179.0,BEL,28.5,214604,,,Maria Lourdes Carle,R,,ARG,24.2,6-3 7-6(8),3,R128,,0.0,4.0,90.0,53.0,30.0,15.0,10.0,6.0,11.0,0.0,9.0,82.0,52.0,30.0,7.0,11.0,3.0,10.0,27.0,1739.0,82.0,863.0,2024
2024-520,Roland Garros,Clay,128,G,2024-05-27,146,201549,,,Petra Martic,R,181.0,CRO,33.3,201540,,WC,Kristina Mladenovic,R,184.0,FRA,31.0,6-4 6-4,3,R128,,5.0,4.0,57.0,34.0,27.0,8.0,10.0,3.0,6.0,0.0,7.0,59.0,41.0,23.0,6.0,10.0,4.0,9.0,81.0,863.0,212.0,348.0,2024
2024-520,Roland Garros,Clay,128,G,2024-05-27,147,201551,,,Arantxa Rus,L,180.0,NED,33.4,201493,,PR,Angelique Kerber,L,173.0,GER,36.3,6-4 6-3,3,R128,,0.0,3.0,58.0,50.0,33.0,5.0,10.0,2.0,4.0,1.0,0.0,64.0,50.0,31.0,4.0,9.0,5.0,9.0,50.0,1159.0,232.0,322.0,2024
2024-520,Roland Garros,Clay,128,G,2024-05-27,141,202494,15.0,,Elina Svitolina,R,174.0,UKR,29.7,201662,,,Karolina Pliskova,R,184.0,CZE,32.1,3-6 6-4 6-2,3,R128,,3.0,2.0,78.0,54.0,32.0,11.0,13.0,5.0,10.0,3.0,6.0,85.0,53.0,26.0,15.0,14.0,6.0,13.0,19.0,2290.0,52.0,1147.0,2024
2024-520,Roland Garros,Clay,128,G,2024-05-27,149,219875,,,Varvara Gracheva,R,,FRA,23.8,206289,6.0,,Maria Sakkari,R,172.0,GRE,28.8,3-6 6-4 6-3,3,R128,,3.0,2.0,94.0,63.0,35.0,21.0,14.0,11.0,15.0,5.0,6.0,91.0,46.0,31.0,18.0,14.0,1.0,6.0,88.0,800.0,7.0,3980.0,2024
2024-520,Roland Garros,Clay,128,G,2024-05-27,150,211095,,,Bernarda Pera,L,175.0,USA,29.4,211702,,,Nao Hibino,R,163.0,JPN,29.4,6-2 6-0,3,R128,,7.0,2.0,41.0,28.0,23.0,7.0,7.0,1.0,1.0,0.0,3.0,48.0,33.0,15.0,5.0,7.0,2.0,7.0,80.0,871.0,96.0,764.0,2024
2024-520,Roland Garros,Clay,128,G,2024-05-27,151,201593,,PR,Irina Camelia Begu,R,181.0,ROU,33.7,220699,,Q,Julia Riera,R,,ARG,21.9,6-2 6-2,3,R128,,1.0,1.0,49.0,29.0,23.0,13.0,8.0,2.0,2.0,1.0,0.0,43.0,21.0,11.0,10.0,8.0,1.0,5.0,127.0,581.0,115.0,676.0,2024
2024-520,Roland Garros,Clay,128,G,2024-05-27,152,222328,27.0,,Linda Noskova,R,,CZE,19.5,211279,,,Harriet Dart,R,175.0,GBR,27.8,7-6(3) 6-4,3,R128,,4.0,1.0,65.0,43.0,28.0,15.0,11.0,1.0,3.0,3.0,6.0,73.0,38.0,29.0,12.0,11.0,3.0,6.0,29.0,1714.0,90.0,789.0,2024
2024-520,Roland Garros,Clay,128,G,2024-05-27,153,201458,19.0,,Victoria Azarenka,R,180.0,BLR,34.8,206408,,,Nadia Podoroska,R,170.0,ARG,27.2,6-1 6-0,3,R128,,1.0,4.0,46.0,26.0,22.0,11.0,7.0,2.0,2.0,2.0,1.0,35.0,23.0,9.0,4.0,6.0,1.0,6.0,21.0,2174.0,59.0,1076.0,2024
2024-520,Roland Garros,Clay,128,G,2024-05-27,154,259799,,,Mirra Andreeva,R,,RUS,17.0,211765,,,Emina Bektas,R,,USA,31.1,6-2 6-3,3,R128,,4.0,2.0,56.0,36.0,30.0,7.0,8.0,4.0,5.0,2.0,4.0,53.0,32.0,17.0,8.0,9.0,5.0,10.0,38.0,1407.0,98.0,761.0,2024
2024-520,Roland Garros,Clay,128,G,2024-05-27,155,220548,,,Peyton Stearns,R,,USA,22.6,239156,,Q,Lucija Ciric Bagaric,R,,CRO,20.3,6-3 6-7(8) 7-6(6),3,R128,,0.0,6.0,122.0,82.0,46.0,19.0,17.0,4.0,12.0,1.0,6.0,101.0,63.0,32.0,17.0,16.0,2.0,11.0,62.0,1040.0,184.0,401.0,2024
2024-520,Roland Garros,Clay,128,G,2024-05-27,148,214981,4.0,,Elena Rybakina,R,184.0,KAZ,24.9,213889,,,Greet Minnen,R,,BEL,26.7,6-2 6-3,3,R128,,5.0,4.0,59.0,40.0,27.0,6.0,9.0,1.0,4.0,3.0,2.0,53.0,29.0,14.0,5.0,8.0,4.0,10.0,4.0,5673.0,85.0,812.0,2024
2024-1080,Nottingham,Grass,32,I,2024-06-10,284,222258,,Q,Linda Fruhvirtova,R,,CZE,19.1,213908,,,Yuriko Miyazaki,R,165.0,GBR,28.5,6-4 7-5,3,R32,114.0,6.0,6.0,69.0,50.0,37.0,5.0,11.0,3.0,6.0,3.0,2.0,77.0,40.0,22.0,18.0,11.0,9.0,14.0,139.0,526.0,145.0,505.0,2024
2024-1080,Nottingham,Grass,32,I,2024-06-10,283,201586,,WC,Heather Watson,R,170.0,GBR,32.0,215037,,,Kayla Day,L,173.0,USA,24.7,4-6 6-0 6-4,3,R32,116.0,6.0,2.0,76.0,46.0,37.0,15.0,13.0,1.0,2.0,5.0,2.0,79.0,54.0,34.0,12.0,13.0,2.0,6.0,158.0,476.0,130.0,589.0,2024
2024-1080,Nottingham,Grass,32,I,2024-06-10,282,201662,6.0,,Karolina Pliskova,R,184.0,CZE,32.2,219917,,,Alycia Parks,R,185.0,USA,23.4,6-4 6-4,3,R32,75.0,2.0,7.0,58.0,40.0,29.0,8.0,10.0,3.0,5.0,2.0,5.0,58.0,33.0,19.0,11.0,10.0,6.0,10.0,50.0,1147.0,151.0,494.0,2024
2024-1080,Nottingham,Grass,32,I,2024-06-10,281,201611,,,Daria Saville,R,166.0,AUS,30.2,216262,4.0,,Clara Burel,R,176.0,FRA,23.2,6-3 6-3,3,R32,94.0,1.0,5.0,71.0,48.0,26.0,10.0,9.0,9.0,14.0,0.0,6.0,74.0,41.0,18.0,10.0,9.0,4.0,12.0,84.0,815.0,42.0,1288.0,2024
2024-1080,Nottingham,Grass,32,I,2024-06-10,280,220348,,,Diane Parry,R,170.0,FRA,21.7,213710,,,Cristina Bucsa,R,,ESP,26.4,6-3 6-2,3,R32,56.0,7.0,1.0,46.0,29.0,24.0,10.0,9.0,1.0,2.0,1.0,3.0,41.0,27.0,12.0,9.0,8.0,1.0,5.0,64.0,999.0,67.0,984.0,2024
2024-1080,Nottingham,Grass,32,I,2024-06-10,279,214040,,Q,Kimberly Birrell,R,170.0,AUS,26.1,215431,,Q,Emily Appleton,R,,GBR,24.7,6-3 7-5,3,R32,96.0,4.0,4.0,77.0,47.0,33.0,17.0,11.0,5.0,7.0,5.0,3.0,60.0,37.0,22.0,12.0,10.0,2.0,6.0,148.0,500.0,356.0,178.0,2024
2024-1080,Nottingham,Grass,32,I,2024-06-10,278,214593,,Q,Lucrezia Stefanini,R,,ITA,26.0,202684,7.0,,Lin Zhu,R,173.0,CHN,30.3,7-6(4) 3-6 7-5,3,R32,174.0,0.0,2.0,117.0,90.0,52.0,8.0,16.0,12.0,19.0,1.0,0.0,102.0,67.0,41.0,14.0,17.0,1.0,8.0,153.0,487.0,53.0,1077.0,2024
2024-1080,Nottingham,Grass,32,I,2024-06-10,274,211107,3.0,,Katie Boulter,R,180.0,GBR,27.8,211279,,,Harriet Dart,R,175.0,GBR,27.8,6-7(5) 6-4 7-5,3,R32,193.0,6.0,5.0,115.0,64.0,43.0,23.0,17.0,6.0,11.0,4.0,6.0,127.0,74.0,48.0,18.0,17.0,11.0,18.0,30.0,1671.0,92.0,779.0,2024
2024-1080,Nottingham,Grass,32,I,2024-06-10,276,213583,,,Tatjana Maria,R,172.0,GER,36.8,215306,,,Emiliana Arango,R,,COL,23.5,4-6 7-6(7) 7-6(6),3,R32,204.0,7.0,9.0,146.0,90.0,62.0,24.0,17.0,10.0,15.0,1.0,4.0,150.0,118.0,72.0,14.0,17.0,11.0,15.0,56.0,1059.0,120.0,658.0,2024
2024-1080,Nottingham,Grass,32,I,2024-06-10,275,201606,,Q,Rebecca Marino,R,183.0,CAN,33.4,203530,,,Viktorija Golubic,R,169.0,SUI,31.6,6-1 6-4,3,R32,70.0,9.0,2.0,60.0,37.0,23.0,13.0,9.0,4.0,6.0,0.0,0.0,44.0,32.0,14.0,6.0,8.0,3.0,8.0,157.0,478.0,73.0,952.0,2024
2024-1080,Nottingham,Grass,32,I,2024-06-10,273,215936,,WC,Francesca Jones,R,,GBR,23.7,214452,8.0,,Caroline Dolehide,R,178.0,USA,25.7,7-6(3) 6-3,3,R32,114.0,6.0,4.0,88.0,62.0,51.0,12.0,11.0,10.0,10.0,7.0,3.0,86.0,53.0,32.0,19.0,10.0,4.0,5.0,249.0,291.0,58.0,1049.0,2024
2024-1080,Nottingham,Grass,32,I,2024-06-10,272,221909,,,Ashlyn Krueger,R,185.0,USA,20.0,206374,,,Yafan Wang,R,170.0,CHN,30.1,6-3 6-3,3,R32,77.0,2.0,2.0,51.0,35.0,25.0,9.0,9.0,0.0,1.0,0.0,1.0,61.0,40.0,25.0,7.0,9.0,6.0,10.0,70.0,974.0,72.0,962.0,2024
2024-1080,Nottingham,Grass,32,I,2024-06-10,271,221054,,WC,Emma Raducanu,R,175.0,GBR,21.5,214262,,Q,Ena Shibahara,R,170.0,JPN,26.3,6-1 6-4,3,R32,70.0,4.0,0.0,46.0,27.0,19.0,10.0,8.0,4.0,6.0,1.0,2.0,50.0,32.0,19.0,4.0,9.0,2.0,8.0,209.0,353.0,274.0,258.0,2024
2024-1080,Nottingham,Grass,32,I,2024-06-10,270,220750,,,Daria Snigur,R,,UKR,22.2,216146,2.0,,Marta Kostyuk,R,175.0,UKR,21.9,6-3 6-3,3,R32,69.0,1.0,2.0,55.0,40.0,31.0,7.0,9.0,3.0,4.0,5.0,6.0,63.0,33.0,24.0,9.0,9.0,3.0,7.0,127.0,608.0,17.0,2240.0,2024
2024-1080,Nottingham,Grass,32,I,2024-06-10,285,202460,1.0,,Ons Jabeur,R,167.0,TUN,29.7,215785,,,Camila Osorio,R,162.0,COL,22.4,6-2 6-3,3,R32,62.0,4.0,1.0,52.0,37.0,31.0,7.0,8.0,2.0,2.0,1.0,5.0,50.0,30.0,19.0,7.0,9.0,1.0,5.0,10.0,3748.0,81.0,875.0,2024
2024-1080,Nottingham,Grass,32,I,2024-06-10,277,211684,5.0,,Magdalena Frech,R,171.0,POL,26.4,211702,,,Nao Hibino,R,163.0,JPN,29.5,6-1 6-4,3,R32,70.0,6.0,0.0,54.0,32.0,24.0,14.0,9.0,1.0,2.0,0.0,2.0,44.0,33.0,18.0,5.0,8.0,4.0,8.0,52.0,1106.0,95.0,770.0,2024
2024-1080,Nottingham,Grass,32,I,2024-06-10,286,221054,,WC,Emma Raducanu,R,175.0,GBR,21.5,220750,,,Daria Snigur,R,,UKR,22.2,6-2 6-2,3,R16,79.0,11.0,2.0,68.0,46.0,33.0,9.0,8.0,7.0,8.0,1.0,3.0,49.0,34.0,20.0,5.0,8.0,3.0,8.0,209.0,353.0,127.0,608.0,2024
2024-822,s Hertogenbosch,Grass,32,I,2024-06-10,273,202499,7.0,,Donna Vekic,R,179.0,CRO,27.9,211337,,,Tamara Korpatsch,R,170.0,GER,29.0,6-1 6-3,3,R32,73.0,1.0,3.0,49.0,33.0,26.0,7.0,8.0,1.0,2.0,0.0,6.0,54.0,32.0,16.0,8.0,8.0,5.0,10.0,39.0,1418.0,74.0,951.0,2024
2024-1080,Nottingham,Grass,32,I,2024-06-10,288,211107,3.0,,Katie Boulter,R,180.0,GBR,27.8,201606,,Q,Rebecca Marino,R,183.0,CAN,33.4,6-4 6-3,3,R16,74.0,4.0,2.0,51.0,35.0,26.0,10.0,9.0,2.0,3.0,6.0,7.0,64.0,33.0,23.0,11.0,10.0,1.0,5.0,30.0,1671.0,157.0,478.0,2024
2024-822,s Hertogenbosch,Grass,32,I,2024-06-10,282,206368,5.0,,Veronika Kudermetova,R,175.0,RUS,27.1,222296,,,Zhuoxuan Bai,R,,CHN,21.5,7-5 6-1,3,R32,85.0,4.0,1.0,50.0,26.0,22.0,16.0,10.0,0.0,1.0,2.0,4.0,69.0,43.0,27.0,9.0,9.0,8.0,12.0,34.0,1623.0,93.0,773.0,2024
2024-822,s Hertogenbosch,Grass,32,I,2024-06-10,283,213646,,Q,Dalma Galfi,R,178.0,HUN,25.8,201551,,,Arantxa Rus,L,180.0,NED,33.4,6-0 6-3,3,R32,61.0,0.0,0.0,47.0,31.0,28.0,7.0,8.0,1.0,1.0,1.0,5.0,44.0,34.0,18.0,2.0,7.0,1.0,5.0,138.0,529.0,57.0,1054.0,2024
2024-822,s Hertogenbosch,Grass,32,I,2024-06-10,284,202434,,,Aleksandra Krunic,R,163.0,SRB,31.2,211316,,Q,Jessika Ponchet,R,,FRA,27.7,4-6 6-2 6-1,3,R32,96.0,3.0,0.0,69.0,52.0,39.0,8.0,12.0,4.0,6.0,9.0,0.0,86.0,59.0,38.0,8.0,13.0,5.0,11.0,400.0,154.0,147.0,502.0,2024
2024-822,s Hertogenbosch,Grass,32,I,2024-06-10,285,202468,1.0,,Jessica Pegula,R,170.0,USA,30.2,205925,,Q,Aliaksandra Sasnovich,R,174.0,BLR,30.2,6-2 6-2,3,R32,58.0,0.0,1.0,44.0,30.0,22.0,8.0,8.0,0.0,1.0,1.0,4.0,51.0,33.0,15.0,8.0,8.0,2.0,7.0,5.0,4625.0,98.0,748.0,2024
2024-1080,Nottingham,Grass,32,I,2024-06-10,287,215936,,WC,Francesca Jones,R,,GBR,23.7,221909,,,Ashlyn Krueger,R,185.0,USA,20.0,6-4 4-6 7-5,3,R16,133.0,5.0,5.0,93.0,57.0,43.0,16.0,16.0,6.0,10.0,2.0,5.0,88.0,53.0,37.0,18.0,16.0,4.0,9.0,249.0,291.0,70.0,974.0,2024
2024-822,s Hertogenbosch,Grass,32,I,2024-06-10,287,213889,,,Greet Minnen,R,,BEL,26.8,202499,7.0,,Donna Vekic,R,179.0,CRO,27.9,6-1 0-6 7-5,3,R16,113.0,5.0,4.0,82.0,55.0,32.0,16.0,13.0,5.0,9.0,1.0,5.0,69.0,35.0,25.0,14.0,12.0,2.0,6.0,85.0,812.0,39.0,1418.0,2024
2024-822,s Hertogenbosch,Grass,32,I,2024-06-10,288,206420,3.0,,Ekaterina Alexandrova,R,175.0,RUS,29.5,211765,,,Emina Bektas,R,,USA,31.1,7-5 6-4,3,R16,84.0,12.0,2.0,64.0,43.0,33.0,11.0,11.0,6.0,8.0,7.0,2.0,68.0,49.0,35.0,6.0,11.0,7.0,11.0,16.0,2360.0,96.0,769.0,2024
2024-822,s Hertogenbosch,Grass,32,I,2024-06-10,289,221905,,Q,Robin Montgomery,L,,USA,19.7,215898,,,Jule Niemeier,R,178.0,GER,24.8,6-3 6-3,3,R16,93.0,7.0,3.0,61.0,42.0,34.0,9.0,9.0,8.0,8.0,4.0,5.0,70.0,39.0,25.0,14.0,9.0,7.0,10.0,173.0,437.0,91.0,791.0,2024
2024-822,s Hertogenbosch,Grass,32,I,2024-06-10,290,215370,,WC,Bianca Andreescu,R,170.0,CAN,23.9,206294,6.0,,Yue Yuan,R,184.0,CHN,25.7,6-4 6-4,3,R16,81.0,3.0,1.0,59.0,40.0,26.0,15.0,10.0,5.0,6.0,1.0,1.0,59.0,35.0,24.0,10.0,10.0,3.0,6.0,228.0,323.0,38.0,1422.0,2024
2024-822,s Hertogenbosch,Grass,32,I,2024-06-10,291,211768,,WC,Naomi Osaka,R,180.0,JPN,26.6,215480,,WC,Suzan Lamens,R,,NED,24.9,6-2 6-2,3,R16,54.0,9.0,1.0,44.0,17.0,15.0,18.0,8.0,0.0,0.0,3.0,1.0,42.0,32.0,18.0,3.0,8.0,1.0,5.0,125.0,614.0,140.0,523.0,2024
2024-822,s Hertogenbosch,Grass,32,I,2024-06-10,292,213646,,Q,Dalma Galfi,R,178.0,HUN,25.8,206368,5.0,,Veronika Kudermetova,R,175.0,RUS,27.1,6-3 3-6 7-5,3,R16,141.0,9.0,3.0,94.0,66.0,46.0,16.0,15.0,6.0,8.0,5.0,4.0,98.0,63.0,45.0,16.0,15.0,5.0,8.0,138.0,529.0,34.0,1623.0,2024
2024-822,s Hertogenbosch,Grass,32,I,2024-06-10,293,202434,,,Aleksandra Krunic,R,163.0,SRB,31.2,202468,1.0,,Jessica Pegula,R,170.0,USA,30.2,7-6(3) 6-7(3) 6-4,3,R16,164.0,0.0,3.0,121.0,69.0,56.0,24.0,17.0,5.0,7.0,5.0,2.0,128.0,79.0,52.0,29.0,17.0,11.0,14.0,400.0,154.0,5.0,4625.0,2024
2024-822,s Hertogenbosch,Grass,32,I,2024-06-10,294,214643,2.0,,Liudmila Samsonova,R,180.0,RUS,25.5,213889,,,Greet Minnen,R,,BEL,26.8,6-4 7-5,3,QF,99.0,3.0,6.0,76.0,42.0,31.0,17.0,11.0,3.0,5.0,6.0,3.0,66.0,48.0,31.0,9.0,11.0,1.0,5.0,15.0,2640.0,85.0,812.0,2024
2024-822,s Hertogenbosch,Grass,32,I,2024-06-10,295,206420,3.0,,Ekaterina Alexandrova,R,175.0,RUS,29.5,221905,,Q,Robin Montgomery,L,,USA,19.7,6-4 6-3,3,QF,94.0,5.0,1.0,65.0,36.0,24.0,17.0,9.0,1.0,2.0,3.0,6.0,69.0,42.0,25.0,12.0,10.0,1.0,5.0,16.0,2360.0,173.0,437.0,2024
2024-822,s Hertogenbosch,Grass,32,I,2024-06-10,296,215370,,WC,Bianca Andreescu,R,170.0,CAN,23.9,211768,,WC,Naomi Osaka,R,180.0,JPN,26.6,6-4 3-6 7-6(3),3,QF,135.0,3.0,4.0,94.0,59.0,44.0,16.0,15.0,3.0,6.0,7.0,3.0,98.0,63.0,46.0,18.0,16.0,2.0,5.0,228.0,323.0,125.0,614.0,2024
2024-822,s Hertogenbosch,Grass,32,I,2024-06-10,297,213646,,Q,Dalma Galfi,R,178.0,HUN,25.8,202434,,,Aleksandra Krunic,R,163.0,SRB,31.2,7-5 6-3,3,QF,84.0,6.0,1.0,64.0,39.0,30.0,15.0,11.0,1.0,2.0,0.0,3.0,67.0,41.0,20.0,20.0,10.0,5.0,8.0,138.0,529.0,400.0,154.0,2024
2024-822,s Hertogenbosch,Grass,32,I,2024-06-10,298,214643,2.0,,Liudmila Samsonova,R,180.0,RUS,25.5,206420,3.0,,Ekaterina Alexandrova,R,175.0,RUS,29.5,6-3 6-7(1) 6-1,3,SF,146.0,10.0,11.0,103.0,53.0,34.0,24.0,15.0,8.0,13.0,4.0,6.0,96.0,67.0,38.0,8.0,13.0,10.0,18.0,15.0,2640.0,16.0,2360.0,2024
2024-822,s Hertogenbosch,Grass,32,I,2024-06-10,299,215370,,WC,Bianca Andreescu,R,170.0,CAN,23.9,213646,,Q,Dalma Galfi,R,178.0,HUN,25.8,6-4 6-2,3,SF,91.0,0.0,1.0,65.0,44.0,28.0,13.0,9.0,3.0,4.0,3.0,1.0,56.0,38.0,19.0,10.0,9.0,1.0,5.0,228.0,323.0,138.0,529.0,2024
2024-822,s Hertogenbosch,Grass,32,I,2024-06-10,300,214643,2.0,,Liudmila Samsonova,R,180.0,RUS,25.5,215370,,WC,Bianca Andreescu,R,170.0,CAN,23.9,4-6 6-3 7-5,3,F,154.0,2.0,5.0,102.0,56.0,37.0,26.0,16.0,2.0,6.0,4.0,4.0,97.0,65.0,43.0,12.0,15.0,5.0,10.0,15.0,2640.0,228.0,323.0,2024
2024-822,s Hertogenbosch,Grass,32,I,2024-06-10,281,211768,,WC,Naomi Osaka,R,180.0,JPN,26.6,210722,4.0,,Elise Mertens,R,179.0,BEL,28.5,6-2 6-4,3,R32,69.0,7.0,2.0,54.0,31.0,28.0,12.0,9.0,1.0,1.0,3.0,2.0,48.0,26.0,18.0,10.0,9.0,0.0,3.0,125.0,614.0,32.0,1629.0,2024
2024-822,s Hertogenbosch,Grass,32,I,2024-06-10,280,215480,,WC,Suzan Lamens,R,,NED,24.9,211095,,,Bernarda Pera,L,175.0,USA,29.5,4-6 6-2 6-4,3,R32,124.0,3.0,7.0,86.0,55.0,36.0,14.0,14.0,1.0,6.0,5.0,12.0,107.0,55.0,33.0,21.0,14.0,10.0,17.0,140.0,523.0,106.0,701.0,2024
2024-822,s Hertogenbosch,Grass,32,I,2024-06-10,286,214643,2.0,,Liudmila Samsonova,R,180.0,RUS,25.5,232447,,WC,Celine Naef,R,,SUI,18.9,7-5 6-2,3,R16,91.0,6.0,5.0,57.0,34.0,29.0,12.0,10.0,6.0,7.0,4.0,4.0,69.0,41.0,26.0,11.0,10.0,5.0,9.0,15.0,2640.0,161.0,468.0,2024
2024-822,s Hertogenbosch,Grass,32,I,2024-06-10,278,206294,6.0,,Yue Yuan,R,184.0,CHN,25.7,223670,,,Diana Shnaider,L,,RUS,20.1,1-6 6-4 6-3,3,R32,102.0,3.0,1.0,76.0,56.0,39.0,12.0,13.0,4.0,7.0,1.0,0.0,76.0,54.0,33.0,16.0,13.0,2.0,5.0,38.0,1422.0,48.0,1176.0,2024
2024-1080,Nottingham,Grass,32,I,2024-06-10,289,211684,5.0,,Magdalena Frech,R,171.0,POL,26.4,213583,,,Tatjana Maria,R,172.0,GER,36.8,3-6 6-3 6-1,3,R16,143.0,3.0,4.0,84.0,52.0,36.0,16.0,12.0,8.0,10.0,4.0,2.0,99.0,55.0,34.0,22.0,13.0,7.0,12.0,52.0,1106.0,56.0,1059.0,2024
2024-1080,Nottingham,Grass,32,I,2024-06-10,290,214040,,Q,Kimberly Birrell,R,170.0,AUS,26.1,214593,,Q,Lucrezia Stefanini,R,,ITA,26.0,6-4 6-7(5) 6-0,3,R16,184.0,1.0,6.0,109.0,79.0,52.0,11.0,14.0,7.0,10.0,5.0,2.0,116.0,95.0,49.0,7.0,14.0,11.0,18.0,148.0,500.0,153.0,487.0,2024
2024-1080,Nottingham,Grass,32,I,2024-06-10,291,220348,,,Diane Parry,R,170.0,FRA,21.7,201611,,,Daria Saville,R,166.0,AUS,30.2,6-4 6-1,3,R16,85.0,8.0,1.0,64.0,30.0,21.0,20.0,9.0,7.0,8.0,2.0,3.0,57.0,38.0,23.0,4.0,8.0,3.0,7.0,64.0,999.0,84.0,815.0,2024
2024-822,s Hertogenbosch,Grass,32,I,2024-06-10,279,215370,,WC,Bianca Andreescu,R,170.0,CAN,23.9,220770,,Q,Eva Vedder,R,,NED,24.5,4-6 6-3 6-2,3,R32,122.0,3.0,3.0,86.0,65.0,45.0,11.0,14.0,1.0,3.0,8.0,4.0,89.0,49.0,35.0,17.0,13.0,14.0,18.0,228.0,323.0,392.0,158.0,2024
2024-1080,Nottingham,Grass,32,I,2024-06-10,293,202460,1.0,,Ons Jabeur,R,167.0,TUN,29.7,222258,,Q,Linda Fruhvirtova,R,,CZE,19.1,6-2 6-1,3,R16,80.0,3.0,1.0,41.0,23.0,17.0,12.0,7.0,1.0,1.0,1.0,2.0,71.0,35.0,17.0,16.0,8.0,5.0,10.0,10.0,3748.0,139.0,526.0,2024
2024-1080,Nottingham,Grass,32,I,2024-06-10,294,221054,,WC,Emma Raducanu,R,175.0,GBR,21.5,215936,,WC,Francesca Jones,R,,GBR,23.7,W/O,3,QF,0.0,,,,,,,,,,,,,,,,,,,209.0,353.0,249.0,291.0,2024
2024-1080,Nottingham,Grass,32,I,2024-06-10,295,211107,3.0,,Katie Boulter,R,180.0,GBR,27.8,211684,5.0,,Magdalena Frech,R,171.0,POL,26.4,6-2 6-4,3,QF,83.0,4.0,6.0,52.0,30.0,26.0,10.0,9.0,2.0,3.0,4.0,2.0,60.0,42.0,27.0,5.0,9.0,3.0,7.0,30.0,1671.0,52.0,1106.0,2024
2024-1080,Nottingham,Grass,32,I,2024-06-10,296,220348,,,Diane Parry,R,170.0,FRA,21.7,214040,,Q,Kimberly Birrell,R,170.0,AUS,26.1,6-3 7-6(4),3,QF,125.0,12.0,4.0,85.0,44.0,32.0,19.0,11.0,3.0,5.0,0.0,5.0,81.0,52.0,35.0,10.0,10.0,12.0,15.0,64.0,999.0,148.0,500.0,2024
2024-1080,Nottingham,Grass,32,I,2024-06-10,297,201662,6.0,,Karolina Pliskova,R,184.0,CZE,32.2,202460,1.0,,Ons Jabeur,R,167.0,TUN,29.7,7-6(8) 6-7(3) 7-5,3,QF,153.0,7.0,7.0,130.0,88.0,65.0,21.0,18.0,5.0,6.0,11.0,4.0,122.0,63.0,48.0,34.0,18.0,2.0,4.0,50.0,1147.0,10.0,3748.0,2024
2024-1080,Nottingham,Grass,32,I,2024-06-10,298,211107,3.0,,Katie Boulter,R,180.0,GBR,27.8,221054,,WC,Emma Raducanu,R,175.0,GBR,21.5,6-7(13) 6-3 6-4,3,SF,193.0,8.0,7.0,108.0,69.0,51.0,19.0,15.0,2.0,4.0,7.0,6.0,127.0,82.0,54.0,21.0,16.0,11.0,16.0,30.0,1671.0,209.0,353.0,2024
2024-1080,Nottingham,Grass,32,I,2024-06-10,292,201662,6.0,,Karolina Pliskova,R,184.0,CZE,32.2,201586,,WC,Heather Watson,R,170.0,GBR,32.0,6-4 6-4,3,R16,86.0,13.0,5.0,74.0,55.0,34.0,10.0,10.0,6.0,8.0,1.0,2.0,61.0,38.0,26.0,6.0,10.0,3.0,7.0,50.0,1147.0,158.0,476.0,2024
2024-1080,Nottingham,Grass,32,I,2024-06-10,300,211107,3.0,,Katie Boulter,R,180.0,GBR,27.8,201662,6.0,,Karolina Pliskova,R,184.0,CZE,32.2,4-6 6-3 6-2,3,F,113.0,8.0,2.0,74.0,37.0,26.0,20.0,13.0,1.0,4.0,3.0,7.0,92.0,61.0,39.0,10.0,14.0,3.0,9.0,30.0,1671.0,50.0,1147.0,2024
2024-822,s Hertogenbosch,Grass,32,I,2024-06-10,270,214643,2.0,,Liudmila Samsonova,R,180.0,RUS,25.5,202421,,,Alison Van Uytvanck,R,173.0,BEL,30.2,6-1 6-3,3,R32,85.0,2.0,4.0,68.0,32.0,21.0,20.0,8.0,7.0,8.0,1.0,1.0,43.0,29.0,13.0,6.0,8.0,1.0,6.0,15.0,2640.0,266.0,268.0,2024
2024-822,s Hertogenbosch,Grass,32,I,2024-06-10,271,232447,,WC,Celine Naef,R,,SUI,18.9,216097,,Q,Elizabeth Mandlik,R,,USA,23.0,7-6(4) 1-6 6-4,3,R32,139.0,6.0,3.0,111.0,69.0,46.0,19.0,14.0,13.0,17.0,3.0,5.0,104.0,60.0,40.0,24.0,15.0,4.0,7.0,161.0,468.0,150.0,496.0,2024
2024-822,s Hertogenbosch,Grass,32,I,2024-06-10,272,213889,,,Greet Minnen,R,,BEL,26.8,214119,,,Rebeka Masarova,R,186.0,ESP,24.8,6-2 6-4,3,R32,79.0,1.0,0.0,47.0,32.0,26.0,8.0,9.0,0.0,1.0,3.0,2.0,60.0,36.0,24.0,7.0,9.0,4.0,8.0,85.0,812.0,103.0,717.0,2024
2024-822,s Hertogenbosch,Grass,32,I,2024-06-10,274,206420,3.0,,Ekaterina Alexandrova,R,175.0,RUS,29.5,201613,,,Arina Rodionova,R,168.0,AUS,34.4,6-3 6-4,3,R32,79.0,6.0,2.0,59.0,36.0,26.0,13.0,10.0,2.0,3.0,1.0,1.0,65.0,44.0,29.0,8.0,9.0,4.0,7.0,16.0,2360.0,105.0,712.0,2024
2024-822,s Hertogenbosch,Grass,32,I,2024-06-10,275,211765,,,Emina Bektas,R,,USA,31.1,215020,,,Anna Blinkova,R,179.0,RUS,25.7,6-4 6-0,3,R32,74.0,5.0,0.0,60.0,43.0,29.0,8.0,8.0,4.0,5.0,2.0,3.0,45.0,26.0,13.0,7.0,8.0,2.0,7.0,96.0,769.0,60.0,1036.0,2024
2024-822,s Hertogenbosch,Grass,32,I,2024-06-10,276,215898,,,Jule Niemeier,R,178.0,GER,24.8,220704,,,Clara Tauson,R,182.0,DEN,21.4,6-4 6-7(3) 6-4,3,R32,140.0,7.0,6.0,100.0,54.0,40.0,24.0,16.0,1.0,4.0,5.0,2.0,102.0,56.0,41.0,22.0,16.0,11.0,16.0,91.0,791.0,65.0,994.0,2024
2024-822,s Hertogenbosch,Grass,32,I,2024-06-10,277,221905,,Q,Robin Montgomery,L,,USA,19.7,202663,8.0,,Magda Linette,R,171.0,POL,32.3,6-7(4) 6-3 7-5,3,R32,172.0,8.0,4.0,126.0,86.0,63.0,25.0,17.0,14.0,14.0,5.0,4.0,112.0,73.0,56.0,18.0,16.0,5.0,7.0,173.0,437.0,44.0,1236.0,2024
2024-1080,Nottingham,Grass,32,I,2024-06-10,299,201662,6.0,,Karolina Pliskova,R,184.0,CZE,32.2,220348,,,Diane Parry,R,170.0,FRA,21.7,6-7(9) 6-1 6-4,3,SF,142.0,4.0,10.0,100.0,75.0,53.0,13.0,15.0,3.0,5.0,11.0,6.0,112.0,60.0,39.0,21.0,14.0,5.0,10.0,50.0,1147.0,64.0,999.0,2024
2024-1052,Birmingham,Grass,32,I,2024-06-17,282,213631,8.0,,Marie Bouzkova,R,180.0,CZE,25.9,201586,,WC,Heather Watson,R,170.0,GBR,32.0,3-6 6-4 7-5,3,R32,172.0,3.0,3.0,103.0,69.0,42.0,16.0,16.0,6.0,11.0,1.0,4.0,105.0,61.0,36.0,24.0,15.0,9.0,14.0,37.0,1425.0,198.0,378.0,2024
2024-1052,Birmingham,Grass,32,I,2024-06-17,281,211843,,,Anhelina Kalinina,R,179.0,UKR,27.3,211107,4.0,,Katie Boulter,R,180.0,GBR,27.8,6-3 0-0 RET,3,R32,45.0,1.0,4.0,23.0,9.0,8.0,4.0,4.0,1.0,3.0,1.0,2.0,36.0,22.0,10.0,5.0,5.0,5.0,9.0,47.0,1221.0,31.0,1641.0,2024
2024-1052,Birmingham,Grass,32,I,2024-06-17,280,201709,,,Yulia Putintseva,R,163.0,KAZ,29.4,216262,,,Clara Burel,R,176.0,FRA,23.2,6-3 6-4,3,R32,86.0,1.0,0.0,74.0,61.0,40.0,6.0,10.0,10.0,12.0,2.0,7.0,62.0,33.0,18.0,13.0,9.0,3.0,7.0,41.0,1333.0,43.0,1288.0,2024
2024-1052,Birmingham,Grass,32,I,2024-06-17,279,214452,,LL,Caroline Dolehide,R,178.0,USA,25.7,201662,,,Karolina Pliskova,R,184.0,CZE,32.2,2-6 6-3 7-6(5),3,R32,116.0,1.0,2.0,103.0,80.0,50.0,9.0,15.0,6.0,11.0,3.0,5.0,86.0,58.0,41.0,12.0,14.0,4.0,8.0,61.0,1035.0,42.0,1309.0,2024
2024-1052,Birmingham,Grass,32,I,2024-06-17,278,210722,5.0,,Elise Mertens,R,179.0,BEL,28.5,201496,,WC,Caroline Wozniacki,R,177.0,DEN,33.9,6-4 6-1,3,R32,91.0,7.0,5.0,48.0,29.0,23.0,9.0,8.0,0.0,1.0,1.0,2.0,72.0,48.0,29.0,6.0,9.0,6.0,11.0,32.0,1629.0,114.0,665.0,2024
2024-1052,Birmingham,Grass,32,I,2024-06-17,277,220367,6.0,,Leylah Fernandez,L,168.0,CAN,21.7,204427,,,Sara Sorribes Tormo,R,176.0,ESP,27.6,6-1 6-1,3,R32,63.0,2.0,1.0,39.0,29.0,20.0,6.0,7.0,3.0,4.0,1.0,2.0,39.0,28.0,7.0,5.0,7.0,1.0,7.0,33.0,1625.0,57.0,1055.0,2024
2024-1052,Birmingham,Grass,32,I,2024-06-17,272,214459,,,Lucia Bronzetti,R,,ITA,25.5,211684,,,Magdalena Frech,R,171.0,POL,26.5,2-6 6-3 6-4,3,R32,128.0,4.0,5.0,90.0,46.0,30.0,21.0,14.0,10.0,14.0,5.0,2.0,86.0,60.0,37.0,14.0,13.0,4.0,8.0,67.0,983.0,52.0,1100.0,2024
2024-1052,Birmingham,Grass,32,I,2024-06-17,275,201548,,,Ajla Tomljanovic,R,180.0,AUS,31.1,215020,,,Anna Blinkova,R,179.0,RUS,25.7,6-2 6-1,3,R32,77.0,2.0,3.0,78.0,47.0,30.0,17.0,8.0,11.0,12.0,1.0,4.0,40.0,26.0,11.0,5.0,7.0,2.0,7.0,190.0,393.0,60.0,1036.0,2024
2024-1052,Birmingham,Grass,32,I,2024-06-17,274,202684,,,Lin Zhu,R,173.0,CHN,30.3,201514,3.0,,Sorana Cirstea,R,176.0,ROU,34.1,7-6(2) 6-2,3,R32,95.0,4.0,2.0,70.0,49.0,39.0,12.0,10.0,3.0,3.0,3.0,1.0,68.0,45.0,28.0,14.0,10.0,3.0,5.0,54.0,1077.0,29.0,1704.0,2024
2024-1052,Birmingham,Grass,32,I,2024-06-17,273,215713,7.0,,Anastasia Potapova,R,175.0,RUS,23.2,220589,,Q,Elina Avanesyan,R,,ARM,21.7,6-4 6-4,3,R32,80.0,3.0,2.0,63.0,36.0,27.0,11.0,10.0,1.0,3.0,1.0,0.0,65.0,47.0,27.0,7.0,10.0,1.0,5.0,36.0,1427.0,74.0,926.0,2024
2024-1052,Birmingham,Grass,32,I,2024-06-17,271,211279,,WC,Harriet Dart,R,175.0,GBR,27.8,220416,,Q,Moyuka Uchijima,R,171.0,JPN,22.8,6-3 6-3,3,R32,83.0,1.0,5.0,58.0,39.0,27.0,8.0,9.0,5.0,7.0,3.0,10.0,61.0,30.0,18.0,10.0,9.0,3.0,8.0,101.0,716.0,72.0,935.0,2024
2024-1052,Birmingham,Grass,32,I,2024-06-17,270,206252,2.0,,Barbora Krejcikova,R,178.0,CZE,28.4,201611,,Q,Daria Saville,R,166.0,AUS,30.2,6-1 7-6(5),3,R32,94.0,4.0,4.0,55.0,35.0,27.0,11.0,10.0,0.0,2.0,2.0,3.0,66.0,44.0,25.0,11.0,9.0,7.0,11.0,25.0,1768.0,85.0,830.0,2024
2024-1052,Birmingham,Grass,32,I,2024-06-17,283,223670,,,Diana Shnaider,L,,RUS,20.2,221945,,Q,Amelia Rajecki,R,,GBR,22.0,7-5 6-3,3,R32,82.0,5.0,2.0,68.0,48.0,32.0,12.0,11.0,3.0,5.0,5.0,10.0,68.0,36.0,28.0,10.0,10.0,3.0,7.0,49.0,1176.0,884.0,26.0,2024
2024-1052,Birmingham,Grass,32,I,2024-06-17,276,203530,,Q,Viktorija Golubic,R,169.0,SUI,31.6,215785,,Q,Camila Osorio,R,162.0,COL,22.4,6-4 1-6 6-3,3,R32,113.0,0.0,0.0,73.0,51.0,30.0,10.0,13.0,6.0,11.0,3.0,8.0,85.0,62.0,36.0,10.0,13.0,4.0,9.0,78.0,893.0,81.0,875.0,2024
2024-1052,Birmingham,Grass,32,I,2024-06-17,284,201585,,WC,Sloane Stephens,R,170.0,USA,31.2,206294,,,Yue Yuan,R,184.0,CHN,25.7,6-3 6-3,3,R32,85.0,7.0,3.0,68.0,44.0,31.0,10.0,9.0,7.0,9.0,1.0,1.0,63.0,37.0,22.0,9.0,9.0,7.0,12.0,48.0,1217.0,38.0,1422.0,2024
2024-1052,Birmingham,Grass,32,I,2024-06-17,287,215713,7.0,,Anastasia Potapova,R,175.0,RUS,23.2,214459,,,Lucia Bronzetti,R,,ITA,25.5,6-3 7-5,3,R16,84.0,1.0,3.0,67.0,37.0,27.0,14.0,11.0,4.0,6.0,3.0,4.0,57.0,31.0,21.0,9.0,10.0,0.0,4.0,36.0,1427.0,67.0,983.0,2024
2024-1052,Birmingham,Grass,32,I,2024-06-17,286,206252,2.0,,Barbora Krejcikova,R,178.0,CZE,28.4,211279,,WC,Harriet Dart,R,175.0,GBR,27.8,6-3 6-4,3,R16,88.0,2.0,1.0,63.0,45.0,34.0,10.0,10.0,3.0,4.0,0.0,5.0,56.0,34.0,23.0,9.0,9.0,4.0,7.0,25.0,1768.0,101.0,716.0,2024
2024-2012,Berlin,Grass,32,P,2024-06-17,273,214954,5.0,,Marketa Vondrousova,L,173.0,CZE,24.9,214119,,Q,Rebeka Masarova,R,186.0,ESP,24.8,6-4 6-3,3,R32,77.0,6.0,4.0,60.0,35.0,26.0,14.0,9.0,3.0,4.0,6.0,2.0,63.0,41.0,27.0,10.0,10.0,4.0,7.0,6.0,4503.0,100.0,717.0,2024
2024-2012,Berlin,Grass,32,P,2024-06-17,275,206368,,Q,Veronika Kudermetova,R,175.0,RUS,27.1,214643,,,Liudmila Samsonova,R,180.0,RUS,25.5,3-6 6-4 6-4,3,R32,136.0,6.0,2.0,87.0,53.0,36.0,12.0,14.0,8.0,14.0,11.0,10.0,94.0,63.0,40.0,10.0,15.0,3.0,10.0,35.0,1503.0,15.0,2830.0,2024
2024-2012,Berlin,Grass,32,P,2024-06-17,276,220309,,Q,Zeynep Sonmez,R,,TUR,22.1,201551,,LL,Arantxa Rus,L,180.0,NED,33.5,3-6 6-2 6-1,3,R32,103.0,0.0,2.0,67.0,42.0,31.0,15.0,12.0,4.0,6.0,3.0,5.0,73.0,48.0,29.0,10.0,12.0,5.0,10.0,157.0,475.0,58.0,1054.0,2024
2024-2012,Berlin,Grass,32,P,2024-06-17,277,201458,,,Victoria Azarenka,R,180.0,BLR,34.8,206289,7.0,,Maria Sakkari,R,172.0,GRE,28.8,6-4 6-2,3,R32,93.0,3.0,4.0,60.0,35.0,28.0,14.0,9.0,2.0,2.0,7.0,7.0,68.0,34.0,24.0,13.0,9.0,6.0,9.0,19.0,2205.0,9.0,3980.0,2024
2024-2012,Berlin,Grass,32,P,2024-06-17,278,221012,6.0,,Qinwen Zheng,R,,CHN,21.6,211768,,WC,Naomi Osaka,R,180.0,JPN,26.6,6-4 3-6 6-3,3,R32,130.0,23.0,7.0,94.0,50.0,44.0,20.0,14.0,3.0,4.0,5.0,3.0,88.0,53.0,41.0,16.0,14.0,2.0,4.0,8.0,4005.0,113.0,668.0,2024
2024-2012,Berlin,Grass,32,P,2024-06-17,279,211701,,Q,Katerina Siniakova,R,174.0,CZE,28.1,215613,,,Emma Navarro,R,,USA,23.0,6-4 6-3,3,R32,79.0,1.0,4.0,53.0,38.0,28.0,9.0,9.0,1.0,2.0,0.0,1.0,68.0,50.0,31.0,8.0,10.0,5.0,9.0,30.0,1645.0,17.0,2238.0,2024
2024-2012,Berlin,Grass,32,P,2024-06-17,280,202499,,WC,Donna Vekic,R,179.0,CRO,27.9,215898,,WC,Jule Niemeier,R,178.0,GER,24.8,1-6 6-1 6-3,3,R32,107.0,8.0,6.0,71.0,44.0,32.0,12.0,11.0,1.0,3.0,6.0,4.0,73.0,37.0,25.0,18.0,12.0,3.0,7.0,39.0,1418.0,88.0,809.0,2024
2024-2012,Berlin,Grass,32,P,2024-06-17,282,202460,8.0,,Ons Jabeur,R,167.0,TUN,29.8,216133,,Q,Xin Yu Wang,R,182.0,CHN,22.7,6-4 7-6(4),3,R32,93.0,3.0,4.0,67.0,40.0,29.0,11.0,11.0,3.0,7.0,0.0,3.0,83.0,55.0,31.0,13.0,11.0,2.0,7.0,10.0,3748.0,40.0,1411.0,2024
2024-2012,Berlin,Grass,32,P,2024-06-17,283,222328,,,Linda Noskova,R,,CZE,19.5,201493,,WC,Angelique Kerber,L,173.0,GER,36.4,7-6(4) 2-6 6-4,3,R32,119.0,7.0,3.0,97.0,61.0,47.0,16.0,15.0,3.0,6.0,7.0,5.0,108.0,77.0,54.0,14.0,15.0,7.0,9.0,28.0,1710.0,224.0,332.0,2024
2024-2012,Berlin,Grass,32,P,2024-06-17,284,206420,,,Ekaterina Alexandrova,R,175.0,RUS,29.5,206242,,,Beatriz Haddad Maia,L,185.0,BRA,28.0,6-4 6-4,3,R32,86.0,6.0,4.0,49.0,32.0,28.0,9.0,10.0,1.0,2.0,1.0,3.0,69.0,50.0,33.0,7.0,10.0,4.0,7.0,20.0,2178.0,18.0,2213.0,2024
2024-2012,Berlin,Grass,32,P,2024-06-17,286,214544,2.0,,Aryna Sabalenka,R,182.0,BLR,26.1,214082,,,Daria Kasatkina,R,170.0,RUS,27.1,6-1 6-4,3,R16,60.0,3.0,0.0,48.0,26.0,19.0,15.0,9.0,1.0,2.0,1.0,3.0,46.0,28.0,15.0,9.0,8.0,1.0,5.0,3.0,7788.0,14.0,3088.0,2024
2024-2012,Berlin,Grass,32,P,2024-06-17,287,214939,,,Anna Kalinskaya,R,175.0,RUS,25.5,214954,5.0,,Marketa Vondrousova,L,173.0,CZE,24.9,5-5 RET,3,R16,63.0,0.0,0.0,42.0,30.0,19.0,6.0,5.0,5.0,6.0,2.0,5.0,28.0,16.0,12.0,5.0,5.0,0.0,1.0,24.0,1986.0,6.0,4503.0,2024
2024-2012,Berlin,Grass,32,P,2024-06-17,288,214981,3.0,,Elena Rybakina,R,184.0,KAZ,25.0,206368,,Q,Veronika Kudermetova,R,175.0,RUS,27.1,6-4 7-5,3,R16,95.0,5.0,2.0,62.0,40.0,31.0,11.0,11.0,1.0,3.0,1.0,3.0,77.0,49.0,32.0,11.0,11.0,7.0,11.0,4.0,5973.0,35.0,1503.0,2024
2024-2012,Berlin,Grass,32,P,2024-06-17,289,201458,,,Victoria Azarenka,R,180.0,BLR,34.8,220309,,Q,Zeynep Sonmez,R,,TUR,22.1,6-3 6-3,3,R16,90.0,1.0,4.0,66.0,46.0,29.0,10.0,9.0,5.0,7.0,1.0,2.0,62.0,37.0,17.0,12.0,9.0,5.0,10.0,19.0,2205.0,157.0,475.0,2024
2024-2012,Berlin,Grass,32,P,2024-06-17,290,211701,,Q,Katerina Siniakova,R,174.0,CZE,28.1,221012,6.0,,Qinwen Zheng,R,,CHN,21.6,6-4 6-4,3,R16,98.0,2.0,3.0,52.0,36.0,26.0,8.0,10.0,0.0,2.0,8.0,0.0,74.0,42.0,27.0,12.0,10.0,4.0,8.0,30.0,1645.0,8.0,4005.0,2024
2024-2012,Berlin,Grass,32,P,2024-06-17,291,202468,4.0,,Jessica Pegula,R,170.0,USA,30.3,202499,,WC,Donna Vekic,R,179.0,CRO,27.9,6-4 7-5,3,R16,89.0,3.0,1.0,69.0,47.0,34.0,12.0,11.0,3.0,4.0,8.0,5.0,63.0,41.0,33.0,6.0,11.0,3.0,6.0,5.0,4625.0,39.0,1418.0,2024
2024-2012,Berlin,Grass,32,P,2024-06-17,292,202460,8.0,,Ons Jabeur,R,167.0,TUN,29.8,222328,,,Linda Noskova,R,,CZE,19.5,6-7(5) 6-3 6-4,3,R16,116.0,8.0,5.0,101.0,65.0,48.0,19.0,16.0,1.0,3.0,6.0,3.0,102.0,72.0,51.0,12.0,15.0,2.0,6.0,10.0,3748.0,28.0,1710.0,2024
2024-2012,Berlin,Grass,32,P,2024-06-17,293,221103,1.0,,Coco Gauff,R,175.0,USA,20.2,206420,,,Ekaterina Alexandrova,R,175.0,RUS,29.5,7-6(6) 6-2,3,R16,80.0,7.0,2.0,54.0,35.0,28.0,12.0,10.0,0.0,1.0,4.0,4.0,60.0,41.0,28.0,6.0,10.0,1.0,4.0,2.0,7988.0,20.0,2178.0,2024
2024-2012,Berlin,Grass,32,P,2024-06-17,294,214939,,,Anna Kalinskaya,R,175.0,RUS,25.5,214544,2.0,,Aryna Sabalenka,R,182.0,BLR,26.1,5-1 RET,3,QF,34.0,1.0,1.0,25.0,15.0,12.0,4.0,3.0,4.0,4.0,2.0,1.0,17.0,8.0,5.0,2.0,4.0,1.0,3.0,24.0,1986.0,3.0,7788.0,2024
2024-2012,Berlin,Grass,32,P,2024-06-17,295,201458,,,Victoria Azarenka,R,180.0,BLR,34.8,214981,3.0,,Elena Rybakina,R,184.0,KAZ,25.0,3-1 RET,3,QF,24.0,1.0,1.0,16.0,8.0,6.0,4.0,2.0,1.0,1.0,2.0,2.0,13.0,5.0,4.0,2.0,3.0,1.0,2.0,19.0,2205.0,4.0,5973.0,2024
2024-2012,Berlin,Grass,32,P,2024-06-17,296,202468,4.0,,Jessica Pegula,R,170.0,USA,30.3,211701,,Q,Katerina Siniakova,R,174.0,CZE,28.1,7-6(2) 3-6 6-3,3,QF,156.0,1.0,3.0,100.0,56.0,39.0,26.0,15.0,4.0,7.0,4.0,6.0,118.0,70.0,47.0,21.0,15.0,8.0,11.0,5.0,4625.0,30.0,1645.0,2024
2024-2012,Berlin,Grass,32,P,2024-06-17,297,221103,1.0,,Coco Gauff,R,175.0,USA,20.2,202460,8.0,,Ons Jabeur,R,167.0,TUN,29.8,7-6(9) 0-0 RET,3,QF,72.0,2.0,0.0,43.0,29.0,25.0,9.0,6.0,2.0,2.0,2.0,0.0,65.0,36.0,26.0,17.0,6.0,9.0,9.0,2.0,7988.0,10.0,3748.0,2024
2024-2012,Berlin,Grass,32,P,2024-06-17,298,214939,,,Anna Kalinskaya,R,175.0,RUS,25.5,201458,,,Victoria Azarenka,R,180.0,BLR,34.8,6-1 6-7(3) 6-1,3,SF,130.0,3.0,5.0,97.0,67.0,45.0,18.0,14.0,1.0,2.0,4.0,3.0,84.0,51.0,35.0,12.0,12.0,7.0,12.0,24.0,1986.0,19.0,2205.0,2024
2024-2012,Berlin,Grass,32,P,2024-06-17,299,202468,4.0,,Jessica Pegula,R,170.0,USA,30.3,221103,1.0,,Coco Gauff,R,175.0,USA,20.2,7-5 7-6(2),3,SF,102.0,3.0,2.0,78.0,47.0,34.0,17.0,12.0,4.0,6.0,4.0,4.0,73.0,36.0,26.0,18.0,12.0,2.0,5.0,5.0,4625.0,2.0,7988.0,2024
2024-2012,Berlin,Grass,32,P,2024-06-17,300,202468,4.0,,Jessica Pegula,R,170.0,USA,30.3,214939,,,Anna Kalinskaya,R,175.0,RUS,25.5,6-7(0) 6-4 7-6(3),3,F,158.0,7.0,2.0,114.0,70.0,46.0,20.0,17.0,6.0,11.0,2.0,2.0,115.0,85.0,49.0,16.0,17.0,6.0,12.0,5.0,4625.0,24.0,1986.0,2024
2024-1052,Birmingham,Grass,32,I,2024-06-17,285,220714,,,Elisabetta Cocciaretto,R,,ITA,23.3,211533,1.0,,Jelena Ostapenko,R,177.0,LAT,27.0,6-3 6-3,3,R32,96.0,5.0,5.0,72.0,41.0,32.0,13.0,9.0,8.0,9.0,5.0,9.0,63.0,33.0,25.0,9.0,9.0,6.0,10.0,44.0,1259.0,13.0,3318.0,2024
2024-2012,Berlin,Grass,32,P,2024-06-17,271,214082,,,Daria Kasatkina,R,170.0,RUS,27.1,216146,,,Marta Kostyuk,R,175.0,UKR,21.9,4-6 7-6(6) 6-3,3,R32,158.0,4.0,8.0,132.0,84.0,51.0,24.0,16.0,9.0,14.0,1.0,10.0,110.0,66.0,44.0,18.0,15.0,7.0,12.0,14.0,3088.0,16.0,2240.0,2024
2024-2012,Berlin,Grass,32,P,2024-06-17,272,214939,,,Anna Kalinskaya,R,175.0,RUS,25.5,211702,,Q,Nao Hibino,R,163.0,JPN,29.5,2-6 6-4 6-2,3,R32,113.0,1.0,4.0,79.0,47.0,30.0,19.0,13.0,2.0,5.0,6.0,3.0,76.0,48.0,30.0,18.0,13.0,3.0,7.0,24.0,1986.0,93.0,770.0,2024
2024-1052,Birmingham,Grass,32,I,2024-06-17,297,220714,,,Elisabetta Cocciaretto,R,,ITA,23.3,223670,,,Diana Shnaider,L,,RUS,20.2,5-7 6-4 6-2,3,QF,152.0,3.0,3.0,89.0,58.0,41.0,14.0,15.0,6.0,10.0,2.0,4.0,118.0,81.0,44.0,18.0,15.0,12.0,18.0,44.0,1259.0,49.0,1176.0,2024
2024-1052,Birmingham,Grass,32,I,2024-06-17,300,201709,,,Yulia Putintseva,R,163.0,KAZ,29.4,201548,,,Ajla Tomljanovic,R,180.0,AUS,31.1,6-1 7-6(8),3,F,87.0,4.0,1.0,54.0,35.0,24.0,14.0,9.0,0.0,2.0,4.0,6.0,71.0,48.0,31.0,6.0,10.0,4.0,9.0,41.0,1333.0,190.0,393.0,2024
2024-1052,Birmingham,Grass,32,I,2024-06-17,299,201709,,,Yulia Putintseva,R,163.0,KAZ,29.4,220714,,,Elisabetta Cocciaretto,R,,ITA,23.3,6-2 6-2,3,SF,87.0,4.0,1.0,57.0,41.0,27.0,8.0,8.0,4.0,6.0,1.0,3.0,60.0,32.0,15.0,11.0,8.0,4.0,10.0,41.0,1333.0,44.0,1259.0,2024
2024-1052,Birmingham,Grass,32,I,2024-06-17,296,201709,,,Yulia Putintseva,R,163.0,KAZ,29.4,214452,,LL,Caroline Dolehide,R,178.0,USA,25.7,6-3 6-7(2) 6-1,3,QF,130.0,2.0,2.0,83.0,53.0,35.0,16.0,13.0,5.0,8.0,1.0,4.0,105.0,78.0,43.0,11.0,15.0,12.0,20.0,41.0,1333.0,61.0,1035.0,2024
2024-1052,Birmingham,Grass,32,I,2024-06-17,295,201548,,,Ajla Tomljanovic,R,180.0,AUS,31.1,220367,6.0,,Leylah Fernandez,L,168.0,CAN,21.7,1-6 6-3 6-2,3,QF,105.0,4.0,3.0,77.0,52.0,32.0,14.0,12.0,4.0,7.0,5.0,5.0,74.0,51.0,36.0,8.0,12.0,4.0,8.0,190.0,393.0,33.0,1625.0,2024
2024-1052,Birmingham,Grass,32,I,2024-06-17,294,215713,7.0,,Anastasia Potapova,R,175.0,RUS,23.2,206252,2.0,,Barbora Krejcikova,R,178.0,CZE,28.4,6-1 6-4,3,QF,71.0,5.0,2.0,60.0,35.0,26.0,14.0,9.0,3.0,3.0,4.0,2.0,51.0,35.0,22.0,8.0,8.0,5.0,8.0,36.0,1427.0,25.0,1768.0,2024
2024-1052,Birmingham,Grass,32,I,2024-06-17,298,201548,,,Ajla Tomljanovic,R,180.0,AUS,31.1,215713,7.0,,Anastasia Potapova,R,175.0,RUS,23.2,7-6(5) 6-4,3,SF,90.0,4.0,5.0,68.0,48.0,36.0,10.0,11.0,0.0,1.0,8.0,8.0,79.0,41.0,32.0,16.0,11.0,5.0,7.0,190.0,393.0,36.0,1427.0,2024
2024-1052,Birmingham,Grass,32,I,2024-06-17,292,223670,,,Diana Shnaider,L,,RUS,20.2,213631,8.0,,Marie Bouzkova,R,180.0,CZE,25.9,7-6(5) 6-3,3,R16,118.0,0.0,1.0,80.0,65.0,38.0,9.0,11.0,5.0,9.0,3.0,2.0,81.0,51.0,27.0,15.0,10.0,6.0,11.0,49.0,1176.0,37.0,1425.0,2024
2024-1052,Birmingham,Grass,32,I,2024-06-17,291,201709,,,Yulia Putintseva,R,163.0,KAZ,29.4,211843,,,Anhelina Kalinina,R,179.0,UKR,27.3,6-3 6-0,3,R16,56.0,4.0,0.0,41.0,33.0,28.0,5.0,8.0,0.0,0.0,0.0,5.0,45.0,24.0,16.0,6.0,7.0,3.0,7.0,41.0,1333.0,47.0,1221.0,2024
2024-1052,Birmingham,Grass,32,I,2024-06-17,290,214452,,LL,Caroline Dolehide,R,178.0,USA,25.7,210722,5.0,,Elise Mertens,R,179.0,BEL,28.5,6-3 3-0 RET,3,R16,53.0,1.0,0.0,35.0,30.0,23.0,4.0,6.0,1.0,1.0,1.0,3.0,32.0,20.0,11.0,7.0,6.0,1.0,4.0,61.0,1035.0,32.0,1629.0,2024
2024-1052,Birmingham,Grass,32,I,2024-06-17,289,220367,6.0,,Leylah Fernandez,L,168.0,CAN,21.7,203530,,Q,Viktorija Golubic,R,169.0,SUI,31.6,4-6 7-5 6-3,3,R16,141.0,5.0,0.0,85.0,65.0,47.0,9.0,16.0,2.0,6.0,2.0,5.0,94.0,67.0,41.0,12.0,15.0,5.0,10.0,33.0,1625.0,78.0,893.0,2024
2024-1052,Birmingham,Grass,32,I,2024-06-17,288,201548,,,Ajla Tomljanovic,R,180.0,AUS,31.1,202684,,,Lin Zhu,R,173.0,CHN,30.3,6-7(6) 6-1 6-4,3,R16,155.0,10.0,8.0,97.0,58.0,38.0,17.0,14.0,9.0,14.0,0.0,4.0,111.0,74.0,38.0,16.0,15.0,5.0,14.0,190.0,393.0,54.0,1077.0,2024
2024-1052,Birmingham,Grass,32,I,2024-06-17,293,220714,,,Elisabetta Cocciaretto,R,,ITA,23.3,201585,,WC,Sloane Stephens,R,170.0,USA,31.2,6-4 6-2,3,R16,80.0,3.0,1.0,57.0,34.0,24.0,16.0,9.0,3.0,4.0,0.0,0.0,53.0,40.0,22.0,6.0,9.0,4.0,8.0,44.0,1259.0,48.0,1217.0,2024
2024-710,Eastbourne,Grass,32,P,2024-06-24,277,211533,5.0,,Jelena Ostapenko,R,177.0,LAT,27.0,213889,,Q,Greet Minnen,R,,BEL,26.8,7-6(3) 6-1,3,R32,89.0,1.0,3.0,54.0,34.0,22.0,10.0,9.0,2.0,6.0,4.0,5.0,68.0,43.0,21.0,8.0,10.0,2.0,9.0,13.0,3098.0,85.0,824.0,2024
2024-2017,Bad Homburg,Grass,32,P,2024-06-24,290,201496,,WC,Caroline Wozniacki,R,177.0,DEN,33.9,206368,,,Veronika Kudermetova,R,175.0,RUS,27.1,6-2 6-4,3,R16,84.0,3.0,1.0,50.0,33.0,23.0,12.0,9.0,1.0,2.0,3.0,3.0,57.0,40.0,24.0,4.0,9.0,2.0,6.0,112.0,666.0,36.0,1488.0,2024
2024-710,Eastbourne,Grass,32,P,2024-06-24,276,211107,,,Katie Boulter,R,180.0,GBR,27.8,201549,,LL,Petra Martic,R,181.0,CRO,33.4,6-1 7-6(8),3,R32,97.0,5.0,6.0,71.0,47.0,32.0,12.0,10.0,4.0,6.0,4.0,1.0,58.0,33.0,21.0,9.0,9.0,0.0,4.0,32.0,1641.0,74.0,911.0,2024
2024-710,Eastbourne,Grass,32,P,2024-06-24,275,210722,,,Elise Mertens,R,179.0,BEL,28.6,213908,,WC,Yuriko Miyazaki,R,165.0,GBR,28.6,6-1 6-2,3,R32,74.0,3.0,2.0,42.0,20.0,16.0,12.0,7.0,4.0,5.0,1.0,2.0,52.0,37.0,17.0,3.0,8.0,3.0,9.0,33.0,1629.0,148.0,512.0,2024
2024-710,Eastbourne,Grass,32,P,2024-06-24,273,214082,6.0,,Daria Kasatkina,R,170.0,RUS,27.1,216133,,,Xin Yu Wang,R,182.0,CHN,22.7,6-4 6-2,3,R32,85.0,2.0,8.0,71.0,40.0,26.0,10.0,9.0,7.0,11.0,3.0,2.0,54.0,26.0,12.0,10.0,9.0,3.0,10.0,14.0,3088.0,40.0,1411.0,2024
2024-710,Eastbourne,Grass,32,P,2024-06-24,272,206294,,,Yue Yuan,R,184.0,CHN,25.7,215713,,,Anastasia Potapova,R,175.0,RUS,23.2,6-3 6-6 RET,3,R32,104.0,4.0,1.0,70.0,38.0,23.0,21.0,11.0,3.0,6.0,4.0,7.0,79.0,44.0,25.0,17.0,10.0,6.0,10.0,38.0,1422.0,39.0,1415.0,2024
2024-710,Eastbourne,Grass,32,P,2024-06-24,271,221054,,WC,Emma Raducanu,R,175.0,GBR,21.6,201585,,,Sloane Stephens,R,170.0,USA,31.2,6-4 6-0,3,R32,76.0,5.0,2.0,47.0,28.0,19.0,12.0,8.0,4.0,6.0,0.0,0.0,53.0,38.0,14.0,7.0,8.0,3.0,9.0,168.0,451.0,45.0,1217.0,2024
2024-2017,Bad Homburg,Grass,32,P,2024-06-24,288,215020,,,Anna Blinkova,R,179.0,RUS,25.7,206242,4.0,,Beatriz Haddad Maia,L,185.0,BRA,28.0,6-3 7-5,3,R16,101.0,2.0,5.0,70.0,45.0,31.0,11.0,11.0,4.0,7.0,3.0,8.0,66.0,42.0,26.0,7.0,10.0,3.0,8.0,66.0,982.0,20.0,2213.0,2024
2024-2017,Bad Homburg,Grass,32,P,2024-06-24,289,202600,,Q,Viktoriya Tomova,R,170.0,BUL,29.3,222328,,,Linda Noskova,R,,CZE,19.6,6-4 6-2,3,R16,69.0,4.0,1.0,60.0,35.0,26.0,15.0,9.0,4.0,4.0,1.0,1.0,51.0,34.0,19.0,10.0,9.0,2.0,5.0,58.0,1035.0,26.0,1745.0,2024
2024-2017,Bad Homburg,Grass,32,P,2024-06-24,291,215613,3.0,,Emma Navarro,R,,USA,23.1,220548,,,Peyton Stearns,R,,USA,22.7,6-4 6-1,3,R16,66.0,4.0,1.0,46.0,27.0,19.0,16.0,9.0,2.0,3.0,1.0,1.0,46.0,28.0,17.0,7.0,8.0,3.0,7.0,19.0,2238.0,59.0,1023.0,2024
2024-2017,Bad Homburg,Grass,32,P,2024-06-24,297,223670,,,Diana Shnaider,L,,RUS,20.2,211651,,WC,Paula Badosa,R,180.0,ESP,26.6,6-3 7-6(3),3,QF,107.0,4.0,4.0,77.0,52.0,33.0,13.0,10.0,4.0,6.0,6.0,6.0,88.0,53.0,34.0,15.0,11.0,6.0,10.0,47.0,1210.0,113.0,662.0,2024
2024-2017,Bad Homburg,Grass,32,P,2024-06-24,293,211651,,WC,Paula Badosa,R,180.0,ESP,26.6,215898,,LL,Jule Niemeier,R,178.0,GER,24.8,4-6 6-2 6-1,3,R16,112.0,3.0,5.0,78.0,41.0,33.0,17.0,12.0,4.0,6.0,8.0,12.0,79.0,35.0,28.0,14.0,13.0,3.0,9.0,113.0,662.0,96.0,741.0,2024
2024-2017,Bad Homburg,Grass,32,P,2024-06-24,294,202499,,,Donna Vekic,R,179.0,CRO,27.9,211701,,,Katerina Siniakova,R,174.0,CZE,28.1,W/O,3,QF,0.0,,,,,,,,,,,,,,,,,,,49.0,1173.0,27.0,1718.0,2024
2024-2017,Bad Homburg,Grass,32,P,2024-06-24,295,202600,,Q,Viktoriya Tomova,R,170.0,BUL,29.3,215020,,,Anna Blinkova,R,179.0,RUS,25.7,2-6 6-1 7-6(9),3,QF,132.0,7.0,1.0,103.0,76.0,48.0,13.0,14.0,7.0,11.0,5.0,5.0,111.0,75.0,45.0,17.0,13.0,6.0,10.0,58.0,1035.0,66.0,982.0,2024
2024-2017,Bad Homburg,Grass,32,P,2024-06-24,296,215613,3.0,,Emma Navarro,R,,USA,23.1,201496,,WC,Caroline Wozniacki,R,177.0,DEN,33.9,4-6 6-1 1-0 RET,3,QF,97.0,3.0,3.0,68.0,42.0,28.0,11.0,9.0,4.0,6.0,3.0,4.0,66.0,46.0,27.0,8.0,9.0,2.0,6.0,19.0,2238.0,112.0,666.0,2024
2024-710,Eastbourne,Grass,32,P,2024-06-24,278,202663,,Q,Magda Linette,R,171.0,POL,32.3,201499,8.0,,Anastasia Pavlyuchenkova,R,177.0,RUS,32.9,1-6 7-6(4) 6-4,3,R32,136.0,6.0,5.0,87.0,48.0,33.0,21.0,14.0,3.0,6.0,4.0,7.0,93.0,62.0,44.0,15.0,15.0,4.0,6.0,46.0,1216.0,25.0,1756.0,2024
2024-2017,Bad Homburg,Grass,32,P,2024-06-24,298,202499,,,Donna Vekic,R,179.0,CRO,27.9,202600,,Q,Viktoriya Tomova,R,170.0,BUL,29.3,6-0 7-6(6),3,SF,100.0,10.0,4.0,71.0,40.0,30.0,16.0,9.0,4.0,5.0,2.0,2.0,76.0,35.0,18.0,22.0,9.0,5.0,9.0,49.0,1173.0,58.0,1035.0,2024
2024-2017,Bad Homburg,Grass,32,P,2024-06-24,299,223670,,,Diana Shnaider,L,,RUS,20.2,215613,3.0,,Emma Navarro,R,,USA,23.1,7-5 2-6 6-3,3,SF,142.0,2.0,3.0,124.0,81.0,48.0,23.0,15.0,13.0,17.0,1.0,4.0,85.0,58.0,36.0,14.0,14.0,1.0,5.0,47.0,1210.0,19.0,2238.0,2024
2024-2017,Bad Homburg,Grass,32,P,2024-06-24,300,223670,,,Diana Shnaider,L,,RUS,20.2,202499,,,Donna Vekic,R,179.0,CRO,27.9,6-3 2-6 6-3,3,F,132.0,9.0,1.0,106.0,71.0,43.0,18.0,13.0,10.0,13.0,7.0,4.0,70.0,39.0,29.0,17.0,13.0,2.0,6.0,47.0,1210.0,49.0,1173.0,2024
2024-2017,Bad Homburg,Grass,32,P,2024-06-24,287,202499,,,Donna Vekic,R,179.0,CRO,27.9,206420,6.0,,Ekaterina Alexandrova,R,175.0,RUS,29.6,6-4 3-6 6-3,3,R16,123.0,6.0,4.0,74.0,45.0,39.0,15.0,14.0,0.0,1.0,14.0,6.0,95.0,61.0,45.0,16.0,14.0,3.0,5.0,49.0,1173.0,22.0,2053.0,2024
2024-2017,Bad Homburg,Grass,32,P,2024-06-24,292,223670,,,Diana Shnaider,L,,RUS,20.2,215035,,,Dayana Yastremska,R,175.0,UKR,24.1,6-2 6-2,3,R16,77.0,5.0,0.0,45.0,30.0,25.0,7.0,8.0,0.0,0.0,2.0,5.0,61.0,27.0,18.0,14.0,8.0,10.0,14.0,47.0,1210.0,28.0,1710.0,2024
2024-710,Eastbourne,Grass,32,P,2024-06-24,279,214096,,,Karolina Muchova,R,178.0,CZE,27.8,220589,,Q,Elina Avanesyan,R,,ARM,21.7,3-1 RET,3,R32,19.0,4.0,0.0,12.0,12.0,8.0,0.0,2.0,0.0,0.0,0.0,1.0,15.0,9.0,4.0,3.0,2.0,1.0,2.0,35.0,1510.0,81.0,831.0,2024
2024-2017,Bad Homburg,Grass,32,P,2024-06-24,286,211701,,,Katerina Siniakova,R,174.0,CZE,28.1,214643,2.0,,Liudmila Samsonova,R,180.0,RUS,25.6,6-3 6-7(3) 6-3,3,R16,150.0,2.0,4.0,115.0,79.0,49.0,20.0,16.0,6.0,9.0,6.0,4.0,96.0,49.0,36.0,19.0,14.0,3.0,8.0,27.0,1718.0,15.0,2830.0,2024
2024-710,Eastbourne,Grass,32,P,2024-06-24,282,220367,,,Leylah Fernandez,L,168.0,CAN,21.7,206252,7.0,,Barbora Krejcikova,R,178.0,CZE,28.5,6-2 3-6 6-2,3,R32,108.0,3.0,4.0,66.0,42.0,34.0,14.0,12.0,7.0,9.0,1.0,6.0,76.0,52.0,34.0,9.0,13.0,4.0,9.0,30.0,1649.0,31.0,1642.0,2024
2024-2017,Bad Homburg,Grass,32,P,2024-06-24,272,202499,,,Donna Vekic,R,179.0,CRO,27.9,214459,,Q,Lucia Bronzetti,R,,ITA,25.5,6-3 6-4,3,R32,84.0,3.0,1.0,51.0,30.0,23.0,11.0,9.0,2.0,4.0,3.0,2.0,73.0,40.0,25.0,11.0,10.0,5.0,10.0,49.0,1173.0,64.0,983.0,2024
2024-2017,Bad Homburg,Grass,32,P,2024-06-24,273,206420,6.0,,Ekaterina Alexandrova,R,175.0,RUS,29.6,206408,,,Nadia Podoroska,R,170.0,ARG,27.3,6-3 6-0,3,R32,60.0,5.0,4.0,46.0,26.0,23.0,11.0,8.0,1.0,1.0,3.0,3.0,41.0,27.0,14.0,5.0,7.0,1.0,5.0,22.0,2053.0,65.0,983.0,2024
2024-2017,Bad Homburg,Grass,32,P,2024-06-24,274,206242,4.0,,Beatriz Haddad Maia,L,185.0,BRA,28.0,211337,,LL,Tamara Korpatsch,R,170.0,GER,29.1,6-1 7-6(6),3,R32,129.0,1.0,4.0,61.0,39.0,30.0,11.0,9.0,2.0,3.0,2.0,8.0,86.0,53.0,30.0,15.0,10.0,7.0,11.0,20.0,2213.0,75.0,895.0,2024
2024-2017,Bad Homburg,Grass,32,P,2024-06-24,275,215020,,,Anna Blinkova,R,179.0,RUS,25.7,215370,,WC,Bianca Andreescu,R,170.0,CAN,24.0,6-4 6-2,3,R32,75.0,0.0,7.0,62.0,40.0,28.0,8.0,9.0,6.0,9.0,4.0,3.0,56.0,37.0,21.0,5.0,9.0,5.0,11.0,66.0,982.0,165.0,455.0,2024
2024-2017,Bad Homburg,Grass,32,P,2024-06-24,276,202600,,Q,Viktoriya Tomova,R,170.0,BUL,29.3,213583,,WC,Tatjana Maria,R,172.0,GER,36.8,6-1 6-3,3,R32,73.0,1.0,1.0,63.0,42.0,30.0,9.0,8.0,4.0,5.0,1.0,1.0,45.0,27.0,17.0,5.0,8.0,3.0,8.0,58.0,1035.0,61.0,994.0,2024
2024-2017,Bad Homburg,Grass,32,P,2024-06-24,277,222328,,,Linda Noskova,R,,CZE,19.6,203501,,LL,Taylor Townsend,L,170.0,USA,28.1,7-5 6-1,3,R32,84.0,7.0,4.0,74.0,52.0,37.0,10.0,10.0,6.0,7.0,12.0,0.0,62.0,41.0,24.0,10.0,9.0,2.0,6.0,26.0,1745.0,79.0,864.0,2024
2024-2017,Bad Homburg,Grass,32,P,2024-06-24,271,211701,,,Katerina Siniakova,R,174.0,CZE,28.1,216262,,,Clara Burel,R,176.0,FRA,23.2,6-3 6-7(7) 6-1,3,R32,139.0,1.0,4.0,81.0,47.0,31.0,16.0,13.0,2.0,6.0,3.0,13.0,128.0,70.0,39.0,20.0,15.0,8.0,17.0,27.0,1718.0,43.0,1288.0,2024
2024-2017,Bad Homburg,Grass,32,P,2024-06-24,278,201496,,WC,Caroline Wozniacki,R,177.0,DEN,33.9,202494,7.0,,Elina Svitolina,R,174.0,UKR,29.7,6-3 6-7(4) 7-5,3,R32,160.0,4.0,7.0,115.0,70.0,52.0,16.0,17.0,7.0,12.0,5.0,6.0,95.0,55.0,37.0,13.0,16.0,5.0,12.0,112.0,666.0,21.0,2099.0,2024
2024-2017,Bad Homburg,Grass,32,P,2024-06-24,280,220548,,,Peyton Stearns,R,,USA,22.7,260847,,LL,Julia Stusek,R,,GER,16.0,6-2 7-5,3,R32,86.0,3.0,1.0,54.0,33.0,27.0,16.0,10.0,2.0,2.0,3.0,6.0,69.0,37.0,24.0,16.0,10.0,4.0,7.0,59.0,1023.0,913.0,24.0,2024
2024-2017,Bad Homburg,Grass,32,P,2024-06-24,282,215035,,,Dayana Yastremska,R,175.0,UKR,24.1,259799,8.0,,Mirra Andreeva,R,,RUS,17.1,4-6 6-4 6-3,3,R32,126.0,3.0,5.0,81.0,47.0,34.0,22.0,15.0,1.0,3.0,6.0,5.0,79.0,53.0,40.0,11.0,14.0,2.0,5.0,28.0,1710.0,24.0,2017.0,2024
2024-2017,Bad Homburg,Grass,32,P,2024-06-24,283,223670,,,Diana Shnaider,L,,RUS,20.2,201493,,SR,Angelique Kerber,L,173.0,GER,36.4,7-5 6-3,3,R32,78.0,5.0,1.0,57.0,36.0,25.0,15.0,11.0,0.0,2.0,4.0,4.0,70.0,50.0,30.0,8.0,10.0,6.0,10.0,47.0,1210.0,221.0,333.0,2024
2024-2017,Bad Homburg,Grass,32,P,2024-06-24,284,211651,,WC,Paula Badosa,R,180.0,ESP,26.6,201551,,,Arantxa Rus,L,180.0,NED,33.5,6-4 6-1,3,R32,68.0,7.0,4.0,51.0,30.0,26.0,10.0,8.0,2.0,2.0,1.0,4.0,53.0,33.0,19.0,8.0,9.0,2.0,6.0,113.0,662.0,55.0,1054.0,2024
2024-2017,Bad Homburg,Grass,32,P,2024-06-24,285,215898,,LL,Jule Niemeier,R,178.0,GER,24.8,206289,1.0,,Maria Sakkari,R,172.0,GRE,28.9,2-6 6-2 7-6(4),3,R32,154.0,6.0,4.0,95.0,51.0,33.0,23.0,14.0,5.0,9.0,6.0,5.0,110.0,74.0,47.0,14.0,14.0,4.0,8.0,96.0,741.0,9.0,3805.0,2024
2024-710,Eastbourne,Grass,32,P,2024-06-24,280,211843,,Q,Anhelina Kalinina,R,179.0,UKR,27.3,201514,,,Sorana Cirstea,R,176.0,ROU,34.2,6-3 6-2,3,R32,83.0,1.0,1.0,48.0,30.0,25.0,9.0,8.0,0.0,0.0,4.0,2.0,63.0,40.0,20.0,14.0,9.0,6.0,10.0,44.0,1221.0,29.0,1675.0,2024
2024-2017,Bad Homburg,Grass,32,P,2024-06-24,279,206368,,,Veronika Kudermetova,R,175.0,RUS,27.1,220348,,Q,Diane Parry,R,170.0,FRA,21.8,3-6 7-5 6-1,3,R32,141.0,3.0,0.0,80.0,46.0,28.0,22.0,14.0,1.0,5.0,4.0,5.0,91.0,50.0,28.0,20.0,14.0,4.0,10.0,36.0,1488.0,53.0,1077.0,2024
2024-2017,Bad Homburg,Grass,32,P,2024-06-24,270,214643,2.0,,Liudmila Samsonova,R,180.0,RUS,25.6,204427,,,Sara Sorribes Tormo,R,176.0,ESP,27.7,6-3 6-1,3,R32,87.0,7.0,1.0,46.0,21.0,17.0,15.0,8.0,3.0,4.0,0.0,1.0,62.0,46.0,24.0,3.0,8.0,6.0,11.0,15.0,2830.0,54.0,1055.0,2024
2024-2017,Bad Homburg,Grass,32,P,2024-06-24,281,215613,3.0,,Emma Navarro,R,,USA,23.1,211713,,Q,Jaqueline Cristian,R,180.0,ROU,26.0,6-3 6-1,3,R32,66.0,3.0,1.0,52.0,35.0,27.0,9.0,8.0,3.0,4.0,3.0,3.0,46.0,27.0,14.0,7.0,8.0,3.0,8.0,19.0,2238.0,62.0,986.0,2024
2024-710,Eastbourne,Grass,32,P,2024-06-24,299,220367,,,Leylah Fernandez,L,168.0,CAN,21.7,201619,4.0,,Madison Keys,R,178.0,USA,29.3,6-3 3-6 6-3,3,SF,123.0,2.0,6.0,86.0,54.0,38.0,15.0,14.0,7.0,10.0,6.0,2.0,89.0,63.0,43.0,10.0,13.0,6.0,10.0,30.0,1649.0,12.0,3343.0,2024
2024-710,Eastbourne,Grass,32,P,2024-06-24,283,221909,,Q,Ashlyn Krueger,R,185.0,USA,20.1,203530,,Q,Viktorija Golubic,R,169.0,SUI,31.6,6-1 6-7(7) 7-5,3,R32,151.0,6.0,5.0,97.0,64.0,42.0,15.0,16.0,2.0,8.0,0.0,4.0,118.0,87.0,44.0,12.0,15.0,5.0,14.0,87.0,804.0,69.0,940.0,2024
2024-710,Eastbourne,Grass,32,P,2024-06-24,300,214082,6.0,,Daria Kasatkina,R,170.0,RUS,27.1,220367,,,Leylah Fernandez,L,168.0,CAN,21.7,6-3 6-4,3,F,110.0,1.0,5.0,87.0,65.0,41.0,9.0,9.0,5.0,7.0,1.0,3.0,65.0,49.0,25.0,7.0,10.0,5.0,10.0,14.0,3088.0,30.0,1649.0,2024
2024-710,Eastbourne,Grass,32,P,2024-06-24,284,211279,,WC,Harriet Dart,R,175.0,GBR,27.9,213631,,,Marie Bouzkova,R,180.0,CZE,25.9,7-5 6-7(7) 6-4,3,R32,209.0,1.0,6.0,139.0,87.0,52.0,23.0,17.0,10.0,16.0,2.0,3.0,112.0,76.0,46.0,13.0,17.0,6.0,14.0,105.0,686.0,37.0,1445.0,2024
2024-710,Eastbourne,Grass,32,P,2024-06-24,286,221054,,WC,Emma Raducanu,R,175.0,GBR,21.6,202468,2.0,,Jessica Pegula,R,170.0,USA,30.3,4-6 7-6(6) 7-5,3,R16,164.0,4.0,9.0,109.0,67.0,44.0,18.0,17.0,8.0,14.0,6.0,7.0,112.0,65.0,41.0,22.0,17.0,5.0,11.0,168.0,451.0,5.0,5025.0,2024
2024-710,Eastbourne,Grass,32,P,2024-06-24,288,211148,3.0,,Jasmine Paolini,R,160.0,ITA,28.4,210722,,,Elise Mertens,R,179.0,BEL,28.6,5-2 RET,3,R16,33.0,0.0,0.0,24.0,19.0,14.0,3.0,4.0,0.0,0.0,1.0,2.0,22.0,9.0,6.0,6.0,3.0,2.0,3.0,7.0,4068.0,33.0,1629.0,2024
2024-710,Eastbourne,Grass,32,P,2024-06-24,289,211107,,,Katie Boulter,R,180.0,GBR,27.8,211533,5.0,,Jelena Ostapenko,R,177.0,LAT,27.0,6-4 7-5,3,R16,124.0,11.0,6.0,85.0,61.0,41.0,7.0,11.0,8.0,11.0,10.0,9.0,98.0,57.0,34.0,16.0,11.0,13.0,18.0,32.0,1641.0,13.0,3098.0,2024
2024-710,Eastbourne,Grass,32,P,2024-06-24,290,214096,,,Karolina Muchova,R,178.0,CZE,27.8,202663,,Q,Magda Linette,R,171.0,POL,32.3,6-4 6-1,3,R16,105.0,4.0,2.0,70.0,39.0,29.0,16.0,8.0,7.0,7.0,5.0,1.0,81.0,51.0,31.0,11.0,9.0,9.0,13.0,35.0,1510.0,46.0,1216.0,2024
2024-710,Eastbourne,Grass,32,P,2024-06-24,287,214082,6.0,,Daria Kasatkina,R,170.0,RUS,27.1,206294,,,Yue Yuan,R,184.0,CHN,25.7,3-6 6-4 6-0,3,R16,111.0,3.0,6.0,73.0,44.0,30.0,13.0,12.0,1.0,5.0,1.0,2.0,78.0,37.0,20.0,14.0,13.0,4.0,11.0,14.0,3088.0,38.0,1422.0,2024
2024-710,Eastbourne,Grass,32,P,2024-06-24,292,220367,,,Leylah Fernandez,L,168.0,CAN,21.7,221909,,Q,Ashlyn Krueger,R,185.0,USA,20.1,6-2 6-1,3,R16,78.0,3.0,2.0,56.0,33.0,22.0,14.0,7.0,5.0,5.0,2.0,4.0,59.0,40.0,21.0,6.0,8.0,7.0,12.0,30.0,1649.0,87.0,804.0,2024
2024-710,Eastbourne,Grass,32,P,2024-06-24,293,211279,,WC,Harriet Dart,R,175.0,GBR,27.9,213550,,LL,Sofia Kenin,R,170.0,USA,25.6,6-3 6-7(3) 6-0,3,R16,150.0,8.0,5.0,100.0,61.0,42.0,14.0,13.0,9.0,13.0,1.0,6.0,93.0,69.0,37.0,7.0,14.0,3.0,12.0,105.0,686.0,48.0,1208.0,2024
2024-710,Eastbourne,Grass,32,P,2024-06-24,294,214082,6.0,,Daria Kasatkina,R,170.0,RUS,27.1,221054,,WC,Emma Raducanu,R,175.0,GBR,21.6,6-2 6-2,3,QF,81.0,1.0,5.0,51.0,37.0,26.0,5.0,8.0,2.0,4.0,2.0,2.0,60.0,42.0,18.0,8.0,8.0,7.0,13.0,14.0,3088.0,168.0,451.0,2024
2024-710,Eastbourne,Grass,32,P,2024-06-24,298,214082,6.0,,Daria Kasatkina,R,170.0,RUS,27.1,211148,3.0,,Jasmine Paolini,R,160.0,ITA,28.4,3-6 7-5 6-3,3,SF,136.0,0.0,4.0,99.0,66.0,40.0,20.0,15.0,10.0,14.0,2.0,3.0,97.0,55.0,35.0,19.0,15.0,10.0,15.0,14.0,3088.0,7.0,4068.0,2024
2024-710,Eastbourne,Grass,32,P,2024-06-24,295,211148,3.0,,Jasmine Paolini,R,160.0,ITA,28.4,211107,,,Katie Boulter,R,180.0,GBR,27.8,6-1 7-6(0),3,QF,95.0,4.0,5.0,67.0,45.0,35.0,11.0,10.0,1.0,2.0,5.0,10.0,72.0,45.0,31.0,8.0,9.0,5.0,8.0,7.0,4068.0,32.0,1641.0,2024
2024-710,Eastbourne,Grass,32,P,2024-06-24,296,201619,4.0,,Madison Keys,R,178.0,USA,29.3,214096,,,Karolina Muchova,R,178.0,CZE,27.8,W/O,3,QF,0.0,,,,,,,,,,,,,,,,,,,12.0,3343.0,35.0,1510.0,2024
2024-710,Eastbourne,Grass,32,P,2024-06-24,291,201619,4.0,,Madison Keys,R,178.0,USA,29.3,211843,,Q,Anhelina Kalinina,R,179.0,UKR,27.3,7-6(5) 6-1,3,R16,90.0,9.0,4.0,78.0,61.0,44.0,8.0,10.0,10.0,11.0,1.0,5.0,61.0,36.0,22.0,14.0,9.0,2.0,5.0,12.0,3343.0,44.0,1221.0,2024
2024-710,Eastbourne,Grass,32,P,2024-06-24,297,220367,,,Leylah Fernandez,L,168.0,CAN,21.7,211279,,WC,Harriet Dart,R,175.0,GBR,27.9,6-2 6-1,3,QF,67.0,2.0,2.0,41.0,26.0,21.0,8.0,8.0,0.0,1.0,1.0,3.0,46.0,26.0,10.0,9.0,7.0,2.0,7.0,30.0,1649.0,105.0,686.0,2024
2024-540,Wimbledon,Grass,128,G,2024-07-01,192,223670,,,Diana Shnaider,L,,RUS,20.2,201585,,,Sloane Stephens,R,170.0,USA,31.2,6-1 6-1,3,R64,49.0,0.0,1.0,44.0,25.0,17.0,13.0,7.0,1.0,1.0,0.0,1.0,38.0,25.0,8.0,6.0,7.0,0.0,5.0,30.0,1690.0,50.0,1217.0,2024
2024-540,Wimbledon,Grass,128,G,2024-07-01,193,215613,19.0,,Emma Navarro,R,,USA,23.1,211768,,WC,Naomi Osaka,R,180.0,JPN,26.7,6-4 6-1,3,R64,59.0,0.0,1.0,45.0,33.0,27.0,7.0,8.0,0.0,0.0,4.0,0.0,48.0,30.0,19.0,8.0,9.0,1.0,5.0,17.0,2323.0,113.0,669.0,2024
2024-540,Wimbledon,Grass,128,G,2024-07-01,194,222661,,Q,Sonay Kartal,R,,GBR,22.6,216262,,,Clara Burel,R,176.0,FRA,23.2,6-3 5-7 6-3,3,R64,135.0,0.0,1.0,98.0,63.0,43.0,19.0,15.0,10.0,13.0,3.0,8.0,107.0,59.0,35.0,24.0,15.0,7.0,12.0,298.0,228.0,45.0,1288.0,2024
2024-540,Wimbledon,Grass,128,G,2024-07-01,195,221103,2.0,,Coco Gauff,R,175.0,USA,20.3,223331,,Q,Anca Alexia Todoni,R,,ROU,19.7,6-2 6-1,3,R64,66.0,2.0,2.0,47.0,20.0,17.0,16.0,7.0,2.0,2.0,2.0,2.0,54.0,36.0,20.0,5.0,8.0,4.0,9.0,2.0,7943.0,142.0,541.0,2024
2024-540,Wimbledon,Grass,128,G,2024-07-01,197,211533,13.0,,Jelena Ostapenko,R,177.0,LAT,27.0,211095,,,Bernarda Pera,L,175.0,USA,29.5,6-1 6-3,3,R32,59.0,2.0,3.0,46.0,24.0,20.0,10.0,8.0,7.0,9.0,4.0,4.0,52.0,24.0,12.0,10.0,8.0,4.0,10.0,14.0,3058.0,97.0,752.0,2024
2024-540,Wimbledon,Grass,128,G,2024-07-01,198,203389,11.0,,Danielle Collins,R,178.0,USA,30.5,206242,20.0,,Beatriz Haddad Maia,L,185.0,BRA,28.0,6-4 6-4,3,R32,98.0,3.0,8.0,69.0,35.0,22.0,16.0,10.0,4.0,7.0,5.0,5.0,60.0,39.0,24.0,6.0,10.0,3.0,8.0,11.0,3532.0,20.0,2218.0,2024
2024-540,Wimbledon,Grass,128,G,2024-07-01,199,206252,31.0,,Barbora Krejcikova,R,178.0,CZE,28.5,222601,,,Jessica Bouzas Maneiro,R,,ESP,21.7,6-0 4-3 RET,3,R32,56.0,3.0,3.0,36.0,25.0,23.0,5.0,6.0,0.0,0.0,0.0,5.0,36.0,21.0,11.0,5.0,7.0,1.0,5.0,32.0,1643.0,83.0,828.0,2024
2024-540,Wimbledon,Grass,128,G,2024-07-01,191,201619,12.0,,Madison Keys,R,178.0,USA,29.3,206374,,,Yafan Wang,R,170.0,CHN,30.1,6-2 6-2,3,R64,77.0,5.0,3.0,45.0,34.0,30.0,4.0,8.0,0.0,0.0,1.0,3.0,76.0,48.0,28.0,11.0,8.0,10.0,14.0,13.0,3068.0,71.0,919.0,2024
2024-540,Wimbledon,Grass,128,G,2024-07-01,200,214981,4.0,,Elena Rybakina,R,184.0,KAZ,25.0,201496,,WC,Caroline Wozniacki,R,177.0,DEN,33.9,6-0 6-1,3,R32,57.0,9.0,4.0,45.0,31.0,25.0,6.0,7.0,1.0,1.0,0.0,2.0,42.0,23.0,10.0,6.0,6.0,6.0,11.0,4.0,6026.0,91.0,774.0,2024
2024-540,Wimbledon,Grass,128,G,2024-07-01,196,201709,,,Yulia Putintseva,R,163.0,KAZ,29.4,216347,1.0,,Iga Swiatek,R,176.0,POL,23.0,3-6 6-1 6-2,3,R32,119.0,0.0,4.0,85.0,62.0,42.0,12.0,12.0,7.0,8.0,5.0,2.0,78.0,52.0,32.0,12.0,12.0,4.0,8.0,35.0,1553.0,1.0,11585.0,2024
2024-540,Wimbledon,Grass,128,G,2024-07-01,190,216146,18.0,,Marta Kostyuk,R,175.0,UKR,22.0,201611,,,Daria Saville,R,166.0,AUS,30.3,4-6 7-6(2) 6-4,3,R64,190.0,4.0,15.0,123.0,77.0,52.0,12.0,16.0,8.0,16.0,0.0,9.0,117.0,71.0,41.0,18.0,16.0,13.0,21.0,19.0,2240.0,82.0,830.0,2024
2024-540,Wimbledon,Grass,128,G,2024-07-01,183,206289,9.0,,Maria Sakkari,R,172.0,GRE,28.9,201551,,,Arantxa Rus,L,180.0,NED,33.5,7-5 6-3,3,R64,89.0,5.0,2.0,66.0,36.0,30.0,18.0,11.0,2.0,2.0,5.0,3.0,57.0,41.0,29.0,6.0,10.0,1.0,3.0,9.0,3805.0,56.0,1054.0,2024
2024-540,Wimbledon,Grass,128,G,2024-07-01,188,211148,7.0,,Jasmine Paolini,R,160.0,ITA,28.4,213889,,,Greet Minnen,R,,BEL,26.8,7-6(5) 6-2,3,R64,92.0,0.0,2.0,58.0,37.0,22.0,11.0,10.0,4.0,8.0,0.0,1.0,84.0,55.0,28.0,11.0,10.0,6.0,12.0,7.0,4228.0,80.0,848.0,2024
2024-540,Wimbledon,Grass,128,G,2024-07-01,187,202499,,,Donna Vekic,R,179.0,CRO,28.0,222965,,LL,Erika Andreeva,R,,RUS,20.0,6-2 6-3,3,R64,92.0,2.0,3.0,44.0,24.0,20.0,10.0,8.0,0.0,1.0,1.0,5.0,81.0,43.0,22.0,17.0,9.0,10.0,15.0,37.0,1488.0,101.0,729.0,2024
2024-540,Wimbledon,Grass,128,G,2024-07-01,186,215035,28.0,,Dayana Yastremska,R,175.0,UKR,24.1,219875,,,Varvara Gracheva,R,,FRA,23.9,3-6 6-4 7-6(5),3,R64,155.0,6.0,4.0,123.0,74.0,42.0,27.0,15.0,8.0,14.0,4.0,7.0,110.0,71.0,48.0,15.0,16.0,7.0,13.0,27.0,1760.0,70.0,920.0,2024
2024-540,Wimbledon,Grass,128,G,2024-07-01,185,211651,,,Paula Badosa,R,180.0,ESP,26.6,259104,,,Brenda Fruhvirtova,R,,CZE,17.2,6-4 6-2,3,R64,80.0,7.0,6.0,57.0,35.0,26.0,7.0,9.0,4.0,7.0,0.0,7.0,53.0,34.0,15.0,7.0,9.0,1.0,7.0,93.0,770.0,88.0,801.0,2024
2024-540,Wimbledon,Grass,128,G,2024-07-01,184,214082,14.0,,Daria Kasatkina,R,170.0,RUS,27.1,213908,,WC,Yuriko Miyazaki,R,165.0,GBR,28.6,6-0 6-0,3,R64,50.0,2.0,1.0,33.0,20.0,17.0,9.0,6.0,0.0,0.0,0.0,5.0,39.0,22.0,10.0,2.0,6.0,4.0,10.0,12.0,3283.0,148.0,512.0,2024
2024-540,Wimbledon,Grass,128,G,2024-07-01,182,221054,,WC,Emma Raducanu,R,175.0,GBR,21.6,210722,,,Elise Mertens,R,179.0,BEL,28.6,6-1 6-2,3,R64,75.0,3.0,1.0,49.0,36.0,27.0,8.0,8.0,2.0,2.0,1.0,1.0,47.0,27.0,14.0,10.0,7.0,9.0,13.0,135.0,559.0,33.0,1629.0,2024
2024-540,Wimbledon,Grass,128,G,2024-07-01,181,202684,,,Lin Zhu,R,173.0,CHN,30.4,201499,25.0,,Anastasia Pavlyuchenkova,R,177.0,RUS,32.9,6-4 6-3,3,R64,84.0,3.0,0.0,56.0,36.0,21.0,16.0,9.0,1.0,2.0,3.0,2.0,70.0,48.0,29.0,9.0,10.0,4.0,8.0,61.0,997.0,28.0,1756.0,2024
2024-540,Wimbledon,Grass,128,G,2024-07-01,180,215138,,Q,Lulu Sun,L,,NZL,23.2,263857,,Q,Yuliia Starodubtseva,R,,UKR,24.3,4-6 6-3 6-2,3,R64,133.0,4.0,2.0,81.0,52.0,35.0,18.0,14.0,6.0,8.0,4.0,0.0,114.0,76.0,44.0,19.0,13.0,16.0,20.0,123.0,616.0,153.0,490.0,2024
2024-540,Wimbledon,Grass,128,G,2024-07-01,179,216133,,,Xin Yu Wang,R,182.0,CHN,22.7,202468,5.0,,Jessica Pegula,R,170.0,USA,30.3,6-4 6-7(7) 6-1,3,R64,130.0,4.0,4.0,101.0,57.0,39.0,21.0,15.0,4.0,7.0,7.0,3.0,106.0,77.0,44.0,11.0,14.0,8.0,14.0,42.0,1411.0,5.0,5025.0,2024
2024-540,Wimbledon,Grass,128,G,2024-07-01,201,214939,17.0,,Anna Kalinskaya,R,175.0,RUS,25.5,214643,15.0,,Liudmila Samsonova,R,180.0,RUS,25.6,7-6(4) 6-2,3,R32,97.0,0.0,1.0,59.0,42.0,32.0,11.0,10.0,1.0,2.0,8.0,4.0,67.0,24.0,22.0,17.0,10.0,5.0,8.0,18.0,2310.0,15.0,2830.0,2024
2024-540,Wimbledon,Grass,128,G,2024-07-01,189,215370,,,Bianca Andreescu,R,170.0,CAN,24.0,222328,26.0,,Linda Noskova,R,,CZE,19.6,6-3 7-6(5),3,R64,93.0,1.0,2.0,76.0,54.0,40.0,15.0,11.0,5.0,5.0,4.0,4.0,76.0,51.0,38.0,10.0,10.0,5.0,6.0,176.0,426.0,26.0,1775.0,2024
2024-540,Wimbledon,Grass,128,G,2024-07-01,202,202494,21.0,,Elina Svitolina,R,174.0,UKR,29.8,202460,10.0,,Ons Jabeur,R,167.0,TUN,29.8,6-1 7-6(4),3,R32,80.0,1.0,0.0,66.0,38.0,29.0,19.0,10.0,2.0,2.0,2.0,2.0,57.0,31.0,21.0,15.0,9.0,1.0,3.0,21.0,2100.0,10.0,3801.0,2024
2024-540,Wimbledon,Grass,128,G,2024-07-01,219,215613,19.0,,Emma Navarro,R,,USA,23.1,221103,2.0,,Coco Gauff,R,175.0,USA,20.3,6-4 6-3,3,R16,74.0,0.0,0.0,61.0,44.0,29.0,10.0,10.0,2.0,3.0,3.0,3.0,54.0,30.0,21.0,11.0,9.0,1.0,4.0,17.0,2323.0,2.0,7943.0,2024
2024-540,Wimbledon,Grass,128,G,2024-07-01,204,215138,,Q,Lulu Sun,L,,NZL,23.2,202684,,,Lin Zhu,R,173.0,CHN,30.4,7-6(4) 7-6(6),3,R32,121.0,10.0,8.0,101.0,59.0,44.0,19.0,12.0,15.0,18.0,2.0,1.0,84.0,61.0,40.0,13.0,12.0,2.0,5.0,123.0,616.0,61.0,997.0,2024
2024-540,Wimbledon,Grass,128,G,2024-07-01,178,211279,,,Harriet Dart,R,175.0,GBR,27.9,211107,32.0,,Katie Boulter,R,180.0,GBR,27.9,4-6 6-1 7-6(8),3,R64,177.0,0.0,12.0,114.0,62.0,49.0,23.0,15.0,7.0,10.0,1.0,9.0,121.0,68.0,44.0,25.0,14.0,14.0,18.0,100.0,739.0,29.0,1748.0,2024
2024-540,Wimbledon,Grass,128,G,2024-07-01,226,206252,31.0,,Barbora Krejcikova,R,178.0,CZE,28.5,211148,7.0,,Jasmine Paolini,R,160.0,ITA,28.4,6-2 2-6 6-4,3,F,116.0,6.0,4.0,76.0,55.0,40.0,12.0,13.0,4.0,6.0,3.0,1.0,85.0,62.0,38.0,14.0,13.0,4.0,7.0,32.0,1643.0,7.0,4228.0,2024
2024-540,Wimbledon,Grass,128,G,2024-07-01,225,211148,7.0,,Jasmine Paolini,R,160.0,ITA,28.4,202499,,,Donna Vekic,R,179.0,CRO,28.0,2-6 6-4 7-6(8),3,SF,171.0,5.0,3.0,129.0,81.0,54.0,22.0,15.0,10.0,14.0,7.0,7.0,100.0,58.0,48.0,17.0,15.0,4.0,7.0,7.0,4228.0,37.0,1488.0,2024
2024-540,Wimbledon,Grass,128,G,2024-07-01,224,206252,31.0,,Barbora Krejcikova,R,178.0,CZE,28.5,214981,4.0,,Elena Rybakina,R,184.0,KAZ,25.0,3-6 6-3 6-4,3,SF,127.0,4.0,6.0,102.0,73.0,49.0,11.0,14.0,6.0,9.0,8.0,3.0,85.0,49.0,33.0,17.0,14.0,2.0,6.0,32.0,1643.0,4.0,6026.0,2024
2024-540,Wimbledon,Grass,128,G,2024-07-01,223,211148,7.0,,Jasmine Paolini,R,160.0,ITA,28.4,215613,19.0,,Emma Navarro,R,,USA,23.1,6-2 6-1,3,QF,58.0,1.0,1.0,51.0,34.0,23.0,10.0,8.0,3.0,4.0,1.0,2.0,34.0,24.0,13.0,0.0,7.0,1.0,6.0,7.0,4228.0,17.0,2323.0,2024
2024-540,Wimbledon,Grass,128,G,2024-07-01,222,202499,,,Donna Vekic,R,179.0,CRO,28.0,215138,,Q,Lulu Sun,L,,NZL,23.2,5-7 6-4 6-1,3,QF,128.0,11.0,6.0,84.0,45.0,39.0,23.0,15.0,4.0,6.0,10.0,3.0,97.0,58.0,39.0,18.0,14.0,4.0,8.0,37.0,1488.0,123.0,616.0,2024
2024-540,Wimbledon,Grass,128,G,2024-07-01,221,214981,4.0,,Elena Rybakina,R,184.0,KAZ,25.0,202494,21.0,,Elina Svitolina,R,174.0,UKR,29.8,6-3 6-2,3,QF,61.0,7.0,1.0,51.0,26.0,22.0,13.0,9.0,1.0,2.0,1.0,4.0,47.0,33.0,20.0,4.0,8.0,2.0,6.0,4.0,6026.0,21.0,2100.0,2024
2024-540,Wimbledon,Grass,128,G,2024-07-01,220,206252,31.0,,Barbora Krejcikova,R,178.0,CZE,28.5,211533,13.0,,Jelena Ostapenko,R,177.0,LAT,27.0,6-4 7-6(4),3,QF,100.0,5.0,3.0,64.0,47.0,38.0,8.0,11.0,3.0,5.0,4.0,5.0,84.0,41.0,25.0,24.0,11.0,5.0,8.0,32.0,1643.0,14.0,3058.0,2024
2024-540,Wimbledon,Grass,128,G,2024-07-01,218,211148,7.0,,Jasmine Paolini,R,160.0,ITA,28.4,201619,12.0,,Madison Keys,R,178.0,USA,29.3,6-3 6-7(6) 5-5 RET,3,R16,143.0,2.0,2.0,102.0,73.0,44.0,13.0,16.0,2.0,8.0,6.0,3.0,117.0,82.0,45.0,15.0,15.0,6.0,13.0,7.0,4228.0,13.0,3068.0,2024
2024-540,Wimbledon,Grass,128,G,2024-07-01,217,202499,,,Donna Vekic,R,179.0,CRO,28.0,211651,,,Paula Badosa,R,180.0,ESP,26.6,6-2 1-6 6-4,3,R16,98.0,4.0,5.0,76.0,46.0,34.0,12.0,12.0,2.0,5.0,6.0,4.0,68.0,38.0,28.0,12.0,13.0,0.0,4.0,37.0,1488.0,93.0,770.0,2024
2024-540,Wimbledon,Grass,128,G,2024-07-01,203,216133,,,Xin Yu Wang,R,182.0,CHN,22.7,211279,,,Harriet Dart,R,175.0,GBR,27.9,2-6 7-5 6-3,3,R32,138.0,0.0,5.0,99.0,63.0,37.0,15.0,14.0,7.0,13.0,2.0,7.0,110.0,69.0,42.0,16.0,15.0,10.0,17.0,42.0,1411.0,100.0,739.0,2024
2024-540,Wimbledon,Grass,128,G,2024-07-01,216,215138,,Q,Lulu Sun,L,,NZL,23.2,221054,,WC,Emma Raducanu,R,175.0,GBR,21.6,6-2 5-7 6-2,3,R16,170.0,4.0,4.0,100.0,54.0,37.0,25.0,14.0,5.0,7.0,4.0,2.0,106.0,72.0,39.0,18.0,14.0,8.0,13.0,123.0,616.0,135.0,559.0,2024
2024-540,Wimbledon,Grass,128,G,2024-07-01,214,214981,4.0,,Elena Rybakina,R,184.0,KAZ,25.0,214939,17.0,,Anna Kalinskaya,R,175.0,RUS,25.5,6-3 3-0 RET,3,R16,53.0,7.0,1.0,41.0,21.0,18.0,7.0,6.0,2.0,3.0,1.0,1.0,35.0,25.0,10.0,4.0,6.0,2.0,6.0,4.0,6026.0,18.0,2310.0,2024
2024-540,Wimbledon,Grass,128,G,2024-07-01,213,206252,31.0,,Barbora Krejcikova,R,178.0,CZE,28.5,203389,11.0,,Danielle Collins,R,178.0,USA,30.5,7-5 6-3,3,R16,102.0,5.0,5.0,60.0,40.0,32.0,10.0,10.0,2.0,3.0,6.0,7.0,75.0,45.0,31.0,9.0,11.0,11.0,15.0,32.0,1643.0,11.0,3532.0,2024
2024-540,Wimbledon,Grass,128,G,2024-07-01,212,211533,13.0,,Jelena Ostapenko,R,177.0,LAT,27.0,201709,,,Yulia Putintseva,R,163.0,KAZ,29.4,6-2 6-3,3,R16,68.0,3.0,4.0,68.0,41.0,26.0,13.0,9.0,2.0,4.0,0.0,2.0,44.0,24.0,13.0,7.0,8.0,1.0,6.0,14.0,3058.0,35.0,1553.0,2024
2024-540,Wimbledon,Grass,128,G,2024-07-01,211,221103,2.0,,Coco Gauff,R,175.0,USA,20.3,222661,,Q,Sonay Kartal,R,,GBR,22.6,6-4 6-0,3,R32,62.0,5.0,4.0,42.0,29.0,26.0,5.0,8.0,1.0,2.0,1.0,2.0,48.0,33.0,16.0,5.0,8.0,4.0,9.0,2.0,7943.0,298.0,228.0,2024
2024-540,Wimbledon,Grass,128,G,2024-07-01,210,215613,19.0,,Emma Navarro,R,,USA,23.1,223670,,,Diana Shnaider,L,,RUS,20.2,2-6 6-3 6-4,3,R32,116.0,1.0,4.0,83.0,57.0,36.0,10.0,14.0,6.0,12.0,2.0,2.0,78.0,43.0,25.0,17.0,13.0,4.0,10.0,17.0,2323.0,30.0,1690.0,2024
2024-540,Wimbledon,Grass,128,G,2024-07-01,209,201619,12.0,,Madison Keys,R,178.0,USA,29.3,216146,18.0,,Marta Kostyuk,R,175.0,UKR,22.0,6-4 6-3,3,R32,81.0,2.0,1.0,55.0,45.0,32.0,6.0,9.0,0.0,1.0,1.0,2.0,66.0,46.0,26.0,10.0,10.0,7.0,11.0,13.0,3068.0,19.0,2240.0,2024
2024-540,Wimbledon,Grass,128,G,2024-07-01,208,211148,7.0,,Jasmine Paolini,R,160.0,ITA,28.4,215370,,,Bianca Andreescu,R,170.0,CAN,24.0,7-6(4) 6-1,3,R32,91.0,1.0,1.0,56.0,37.0,28.0,10.0,9.0,0.0,1.0,3.0,1.0,65.0,45.0,26.0,8.0,10.0,3.0,7.0,7.0,4228.0,176.0,426.0,2024
2024-540,Wimbledon,Grass,128,G,2024-07-01,207,202499,,,Donna Vekic,R,179.0,CRO,28.0,215035,28.0,,Dayana Yastremska,R,175.0,UKR,24.1,7-6(4) 6-7(3) 6-1,3,R32,174.0,5.0,8.0,107.0,62.0,50.0,20.0,15.0,4.0,6.0,5.0,4.0,131.0,70.0,41.0,34.0,16.0,12.0,17.0,37.0,1488.0,27.0,1760.0,2024
2024-540,Wimbledon,Grass,128,G,2024-07-01,206,211651,,,Paula Badosa,R,180.0,ESP,26.6,214082,14.0,,Daria Kasatkina,R,170.0,RUS,27.1,7-6(6) 4-6 6-4,3,R32,171.0,8.0,4.0,127.0,73.0,43.0,31.0,16.0,8.0,12.0,3.0,6.0,114.0,74.0,45.0,21.0,16.0,14.0,18.0,93.0,770.0,12.0,3283.0,2024
2024-540,Wimbledon,Grass,128,G,2024-07-01,205,221054,,WC,Emma Raducanu,R,175.0,GBR,21.6,206289,9.0,,Maria Sakkari,R,172.0,GRE,28.9,6-2 6-3,3,R32,92.0,3.0,3.0,59.0,45.0,32.0,7.0,8.0,7.0,7.0,2.0,6.0,62.0,36.0,25.0,7.0,9.0,5.0,9.0,135.0,559.0,9.0,3805.0,2024
2024-540,Wimbledon,Grass,128,G,2024-07-01,215,202494,21.0,,Elina Svitolina,R,174.0,UKR,29.8,216133,,,Xin Yu Wang,R,182.0,CHN,22.7,6-2 6-1,3,R16,55.0,8.0,1.0,47.0,30.0,24.0,11.0,8.0,3.0,3.0,3.0,4.0,50.0,31.0,17.0,6.0,7.0,2.0,6.0,21.0,2100.0,42.0,1411.0,2024
2024-540,Wimbledon,Grass,128,G,2024-07-01,177,202494,21.0,,Elina Svitolina,R,174.0,UKR,29.8,215898,,,Jule Niemeier,R,178.0,GER,24.8,6-3 6-4,3,R64,75.0,4.0,2.0,53.0,36.0,26.0,10.0,10.0,1.0,3.0,3.0,6.0,55.0,26.0,18.0,10.0,9.0,2.0,6.0,21.0,2100.0,90.0,790.0,2024
2024-540,Wimbledon,Grass,128,G,2024-07-01,102,201709,,,Yulia Putintseva,R,163.0,KAZ,29.4,201493,,WC,Angelique Kerber,L,173.0,GER,36.4,7-5 6-3,3,R128,79.0,2.0,1.0,72.0,48.0,34.0,15.0,11.0,3.0,4.0,0.0,0.0,59.0,40.0,28.0,6.0,10.0,2.0,5.0,35.0,1553.0,221.0,334.0,2024
2024-540,Wimbledon,Grass,128,G,2024-07-01,175,214643,15.0,,Liudmila Samsonova,R,180.0,RUS,25.6,220589,,,Elina Avanesyan,R,,ARM,21.7,6-3 6-3,3,R64,85.0,6.0,4.0,56.0,28.0,21.0,13.0,9.0,7.0,9.0,1.0,5.0,54.0,36.0,19.0,7.0,9.0,3.0,8.0,15.0,2830.0,77.0,855.0,2024
2024-540,Wimbledon,Grass,128,G,2024-07-01,107,211533,13.0,,Jelena Ostapenko,R,177.0,LAT,27.0,201548,,WC,Ajla Tomljanovic,R,180.0,AUS,31.1,6-1 6-2,3,R128,69.0,11.0,9.0,60.0,33.0,26.0,14.0,8.0,4.0,4.0,4.0,6.0,54.0,33.0,21.0,4.0,7.0,4.0,8.0,14.0,3058.0,136.0,556.0,2024
2024-540,Wimbledon,Grass,128,G,2024-07-01,106,220750,,Q,Daria Snigur,R,,UKR,22.2,206219,,,Oceane Dodin,R,,FRA,27.6,6-4 6-0,3,R128,50.0,3.0,5.0,56.0,43.0,32.0,4.0,8.0,2.0,3.0,3.0,5.0,43.0,24.0,12.0,6.0,8.0,1.0,6.0,130.0,592.0,79.0,849.0,2024
2024-540,Wimbledon,Grass,128,G,2024-07-01,105,211095,,,Bernarda Pera,L,175.0,USA,29.5,215713,,,Anastasia Potapova,R,175.0,RUS,23.2,6-7(4) 6-4 7-6(6),3,R128,170.0,5.0,15.0,139.0,75.0,54.0,31.0,16.0,11.0,14.0,5.0,9.0,125.0,58.0,43.0,33.0,18.0,9.0,13.0,97.0,752.0,41.0,1415.0,2024
2024-540,Wimbledon,Grass,128,G,2024-07-01,104,201614,23.0,,Caroline Garcia,R,177.0,FRA,30.7,215020,,,Anna Blinkova,R,179.0,RUS,25.8,6-4 7-5,3,R128,88.0,6.0,6.0,70.0,34.0,27.0,12.0,11.0,5.0,9.0,4.0,1.0,72.0,48.0,24.0,11.0,11.0,2.0,8.0,24.0,1938.0,60.0,1030.0,2024
2024-540,Wimbledon,Grass,128,G,2024-07-01,103,211701,27.0,,Katerina Siniakova,R,174.0,CZE,28.1,222233,,Q,Marina Stakusic,R,,CAN,19.5,6-4 6-2,3,R128,107.0,7.0,3.0,64.0,46.0,34.0,7.0,9.0,8.0,9.0,2.0,5.0,104.0,63.0,30.0,24.0,9.0,20.0,24.0,36.0,1546.0,164.0,456.0,2024
2024-540,Wimbledon,Grass,128,G,2024-07-01,101,201549,,,Petra Martic,R,181.0,CRO,33.4,215936,,WC,Francesca Jones,R,,GBR,23.7,3-6 6-1 6-2,3,R128,124.0,10.0,5.0,89.0,55.0,41.0,12.0,12.0,5.0,7.0,3.0,3.0,73.0,45.0,29.0,12.0,12.0,2.0,7.0,85.0,811.0,215.0,345.0,2024
2024-540,Wimbledon,Grass,128,G,2024-07-01,100,216347,1.0,,Iga Swiatek,R,176.0,POL,23.0,213550,,,Sofia Kenin,R,170.0,USA,25.6,6-3 6-4,3,R128,79.0,6.0,1.0,57.0,31.0,26.0,15.0,10.0,3.0,4.0,1.0,3.0,56.0,42.0,27.0,5.0,9.0,5.0,8.0,1.0,11585.0,49.0,1221.0,2024
2024-540,Wimbledon,Grass,128,G,2024-07-01,127,202494,21.0,,Elina Svitolina,R,174.0,UKR,29.8,202663,,,Magda Linette,R,171.0,POL,32.3,7-5 6-7(9) 6-3,3,R128,158.0,6.0,1.0,118.0,82.0,59.0,19.0,17.0,10.0,12.0,8.0,3.0,119.0,81.0,52.0,17.0,16.0,6.0,10.0,21.0,2100.0,44.0,1291.0,2024
2024-540,Wimbledon,Grass,128,G,2024-07-01,128,211107,32.0,,Katie Boulter,R,180.0,GBR,27.9,213583,,,Tatjana Maria,R,172.0,GER,36.8,7-6(6) 7-5,3,R128,127.0,3.0,7.0,94.0,49.0,38.0,18.0,12.0,4.0,6.0,7.0,1.0,83.0,49.0,34.0,16.0,12.0,5.0,8.0,29.0,1748.0,63.0,994.0,2024
2024-540,Wimbledon,Grass,128,G,2024-07-01,130,216133,,,Xin Yu Wang,R,182.0,CHN,22.7,202600,,,Viktoriya Tomova,R,170.0,BUL,29.3,7-6(4) 3-6 6-0,3,R128,109.0,5.0,4.0,79.0,51.0,36.0,13.0,13.0,5.0,8.0,1.0,4.0,94.0,49.0,30.0,22.0,14.0,2.0,7.0,42.0,1411.0,48.0,1235.0,2024
2024-540,Wimbledon,Grass,128,G,2024-07-01,131,202468,5.0,,Jessica Pegula,R,170.0,USA,30.3,221909,,,Ashlyn Krueger,R,185.0,USA,20.1,6-2 6-0,3,R128,49.0,5.0,1.0,35.0,21.0,18.0,10.0,7.0,0.0,0.0,1.0,2.0,49.0,35.0,15.0,6.0,7.0,7.0,12.0,5.0,5025.0,75.0,869.0,2024
2024-540,Wimbledon,Grass,128,G,2024-07-01,132,215138,,Q,Lulu Sun,L,,NZL,23.2,221012,8.0,,Qinwen Zheng,R,,CHN,21.7,4-6 6-2 6-4,3,R128,117.0,3.0,1.0,78.0,44.0,35.0,18.0,14.0,6.0,8.0,7.0,8.0,81.0,42.0,32.0,17.0,14.0,3.0,7.0,123.0,616.0,8.0,4055.0,2024
2024-540,Wimbledon,Grass,128,G,2024-07-01,133,263857,,Q,Yuliia Starodubtseva,R,,UKR,24.3,202421,,,Alison Van Uytvanck,R,173.0,BEL,30.2,6-4 6-3,3,R128,77.0,2.0,1.0,53.0,43.0,32.0,4.0,10.0,0.0,2.0,3.0,1.0,57.0,37.0,23.0,5.0,9.0,4.0,8.0,153.0,490.0,254.0,284.0,2024
2024-540,Wimbledon,Grass,128,G,2024-07-01,134,202684,,,Lin Zhu,R,173.0,CHN,30.4,201593,,,Irina Camelia Begu,R,181.0,ROU,33.8,6-0 6-4,3,R128,72.0,0.0,0.0,41.0,30.0,22.0,7.0,8.0,0.0,1.0,0.0,2.0,54.0,34.0,16.0,9.0,8.0,3.0,8.0,61.0,997.0,126.0,596.0,2024
2024-540,Wimbledon,Grass,128,G,2024-07-01,135,201499,25.0,,Anastasia Pavlyuchenkova,R,177.0,RUS,32.9,203501,,,Taylor Townsend,L,170.0,USA,28.2,7-6(4) 6-1,3,R128,91.0,1.0,1.0,76.0,51.0,37.0,16.0,10.0,7.0,8.0,4.0,1.0,52.0,31.0,19.0,13.0,9.0,1.0,4.0,28.0,1756.0,76.0,864.0,2024
2024-540,Wimbledon,Grass,128,G,2024-07-01,108,203389,11.0,,Danielle Collins,R,178.0,USA,30.5,220704,,,Clara Tauson,R,182.0,DEN,21.5,6-3 7-6(4),3,R128,101.0,6.0,5.0,71.0,35.0,24.0,23.0,10.0,1.0,3.0,8.0,6.0,85.0,53.0,35.0,12.0,11.0,8.0,12.0,11.0,3532.0,66.0,981.0,2024
2024-540,Wimbledon,Grass,128,G,2024-07-01,109,213646,,Q,Dalma Galfi,R,178.0,HUN,25.8,210886,,,Mayar Sherif,R,180.0,EGY,28.1,6-1 6-2,3,R128,56.0,4.0,2.0,48.0,35.0,26.0,9.0,8.0,2.0,2.0,0.0,3.0,44.0,23.0,16.0,5.0,7.0,3.0,7.0,127.0,595.0,78.0,855.0,2024
2024-540,Wimbledon,Grass,128,G,2024-07-01,110,215785,,,Camila Osorio,R,162.0,COL,22.5,201616,,,Lauren Davis,R,157.0,USA,30.7,6-3 6-1,3,R128,70.0,2.0,3.0,48.0,28.0,21.0,12.0,8.0,1.0,2.0,0.0,3.0,54.0,30.0,17.0,8.0,8.0,2.0,7.0,84.0,815.0,300.0,225.0,2024
2024-540,Wimbledon,Grass,128,G,2024-07-01,111,206242,20.0,,Beatriz Haddad Maia,L,185.0,BRA,28.0,211684,,,Magdalena Frech,R,171.0,POL,26.5,7-5 6-3,3,R128,110.0,1.0,2.0,65.0,40.0,27.0,15.0,10.0,7.0,8.0,4.0,3.0,74.0,42.0,28.0,14.0,11.0,8.0,12.0,20.0,2218.0,58.0,1049.0,2024
2024-540,Wimbledon,Grass,128,G,2024-07-01,176,202460,10.0,,Ons Jabeur,R,167.0,TUN,29.8,221905,,Q,Robin Montgomery,L,,USA,19.8,6-1 7-5,3,R64,69.0,5.0,2.0,50.0,35.0,30.0,9.0,10.0,2.0,3.0,4.0,3.0,61.0,43.0,25.0,8.0,9.0,4.0,8.0,10.0,3801.0,161.0,464.0,2024
2024-540,Wimbledon,Grass,128,G,2024-07-01,126,215898,,,Jule Niemeier,R,178.0,GER,24.8,203530,,,Viktorija Golubic,R,169.0,SUI,31.7,6-2 6-1,3,R128,63.0,2.0,4.0,54.0,34.0,23.0,12.0,8.0,0.0,1.0,0.0,3.0,40.0,26.0,13.0,4.0,7.0,0.0,5.0,90.0,790.0,67.0,964.0,2024
2024-540,Wimbledon,Grass,128,G,2024-07-01,125,221905,,Q,Robin Montgomery,L,,USA,19.8,216265,,Q,Olivia Gadecki,R,,AUS,22.1,6-4 6-4,3,R128,86.0,10.0,5.0,80.0,57.0,40.0,10.0,10.0,6.0,7.0,6.0,9.0,56.0,33.0,24.0,11.0,10.0,3.0,6.0,161.0,464.0,173.0,432.0,2024
2024-540,Wimbledon,Grass,128,G,2024-07-01,124,202460,10.0,,Ons Jabeur,R,167.0,TUN,29.8,220416,,,Moyuka Uchijima,R,171.0,JPN,22.8,6-3 6-1,3,R128,55.0,3.0,1.0,39.0,23.0,23.0,10.0,8.0,0.0,0.0,2.0,6.0,56.0,29.0,18.0,10.0,8.0,5.0,9.0,10.0,3801.0,68.0,940.0,2024
2024-540,Wimbledon,Grass,128,G,2024-07-01,123,214643,15.0,,Liudmila Samsonova,R,180.0,RUS,25.6,214119,,,Rebeka Masarova,R,186.0,ESP,24.9,6-3 4-6 6-2,3,R128,128.0,3.0,3.0,82.0,50.0,36.0,22.0,13.0,4.0,5.0,4.0,4.0,92.0,54.0,36.0,15.0,14.0,4.0,8.0,15.0,2830.0,109.0,682.0,2024
2024-540,Wimbledon,Grass,128,G,2024-07-01,122,220589,,,Elina Avanesyan,R,,ARM,21.7,211843,,,Anhelina Kalinina,R,179.0,UKR,27.3,6-2 6-3,3,R128,66.0,0.0,2.0,60.0,42.0,27.0,8.0,8.0,6.0,8.0,1.0,8.0,57.0,32.0,20.0,5.0,9.0,2.0,8.0,77.0,855.0,47.0,1246.0,2024
2024-540,Wimbledon,Grass,128,G,2024-07-01,121,213631,,,Marie Bouzkova,R,180.0,CZE,25.9,220699,,,Julia Riera,R,,ARG,22.0,6-2 6-1,3,R128,81.0,0.0,4.0,57.0,37.0,24.0,9.0,8.0,5.0,7.0,3.0,4.0,52.0,27.0,12.0,7.0,7.0,9.0,15.0,40.0,1445.0,106.0,687.0,2024
2024-540,Wimbledon,Grass,128,G,2024-07-01,136,221054,,WC,Emma Raducanu,R,175.0,GBR,21.6,213887,,LL,Renata Zarazua,R,,MEX,26.7,7-6(0) 6-3,3,R128,117.0,1.0,2.0,74.0,52.0,37.0,12.0,11.0,4.0,5.0,0.0,2.0,62.0,44.0,26.0,12.0,10.0,1.0,3.0,135.0,559.0,98.0,750.0,2024
2024-540,Wimbledon,Grass,128,G,2024-07-01,120,214939,17.0,,Anna Kalinskaya,R,175.0,RUS,25.5,215910,,Q,Panna Udvardy,R,170.0,HUN,25.7,6-3 6-2,3,R128,65.0,3.0,4.0,57.0,37.0,30.0,10.0,9.0,6.0,6.0,5.0,3.0,48.0,27.0,21.0,6.0,8.0,5.0,8.0,18.0,2310.0,134.0,562.0,2024
2024-540,Wimbledon,Grass,128,G,2024-07-01,118,201496,,WC,Caroline Wozniacki,R,177.0,DEN,33.9,219917,,Q,Alycia Parks,R,185.0,USA,23.4,6-2 6-0,3,R128,53.0,2.0,1.0,38.0,28.0,23.0,5.0,7.0,0.0,0.0,1.0,7.0,40.0,15.0,8.0,6.0,7.0,0.0,5.0,91.0,774.0,121.0,624.0,2024
2024-540,Wimbledon,Grass,128,G,2024-07-01,117,201696,,,Laura Siegemund,R,168.0,GER,36.3,203462,,,Kateryna Baindl,R,175.0,UKR,30.3,6-4 6-1,3,R128,94.0,0.0,2.0,51.0,36.0,23.0,7.0,8.0,6.0,8.0,0.0,1.0,49.0,35.0,18.0,2.0,9.0,2.0,8.0,72.0,917.0,184.0,416.0,2024
2024-540,Wimbledon,Grass,128,G,2024-07-01,116,214981,4.0,,Elena Rybakina,R,184.0,KAZ,25.0,211817,,Q,Elena Gabriela Ruse,R,,ROU,26.6,6-3 6-1,3,R128,71.0,3.0,4.0,41.0,24.0,22.0,7.0,8.0,1.0,2.0,2.0,7.0,67.0,29.0,19.0,13.0,8.0,4.0,9.0,4.0,6026.0,152.0,491.0,2024
2024-540,Wimbledon,Grass,128,G,2024-07-01,115,222601,,,Jessica Bouzas Maneiro,R,,ESP,21.7,214954,6.0,,Marketa Vondrousova,L,173.0,CZE,25.0,6-4 6-2,3,R128,67.0,2.0,3.0,51.0,30.0,23.0,9.0,9.0,1.0,3.0,4.0,7.0,53.0,29.0,16.0,8.0,9.0,0.0,5.0,83.0,828.0,6.0,4463.0,2024
2024-540,Wimbledon,Grass,128,G,2024-07-01,114,213710,,,Cristina Bucsa,R,,ESP,26.4,202536,,,Ana Bogdan,R,171.0,ROU,31.5,6-4 4-6 7-6(5),3,R128,193.0,5.0,6.0,130.0,81.0,51.0,25.0,16.0,11.0,15.0,4.0,4.0,126.0,79.0,52.0,21.0,16.0,8.0,12.0,64.0,984.0,57.0,1053.0,2024
2024-540,Wimbledon,Grass,128,G,2024-07-01,113,220465,,Q,Katie Volynets,R,,USA,22.4,214604,,,Maria Lourdes Carle,R,,ARG,24.3,6-2 7-5,3,R128,106.0,0.0,0.0,74.0,62.0,35.0,6.0,10.0,7.0,11.0,1.0,5.0,65.0,37.0,16.0,8.0,10.0,6.0,13.0,69.0,927.0,87.0,809.0,2024
2024-540,Wimbledon,Grass,128,G,2024-07-01,112,206252,31.0,,Barbora Krejcikova,R,178.0,CZE,28.5,206368,,,Veronika Kudermetova,R,175.0,RUS,27.1,7-6(4) 6-7(1) 7-5,3,R128,194.0,2.0,7.0,127.0,69.0,46.0,29.0,18.0,14.0,19.0,6.0,3.0,125.0,77.0,53.0,22.0,18.0,4.0,10.0,32.0,1643.0,38.0,1488.0,2024
2024-540,Wimbledon,Grass,128,G,2024-07-01,119,220367,30.0,,Leylah Fernandez,L,168.0,CAN,21.8,214459,,,Lucia Bronzetti,R,,ITA,25.5,6-4 6-3,3,R128,90.0,1.0,2.0,56.0,41.0,33.0,6.0,10.0,2.0,3.0,1.0,2.0,74.0,47.0,30.0,10.0,9.0,5.0,8.0,25.0,1920.0,81.0,833.0,2024
2024-540,Wimbledon,Grass,128,G,2024-07-01,137,210722,,,Elise Mertens,R,179.0,BEL,28.6,211702,,,Nao Hibino,R,163.0,JPN,29.5,2-6 6-2 6-4,3,R128,111.0,9.0,5.0,71.0,42.0,32.0,18.0,13.0,1.0,3.0,3.0,1.0,87.0,59.0,38.0,15.0,13.0,4.0,7.0,33.0,1629.0,94.0,770.0,2024
2024-540,Wimbledon,Grass,128,G,2024-07-01,129,211279,,,Harriet Dart,R,175.0,GBR,27.9,222296,,Q,Zhuoxuan Bai,R,,CHN,21.6,6-4 6-0,3,R128,78.0,1.0,3.0,52.0,30.0,21.0,14.0,8.0,2.0,2.0,2.0,2.0,53.0,28.0,20.0,6.0,8.0,2.0,6.0,100.0,739.0,95.0,756.0,2024
2024-540,Wimbledon,Grass,128,G,2024-07-01,139,206289,9.0,,Maria Sakkari,R,172.0,GRE,28.9,220520,,Q,Mccartney Kessler,R,,USA,24.9,6-3 6-1,3,R128,71.0,5.0,2.0,48.0,23.0,18.0,12.0,8.0,3.0,5.0,2.0,3.0,48.0,26.0,14.0,5.0,8.0,2.0,8.0,9.0,3805.0,119.0,631.0,2024
2024-540,Wimbledon,Grass,128,G,2024-07-01,159,215613,19.0,,Emma Navarro,R,,USA,23.1,202492,,,Qiang Wang,R,172.0,CHN,32.4,6-0 6-2,3,R128,49.0,0.0,1.0,40.0,30.0,24.0,5.0,7.0,0.0,0.0,0.0,1.0,44.0,31.0,17.0,2.0,7.0,3.0,8.0,17.0,2323.0,479.0,118.0,2024
2024-540,Wimbledon,Grass,128,G,2024-07-01,160,222661,,Q,Sonay Kartal,R,,GBR,22.6,201514,29.0,,Sorana Cirstea,R,176.0,ROU,34.2,3-6 6-2 6-0,3,R128,110.0,1.0,3.0,70.0,46.0,35.0,12.0,11.0,3.0,4.0,2.0,3.0,83.0,43.0,27.0,18.0,12.0,5.0,10.0,298.0,228.0,31.0,1675.0,2024
2024-540,Wimbledon,Grass,128,G,2024-07-01,161,216262,,,Clara Burel,R,176.0,FRA,23.2,220332,,Q,Eva Lys,R,165.0,GER,22.4,6-2 6-4,3,R128,62.0,9.0,4.0,55.0,31.0,25.0,14.0,9.0,2.0,2.0,1.0,4.0,55.0,35.0,22.0,9.0,9.0,6.0,9.0,45.0,1288.0,129.0,592.0,2024
2024-540,Wimbledon,Grass,128,G,2024-07-01,162,223331,,Q,Anca Alexia Todoni,R,,ROU,19.7,215337,,LL,Olga Danilovic,L,,SRB,23.4,7-5 6-1,3,R128,81.0,3.0,1.0,59.0,39.0,31.0,12.0,10.0,1.0,2.0,1.0,2.0,60.0,36.0,25.0,7.0,9.0,3.0,7.0,142.0,541.0,116.0,641.0,2024
2024-540,Wimbledon,Grass,128,G,2024-07-01,163,221103,2.0,,Coco Gauff,R,175.0,USA,20.3,214452,,,Caroline Dolehide,R,178.0,USA,25.8,6-1 6-2,3,R128,65.0,2.0,1.0,34.0,21.0,18.0,8.0,7.0,0.0,1.0,0.0,1.0,61.0,45.0,21.0,5.0,8.0,4.0,10.0,2.0,7943.0,51.0,1100.0,2024
2024-540,Wimbledon,Grass,128,G,2024-07-01,138,201551,,,Arantxa Rus,L,180.0,NED,33.5,206294,,,Yue Yuan,R,184.0,CHN,25.7,6-2 6-3,3,R128,70.0,4.0,0.0,42.0,29.0,23.0,9.0,8.0,0.0,0.0,0.0,2.0,51.0,35.0,22.0,6.0,9.0,3.0,7.0,56.0,1054.0,39.0,1452.0,2024
2024-540,Wimbledon,Grass,128,G,2024-07-01,165,201709,,,Yulia Putintseva,R,163.0,KAZ,29.4,211701,27.0,,Katerina Siniakova,R,174.0,CZE,28.1,6-0 4-6 6-2,3,R64,99.0,1.0,0.0,70.0,43.0,33.0,17.0,12.0,6.0,7.0,1.0,3.0,62.0,32.0,22.0,12.0,12.0,2.0,7.0,35.0,1553.0,36.0,1546.0,2024
2024-540,Wimbledon,Grass,128,G,2024-07-01,158,211768,,WC,Naomi Osaka,R,180.0,JPN,26.7,220348,,,Diane Parry,R,170.0,FRA,21.8,6-1 1-6 6-4,3,R128,92.0,5.0,5.0,75.0,35.0,27.0,18.0,12.0,8.0,12.0,4.0,10.0,71.0,36.0,24.0,16.0,12.0,8.0,13.0,113.0,669.0,53.0,1077.0,2024
2024-540,Wimbledon,Grass,128,G,2024-07-01,166,211095,,,Bernarda Pera,L,175.0,USA,29.5,201614,23.0,,Caroline Garcia,R,177.0,FRA,30.7,3-6 6-3 6-4,3,R64,96.0,13.0,8.0,86.0,46.0,37.0,22.0,14.0,3.0,4.0,12.0,3.0,84.0,55.0,41.0,18.0,14.0,4.0,6.0,97.0,752.0,24.0,1938.0,2024
2024-540,Wimbledon,Grass,128,G,2024-07-01,168,203389,11.0,,Danielle Collins,R,178.0,USA,30.5,213646,,Q,Dalma Galfi,R,178.0,HUN,25.8,6-3 6-4,3,R64,89.0,3.0,10.0,64.0,36.0,22.0,12.0,9.0,3.0,7.0,6.0,5.0,70.0,46.0,23.0,7.0,10.0,10.0,17.0,11.0,3532.0,127.0,595.0,2024
2024-540,Wimbledon,Grass,128,G,2024-07-01,169,206242,20.0,,Beatriz Haddad Maia,L,185.0,BRA,28.0,215785,,,Camila Osorio,R,162.0,COL,22.5,3-0 RET,3,R64,24.0,0.0,0.0,7.0,3.0,2.0,4.0,1.0,0.0,0.0,0.0,3.0,12.0,6.0,3.0,1.0,2.0,0.0,2.0,20.0,2218.0,84.0,815.0,2024
2024-540,Wimbledon,Grass,128,G,2024-07-01,170,206252,31.0,,Barbora Krejcikova,R,178.0,CZE,28.5,220465,,Q,Katie Volynets,R,,USA,22.4,7-6(6) 7-6(5),3,R64,123.0,1.0,7.0,87.0,60.0,38.0,9.0,12.0,7.0,13.0,0.0,1.0,82.0,63.0,37.0,9.0,12.0,5.0,11.0,32.0,1643.0,69.0,927.0,2024
2024-540,Wimbledon,Grass,128,G,2024-07-01,171,222601,,,Jessica Bouzas Maneiro,R,,ESP,21.7,213710,,,Cristina Bucsa,R,,ESP,26.4,7-6(1) 6-3,3,R64,110.0,2.0,5.0,83.0,47.0,32.0,15.0,11.0,3.0,7.0,1.0,4.0,90.0,66.0,32.0,13.0,10.0,13.0,18.0,83.0,828.0,64.0,984.0,2024
2024-540,Wimbledon,Grass,128,G,2024-07-01,172,214981,4.0,,Elena Rybakina,R,184.0,KAZ,25.0,201696,,,Laura Siegemund,R,168.0,GER,36.3,6-3 3-6 6-3,3,R64,132.0,5.0,3.0,87.0,56.0,42.0,15.0,14.0,10.0,13.0,1.0,3.0,102.0,71.0,39.0,18.0,12.0,8.0,12.0,4.0,6026.0,72.0,917.0,2024
2024-540,Wimbledon,Grass,128,G,2024-07-01,173,201496,,WC,Caroline Wozniacki,R,177.0,DEN,33.9,220367,30.0,,Leylah Fernandez,L,168.0,CAN,21.8,6-3 2-6 7-5,3,R64,139.0,0.0,5.0,107.0,71.0,51.0,11.0,15.0,10.0,14.0,5.0,1.0,92.0,63.0,40.0,14.0,14.0,7.0,11.0,91.0,774.0,25.0,1920.0,2024
2024-540,Wimbledon,Grass,128,G,2024-07-01,174,214939,17.0,,Anna Kalinskaya,R,175.0,RUS,25.5,213631,,,Marie Bouzkova,R,180.0,CZE,25.9,6-4 6-1,3,R64,83.0,1.0,3.0,58.0,32.0,22.0,15.0,9.0,5.0,6.0,1.0,2.0,55.0,31.0,18.0,10.0,8.0,2.0,6.0,18.0,2310.0,40.0,1445.0,2024
2024-540,Wimbledon,Grass,128,G,2024-07-01,167,211533,13.0,,Jelena Ostapenko,R,177.0,LAT,27.0,220750,,Q,Daria Snigur,R,,UKR,22.2,6-3 6-0,3,R64,49.0,8.0,5.0,44.0,25.0,22.0,10.0,8.0,0.0,0.0,0.0,2.0,42.0,27.0,17.0,4.0,7.0,1.0,5.0,14.0,3058.0,130.0,592.0,2024
2024-540,Wimbledon,Grass,128,G,2024-07-01,157,223670,,,Diana Shnaider,L,,RUS,20.2,201662,,,Karolina Pliskova,R,184.0,CZE,32.2,4-6 6-4 7-5,3,R128,142.0,4.0,3.0,112.0,65.0,45.0,23.0,16.0,9.0,12.0,9.0,6.0,115.0,67.0,46.0,23.0,16.0,12.0,16.0,30.0,1690.0,46.0,1255.0,2024
2024-540,Wimbledon,Grass,128,G,2024-07-01,164,216347,1.0,,Iga Swiatek,R,176.0,POL,23.0,201549,,,Petra Martic,R,181.0,CRO,33.4,6-4 6-3,3,R64,83.0,3.0,2.0,55.0,36.0,30.0,12.0,10.0,0.0,0.0,2.0,2.0,56.0,35.0,26.0,8.0,9.0,1.0,3.0,1.0,11585.0,85.0,811.0,2024
2024-540,Wimbledon,Grass,128,G,2024-07-01,155,201619,12.0,,Madison Keys,R,178.0,USA,29.3,203354,,,Martina Trevisan,L,160.0,ITA,30.6,6-4 7-6(4),3,R128,105.0,6.0,2.0,74.0,53.0,34.0,14.0,11.0,3.0,4.0,0.0,2.0,81.0,55.0,32.0,16.0,11.0,5.0,7.0,13.0,3068.0,89.0,793.0,2024
2024-540,Wimbledon,Grass,128,G,2024-07-01,140,214082,14.0,,Daria Kasatkina,R,170.0,RUS,27.1,201533,,,Shuai Zhang,R,177.0,CHN,35.4,6-3 6-0,3,R128,74.0,3.0,5.0,58.0,29.0,20.0,17.0,8.0,2.0,3.0,1.0,0.0,53.0,31.0,15.0,9.0,7.0,2.0,7.0,12.0,3283.0,680.0,54.0,2024
2024-540,Wimbledon,Grass,128,G,2024-07-01,156,201585,,,Sloane Stephens,R,170.0,USA,31.2,221039,,LL,Elsa Jacquemot,R,,FRA,21.1,6-3 6-3,3,R128,71.0,0.0,0.0,44.0,37.0,23.0,6.0,9.0,0.0,2.0,9.0,5.0,75.0,47.0,27.0,10.0,9.0,10.0,15.0,50.0,1217.0,151.0,503.0,2024
2024-540,Wimbledon,Grass,128,G,2024-07-01,141,213908,,WC,Yuriko Miyazaki,R,165.0,GBR,28.6,211337,,,Tamara Korpatsch,R,170.0,GER,29.1,6-2 6-1,3,R128,58.0,0.0,2.0,35.0,17.0,15.0,13.0,7.0,0.0,0.0,1.0,2.0,49.0,30.0,17.0,6.0,8.0,4.0,9.0,148.0,512.0,73.0,895.0,2024
2024-540,Wimbledon,Grass,128,G,2024-07-01,142,211651,,,Paula Badosa,R,180.0,ESP,26.6,214096,,,Karolina Muchova,R,178.0,CZE,27.8,6-3 6-2,3,R128,81.0,2.0,7.0,75.0,38.0,28.0,22.0,9.0,6.0,6.0,1.0,0.0,46.0,30.0,20.0,6.0,8.0,1.0,4.0,93.0,770.0,34.0,1618.0,2024
2024-540,Wimbledon,Grass,128,G,2024-07-01,143,259104,,,Brenda Fruhvirtova,R,,CZE,17.2,259799,24.0,,Mirra Andreeva,R,,RUS,17.1,1-6 6-3 6-2,3,R128,126.0,0.0,5.0,98.0,53.0,32.0,18.0,12.0,13.0,19.0,2.0,4.0,69.0,37.0,25.0,9.0,12.0,2.0,9.0,88.0,801.0,23.0,2018.0,2024
2024-540,Wimbledon,Grass,128,G,2024-07-01,144,215035,28.0,,Dayana Yastremska,R,175.0,UKR,24.1,206408,,,Nadia Podoroska,R,170.0,ARG,27.3,6-1 7-6(1),3,R128,94.0,4.0,4.0,63.0,36.0,25.0,14.0,9.0,3.0,5.0,0.0,0.0,69.0,44.0,22.0,12.0,10.0,4.0,8.0,27.0,1760.0,65.0,983.0,2024
2024-540,Wimbledon,Grass,128,G,2024-07-01,146,202499,,,Donna Vekic,R,179.0,CRO,28.0,216016,,,Xiyu Wang,L,,CHN,23.2,3-6 6-3 6-4,3,R128,118.0,6.0,1.0,80.0,55.0,43.0,14.0,14.0,2.0,3.0,7.0,2.0,85.0,59.0,39.0,16.0,14.0,8.0,10.0,37.0,1488.0,54.0,1075.0,2024
2024-540,Wimbledon,Grass,128,G,2024-07-01,145,219875,,,Varvara Gracheva,R,,FRA,23.9,201615,,,Lesia Tsurenko,R,174.0,UKR,35.0,6-3 6-1,3,R128,62.0,0.0,0.0,43.0,29.0,22.0,6.0,8.0,0.0,1.0,0.0,6.0,52.0,30.0,14.0,10.0,8.0,4.0,9.0,70.0,920.0,59.0,1048.0,2024
2024-540,Wimbledon,Grass,128,G,2024-07-01,148,211148,7.0,,Jasmine Paolini,R,160.0,ITA,28.4,204427,,,Sara Sorribes Tormo,R,176.0,ESP,27.7,7-5 6-3,3,R128,97.0,1.0,1.0,74.0,51.0,34.0,9.0,11.0,7.0,11.0,0.0,1.0,61.0,38.0,17.0,12.0,10.0,6.0,12.0,7.0,4228.0,55.0,1055.0,2024
2024-540,Wimbledon,Grass,128,G,2024-07-01,149,213889,,,Greet Minnen,R,,BEL,26.8,201586,,WC,Heather Watson,R,170.0,GBR,32.1,7-5 6-4,3,R128,100.0,3.0,7.0,78.0,51.0,36.0,10.0,11.0,5.0,8.0,1.0,4.0,62.0,31.0,21.0,10.0,11.0,3.0,8.0,80.0,848.0,199.0,366.0,2024
2024-540,Wimbledon,Grass,128,G,2024-07-01,150,215370,,,Bianca Andreescu,R,170.0,CAN,24.0,211713,,,Jaqueline Cristian,R,180.0,ROU,26.0,6-4 6-2,3,R128,77.0,3.0,2.0,48.0,29.0,26.0,7.0,9.0,0.0,1.0,0.0,3.0,58.0,32.0,19.0,10.0,9.0,5.0,9.0,176.0,426.0,62.0,996.0,2024
2024-540,Wimbledon,Grass,128,G,2024-07-01,151,222328,26.0,,Linda Noskova,R,,CZE,19.6,201506,,,Sara Errani,R,164.0,ITA,37.1,7-6(3) 6-1,3,R128,80.0,6.0,3.0,68.0,36.0,28.0,14.0,10.0,5.0,8.0,1.0,3.0,70.0,47.0,24.0,8.0,9.0,3.0,8.0,26.0,1775.0,86.0,810.0,2024
2024-540,Wimbledon,Grass,128,G,2024-07-01,152,216146,18.0,,Marta Kostyuk,R,175.0,UKR,22.0,211685,,,Rebecca Sramkova,R,,SVK,27.6,6-3 6-2,3,R128,71.0,4.0,0.0,51.0,32.0,24.0,14.0,9.0,1.0,1.0,0.0,3.0,65.0,34.0,22.0,12.0,8.0,9.0,12.0,19.0,2240.0,105.0,695.0,2024
2024-540,Wimbledon,Grass,128,G,2024-07-01,153,201611,,,Daria Saville,R,166.0,AUS,30.3,220548,,,Peyton Stearns,R,,USA,22.7,6-4 6-2,3,R128,89.0,3.0,3.0,57.0,40.0,23.0,11.0,9.0,2.0,4.0,0.0,1.0,70.0,50.0,27.0,8.0,9.0,6.0,11.0,82.0,830.0,52.0,1082.0,2024
2024-540,Wimbledon,Grass,128,G,2024-07-01,154,206374,,,Yafan Wang,R,170.0,CHN,30.1,203533,,,Anna Karolina Schmiedlova,R,176.0,SVK,29.7,6-0 3-6 6-4,3,R128,120.0,4.0,4.0,73.0,37.0,25.0,24.0,13.0,3.0,5.0,3.0,5.0,79.0,48.0,35.0,10.0,12.0,8.0,12.0,71.0,919.0,74.0,880.0,2024
2024-540,Wimbledon,Grass,128,G,2024-07-01,147,222965,,LL,Erika Andreeva,R,,RUS,20.0,211765,,,Emina Bektas,R,,USA,31.2,7-6(5) 3-6 6-3,3,R128,137.0,6.0,3.0,95.0,60.0,43.0,20.0,14.0,4.0,6.0,13.0,1.0,98.0,70.0,48.0,16.0,16.0,4.0,6.0,101.0,729.0,107.0,686.0,2024
2024-466,Palermo,Clay,32,I,2024-07-15,284,201549,,,Petra Martic,R,181.0,CRO,33.4,215306,,,Emiliana Arango,R,,COL,23.6,6-2 6-3,3,R32,77.0,0.0,4.0,54.0,35.0,27.0,13.0,9.0,4.0,4.0,0.0,3.0,53.0,34.0,22.0,6.0,8.0,6.0,9.0,99.0,751.0,120.0,616.0,2024
2024-466,Palermo,Clay,32,I,2024-07-15,279,203564,,,Chloe Paquet,R,179.0,FRA,30.0,202453,,,Saisai Zheng,R,170.0,CHN,30.4,6-3 6-3,3,R32,93.0,2.0,7.0,61.0,33.0,24.0,12.0,9.0,3.0,5.0,1.0,2.0,63.0,40.0,22.0,10.0,9.0,7.0,12.0,115.0,647.0,1332.0,4.0,2024
2024-466,Palermo,Clay,32,I,2024-07-15,283,214459,,,Lucia Bronzetti,R,,ITA,25.5,221039,,,Elsa Jacquemot,R,,FRA,21.2,7-5 3-6 6-3,3,R32,144.0,0.0,2.0,89.0,62.0,38.0,14.0,15.0,4.0,9.0,3.0,4.0,99.0,75.0,40.0,12.0,15.0,8.0,14.0,70.0,928.0,145.0,530.0,2024
2024-466,Palermo,Clay,32,I,2024-07-15,282,211713,7.0,,Jaqueline Cristian,R,180.0,ROU,26.1,220699,,,Julia Riera,R,,ARG,22.1,6-3 6-2,3,R32,73.0,4.0,4.0,53.0,31.0,26.0,13.0,9.0,5.0,5.0,1.0,0.0,49.0,32.0,17.0,11.0,8.0,4.0,7.0,66.0,936.0,113.0,650.0,2024
2024-466,Palermo,Clay,32,I,2024-07-15,281,220348,4.0,,Diane Parry,R,170.0,FRA,21.8,216265,,Q,Olivia Gadecki,R,,AUS,22.2,4-6 6-4 6-4,3,R32,157.0,3.0,2.0,93.0,59.0,42.0,17.0,15.0,3.0,6.0,2.0,6.0,106.0,74.0,45.0,18.0,15.0,8.0,12.0,58.0,1019.0,168.0,442.0,2024
2024-466,Palermo,Clay,32,I,2024-07-15,280,213525,,Q,Jil Teichmann,L,170.0,SUI,27.0,239392,,Q,Mia Ristic,U,,SRB,18.1,6-1 6-1,3,R32,69.0,0.0,1.0,39.0,22.0,18.0,9.0,7.0,2.0,3.0,0.0,1.0,49.0,39.0,16.0,2.0,7.0,6.0,12.0,211.0,348.0,301.0,218.0,2024
2024-466,Palermo,Clay,32,I,2024-07-15,278,214604,,,Maria Lourdes Carle,R,,ARG,24.4,213583,8.0,,Tatjana Maria,R,172.0,GER,36.9,5-7 6-1 6-1,3,R32,133.0,0.0,4.0,77.0,63.0,43.0,5.0,13.0,4.0,7.0,1.0,4.0,95.0,52.0,26.0,20.0,13.0,6.0,13.0,93.0,801.0,60.0,994.0,2024
2024-466,Palermo,Clay,32,I,2024-07-15,270,214096,2.0,,Karolina Muchova,R,178.0,CZE,27.8,203514,,Q,Katarzyna Kawa,R,178.0,POL,31.6,7-6(14) 5-1 RET,3,R32,107.0,6.0,2.0,63.0,45.0,33.0,8.0,9.0,2.0,4.0,0.0,3.0,62.0,37.0,21.0,13.0,9.0,1.0,5.0,35.0,1618.0,192.0,389.0,2024
2024-466,Palermo,Clay,32,I,2024-07-15,276,201593,,,Irina Camelia Begu,R,181.0,ROU,33.8,215453,,,Marina Bassols Ribera,R,165.0,ESP,24.5,6-0 6-0,3,R32,58.0,2.0,0.0,33.0,19.0,15.0,10.0,6.0,2.0,2.0,1.0,6.0,41.0,20.0,9.0,5.0,6.0,5.0,11.0,142.0,536.0,121.0,615.0,2024
2024-466,Palermo,Clay,32,I,2024-07-15,275,222965,,,Erika Andreeva,R,,RUS,20.0,221985,,,Darja Semenistaja,L,,LAT,21.8,6-1 6-2,3,R32,82.0,0.0,4.0,59.0,37.0,29.0,11.0,8.0,1.0,1.0,0.0,0.0,43.0,24.0,12.0,8.0,7.0,6.0,10.0,92.0,804.0,122.0,601.0,2024
2024-466,Palermo,Clay,32,I,2024-07-15,274,215983,,,Ann Li,R,170.0,USA,24.0,220548,3.0,,Peyton Stearns,R,,USA,22.7,3-6 7-6(7) 6-2,3,R32,135.0,2.0,1.0,90.0,63.0,44.0,14.0,14.0,3.0,6.0,2.0,2.0,100.0,68.0,45.0,16.0,15.0,4.0,8.0,127.0,592.0,52.0,1082.0,2024
2024-466,Palermo,Clay,32,I,2024-07-15,273,206292,,,Astra Sharma,R,178.0,AUS,28.8,215020,6.0,,Anna Blinkova,R,179.0,RUS,25.8,6-0 7-5,3,R32,90.0,5.0,1.0,73.0,46.0,30.0,14.0,9.0,5.0,6.0,0.0,4.0,65.0,44.0,18.0,12.0,9.0,5.0,10.0,151.0,497.0,74.0,910.0,2024
2024-466,Palermo,Clay,32,I,2024-07-15,272,201548,,WC,Ajla Tomljanovic,R,180.0,AUS,31.1,210886,,,Mayar Sherif,R,180.0,EGY,28.1,3-6 7-5 6-3,3,R32,162.0,3.0,15.0,105.0,72.0,45.0,11.0,15.0,11.0,17.0,5.0,2.0,92.0,64.0,41.0,6.0,15.0,6.0,13.0,133.0,566.0,67.0,935.0,2024
2024-466,Palermo,Clay,32,I,2024-07-15,271,223333,,Q,Noma Noha Akugue,L,170.0,GER,20.6,201621,,Q,Mona Barthel,R,185.0,GER,34.0,6-4 2-6 6-2,3,R32,119.0,1.0,5.0,90.0,66.0,39.0,15.0,13.0,10.0,14.0,4.0,13.0,84.0,46.0,26.0,16.0,13.0,2.0,7.0,197.0,383.0,202.0,370.0,2024
2024-466,Palermo,Clay,32,I,2024-07-15,285,221012,1.0,,Qinwen Zheng,R,,CHN,21.7,201506,,,Sara Errani,R,164.0,ITA,37.2,6-3 6-2,3,R32,73.0,6.0,1.0,49.0,29.0,23.0,11.0,9.0,0.0,1.0,0.0,2.0,52.0,44.0,22.0,4.0,8.0,3.0,7.0,7.0,4055.0,96.0,783.0,2024
2024-466,Palermo,Clay,32,I,2024-07-15,277,201551,5.0,,Arantxa Rus,L,180.0,NED,33.5,203354,,,Martina Trevisan,L,160.0,ITA,30.6,6-7(5) 6-4 6-2,3,R32,191.0,5.0,0.0,97.0,66.0,43.0,21.0,15.0,5.0,7.0,1.0,6.0,123.0,73.0,44.0,24.0,15.0,9.0,14.0,62.0,969.0,77.0,903.0,2024
2024-466,Palermo,Clay,32,I,2024-07-15,286,214096,2.0,,Karolina Muchova,R,178.0,CZE,27.8,223333,,Q,Noma Noha Akugue,L,170.0,GER,20.6,6-7(0) 6-2 6-3,3,R16,157.0,1.0,3.0,106.0,66.0,39.0,20.0,15.0,5.0,10.0,1.0,2.0,82.0,52.0,29.0,11.0,14.0,3.0,11.0,35.0,1618.0,197.0,383.0,2024
2024-2036,Budapest,Clay,32,I,2024-07-15,272,220733,,Q,Carole Monnet,L,,FRA,22.6,221004,,Q,Amarissa Kiara Toth,U,,HUN,21.4,6-1 6-1,3,R32,73.0,2.0,7.0,52.0,27.0,21.0,13.0,7.0,4.0,5.0,0.0,2.0,47.0,33.0,14.0,3.0,7.0,7.0,13.0,221.0,339.0,371.0,164.0,2024
2024-466,Palermo,Clay,32,I,2024-07-15,288,215983,,,Ann Li,R,170.0,USA,24.0,222965,,,Erika Andreeva,R,,RUS,20.0,6-3 4-6 6-4,3,R16,128.0,3.0,4.0,85.0,57.0,47.0,13.0,15.0,2.0,3.0,4.0,7.0,87.0,55.0,41.0,14.0,14.0,5.0,7.0,127.0,592.0,92.0,804.0,2024
2024-2036,Budapest,Clay,32,I,2024-07-15,282,230870,,LL,Ella Seidel,R,,GER,19.4,220416,7.0,,Moyuka Uchijima,R,171.0,JPN,22.9,6-1 1-0 RET,3,R32,37.0,1.0,3.0,20.0,15.0,10.0,2.0,4.0,0.0,1.0,1.0,5.0,22.0,10.0,5.0,1.0,4.0,2.0,6.0,166.0,446.0,69.0,930.0,2024
2024-2036,Budapest,Clay,32,I,2024-07-15,283,214388,,,Anna Bondar,R,,HUN,27.1,215337,,,Olga Danilovic,L,,SRB,23.4,7-6(5) 6-4,3,R32,132.0,7.0,1.0,76.0,40.0,30.0,22.0,11.0,1.0,2.0,3.0,7.0,83.0,47.0,33.0,16.0,11.0,2.0,4.0,98.0,759.0,150.0,509.0,2024
2024-2036,Budapest,Clay,32,I,2024-07-15,284,221247,,Q,Ekaterina Makarova,R,,RUS,28.4,201693,,WC,Timea Babos,R,179.0,HUN,31.1,6-3 6-1,3,R32,78.0,0.0,1.0,54.0,42.0,27.0,7.0,8.0,3.0,4.0,0.0,3.0,58.0,33.0,15.0,12.0,8.0,6.0,11.0,183.0,402.0,259.0,280.0,2024
2024-2036,Budapest,Clay,32,I,2024-07-15,285,223670,1.0,,Diana Shnaider,L,,RUS,20.2,214541,,WC,Fanny Stollar,R,172.0,HUN,25.6,6-3 3-6 6-4,3,R32,120.0,3.0,2.0,85.0,52.0,33.0,16.0,14.0,3.0,8.0,5.0,3.0,93.0,66.0,38.0,12.0,14.0,3.0,9.0,28.0,1795.0,280.0,239.0,2024
2024-2036,Budapest,Clay,32,I,2024-07-15,286,205925,,,Aliaksandra Sasnovich,R,174.0,BLR,30.3,221237,,,Maria Timofeeva,R,,RUS,20.6,6-3 6-4,3,R16,104.0,3.0,8.0,80.0,49.0,31.0,15.0,10.0,8.0,10.0,3.0,2.0,50.0,30.0,16.0,12.0,9.0,1.0,5.0,134.0,564.0,103.0,722.0,2024
2024-2036,Budapest,Clay,32,I,2024-07-15,287,215480,,,Suzan Lamens,R,,NED,25.0,220733,,Q,Carole Monnet,L,,FRA,22.6,6-4 6-0,3,R16,93.0,0.0,0.0,60.0,42.0,28.0,10.0,8.0,7.0,8.0,0.0,7.0,58.0,33.0,18.0,10.0,8.0,5.0,10.0,137.0,556.0,221.0,339.0,2024
2024-466,Palermo,Clay,32,I,2024-07-15,287,206292,,,Astra Sharma,R,178.0,AUS,28.8,201548,,WC,Ajla Tomljanovic,R,180.0,AUS,31.1,6-4 3-6 6-1,3,R16,121.0,7.0,4.0,89.0,66.0,43.0,11.0,13.0,9.0,13.0,1.0,3.0,81.0,58.0,33.0,10.0,13.0,3.0,9.0,151.0,497.0,133.0,566.0,2024
2024-2036,Budapest,Clay,32,I,2024-07-15,289,220589,,,Elina Avanesyan,R,,ARM,21.8,214119,,,Rebeka Masarova,R,186.0,ESP,24.9,2-6 7-5 6-1,3,R16,146.0,0.0,5.0,94.0,66.0,34.0,19.0,14.0,7.0,12.0,1.0,2.0,101.0,74.0,41.0,10.0,13.0,10.0,16.0,75.0,905.0,117.0,622.0,2024
2024-2036,Budapest,Clay,32,I,2024-07-15,290,220332,,,Eva Lys,R,165.0,GER,22.5,211095,,,Bernarda Pera,L,175.0,USA,29.6,7-6(6) 4-1 RET,3,R16,90.0,0.0,5.0,60.0,35.0,24.0,10.0,8.0,1.0,3.0,2.0,12.0,63.0,25.0,16.0,17.0,9.0,7.0,11.0,129.0,584.0,82.0,872.0,2024
2024-2036,Budapest,Clay,32,I,2024-07-15,291,211685,,,Rebecca Sramkova,R,,SVK,27.7,216016,3.0,,Xiyu Wang,L,,CHN,23.2,7-6(4) 6-3,3,R16,131.0,4.0,2.0,89.0,59.0,37.0,15.0,10.0,10.0,12.0,5.0,6.0,73.0,41.0,24.0,17.0,11.0,5.0,9.0,109.0,679.0,54.0,1075.0,2024
2024-2036,Budapest,Clay,32,I,2024-07-15,292,230870,,LL,Ella Seidel,R,,GER,19.4,214388,,,Anna Bondar,R,,HUN,27.1,7-5 7-5,3,R16,118.0,0.0,7.0,74.0,39.0,29.0,14.0,12.0,2.0,5.0,9.0,2.0,70.0,41.0,25.0,13.0,12.0,5.0,10.0,166.0,446.0,98.0,759.0,2024
2024-2036,Budapest,Clay,32,I,2024-07-15,293,223670,1.0,,Diana Shnaider,L,,RUS,20.2,221247,,Q,Ekaterina Makarova,R,,RUS,28.4,6-3 6-3,3,R16,82.0,0.0,2.0,56.0,40.0,25.0,11.0,9.0,4.0,6.0,0.0,1.0,50.0,29.0,14.0,9.0,9.0,0.0,5.0,28.0,1795.0,183.0,402.0,2024
2024-2036,Budapest,Clay,32,I,2024-07-15,294,205925,,,Aliaksandra Sasnovich,R,174.0,BLR,30.3,215480,,,Suzan Lamens,R,,NED,25.0,6-4 2-6 6-4,3,QF,155.0,1.0,7.0,105.0,71.0,40.0,17.0,14.0,7.0,12.0,2.0,3.0,90.0,50.0,32.0,16.0,14.0,8.0,13.0,134.0,564.0,137.0,556.0,2024
2024-2036,Budapest,Clay,32,I,2024-07-15,295,203533,,,Anna Karolina Schmiedlova,R,176.0,SVK,29.8,220589,,,Elina Avanesyan,R,,ARM,21.8,2-6 6-3 6-2,3,QF,132.0,2.0,3.0,85.0,49.0,34.0,15.0,13.0,6.0,10.0,0.0,3.0,75.0,54.0,32.0,9.0,12.0,4.0,9.0,79.0,880.0,75.0,905.0,2024
2024-2036,Budapest,Clay,32,I,2024-07-15,296,220332,,,Eva Lys,R,165.0,GER,22.5,211685,,,Rebecca Sramkova,R,,SVK,27.7,4-6 6-3 7-6(5),3,QF,146.0,1.0,7.0,94.0,54.0,32.0,20.0,15.0,1.0,7.0,3.0,4.0,102.0,65.0,37.0,18.0,16.0,5.0,12.0,129.0,584.0,109.0,679.0,2024
2024-2036,Budapest,Clay,32,I,2024-07-15,297,223670,1.0,,Diana Shnaider,L,,RUS,20.2,230870,,LL,Ella Seidel,R,,GER,19.4,6-4 6-2,3,QF,73.0,1.0,0.0,49.0,33.0,26.0,9.0,9.0,1.0,2.0,2.0,3.0,51.0,24.0,13.0,14.0,9.0,4.0,8.0,28.0,1795.0,166.0,446.0,2024
2024-2036,Budapest,Clay,32,I,2024-07-15,298,205925,,,Aliaksandra Sasnovich,R,174.0,BLR,30.3,203533,,,Anna Karolina Schmiedlova,R,176.0,SVK,29.8,6-3 3-6 7-5,3,SF,166.0,1.0,17.0,115.0,73.0,41.0,14.0,15.0,11.0,20.0,0.0,4.0,107.0,71.0,32.0,17.0,15.0,13.0,23.0,134.0,564.0,79.0,880.0,2024
2024-2036,Budapest,Clay,32,I,2024-07-15,299,223670,1.0,,Diana Shnaider,L,,RUS,20.2,220332,,,Eva Lys,R,165.0,GER,22.5,6-3 6-3,3,SF,85.0,1.0,2.0,71.0,38.0,25.0,21.0,9.0,3.0,3.0,0.0,4.0,56.0,36.0,23.0,9.0,9.0,5.0,8.0,28.0,1795.0,129.0,584.0,2024
2024-2036,Budapest,Clay,32,I,2024-07-15,300,223670,1.0,,Diana Shnaider,L,,RUS,20.2,205925,,,Aliaksandra Sasnovich,R,174.0,BLR,30.3,6-4 6-4,3,F,95.0,2.0,2.0,61.0,36.0,19.0,11.0,10.0,3.0,8.0,1.0,4.0,71.0,48.0,22.0,8.0,10.0,2.0,9.0,28.0,1795.0,134.0,564.0,2024
2024-2036,Budapest,Clay,32,I,2024-07-15,281,216016,3.0,,Xiyu Wang,L,,CHN,23.2,223331,,,Anca Alexia Todoni,R,,ROU,19.7,7-6(4) 7-5,3,R32,140.0,1.0,3.0,77.0,46.0,33.0,19.0,12.0,3.0,5.0,2.0,4.0,86.0,51.0,35.0,15.0,12.0,5.0,8.0,54.0,1075.0,118.0,621.0,2024
2024-2036,Budapest,Clay,32,I,2024-07-15,280,211685,,,Rebecca Sramkova,R,,SVK,27.7,214480,,Q,Miriam Bianca Bulgaru,R,,ROU,25.7,6-3 4-6 6-4,3,R32,151.0,5.0,7.0,119.0,68.0,38.0,25.0,15.0,14.0,20.0,3.0,6.0,79.0,43.0,27.0,12.0,14.0,3.0,10.0,109.0,679.0,206.0,356.0,2024
2024-2036,Budapest,Clay,32,I,2024-07-15,288,203533,,,Anna Karolina Schmiedlova,R,176.0,SVK,29.8,204427,4.0,,Sara Sorribes Tormo,R,176.0,ESP,27.7,2-6 6-2 6-2,3,R16,140.0,1.0,2.0,67.0,37.0,26.0,13.0,12.0,0.0,4.0,0.0,1.0,62.0,45.0,24.0,8.0,12.0,2.0,8.0,79.0,880.0,59.0,995.0,2024
2024-2036,Budapest,Clay,32,I,2024-07-15,278,220332,,,Eva Lys,R,165.0,GER,22.5,206408,6.0,,Nadia Podoroska,R,170.0,ARG,27.4,6-3 6-0,3,R32,70.0,3.0,1.0,46.0,31.0,17.0,10.0,8.0,0.0,2.0,1.0,5.0,42.0,28.0,13.0,2.0,7.0,2.0,8.0,129.0,584.0,71.0,923.0,2024
2024-466,Palermo,Clay,32,I,2024-07-15,289,201593,,,Irina Camelia Begu,R,181.0,ROU,33.8,201551,5.0,,Arantxa Rus,L,180.0,NED,33.5,6-2 7-5,3,R16,114.0,2.0,3.0,59.0,32.0,23.0,19.0,10.0,0.0,0.0,2.0,3.0,62.0,38.0,22.0,14.0,10.0,2.0,5.0,142.0,536.0,62.0,969.0,2024
2024-466,Palermo,Clay,32,I,2024-07-15,290,203564,,,Chloe Paquet,R,179.0,FRA,30.0,214604,,,Maria Lourdes Carle,R,,ARG,24.4,6-3 6-1,3,R16,92.0,0.0,3.0,63.0,43.0,26.0,8.0,8.0,6.0,8.0,0.0,8.0,46.0,24.0,13.0,6.0,8.0,4.0,10.0,115.0,647.0,93.0,801.0,2024
2024-2036,Budapest,Clay,32,I,2024-07-15,279,211095,,,Bernarda Pera,L,175.0,USA,29.6,211337,,,Tamara Korpatsch,R,170.0,GER,29.1,7-5 2-6 6-2,3,R32,170.0,3.0,5.0,121.0,71.0,34.0,23.0,14.0,18.0,26.0,1.0,7.0,91.0,47.0,25.0,13.0,14.0,3.0,12.0,82.0,872.0,89.0,831.0,2024
2024-466,Palermo,Clay,32,I,2024-07-15,292,211713,7.0,,Jaqueline Cristian,R,180.0,ROU,26.1,214459,,,Lucia Bronzetti,R,,ITA,25.5,6-3 6-2,3,R16,108.0,4.0,0.0,58.0,39.0,25.0,9.0,9.0,2.0,5.0,0.0,1.0,57.0,41.0,17.0,7.0,8.0,4.0,10.0,66.0,936.0,70.0,928.0,2024
2024-466,Palermo,Clay,32,I,2024-07-15,293,221012,1.0,,Qinwen Zheng,R,,CHN,21.7,201549,,,Petra Martic,R,181.0,CRO,33.4,6-4 6-4,3,R16,94.0,6.0,3.0,55.0,28.0,22.0,15.0,10.0,1.0,2.0,1.0,2.0,61.0,41.0,27.0,8.0,10.0,3.0,6.0,7.0,4055.0,99.0,751.0,2024
2024-466,Palermo,Clay,32,I,2024-07-15,294,214096,2.0,,Karolina Muchova,R,178.0,CZE,27.8,206292,,,Astra Sharma,R,178.0,AUS,28.8,7-6(5) 7-6(6),3,QF,131.0,1.0,2.0,92.0,57.0,33.0,23.0,12.0,6.0,10.0,1.0,3.0,79.0,49.0,31.0,17.0,12.0,1.0,5.0,35.0,1618.0,151.0,497.0,2024
2024-466,Palermo,Clay,32,I,2024-07-15,295,201593,,,Irina Camelia Begu,R,181.0,ROU,33.8,215983,,,Ann Li,R,170.0,USA,24.0,6-3 6-4,3,QF,105.0,3.0,1.0,58.0,41.0,26.0,9.0,9.0,3.0,6.0,2.0,1.0,80.0,48.0,28.0,11.0,10.0,5.0,11.0,142.0,536.0,127.0,592.0,2024
2024-466,Palermo,Clay,32,I,2024-07-15,296,220348,4.0,,Diane Parry,R,170.0,FRA,21.8,203564,,,Chloe Paquet,R,179.0,FRA,30.0,7-5 1-6 6-4,3,QF,170.0,2.0,3.0,95.0,59.0,38.0,12.0,15.0,4.0,11.0,0.0,3.0,103.0,66.0,41.0,15.0,14.0,9.0,15.0,58.0,1019.0,115.0,647.0,2024
2024-466,Palermo,Clay,32,I,2024-07-15,297,221012,1.0,,Qinwen Zheng,R,,CHN,21.7,211713,7.0,,Jaqueline Cristian,R,180.0,ROU,26.1,6-1 6-1,3,QF,72.0,2.0,1.0,38.0,19.0,16.0,13.0,7.0,0.0,0.0,3.0,2.0,45.0,24.0,14.0,4.0,7.0,8.0,13.0,7.0,4055.0,66.0,936.0,2024
2024-466,Palermo,Clay,32,I,2024-07-15,291,220348,4.0,,Diane Parry,R,170.0,FRA,21.8,213525,,Q,Jil Teichmann,L,170.0,SUI,27.0,6-2 6-7(4) 6-2,3,R16,160.0,7.0,4.0,106.0,74.0,44.0,17.0,14.0,5.0,8.0,2.0,4.0,90.0,53.0,34.0,13.0,14.0,3.0,10.0,58.0,1019.0,211.0,348.0,2024
2024-466,Palermo,Clay,32,I,2024-07-15,299,221012,1.0,,Qinwen Zheng,R,,CHN,21.7,220348,4.0,,Diane Parry,R,170.0,FRA,21.8,7-5 6-4,3,SF,98.0,3.0,2.0,56.0,33.0,28.0,14.0,11.0,3.0,4.0,2.0,0.0,62.0,36.0,25.0,14.0,11.0,2.0,5.0,7.0,4055.0,58.0,1019.0,2024
2024-466,Palermo,Clay,32,I,2024-07-15,298,214096,2.0,,Karolina Muchova,R,178.0,CZE,27.8,201593,,,Irina Camelia Begu,R,181.0,ROU,33.8,6-1 6-1,3,SF,74.0,4.0,1.0,42.0,31.0,24.0,6.0,7.0,1.0,1.0,0.0,3.0,50.0,35.0,16.0,5.0,7.0,1.0,6.0,35.0,1618.0,142.0,536.0,2024
2024-2036,Budapest,Clay,32,I,2024-07-15,277,220589,,,Elina Avanesyan,R,,ARM,21.8,211684,5.0,,Magdalena Frech,R,171.0,POL,26.5,7-6(5) 6-4,3,R32,117.0,0.0,4.0,71.0,53.0,35.0,8.0,11.0,3.0,6.0,0.0,0.0,73.0,46.0,25.0,15.0,11.0,3.0,7.0,75.0,905.0,56.0,1049.0,2024
2024-2036,Budapest,Clay,32,I,2024-07-15,275,203533,,,Anna Karolina Schmiedlova,R,176.0,SVK,29.8,215872,,,Kamilla Rakhimova,R,,RUS,22.8,3-6 6-4 6-0,3,R32,117.0,1.0,4.0,67.0,41.0,27.0,12.0,12.0,1.0,5.0,1.0,5.0,68.0,36.0,17.0,14.0,13.0,1.0,8.0,79.0,880.0,104.0,706.0,2024
2024-2036,Budapest,Clay,32,I,2024-07-15,274,204427,4.0,,Sara Sorribes Tormo,R,176.0,ESP,27.7,215566,,Q,Gergana Topalova,R,,BUL,24.3,4-6 6-3 7-5,3,R32,209.0,0.0,3.0,99.0,80.0,44.0,8.0,16.0,3.0,10.0,0.0,2.0,89.0,63.0,35.0,8.0,15.0,5.0,13.0,59.0,995.0,234.0,320.0,2024
2024-2036,Budapest,Clay,32,I,2024-07-15,276,214119,,,Rebeka Masarova,R,186.0,ESP,24.9,222259,,WC,Natalia Szabanin,L,,HUN,20.7,6-2 6-3,3,R32,84.0,6.0,4.0,54.0,35.0,23.0,12.0,8.0,5.0,6.0,1.0,3.0,54.0,29.0,16.0,10.0,9.0,2.0,7.0,117.0,622.0,572.0,80.0,2024
2024-2036,Budapest,Clay,32,I,2024-07-15,271,221237,,,Maria Timofeeva,R,,RUS,20.6,215899,,Q,Simona Waltert,R,,SUI,23.5,7-5 7-6(3),3,R32,139.0,1.0,3.0,85.0,64.0,38.0,11.0,12.0,3.0,7.0,0.0,6.0,78.0,51.0,28.0,11.0,12.0,2.0,7.0,103.0,722.0,248.0,301.0,2024
2024-2036,Budapest,Clay,32,I,2024-07-15,270,205925,,,Aliaksandra Sasnovich,R,174.0,BLR,30.3,202600,2.0,,Viktoriya Tomova,R,170.0,BUL,29.3,2-6 6-2 6-4,3,R32,124.0,2.0,5.0,84.0,49.0,27.0,16.0,13.0,3.0,9.0,1.0,2.0,86.0,52.0,27.0,15.0,13.0,1.0,8.0,134.0,564.0,49.0,1166.0,2024
2024-466,Palermo,Clay,32,I,2024-07-15,300,221012,1.0,,Qinwen Zheng,R,,CHN,21.7,214096,2.0,,Karolina Muchova,R,178.0,CZE,27.8,6-4 4-6 6-2,3,F,169.0,6.0,3.0,88.0,53.0,33.0,17.0,14.0,3.0,8.0,2.0,4.0,100.0,58.0,35.0,15.0,14.0,12.0,19.0,7.0,4055.0,35.0,1618.0,2024
2024-2036,Budapest,Clay,32,I,2024-07-15,273,215480,,,Suzan Lamens,R,,NED,25.0,219875,8.0,,Varvara Gracheva,R,,FRA,23.9,6-3 6-0,3,R32,74.0,2.0,5.0,60.0,32.0,21.0,14.0,7.0,4.0,5.0,2.0,8.0,40.0,23.0,10.0,5.0,8.0,1.0,7.0,137.0,556.0,72.0,920.0,2024
2024-1082,Prague,Clay,32,I,2024-07-22,284,220332,,,Eva Lys,R,165.0,GER,22.5,222506,,Q,Anastasiya Soboleva,U,,UKR,20.2,6-4 6-3,3,R32,91.0,1.0,4.0,74.0,49.0,29.0,10.0,10.0,8.0,12.0,1.0,2.0,51.0,37.0,15.0,7.0,9.0,3.0,9.0,108.0,681.0,231.0,314.0,2024
2024-1082,Prague,Clay,32,I,2024-07-22,279,213544,,,Jana Fett,R,168.0,CRO,27.7,202421,,LL,Alison Van Uytvanck,R,173.0,BEL,30.3,6-2 6-2,3,R32,86.0,2.0,3.0,65.0,43.0,23.0,12.0,8.0,9.0,12.0,1.0,3.0,48.0,25.0,10.0,6.0,8.0,5.0,12.0,116.0,630.0,245.0,294.0,2024
2024-1082,Prague,Clay,32,I,2024-07-22,283,214262,,LL,Ena Shibahara,R,170.0,JPN,26.4,211337,,,Tamara Korpatsch,R,170.0,GER,29.1,7-6(5) 3-6 7-5,3,R32,180.0,1.0,5.0,126.0,72.0,41.0,27.0,17.0,10.0,17.0,4.0,10.0,87.0,46.0,29.0,20.0,16.0,2.0,8.0,257.0,274.0,92.0,802.0,2024
2024-1082,Prague,Clay,32,I,2024-07-22,282,230870,,,Ella Seidel,R,,GER,19.4,206408,7.0,,Nadia Podoroska,R,170.0,ARG,27.4,6-4 2-6 6-1,3,R32,125.0,2.0,2.0,72.0,43.0,23.0,18.0,12.0,5.0,10.0,4.0,8.0,86.0,50.0,27.0,16.0,13.0,11.0,18.0,150.0,503.0,85.0,831.0,2024
2024-1082,Prague,Clay,32,I,2024-07-22,281,202663,4.0,,Magda Linette,R,171.0,POL,32.4,201621,,Q,Mona Barthel,R,185.0,GER,34.0,7-6(4) 6-4,3,R32,101.0,5.0,2.0,77.0,46.0,33.0,9.0,11.0,7.0,11.0,1.0,7.0,72.0,35.0,18.0,17.0,11.0,0.0,5.0,48.0,1171.0,193.0,386.0,2024
2024-1082,Prague,Clay,32,I,2024-07-22,280,214119,,,Rebeka Masarova,R,186.0,ESP,24.9,215480,,,Suzan Lamens,R,,NED,25.0,2-6 6-2 7-6(5),3,R32,145.0,3.0,5.0,83.0,51.0,28.0,14.0,14.0,5.0,12.0,1.0,7.0,105.0,55.0,32.0,20.0,14.0,8.0,15.0,111.0,650.0,121.0,604.0,2024
2024-1082,Prague,Clay,32,I,2024-07-22,278,202600,5.0,,Viktoriya Tomova,R,170.0,BUL,29.4,260761,,WC,Renata Jamrichova,U,,SVK,17.0,7-6(3) 6-3,3,R32,90.0,4.0,4.0,76.0,52.0,38.0,9.0,11.0,4.0,7.0,3.0,8.0,62.0,37.0,26.0,10.0,10.0,5.0,9.0,49.0,1166.0,545.0,89.0,2024
2024-1082,Prague,Clay,32,I,2024-07-22,273,210303,,LL,Kathinka Von Deichmann,R,176.0,LIE,30.1,203533,8.0,,Anna Karolina Schmiedlova,R,176.0,SVK,29.8,6-4 6-4,3,R32,109.0,0.0,4.0,80.0,61.0,30.0,10.0,10.0,7.0,12.0,0.0,5.0,53.0,26.0,11.0,9.0,10.0,1.0,8.0,241.0,297.0,70.0,918.0,2024
2024-1082,Prague,Clay,32,I,2024-07-22,276,222966,,,Dominika Salkova,R,,CZE,20.0,220309,,,Zeynep Sonmez,R,,TUR,22.2,6-4 6-0,3,R32,59.0,2.0,1.0,47.0,26.0,17.0,16.0,8.0,1.0,2.0,0.0,5.0,48.0,26.0,12.0,8.0,8.0,1.0,6.0,135.0,545.0,130.0,568.0,2024
2024-1082,Prague,Clay,32,I,2024-07-22,275,221039,,,Elsa Jacquemot,R,,FRA,21.2,222601,,,Jessica Bouzas Maneiro,R,,ESP,21.8,6-3 6-4,3,R32,86.0,1.0,4.0,69.0,50.0,32.0,6.0,10.0,5.0,9.0,0.0,3.0,52.0,32.0,16.0,7.0,9.0,3.0,9.0,142.0,530.0,81.0,851.0,2024
2024-1082,Prague,Clay,32,I,2024-07-22,274,211843,3.0,,Anhelina Kalinina,R,179.0,UKR,27.4,239383,,,Sara Bejlek,L,,CZE,18.4,7-5 6-7(7) 6-2,3,R32,183.0,1.0,10.0,104.0,58.0,35.0,21.0,16.0,7.0,14.0,1.0,10.0,111.0,75.0,35.0,16.0,16.0,7.0,17.0,47.0,1186.0,125.0,592.0,2024
2024-1082,Prague,Clay,32,I,2024-07-22,272,221407,,Q,Oksana Selekhmeteva,L,,RUS,21.5,223323,,WC,Barbora Palicova,R,,CZE,20.3,7-5 6-3,3,R32,113.0,0.0,1.0,77.0,45.0,30.0,15.0,11.0,6.0,8.0,0.0,2.0,62.0,34.0,21.0,11.0,10.0,4.0,8.0,248.0,291.0,263.0,266.0,2024
2024-1082,Prague,Clay,32,I,2024-07-22,271,266671,,WC,Laura Samson,R,,CZE,16.3,223087,,Q,Tara Wurth,R,,CRO,21.8,6-0 6-2,3,R32,73.0,0.0,1.0,38.0,21.0,17.0,10.0,7.0,0.0,1.0,0.0,2.0,58.0,39.0,16.0,7.0,7.0,7.0,13.0,634.0,65.0,461.0,122.0,2024
2024-1082,Prague,Clay,32,I,2024-07-22,270,211701,2.0,,Katerina Siniakova,R,174.0,CZE,28.1,211635,,Q,Louisa Chirico,R,175.0,USA,28.1,7-5 4-6 6-3,3,R32,146.0,7.0,7.0,95.0,63.0,42.0,17.0,15.0,8.0,12.0,3.0,3.0,100.0,63.0,37.0,20.0,16.0,4.0,10.0,38.0,1546.0,228.0,321.0,2024
2024-1082,Prague,Clay,32,I,2024-07-22,285,222328,1.0,,Linda Noskova,R,,CZE,19.6,215290,,Q,Katarina Zavatska,R,173.0,UKR,24.4,6-3 6-2,3,R32,75.0,5.0,5.0,58.0,29.0,21.0,15.0,9.0,2.0,4.0,0.0,2.0,44.0,24.0,12.0,8.0,8.0,3.0,8.0,27.0,1835.0,174.0,425.0,2024
2024-1082,Prague,Clay,32,I,2024-07-22,277,211684,6.0,,Magdalena Frech,R,171.0,POL,26.6,206292,,,Astra Sharma,R,178.0,AUS,28.8,6-4 2-6 6-2,3,R32,127.0,0.0,1.0,77.0,48.0,29.0,13.0,13.0,3.0,9.0,1.0,8.0,78.0,51.0,24.0,12.0,13.0,4.0,11.0,57.0,1049.0,149.0,503.0,2024
2024-1082,Prague,Clay,32,I,2024-07-22,286,266671,,WC,Laura Samson,R,,CZE,16.3,211701,2.0,,Katerina Siniakova,R,174.0,CZE,28.1,1-6 7-5 6-3,3,R16,135.0,2.0,6.0,97.0,62.0,35.0,13.0,14.0,8.0,16.0,0.0,11.0,102.0,51.0,29.0,20.0,14.0,8.0,16.0,634.0,65.0,38.0,1546.0,2024
2024-2063,Iasi,Clay,32,I,2024-07-22,287,203564,,,Chloe Paquet,R,179.0,FRA,30.0,215899,,Q,Simona Waltert,R,,SUI,23.6,6-1 7-5,3,R16,105.0,3.0,4.0,53.0,30.0,23.0,10.0,10.0,0.0,2.0,1.0,7.0,75.0,51.0,27.0,8.0,9.0,9.0,14.0,106.0,693.0,249.0,290.0,2024
2024-1082,Prague,Clay,32,I,2024-07-22,288,211843,3.0,,Anhelina Kalinina,R,179.0,UKR,27.4,221039,,,Elsa Jacquemot,R,,FRA,21.2,7-5 3-6 6-2,3,R16,146.0,0.0,6.0,97.0,56.0,36.0,19.0,15.0,10.0,16.0,4.0,2.0,79.0,53.0,28.0,12.0,14.0,5.0,12.0,47.0,1186.0,142.0,530.0,2024
2024-2063,Iasi,Clay,32,I,2024-07-22,281,215337,,,Olga Danilovic,L,,SRB,23.4,215020,4.0,,Anna Blinkova,R,179.0,RUS,25.8,6-2 5-7 6-1,3,R32,165.0,1.0,6.0,108.0,73.0,43.0,19.0,14.0,13.0,18.0,2.0,4.0,91.0,63.0,26.0,15.0,13.0,4.0,12.0,148.0,509.0,72.0,910.0,2024
2024-2063,Iasi,Clay,32,I,2024-07-22,282,201478,,Q,Varvara Lepchenko,L,180.0,USA,38.1,203354,6.0,,Martina Trevisan,L,160.0,ITA,30.7,5-7 6-4 6-3,3,R32,188.0,1.0,0.0,110.0,89.0,40.0,10.0,15.0,9.0,18.0,1.0,12.0,119.0,74.0,35.0,17.0,16.0,11.0,22.0,187.0,393.0,74.0,903.0,2024
2024-2063,Iasi,Clay,32,I,2024-07-22,283,214521,,LL,Lea Boskovic,R,,CRO,24.8,221237,,,Maria Timofeeva,R,,RUS,20.6,7-5 6-1,3,R32,107.0,0.0,1.0,52.0,49.0,30.0,1.0,9.0,2.0,4.0,0.0,2.0,78.0,49.0,25.0,14.0,10.0,9.0,15.0,202.0,371.0,160.0,460.0,2024
2024-2063,Iasi,Clay,32,I,2024-07-22,285,259799,1.0,,Mirra Andreeva,R,,RUS,17.2,223333,,,Noma Noha Akugue,L,170.0,GER,20.6,6-1 6-2,3,R32,66.0,1.0,2.0,39.0,29.0,23.0,5.0,7.0,1.0,2.0,0.0,5.0,60.0,34.0,17.0,8.0,8.0,7.0,13.0,32.0,1748.0,169.0,430.0,2024
2024-2063,Iasi,Clay,32,I,2024-07-22,286,221911,,Q,Selena Janicijevic,R,183.0,FRA,21.9,214480,,WC,Miriam Bianca Bulgaru,R,,ROU,25.7,6-2 7-6(6),3,R16,109.0,2.0,5.0,59.0,32.0,24.0,13.0,10.0,0.0,3.0,1.0,2.0,65.0,42.0,24.0,8.0,10.0,1.0,6.0,188.0,393.0,203.0,369.0,2024
2024-2063,Iasi,Clay,32,I,2024-07-22,288,211713,3.0,,Jaqueline Cristian,R,180.0,ROU,26.1,211817,,WC,Elena Gabriela Ruse,R,,ROU,26.7,6-4 6-7(1) 6-2,3,R16,182.0,5.0,4.0,122.0,73.0,49.0,17.0,15.0,10.0,15.0,1.0,6.0,104.0,73.0,40.0,11.0,15.0,5.0,13.0,61.0,975.0,147.0,510.0,2024
2024-2063,Iasi,Clay,32,I,2024-07-22,289,220589,5.0,,Elina Avanesyan,R,,ARM,21.8,201549,,,Petra Martic,R,181.0,CRO,33.5,6-2 5-7 6-4,3,R16,151.0,0.0,3.0,88.0,66.0,43.0,13.0,15.0,5.0,9.0,1.0,5.0,105.0,50.0,31.0,24.0,15.0,11.0,17.0,76.0,899.0,97.0,768.0,2024
2024-2063,Iasi,Clay,32,I,2024-07-22,290,214388,8.0,,Anna Bondar,R,,HUN,27.1,215453,,,Marina Bassols Ribera,R,165.0,ESP,24.6,7-5 6-4,3,R16,136.0,3.0,1.0,59.0,34.0,20.0,13.0,11.0,0.0,4.0,0.0,2.0,93.0,55.0,25.0,20.0,11.0,10.0,16.0,99.0,759.0,122.0,602.0,2024
2024-2063,Iasi,Clay,32,I,2024-07-22,280,223331,,,Anca Alexia Todoni,R,,ROU,19.7,221434,,Q,Aliona Falei,U,,BLR,20.3,5-0 RET,3,R32,24.0,0.0,0.0,14.0,9.0,7.0,5.0,3.0,0.0,0.0,0.0,1.0,9.0,5.0,1.0,0.0,2.0,0.0,2.0,119.0,610.0,199.0,382.0,2024
2024-2063,Iasi,Clay,32,I,2024-07-22,291,215337,,,Olga Danilovic,L,,SRB,23.4,223331,,,Anca Alexia Todoni,R,,ROU,19.7,6-1 6-1,3,R16,67.0,2.0,3.0,42.0,29.0,23.0,7.0,7.0,3.0,3.0,0.0,2.0,47.0,26.0,9.0,10.0,7.0,2.0,7.0,148.0,509.0,119.0,610.0,2024
2024-2063,Iasi,Clay,32,I,2024-07-22,293,259799,1.0,,Mirra Andreeva,R,,RUS,17.2,205925,,,Aliaksandra Sasnovich,R,174.0,BLR,30.3,6-1 6-3,3,R16,72.0,1.0,0.0,52.0,35.0,24.0,12.0,8.0,0.0,0.0,0.0,3.0,55.0,33.0,18.0,9.0,8.0,4.0,8.0,32.0,1748.0,104.0,725.0,2024
2024-2063,Iasi,Clay,32,I,2024-07-22,294,203564,,,Chloe Paquet,R,179.0,FRA,30.0,221911,,Q,Selena Janicijevic,R,183.0,FRA,21.9,0-6 6-2 6-1,3,QF,101.0,2.0,3.0,58.0,43.0,28.0,5.0,10.0,5.0,8.0,1.0,4.0,67.0,42.0,26.0,9.0,11.0,4.0,9.0,106.0,693.0,188.0,393.0,2024
2024-2063,Iasi,Clay,32,I,2024-07-22,295,220589,5.0,,Elina Avanesyan,R,,ARM,21.8,211713,3.0,,Jaqueline Cristian,R,180.0,ROU,26.1,7-5 6-4,3,QF,124.0,0.0,1.0,67.0,56.0,32.0,6.0,11.0,5.0,9.0,2.0,3.0,92.0,52.0,33.0,12.0,11.0,10.0,16.0,76.0,899.0,61.0,975.0,2024
2024-2063,Iasi,Clay,32,I,2024-07-22,297,259799,1.0,,Mirra Andreeva,R,,RUS,17.2,214521,,LL,Lea Boskovic,R,,CRO,24.8,6-2 6-0,3,QF,69.0,2.0,2.0,41.0,32.0,25.0,6.0,7.0,0.0,0.0,0.0,1.0,43.0,26.0,12.0,6.0,7.0,1.0,6.0,32.0,1748.0,202.0,371.0,2024
2024-2063,Iasi,Clay,32,I,2024-07-22,298,220589,5.0,,Elina Avanesyan,R,,ARM,21.8,203564,,,Chloe Paquet,R,179.0,FRA,30.0,6-2 6-3,3,SF,93.0,0.0,1.0,52.0,43.0,33.0,6.0,9.0,5.0,5.0,5.0,3.0,74.0,42.0,24.0,16.0,8.0,8.0,11.0,76.0,899.0,106.0,693.0,2024
2024-2063,Iasi,Clay,32,I,2024-07-22,299,259799,1.0,,Mirra Andreeva,R,,RUS,17.2,215337,,,Olga Danilovic,L,,SRB,23.4,3-6 6-3 7-6(1),3,SF,158.0,0.0,2.0,115.0,75.0,40.0,23.0,15.0,11.0,17.0,2.0,4.0,95.0,65.0,37.0,13.0,15.0,2.0,8.0,32.0,1748.0,148.0,509.0,2024
2024-2063,Iasi,Clay,32,I,2024-07-22,300,259799,1.0,,Mirra Andreeva,R,,RUS,17.2,220589,5.0,,Elina Avanesyan,R,,ARM,21.8,5-7 7-5 4-0 RET,3,F,141.0,0.0,1.0,80.0,52.0,31.0,17.0,14.0,5.0,10.0,0.0,3.0,91.0,76.0,37.0,7.0,14.0,6.0,13.0,32.0,1748.0,76.0,899.0,2024
2024-1082,Prague,Clay,32,I,2024-07-22,287,221407,,Q,Oksana Selekhmeteva,L,,RUS,21.5,210303,,LL,Kathinka Von Deichmann,R,176.0,LIE,30.1,6-1 6-2,3,R16,77.0,3.0,3.0,73.0,56.0,37.0,6.0,8.0,8.0,9.0,0.0,1.0,43.0,36.0,15.0,2.0,7.0,0.0,5.0,248.0,291.0,241.0,297.0,2024
2024-2063,Iasi,Clay,32,I,2024-07-22,292,214521,,LL,Lea Boskovic,R,,CRO,24.8,201478,,Q,Varvara Lepchenko,L,180.0,USA,38.1,6-3 6-4,3,R16,97.0,1.0,0.0,76.0,57.0,40.0,9.0,10.0,8.0,9.0,2.0,0.0,51.0,35.0,22.0,8.0,9.0,4.0,7.0,202.0,371.0,187.0,393.0,2024
2024-2063,Iasi,Clay,32,I,2024-07-22,279,215453,,,Marina Bassols Ribera,R,165.0,ESP,24.6,210705,,WC,Irina Bara,R,,ROU,29.3,6-2 6-3,3,R32,83.0,0.0,1.0,45.0,24.0,20.0,13.0,9.0,0.0,1.0,1.0,2.0,57.0,40.0,21.0,7.0,8.0,6.0,10.0,122.0,602.0,221.0,334.0,2024
2024-2063,Iasi,Clay,32,I,2024-07-22,296,215337,,,Olga Danilovic,L,,SRB,23.4,214388,8.0,,Anna Bondar,R,,HUN,27.1,7-5 6-2,3,QF,108.0,1.0,2.0,66.0,41.0,27.0,14.0,10.0,5.0,7.0,1.0,2.0,69.0,39.0,25.0,12.0,10.0,3.0,8.0,148.0,509.0,99.0,759.0,2024
2024-2063,Iasi,Clay,32,I,2024-07-22,277,220589,5.0,,Elina Avanesyan,R,,ARM,21.8,220742,,,Leyre Romero Gormaz,L,,ESP,22.2,6-1 6-2,3,R32,75.0,1.0,3.0,48.0,31.0,21.0,9.0,8.0,4.0,6.0,0.0,2.0,54.0,33.0,13.0,8.0,7.0,6.0,12.0,76.0,899.0,179.0,418.0,2024
2024-2063,Iasi,Clay,32,I,2024-07-22,278,214388,8.0,,Anna Bondar,R,,HUN,27.1,211260,,Q,Marie Benoit,L,,BEL,29.3,6-3 6-1,3,R32,84.0,8.0,1.0,56.0,36.0,29.0,9.0,8.0,7.0,7.0,1.0,4.0,50.0,23.0,14.0,11.0,8.0,2.0,6.0,99.0,759.0,250.0,286.0,2024
2024-1082,Prague,Clay,32,I,2024-07-22,289,211684,6.0,,Magdalena Frech,R,171.0,POL,26.6,222966,,,Dominika Salkova,R,,CZE,20.0,6-4 6-7(4) 2-2 RET,3,R16,135.0,2.0,2.0,93.0,54.0,32.0,20.0,14.0,8.0,12.0,1.0,7.0,74.0,43.0,25.0,14.0,13.0,3.0,8.0,57.0,1049.0,135.0,545.0,2024
2024-1082,Prague,Clay,32,I,2024-07-22,290,202600,5.0,,Viktoriya Tomova,R,170.0,BUL,29.4,213544,,,Jana Fett,R,168.0,CRO,27.7,6-3 6-4,3,R16,92.0,0.0,3.0,58.0,43.0,27.0,7.0,9.0,4.0,7.0,0.0,5.0,66.0,48.0,22.0,8.0,10.0,3.0,9.0,49.0,1166.0,116.0,630.0,2024
2024-1082,Prague,Clay,32,I,2024-07-22,291,202663,4.0,,Magda Linette,R,171.0,POL,32.4,214119,,,Rebeka Masarova,R,186.0,ESP,24.9,6-3 6-4,3,R16,100.0,3.0,3.0,69.0,40.0,28.0,14.0,10.0,6.0,8.0,5.0,2.0,57.0,34.0,19.0,10.0,9.0,5.0,9.0,48.0,1171.0,111.0,650.0,2024
2024-1082,Prague,Clay,32,I,2024-07-22,293,222328,1.0,,Linda Noskova,R,,CZE,19.6,220332,,,Eva Lys,R,165.0,GER,22.5,6-2 2-1 RET,3,R16,41.0,4.0,0.0,22.0,14.0,12.0,4.0,5.0,0.0,1.0,1.0,2.0,32.0,24.0,11.0,1.0,6.0,1.0,5.0,27.0,1835.0,108.0,681.0,2024
2024-1082,Prague,Clay,32,I,2024-07-22,294,266671,,WC,Laura Samson,R,,CZE,16.3,221407,,Q,Oksana Selekhmeteva,L,,RUS,21.5,2-6 6-3 7-5,3,QF,161.0,1.0,4.0,117.0,73.0,43.0,17.0,15.0,6.0,13.0,0.0,4.0,84.0,52.0,23.0,17.0,14.0,8.0,15.0,634.0,65.0,248.0,291.0,2024
2024-1082,Prague,Clay,32,I,2024-07-22,295,211684,6.0,,Magdalena Frech,R,171.0,POL,26.6,211843,3.0,,Anhelina Kalinina,R,179.0,UKR,27.4,2-6 6-0 6-1,3,QF,125.0,2.0,3.0,83.0,52.0,34.0,15.0,11.0,4.0,7.0,1.0,9.0,73.0,44.0,25.0,8.0,10.0,7.0,13.0,57.0,1049.0,47.0,1186.0,2024
2024-1082,Prague,Clay,32,I,2024-07-22,296,202663,4.0,,Magda Linette,R,171.0,POL,32.4,202600,5.0,,Viktoriya Tomova,R,170.0,BUL,29.4,4-6 6-3 6-2,3,QF,171.0,6.0,4.0,114.0,74.0,39.0,18.0,14.0,13.0,20.0,0.0,5.0,121.0,79.0,38.0,16.0,13.0,16.0,25.0,48.0,1171.0,49.0,1166.0,2024
2024-1082,Prague,Clay,32,I,2024-07-22,297,222328,1.0,,Linda Noskova,R,,CZE,19.6,230870,,,Ella Seidel,R,,GER,19.4,6-1 6-3,3,QF,68.0,7.0,3.0,51.0,27.0,22.0,14.0,8.0,5.0,6.0,1.0,7.0,49.0,26.0,17.0,6.0,8.0,4.0,9.0,27.0,1835.0,150.0,503.0,2024
2024-1082,Prague,Clay,32,I,2024-07-22,292,230870,,,Ella Seidel,R,,GER,19.4,214262,,LL,Ena Shibahara,R,170.0,JPN,26.4,6-2 7-5,3,R16,97.0,3.0,2.0,68.0,44.0,34.0,7.0,10.0,5.0,7.0,2.0,2.0,71.0,45.0,25.0,9.0,10.0,6.0,11.0,150.0,503.0,257.0,274.0,2024
2024-1082,Prague,Clay,32,I,2024-07-22,299,202663,4.0,,Magda Linette,R,171.0,POL,32.4,222328,1.0,,Linda Noskova,R,,CZE,19.6,6-3 3-6 7-6(2),3,SF,166.0,9.0,3.0,113.0,71.0,53.0,17.0,15.0,6.0,10.0,4.0,8.0,110.0,62.0,41.0,21.0,15.0,6.0,10.0,48.0,1171.0,27.0,1835.0,2024
2024-1082,Prague,Clay,32,I,2024-07-22,300,202663,4.0,,Magda Linette,R,171.0,POL,32.4,211684,6.0,,Magdalena Frech,R,171.0,POL,26.6,6-2 6-1,3,F,80.0,2.0,3.0,51.0,32.0,27.0,8.0,8.0,4.0,4.0,0.0,1.0,52.0,32.0,19.0,7.0,7.0,3.0,7.0,48.0,1171.0,57.0,1049.0,2024
2024-2063,Iasi,Clay,32,I,2024-07-22,270,214480,,WC,Miriam Bianca Bulgaru,R,,ROU,25.7,213583,2.0,,Tatjana Maria,R,172.0,GER,36.9,6-4 6-2,3,R32,97.0,1.0,3.0,59.0,35.0,25.0,13.0,9.0,2.0,3.0,3.0,1.0,63.0,36.0,15.0,17.0,9.0,10.0,14.0,203.0,369.0,59.0,994.0,2024
2024-2063,Iasi,Clay,32,I,2024-07-22,271,221911,,Q,Selena Janicijevic,R,183.0,FRA,21.9,215566,,Q,Gergana Topalova,R,,BUL,24.4,6-1 6-2,3,R32,77.0,1.0,2.0,39.0,24.0,19.0,10.0,7.0,1.0,1.0,0.0,2.0,51.0,33.0,12.0,10.0,8.0,4.0,9.0,188.0,393.0,229.0,320.0,2024
2024-2063,Iasi,Clay,32,I,2024-07-22,272,215899,,Q,Simona Waltert,R,,SUI,23.6,221247,,,Ekaterina Makarova,R,,RUS,28.4,6-2 6-2,3,R32,74.0,1.0,0.0,45.0,33.0,23.0,10.0,8.0,1.0,2.0,0.0,4.0,49.0,36.0,18.0,5.0,8.0,4.0,9.0,249.0,290.0,178.0,420.0,2024
2024-2063,Iasi,Clay,32,I,2024-07-22,273,203564,,,Chloe Paquet,R,179.0,FRA,30.0,214604,7.0,,Maria Lourdes Carle,R,,ARG,24.4,6-4 6-2,3,R32,106.0,0.0,0.0,56.0,33.0,15.0,15.0,9.0,2.0,5.0,0.0,1.0,63.0,48.0,27.0,2.0,9.0,3.0,9.0,106.0,693.0,89.0,816.0,2024
2024-2063,Iasi,Clay,32,I,2024-07-22,274,211713,3.0,,Jaqueline Cristian,R,180.0,ROU,26.1,215572,,LL,Nuria Brancaccio,R,,ITA,24.0,6-2 6-4,3,R32,82.0,2.0,2.0,50.0,28.0,20.0,15.0,9.0,1.0,2.0,2.0,3.0,65.0,47.0,26.0,8.0,9.0,5.0,9.0,61.0,975.0,251.0,285.0,2024
2024-2063,Iasi,Clay,32,I,2024-07-22,275,211817,,WC,Elena Gabriela Ruse,R,,ROU,26.7,221073,,,Anastasia Tikhonova,R,,RUS,23.4,6-3 5-7 6-1,3,R32,121.0,2.0,3.0,75.0,49.0,34.0,14.0,14.0,1.0,5.0,0.0,8.0,98.0,60.0,37.0,14.0,14.0,9.0,16.0,147.0,510.0,198.0,383.0,2024
2024-1082,Prague,Clay,32,I,2024-07-22,298,211684,6.0,,Magdalena Frech,R,171.0,POL,26.6,266671,,WC,Laura Samson,R,,CZE,16.3,3-6 6-0 4-2 RET,3,SF,103.0,2.0,2.0,61.0,36.0,21.0,12.0,10.0,2.0,6.0,2.0,4.0,71.0,40.0,19.0,12.0,11.0,6.0,13.0,57.0,1049.0,634.0,65.0,2024
2024-2063,Iasi,Clay,32,I,2024-07-22,276,201549,,,Petra Martic,R,181.0,CRO,33.5,203463,,,Nuria Parrizas Diaz,R,167.0,ESP,33.0,6-4 6-4,3,R32,92.0,7.0,1.0,55.0,32.0,21.0,9.0,10.0,1.0,5.0,0.0,6.0,72.0,55.0,25.0,7.0,10.0,8.0,14.0,97.0,768.0,137.0,535.0,2024
2024-1045,Washington,Hard,32,P,2024-07-29,291,221905,,WC,Robin Montgomery,L,,USA,19.8,202460,4.0,,Ons Jabeur,R,167.0,TUN,29.9,W/O,3,R16,0.0,,,,,,,,,,,,,,,,,,,131.0,554.0,16.0,2631.0,2024
2024-1045,Washington,Hard,32,P,2024-07-29,292,201458,6.0,,Victoria Azarenka,R,180.0,BLR,34.9,206374,,,Yafan Wang,R,170.0,CHN,30.2,6-1 6-7(5) 6-3,3,R16,166.0,6.0,8.0,94.0,55.0,37.0,17.0,14.0,7.0,11.0,4.0,4.0,96.0,59.0,33.0,15.0,13.0,9.0,15.0,20.0,2159.0,73.0,872.0,2024
2024-1045,Washington,Hard,32,P,2024-07-29,293,214544,1.0,,Aryna Sabalenka,R,182.0,BLR,26.2,215872,,Q,Kamilla Rakhimova,R,,RUS,22.9,7-5 4-6 6-4,3,R16,166.0,13.0,14.0,109.0,55.0,41.0,26.0,16.0,9.0,12.0,4.0,5.0,115.0,61.0,43.0,25.0,16.0,13.0,17.0,3.0,7061.0,105.0,706.0,2024
2024-1045,Washington,Hard,32,P,2024-07-29,294,214452,,,Caroline Dolehide,R,178.0,USA,25.8,216153,,Q,Amanda Anisimova,R,180.0,USA,22.9,7-6(5) 6-1,3,QF,96.0,1.0,5.0,65.0,47.0,36.0,7.0,10.0,0.0,2.0,3.0,4.0,76.0,49.0,29.0,12.0,9.0,6.0,10.0,49.0,1100.0,176.0,423.0,2024
2024-1045,Washington,Hard,32,P,2024-07-29,295,211651,,WC,Paula Badosa,R,180.0,ESP,26.7,221054,,WC,Emma Raducanu,R,175.0,GBR,21.7,4-6 7-5 6-4,3,QF,165.0,11.0,8.0,107.0,54.0,42.0,25.0,16.0,5.0,8.0,5.0,6.0,110.0,74.0,46.0,19.0,16.0,4.0,8.0,62.0,940.0,89.0,799.0,2024
2024-1045,Washington,Hard,32,P,2024-07-29,296,213631,,,Marie Bouzkova,R,180.0,CZE,26.0,221905,,WC,Robin Montgomery,L,,USA,19.8,6-3 6-1,3,QF,75.0,1.0,4.0,59.0,37.0,29.0,9.0,8.0,4.0,5.0,0.0,4.0,37.0,23.0,11.0,4.0,8.0,0.0,5.0,43.0,1275.0,131.0,554.0,2024
2024-1045,Washington,Hard,32,P,2024-07-29,300,211651,,WC,Paula Badosa,R,180.0,ESP,26.7,213631,,,Marie Bouzkova,R,180.0,CZE,26.0,6-1 4-6 6-4,3,F,144.0,5.0,9.0,86.0,50.0,39.0,16.0,14.0,4.0,7.0,2.0,3.0,95.0,59.0,36.0,15.0,13.0,13.0,18.0,62.0,940.0,43.0,1275.0,2024
2024-1045,Washington,Hard,32,P,2024-07-29,298,211651,,WC,Paula Badosa,R,180.0,ESP,26.7,214452,,,Caroline Dolehide,R,178.0,USA,25.8,6-3 6-3,3,SF,81.0,3.0,6.0,51.0,27.0,24.0,14.0,9.0,3.0,3.0,1.0,4.0,65.0,47.0,29.0,7.0,9.0,2.0,5.0,62.0,940.0,49.0,1100.0,2024
2024-1045,Washington,Hard,32,P,2024-07-29,299,213631,,,Marie Bouzkova,R,180.0,CZE,26.0,214544,1.0,,Aryna Sabalenka,R,182.0,BLR,26.2,6-4 3-6 6-3,3,SF,132.0,8.0,2.0,77.0,51.0,37.0,11.0,14.0,8.0,12.0,4.0,4.0,94.0,65.0,38.0,16.0,14.0,6.0,11.0,43.0,1275.0,3.0,7061.0,2024
2024-0096,Paris Olympics,Clay,64,O,2024-07-29,168,216347,1.0,,Iga Swiatek,R,176.0,POL,23.1,203533,,,Anna Karolina Schmiedlova,R,176.0,SVK,29.8,6-2 6-1,3,BR,,3.0,1.0,40.0,31.0,23.0,7.0,8.0,0.0,1.0,0.0,3.0,43.0,26.0,11.0,7.0,7.0,2.0,7.0,1.0,11005.0,67.0,918.0,2024
2024-0096,Paris Olympics,Clay,64,O,2024-07-29,167,221012,,6/ITF,Qinwen Zheng,R,,CHN,21.8,202499,13.0,,Donna Vekic,R,179.0,CRO,28.0,6-2 6-3,3,F,,4.0,3.0,73.0,39.0,20.0,19.0,9.0,3.0,4.0,1.0,2.0,67.0,36.0,16.0,14.0,8.0,3.0,7.0,7.0,4025.0,21.0,2138.0,2024
2024-1045,Washington,Hard,32,P,2024-07-29,290,213631,,,Marie Bouzkova,R,180.0,CZE,26.0,203501,,ALT,Taylor Townsend,L,170.0,USA,28.2,7-5 7-6(8),3,R16,140.0,4.0,3.0,81.0,49.0,37.0,18.0,12.0,4.0,6.0,2.0,6.0,91.0,55.0,36.0,19.0,12.0,8.0,11.0,43.0,1275.0,78.0,844.0,2024
2024-0096,Paris Olympics,Clay,64,O,2024-07-29,166,202499,13.0,,Donna Vekic,R,179.0,CRO,28.0,203533,,,Anna Karolina Schmiedlova,R,176.0,SVK,29.8,6-4 6-0,3,SF,,6.0,2.0,45.0,29.0,23.0,10.0,8.0,0.0,0.0,2.0,3.0,47.0,28.0,16.0,6.0,8.0,2.0,6.0,21.0,2138.0,67.0,918.0,2024
2024-1045,Washington,Hard,32,P,2024-07-29,297,214544,1.0,,Aryna Sabalenka,R,182.0,BLR,26.2,201458,6.0,,Victoria Azarenka,R,180.0,BLR,34.9,6-4 6-4,3,QF,106.0,8.0,5.0,72.0,39.0,30.0,14.0,10.0,4.0,6.0,1.0,3.0,71.0,49.0,35.0,4.0,10.0,5.0,9.0,3.0,7061.0,20.0,2159.0,2024
2024-1045,Washington,Hard,32,P,2024-07-29,289,221054,,WC,Emma Raducanu,R,175.0,GBR,21.7,220548,,,Peyton Stearns,R,,USA,22.8,7-6(6) 6-2,3,R16,120.0,1.0,3.0,79.0,45.0,34.0,19.0,10.0,5.0,6.0,2.0,4.0,71.0,46.0,30.0,14.0,10.0,2.0,5.0,89.0,799.0,51.0,1082.0,2024
2024-1045,Washington,Hard,32,P,2024-07-29,277,221054,,WC,Emma Raducanu,R,175.0,GBR,21.7,210722,8.0,,Elise Mertens,R,179.0,BEL,28.6,6-2 3-6 6-4,3,R32,146.0,7.0,5.0,94.0,57.0,36.0,19.0,13.0,8.0,12.0,3.0,11.0,96.0,56.0,34.0,15.0,14.0,7.0,13.0,89.0,799.0,35.0,1629.0,2024
2024-1045,Washington,Hard,32,P,2024-07-29,287,216153,,Q,Amanda Anisimova,R,180.0,USA,22.9,201499,7.0,,Anastasia Pavlyuchenkova,R,177.0,RUS,33.0,6-1 6-7(4) 6-4,3,R16,122.0,17.0,9.0,82.0,47.0,35.0,19.0,15.0,1.0,4.0,6.0,7.0,94.0,55.0,34.0,17.0,14.0,9.0,15.0,176.0,423.0,33.0,1717.0,2024
2024-1045,Washington,Hard,32,P,2024-07-29,286,214452,,,Caroline Dolehide,R,178.0,USA,25.8,214082,2.0,,Daria Kasatkina,R,170.0,RUS,27.2,2-6 7-5 6-0,3,R16,132.0,0.0,2.0,82.0,52.0,28.0,13.0,13.0,3.0,9.0,1.0,14.0,97.0,57.0,34.0,10.0,13.0,10.0,18.0,49.0,1100.0,12.0,3283.0,2024
2024-1045,Washington,Hard,32,P,2024-07-29,284,215872,,Q,Kamilla Rakhimova,R,,RUS,22.9,220465,,,Katie Volynets,R,,USA,22.5,6-4 6-3,3,R32,81.0,0.0,1.0,56.0,31.0,19.0,18.0,10.0,1.0,3.0,1.0,5.0,49.0,34.0,21.0,7.0,9.0,0.0,4.0,105.0,706.0,56.0,1027.0,2024
2024-1045,Washington,Hard,32,P,2024-07-29,283,206374,,,Yafan Wang,R,170.0,CHN,30.2,201662,,,Karolina Pliskova,R,184.0,CZE,32.3,5-7 6-3 6-0,3,R32,116.0,2.0,4.0,81.0,47.0,33.0,19.0,14.0,2.0,5.0,2.0,13.0,95.0,47.0,26.0,21.0,13.0,6.0,12.0,73.0,872.0,44.0,1255.0,2024
2024-1045,Washington,Hard,32,P,2024-07-29,282,201458,6.0,,Victoria Azarenka,R,180.0,BLR,34.9,221024,,Q,Hailey Baptiste,R,,USA,22.7,7-6(6) 7-6(3),3,R32,143.0,2.0,3.0,95.0,58.0,41.0,17.0,12.0,6.0,8.0,6.0,8.0,80.0,45.0,35.0,16.0,12.0,2.0,4.0,20.0,2159.0,97.0,744.0,2024
2024-1045,Washington,Hard,32,P,2024-07-29,280,221905,,WC,Robin Montgomery,L,,USA,19.8,201603,,,Shelby Rogers,R,175.0,USA,31.7,7-5 6-3,3,R32,97.0,2.0,11.0,64.0,29.0,23.0,20.0,10.0,1.0,2.0,4.0,5.0,72.0,35.0,28.0,13.0,11.0,8.0,12.0,131.0,554.0,376.0,159.0,2024
2024-1045,Washington,Hard,32,P,2024-07-29,279,213631,,,Marie Bouzkova,R,180.0,CZE,26.0,220520,,Q,Mccartney Kessler,R,,USA,25.0,6-4 4-6 6-2,3,R32,144.0,3.0,1.0,84.0,44.0,32.0,20.0,14.0,1.0,4.0,4.0,0.0,96.0,64.0,38.0,14.0,14.0,5.0,10.0,43.0,1275.0,115.0,636.0,2024
2024-1045,Washington,Hard,32,P,2024-07-29,278,203501,,ALT,Taylor Townsend,L,170.0,USA,28.2,215713,9.0,,Anastasia Potapova,R,175.0,RUS,23.3,6-2 6-2,3,R32,69.0,10.0,6.0,46.0,28.0,24.0,10.0,8.0,1.0,1.0,1.0,7.0,55.0,23.0,11.0,17.0,8.0,3.0,7.0,78.0,844.0,42.0,1295.0,2024
2024-1045,Washington,Hard,32,P,2024-07-29,276,220548,,,Peyton Stearns,R,,USA,22.8,238064,,WC,Clervie Ngounoue,R,,USA,18.0,6-3 7-6(3),3,R32,83.0,3.0,5.0,59.0,41.0,33.0,8.0,10.0,0.0,1.0,0.0,9.0,71.0,46.0,30.0,13.0,11.0,3.0,6.0,51.0,1082.0,299.0,222.0,2024
2024-1045,Washington,Hard,32,P,2024-07-29,275,211651,,WC,Paula Badosa,R,180.0,ESP,26.7,213550,,,Sofia Kenin,R,170.0,USA,25.7,6-1 7-6(6),3,R32,90.0,11.0,5.0,66.0,36.0,30.0,15.0,10.0,3.0,5.0,1.0,6.0,73.0,41.0,27.0,13.0,9.0,6.0,10.0,62.0,940.0,54.0,1061.0,2024
2024-1045,Washington,Hard,32,P,2024-07-29,273,201499,7.0,,Anastasia Pavlyuchenkova,R,177.0,RUS,33.0,221909,,,Ashlyn Krueger,R,185.0,USA,20.2,6-3 4-6 6-4,3,R32,134.0,3.0,4.0,90.0,46.0,31.0,27.0,15.0,6.0,10.0,5.0,5.0,84.0,51.0,33.0,15.0,14.0,1.0,6.0,33.0,1717.0,81.0,829.0,2024
2024-1045,Washington,Hard,32,P,2024-07-29,272,216153,,Q,Amanda Anisimova,R,180.0,USA,22.9,201585,,,Sloane Stephens,R,170.0,USA,31.3,6-3 7-5,3,R32,81.0,2.0,8.0,69.0,38.0,27.0,18.0,11.0,1.0,2.0,3.0,5.0,65.0,39.0,25.0,15.0,10.0,4.0,7.0,176.0,423.0,45.0,1217.0,2024
2024-1045,Washington,Hard,32,P,2024-07-29,271,214452,,,Caroline Dolehide,R,178.0,USA,25.8,201615,,,Lesia Tsurenko,R,174.0,UKR,35.1,6-1 3-6 6-4,3,R32,139.0,4.0,5.0,84.0,59.0,39.0,10.0,13.0,5.0,9.0,0.0,5.0,102.0,62.0,34.0,19.0,13.0,8.0,14.0,49.0,1100.0,84.0,818.0,2024
2024-0096,Paris Olympics,Clay,64,O,2024-07-29,165,221012,,6/ITF,Qinwen Zheng,R,,CHN,21.8,216347,1.0,,Iga Swiatek,R,176.0,POL,23.1,6-2 7-5,3,SF,,6.0,3.0,62.0,36.0,24.0,10.0,10.0,3.0,6.0,2.0,5.0,61.0,43.0,23.0,4.0,10.0,7.0,13.0,7.0,4025.0,1.0,11005.0,2024
2024-1045,Washington,Hard,32,P,2024-07-29,288,211651,,WC,Paula Badosa,R,180.0,ESP,26.7,214643,3.0,,Liudmila Samsonova,R,180.0,RUS,25.7,6-2 0-0 RET,3,R16,46.0,3.0,3.0,24.0,11.0,7.0,6.0,4.0,1.0,3.0,0.0,2.0,34.0,12.0,5.0,7.0,4.0,3.0,7.0,62.0,940.0,13.0,2950.0,2024
2024-0096,Paris Olympics,Clay,64,O,2024-07-29,164,202499,13.0,,Donna Vekic,R,179.0,CRO,28.0,216146,12.0,,Marta Kostyuk,R,175.0,UKR,22.0,6-4 2-6 7-6(8),3,QF,179.0,2.0,7.0,121.0,62.0,37.0,27.0,15.0,11.0,17.0,4.0,2.0,102.0,74.0,49.0,8.0,15.0,7.0,12.0,21.0,2138.0,19.0,2240.0,2024
2024-0096,Paris Olympics,Clay,64,O,2024-07-29,162,221012,,6/ITF,Qinwen Zheng,R,,CHN,21.8,201493,,PR,Angelique Kerber,L,173.0,GER,36.5,6-7(4) 6-4 7-6(6),3,QF,,8.0,4.0,102.0,48.0,37.0,26.0,16.0,0.0,5.0,5.0,3.0,129.0,92.0,59.0,14.0,17.0,7.0,13.0,7.0,4025.0,212.0,344.0,2024
2024-0096,Paris Olympics,Clay,64,O,2024-07-29,123,202663,,,Magda Linette,R,171.0,POL,32.4,259799,,,Mirra Andreeva,R,,RUS,17.2,6-3 6-4,3,R64,,2.0,0.0,78.0,72.0,45.0,4.0,10.0,1.0,2.0,2.0,0.0,49.0,45.0,26.0,3.0,9.0,2.0,5.0,41.0,1361.0,23.0,1968.0,2024
2024-0096,Paris Olympics,Clay,64,O,2024-07-29,126,206294,,,Yue Yuan,R,184.0,CHN,25.8,206420,,,Ekaterina Alexandrova,R,175.0,RUS,29.7,7-5 6-7(0) 6-2,3,R64,,2.0,2.0,104.0,79.0,40.0,14.0,16.0,7.0,13.0,4.0,4.0,108.0,86.0,44.0,9.0,16.0,7.0,16.0,40.0,1422.0,29.0,1813.0,2024
2024-0096,Paris Olympics,Clay,64,O,2024-07-29,125,206289,7.0,,Maria Sakkari,R,172.0,GRE,29.0,203575,,UP,Danka Kovinic,R,169.0,MNE,29.6,6-0 6-1,3,R64,,2.0,3.0,43.0,29.0,22.0,7.0,7.0,4.0,5.0,0.0,4.0,32.0,18.0,5.0,2.0,6.0,4.0,10.0,8.0,3925.0,878.0,26.0,2024
2024-0096,Paris Olympics,Clay,64,O,2024-07-29,124,211148,4.0,,Jasmine Paolini,R,160.0,ITA,28.5,202536,,,Ana Bogdan,R,171.0,ROU,31.6,7-5 6-3,3,R64,,4.0,2.0,64.0,48.0,34.0,7.0,11.0,1.0,3.0,1.0,1.0,67.0,45.0,25.0,12.0,10.0,7.0,11.0,5.0,5373.0,104.0,715.0,2024
2024-0096,Paris Olympics,Clay,64,O,2024-07-29,163,203533,,,Anna Karolina Schmiedlova,R,176.0,SVK,29.8,206252,9.0,,Barbora Krejcikova,R,178.0,CZE,28.6,6-4 6-2,3,QF,,3.0,0.0,59.0,38.0,20.0,21.0,9.0,5.0,7.0,1.0,5.0,59.0,30.0,19.0,24.0,9.0,6.0,11.0,67.0,918.0,10.0,3573.0,2024
2024-0096,Paris Olympics,Clay,64,O,2024-07-29,122,203533,,,Anna Karolina Schmiedlova,R,176.0,SVK,29.8,211107,,,Katie Boulter,R,180.0,GBR,27.9,6-4 6-2,3,R64,,1.0,2.0,63.0,39.0,26.0,15.0,9.0,0.0,1.0,1.0,4.0,70.0,36.0,22.0,14.0,9.0,8.0,12.0,67.0,918.0,34.0,1688.0,2024
2024-0096,Paris Olympics,Clay,64,O,2024-07-29,121,206242,14.0,,Beatriz Haddad Maia,L,185.0,BRA,28.1,219875,,,Varvara Gracheva,R,,FRA,23.9,6-4 4-6 6-0,3,R64,,0.0,1.0,51.0,39.0,22.0,8.0,9.0,3.0,6.0,4.0,0.0,56.0,46.0,28.0,4.0,9.0,2.0,5.0,22.0,2108.0,66.0,920.0,2024
2024-0096,Paris Olympics,Clay,64,O,2024-07-29,120,206252,9.0,,Barbora Krejcikova,R,178.0,CZE,28.6,204427,,,Sara Sorribes Tormo,R,176.0,ESP,27.8,4-6 6-0 7-6(3),3,R64,,0.0,3.0,88.0,59.0,37.0,16.0,14.0,5.0,9.0,0.0,2.0,103.0,80.0,44.0,11.0,14.0,10.0,16.0,10.0,3573.0,71.0,886.0,2024
2024-0096,Paris Olympics,Clay,64,O,2024-07-29,119,216133,,,Xin Yu Wang,R,182.0,CHN,22.8,211337,,,Tamara Korpatsch,R,170.0,GER,29.2,6-2 6-1,3,R64,,2.0,1.0,36.0,32.0,26.0,2.0,7.0,2.0,3.0,1.0,5.0,57.0,47.0,21.0,2.0,8.0,4.0,10.0,36.0,1581.0,94.0,773.0,2024
2024-0096,Paris Olympics,Clay,64,O,2024-07-29,118,202494,,,Elina Svitolina,R,174.0,UKR,29.8,220416,,,Moyuka Uchijima,R,171.0,JPN,22.9,6-2 6-1,3,R64,,2.0,0.0,50.0,42.0,25.0,6.0,8.0,1.0,2.0,1.0,5.0,43.0,28.0,15.0,4.0,7.0,4.0,9.0,31.0,1750.0,64.0,930.0,2024
2024-0096,Paris Olympics,Clay,64,O,2024-07-29,117,202468,5.0,,Jessica Pegula,R,170.0,USA,30.4,203530,,,Viktorija Golubic,R,169.0,SUI,31.7,6-3 6-4,3,R64,,2.0,1.0,59.0,36.0,22.0,10.0,10.0,1.0,5.0,0.0,4.0,54.0,41.0,18.0,2.0,9.0,3.0,9.0,6.0,4665.0,74.0,864.0,2024
2024-0096,Paris Olympics,Clay,64,O,2024-07-29,116,221012,,6/ITF,Qinwen Zheng,R,,CHN,21.8,201506,,ALT,Sara Errani,R,164.0,ITA,37.2,6-0 6-0,3,R64,,4.0,0.0,38.0,17.0,13.0,14.0,6.0,4.0,4.0,0.0,0.0,33.0,28.0,8.0,1.0,6.0,0.0,6.0,7.0,4025.0,91.0,783.0,2024
2024-0096,Paris Olympics,Clay,64,O,2024-07-29,115,201551,,,Arantxa Rus,L,180.0,NED,33.6,216265,,ALT,Olivia Gadecki,R,,AUS,22.2,6-4 6-1,3,R64,,3.0,0.0,51.0,36.0,26.0,7.0,8.0,1.0,2.0,0.0,3.0,53.0,31.0,12.0,13.0,9.0,1.0,6.0,103.0,719.0,165.0,454.0,2024
2024-0096,Paris Olympics,Clay,64,O,2024-07-29,128,216146,12.0,,Marta Kostyuk,R,175.0,UKR,22.0,215138,,ALT,Lulu Sun,L,,NZL,23.2,6-4 6-3,3,R64,,3.0,7.0,55.0,27.0,21.0,13.0,10.0,4.0,7.0,2.0,2.0,65.0,33.0,21.0,10.0,9.0,5.0,10.0,19.0,2240.0,53.0,1069.0,2024
2024-0096,Paris Olympics,Clay,64,O,2024-07-29,114,202600,,,Viktoriya Tomova,R,170.0,BUL,29.4,211684,,,Magdalena Frech,R,171.0,POL,26.6,6-4 7-6(4),3,R64,153.0,0.0,2.0,76.0,47.0,30.0,14.0,11.0,2.0,5.0,0.0,3.0,73.0,44.0,29.0,13.0,11.0,5.0,9.0,46.0,1200.0,48.0,1185.0,2024
2024-0096,Paris Olympics,Clay,64,O,2024-07-29,112,220367,16.0,,Leylah Fernandez,L,168.0,CAN,21.8,214096,,,Karolina Muchova,R,178.0,CZE,27.9,6-1 4-6 6-2,3,R64,,0.0,4.0,87.0,59.0,39.0,11.0,13.0,6.0,10.0,5.0,4.0,92.0,59.0,28.0,18.0,12.0,9.0,16.0,25.0,1920.0,30.0,1751.0,2024
2024-0096,Paris Olympics,Clay,64,O,2024-07-29,111,213710,,,Cristina Bucsa,R,,ESP,26.5,201549,,,Petra Martic,R,181.0,CRO,33.5,6-4 6-3,3,R64,,2.0,0.0,65.0,54.0,33.0,6.0,9.0,6.0,8.0,1.0,2.0,55.0,40.0,23.0,5.0,8.0,5.0,9.0,60.0,984.0,90.0,783.0,2024
2024-0096,Paris Olympics,Clay,64,O,2024-07-29,110,201493,,PR,Angelique Kerber,L,173.0,GER,36.5,211768,,ITF,Naomi Osaka,R,180.0,JPN,26.7,7-5 6-3,3,R64,,3.0,0.0,50.0,37.0,28.0,10.0,10.0,0.0,1.0,3.0,2.0,56.0,30.0,23.0,10.0,11.0,1.0,5.0,212.0,344.0,100.0,739.0,2024
2024-0096,Paris Olympics,Clay,64,O,2024-07-29,109,211713,,,Jaqueline Cristian,R,180.0,ROU,26.1,201614,17.0,,Caroline Garcia,R,177.0,FRA,30.7,5-7 6-3 6-4,3,R64,,4.0,7.0,100.0,65.0,44.0,17.0,16.0,1.0,4.0,2.0,3.0,108.0,78.0,50.0,15.0,15.0,9.0,13.0,57.0,1004.0,26.0,1878.0,2024
2024-0096,Paris Olympics,Clay,64,O,2024-07-29,108,203389,8.0,,Danielle Collins,R,178.0,USA,30.6,201696,,,Laura Siegemund,R,168.0,GER,36.4,6-3 2-0 RET,3,R64,,1.0,1.0,35.0,22.0,17.0,8.0,6.0,3.0,3.0,0.0,2.0,26.0,15.0,8.0,7.0,5.0,0.0,2.0,9.0,3702.0,93.0,778.0,2024
2024-0096,Paris Olympics,Clay,64,O,2024-07-29,107,201496,,ITF,Caroline Wozniacki,R,177.0,DEN,34.0,210886,,ITF,Mayar Sherif,R,180.0,EGY,28.2,2-6 7-5 6-1,3,R64,,1.0,1.0,90.0,60.0,36.0,15.0,14.0,7.0,12.0,3.0,2.0,91.0,71.0,42.0,7.0,13.0,8.0,14.0,70.0,904.0,82.0,826.0,2024
2024-0096,Paris Olympics,Clay,64,O,2024-07-29,106,215035,,,Dayana Yastremska,R,175.0,UKR,24.2,206007,,ITF,Laura Pigossi,R,164.0,BRA,29.9,3-6 7-5 6-0,3,R64,,0.0,3.0,83.0,60.0,38.0,8.0,11.0,3.0,7.0,0.0,1.0,71.0,58.0,31.0,5.0,10.0,2.0,8.0,28.0,1840.0,110.0,667.0,2024
2024-0096,Paris Olympics,Clay,64,O,2024-07-29,105,215785,,,Camila Osorio,R,162.0,COL,22.6,211533,10.0,,Jelena Ostapenko,R,177.0,LAT,27.1,6-4 6-3,3,R64,,1.0,3.0,58.0,44.0,26.0,5.0,9.0,4.0,7.0,3.0,1.0,92.0,74.0,35.0,9.0,10.0,8.0,14.0,83.0,821.0,11.0,3418.0,2024
2024-0096,Paris Olympics,Clay,64,O,2024-07-29,104,223670,15.0,,Diana Shnaider,L,,RUS,20.3,220714,,,Elisabetta Cocciaretto,R,,ITA,23.5,6-2 7-5,3,R64,,2.0,4.0,70.0,44.0,28.0,13.0,10.0,7.0,10.0,2.0,4.0,65.0,44.0,22.0,8.0,10.0,5.0,11.0,24.0,1930.0,61.0,947.0,2024
2024-0096,Paris Olympics,Clay,64,O,2024-07-29,103,216016,,,Xiyu Wang,L,,CHN,23.3,222328,,,Linda Noskova,R,,CZE,19.6,6-3 6-3,3,R64,,5.0,1.0,56.0,39.0,30.0,9.0,9.0,3.0,3.0,1.0,5.0,69.0,38.0,23.0,15.0,9.0,5.0,8.0,52.0,1075.0,27.0,1873.0,2024
2024-0096,Paris Olympics,Clay,64,O,2024-07-29,102,220348,,,Diane Parry,R,170.0,FRA,21.9,206408,,,Nadia Podoroska,R,170.0,ARG,27.4,7-6(6) 7-5,3,R64,,1.0,1.0,81.0,68.0,41.0,7.0,12.0,2.0,6.0,3.0,1.0,92.0,68.0,39.0,10.0,12.0,9.0,14.0,59.0,1002.0,86.0,813.0,2024
2024-0096,Paris Olympics,Clay,64,O,2024-07-29,101,216347,1.0,,Iga Swiatek,R,176.0,POL,23.1,201593,,PR,Irina Camelia Begu,R,181.0,ROU,33.9,6-2 7-5,3,R64,,0.0,1.0,60.0,40.0,28.0,10.0,10.0,1.0,3.0,2.0,4.0,66.0,46.0,25.0,7.0,10.0,10.0,15.0,1.0,11005.0,143.0,539.0,2024
2024-0096,Paris Olympics,Clay,64,O,2024-07-29,113,215613,11.0,,Emma Navarro,R,,USA,23.1,211814,,PR,Julia Grabher,R,170.0,AUT,28.0,6-2 6-0,3,R64,,1.0,3.0,49.0,26.0,18.0,13.0,3.0,2.0,3.0,1.0,3.0,44.0,31.0,11.0,4.0,2.0,5.0,11.0,15.0,2729.0,337.0,185.0,2024
2024-0096,Paris Olympics,Clay,64,O,2024-07-29,129,202499,13.0,,Donna Vekic,R,179.0,CRO,28.0,214459,,,Lucia Bronzetti,R,,ITA,25.6,6-2 7-5,3,R64,,3.0,4.0,62.0,29.0,19.0,18.0,10.0,0.0,3.0,0.0,2.0,72.0,46.0,20.0,11.0,10.0,10.0,16.0,21.0,2138.0,65.0,928.0,2024
2024-0096,Paris Olympics,Clay,64,O,2024-07-29,127,216262,,,Clara Burel,R,176.0,FRA,23.3,211701,,,Katerina Siniakova,R,174.0,CZE,28.2,7-6(3) 6-4,3,R64,,0.0,1.0,39.0,35.0,19.0,2.0,5.0,4.0,6.0,0.0,1.0,26.0,24.0,13.0,1.0,5.0,0.0,2.0,55.0,1057.0,38.0,1546.0,2024
2024-0096,Paris Olympics,Clay,64,O,2024-07-29,131,214604,,ITF,Maria Lourdes Carle,R,,ARG,24.4,213583,,,Tatjana Maria,R,172.0,GER,36.9,6-0 6-0,3,R64,,0.0,1.0,41.0,30.0,22.0,5.0,6.0,1.0,1.0,0.0,2.0,37.0,23.0,8.0,3.0,6.0,2.0,8.0,85.0,816.0,68.0,914.0,2024
2024-0096,Paris Olympics,Clay,64,O,2024-07-29,161,216347,1.0,,Iga Swiatek,R,176.0,POL,23.1,203389,8.0,,Danielle Collins,R,178.0,USA,30.6,6-1 2-6 4-1 RET,3,QF,,2.0,1.0,71.0,50.0,33.0,10.0,2.0,4.0,6.0,7.0,1.0,67.0,40.0,28.0,9.0,2.0,3.0,7.0,1.0,11005.0,9.0,3702.0,2024
2024-0096,Paris Olympics,Clay,64,O,2024-07-29,156,202499,13.0,,Donna Vekic,R,179.0,CRO,28.0,221103,2.0,,Coco Gauff,R,175.0,USA,20.3,7-6(7) 6-2,3,R16,,5.0,3.0,78.0,42.0,32.0,15.0,10.0,7.0,9.0,0.0,7.0,67.0,42.0,23.0,11.0,10.0,2.0,6.0,21.0,2138.0,2.0,8173.0,2024
2024-0096,Paris Olympics,Clay,64,O,2024-07-29,155,216146,12.0,,Marta Kostyuk,R,175.0,UKR,22.0,206289,7.0,,Maria Sakkari,R,172.0,GRE,29.0,4-6 7-6(5) 6-4,3,R16,,0.0,13.0,97.0,78.0,38.0,5.0,16.0,2.0,12.0,3.0,7.0,128.0,108.0,50.0,6.0,16.0,9.0,19.0,19.0,2240.0,8.0,3925.0,2024
2024-0096,Paris Olympics,Clay,64,O,2024-07-29,154,203533,,,Anna Karolina Schmiedlova,R,176.0,SVK,29.8,211148,4.0,,Jasmine Paolini,R,160.0,ITA,28.5,7-5 3-6 7-5,3,R16,,0.0,4.0,105.0,97.0,51.0,2.0,16.0,12.0,19.0,2.0,3.0,97.0,94.0,52.0,0.0,17.0,6.0,14.0,67.0,918.0,5.0,5373.0,2024
2024-0096,Paris Olympics,Clay,64,O,2024-07-29,153,206252,9.0,,Barbora Krejcikova,R,178.0,CZE,28.6,202494,,,Elina Svitolina,R,174.0,UKR,29.8,7-6(5) 2-6 6-4,3,R16,,4.0,1.0,98.0,84.0,48.0,5.0,15.0,4.0,10.0,8.0,0.0,112.0,87.0,49.0,13.0,15.0,10.0,15.0,10.0,3573.0,31.0,1750.0,2024
2024-0096,Paris Olympics,Clay,64,O,2024-07-29,152,221012,,6/ITF,Qinwen Zheng,R,,CHN,21.8,215613,11.0,,Emma Navarro,R,,USA,23.1,6-7(7) 7-6(4) 6-1,3,R16,,12.0,6.0,104.0,59.0,39.0,20.0,15.0,7.0,11.0,3.0,3.0,125.0,73.0,35.0,26.0,16.0,11.0,18.0,7.0,4025.0,15.0,2729.0,2024
2024-0096,Paris Olympics,Clay,64,O,2024-07-29,151,201493,,PR,Angelique Kerber,L,173.0,GER,36.5,220367,16.0,,Leylah Fernandez,L,168.0,CAN,21.8,6-4 6-3,3,R16,,0.0,2.0,49.0,33.0,21.0,6.0,9.0,1.0,5.0,0.0,3.0,68.0,42.0,16.0,14.0,10.0,5.0,12.0,212.0,344.0,25.0,1920.0,2024
2024-0096,Paris Olympics,Clay,64,O,2024-07-29,150,203389,8.0,,Danielle Collins,R,178.0,USA,30.6,215785,,,Camila Osorio,R,162.0,COL,22.6,6-0 4-6 6-3,3,R16,,1.0,5.0,87.0,49.0,34.0,16.0,12.0,7.0,10.0,2.0,4.0,83.0,60.0,31.0,9.0,13.0,9.0,16.0,9.0,3702.0,83.0,821.0,2024
2024-0096,Paris Olympics,Clay,64,O,2024-07-29,149,216347,1.0,,Iga Swiatek,R,176.0,POL,23.1,216016,,,Xiyu Wang,L,,CHN,23.3,6-3 6-4,3,R16,111.0,1.0,2.0,72.0,46.0,30.0,13.0,10.0,6.0,8.0,1.0,0.0,51.0,37.0,21.0,7.0,9.0,2.0,6.0,1.0,11005.0,52.0,1075.0,2024
2024-0096,Paris Olympics,Clay,64,O,2024-07-29,148,221103,2.0,,Coco Gauff,R,175.0,USA,20.3,214604,,ITF,Maria Lourdes Carle,R,,ARG,24.4,6-1 6-1,3,R32,,0.0,6.0,53.0,29.0,21.0,11.0,7.0,3.0,4.0,0.0,6.0,53.0,33.0,15.0,6.0,7.0,2.0,8.0,2.0,8173.0,85.0,816.0,2024
2024-0096,Paris Olympics,Clay,64,O,2024-07-29,147,202499,13.0,,Donna Vekic,R,179.0,CRO,28.0,215370,,PR,Bianca Andreescu,R,170.0,CAN,24.1,6-3 6-4,3,R32,,2.0,4.0,76.0,39.0,23.0,17.0,9.0,6.0,10.0,0.0,6.0,66.0,38.0,19.0,10.0,10.0,6.0,13.0,21.0,2138.0,171.0,426.0,2024
2024-0096,Paris Olympics,Clay,64,O,2024-07-29,130,215370,,PR,Bianca Andreescu,R,170.0,CAN,24.1,220704,,,Clara Tauson,R,182.0,DEN,21.6,6-2 6-3,3,R64,,1.0,1.0,50.0,33.0,25.0,10.0,9.0,0.0,1.0,1.0,7.0,53.0,28.0,18.0,10.0,8.0,3.0,7.0,171.0,426.0,63.0,932.0,2024
2024-0096,Paris Olympics,Clay,64,O,2024-07-29,145,206289,7.0,,Maria Sakkari,R,172.0,GRE,29.0,206294,,,Yue Yuan,R,184.0,CHN,25.8,6-2 6-1,3,R32,,4.0,2.0,41.0,21.0,17.0,12.0,8.0,0.0,1.0,1.0,1.0,42.0,27.0,10.0,7.0,7.0,4.0,9.0,8.0,3925.0,40.0,1422.0,2024
2024-0096,Paris Olympics,Clay,64,O,2024-07-29,146,216146,12.0,,Marta Kostyuk,R,175.0,UKR,22.0,216262,,,Clara Burel,R,176.0,FRA,23.3,7-6(3) 6-2,3,R32,,3.0,3.0,93.0,69.0,39.0,12.0,10.0,7.0,10.0,1.0,0.0,92.0,61.0,26.0,18.0,10.0,6.0,11.0,19.0,2240.0,55.0,1057.0,2024
2024-0096,Paris Olympics,Clay,64,O,2024-07-29,143,203533,,,Anna Karolina Schmiedlova,R,176.0,SVK,29.8,206242,14.0,,Beatriz Haddad Maia,L,185.0,BRA,28.1,6-4 6-4,3,R32,113.0,2.0,1.0,59.0,32.0,16.0,13.0,10.0,3.0,8.0,0.0,3.0,63.0,38.0,16.0,7.0,10.0,5.0,12.0,67.0,918.0,22.0,2108.0,2024
2024-0096,Paris Olympics,Clay,64,O,2024-07-29,132,221103,2.0,,Coco Gauff,R,175.0,USA,20.3,201548,,PR,Ajla Tomljanovic,R,180.0,AUS,31.2,6-3 6-0,3,R64,,3.0,3.0,46.0,27.0,19.0,10.0,8.0,0.0,2.0,0.0,3.0,36.0,19.0,9.0,3.0,7.0,3.0,9.0,2.0,8173.0,124.0,596.0,2024
2024-0096,Paris Olympics,Clay,64,O,2024-07-29,133,216347,1.0,,Iga Swiatek,R,176.0,POL,23.1,220348,,,Diane Parry,R,170.0,FRA,21.9,6-1 6-1,3,R32,,2.0,0.0,37.0,27.0,21.0,7.0,7.0,0.0,0.0,0.0,4.0,58.0,33.0,20.0,5.0,7.0,6.0,11.0,1.0,11005.0,59.0,1002.0,2024
2024-0096,Paris Olympics,Clay,64,O,2024-07-29,144,211148,4.0,,Jasmine Paolini,R,160.0,ITA,28.5,202663,,,Magda Linette,R,171.0,POL,32.4,6-4 6-1,3,R32,,3.0,1.0,37.0,25.0,19.0,10.0,8.0,0.0,1.0,2.0,1.0,87.0,52.0,29.0,13.0,9.0,7.0,12.0,5.0,5373.0,41.0,1361.0,2024
2024-0096,Paris Olympics,Clay,64,O,2024-07-29,135,215785,,,Camila Osorio,R,162.0,COL,22.6,215035,,,Dayana Yastremska,R,175.0,UKR,24.2,7-6(4) 6-4,3,R32,,0.0,5.0,69.0,46.0,25.0,6.0,11.0,5.0,12.0,0.0,0.0,86.0,64.0,28.0,10.0,11.0,9.0,17.0,83.0,821.0,28.0,1840.0,2024
2024-0096,Paris Olympics,Clay,64,O,2024-07-29,136,203389,8.0,,Danielle Collins,R,178.0,USA,30.6,201496,,ITF,Caroline Wozniacki,R,177.0,DEN,34.0,6-3 3-6 6-3,3,R32,,0.0,0.0,88.0,83.0,52.0,2.0,14.0,5.0,8.0,0.0,0.0,85.0,82.0,48.0,1.0,13.0,9.0,13.0,9.0,3702.0,70.0,904.0,2024
2024-0096,Paris Olympics,Clay,64,O,2024-07-29,134,216016,,,Xiyu Wang,L,,CHN,23.3,223670,15.0,,Diana Shnaider,L,,RUS,20.3,6-3 6-1,3,R32,76.0,0.0,5.0,44.0,27.0,23.0,7.0,8.0,0.0,1.0,1.0,3.0,57.0,38.0,20.0,6.0,8.0,4.0,8.0,52.0,1075.0,24.0,1930.0,2024
2024-0096,Paris Olympics,Clay,64,O,2024-07-29,138,220367,16.0,,Leylah Fernandez,L,168.0,CAN,21.8,213710,,,Cristina Bucsa,R,,ESP,26.5,7-6(4) 6-3,3,R32,,0.0,2.0,69.0,41.0,20.0,14.0,10.0,3.0,8.0,2.0,5.0,74.0,52.0,25.0,6.0,11.0,7.0,14.0,25.0,1920.0,60.0,984.0,2024
2024-0096,Paris Olympics,Clay,64,O,2024-07-29,139,215613,11.0,,Emma Navarro,R,,USA,23.1,202600,,,Viktoriya Tomova,R,170.0,BUL,29.4,6-7(5) 6-4 6-1,3,R32,,1.0,3.0,57.0,41.0,25.0,8.0,8.0,0.0,2.0,0.0,2.0,72.0,53.0,31.0,9.0,9.0,4.0,7.0,15.0,2729.0,46.0,1200.0,2024
2024-0096,Paris Olympics,Clay,64,O,2024-07-29,140,221012,,6/ITF,Qinwen Zheng,R,,CHN,21.8,201551,,,Arantxa Rus,L,180.0,NED,33.6,6-2 6-4,3,R32,,5.0,4.0,55.0,31.0,24.0,12.0,9.0,1.0,2.0,3.0,1.0,52.0,39.0,21.0,7.0,9.0,3.0,7.0,7.0,4025.0,103.0,719.0,2024
2024-0096,Paris Olympics,Clay,64,O,2024-07-29,141,202494,,,Elina Svitolina,R,174.0,UKR,29.8,202468,5.0,,Jessica Pegula,R,170.0,USA,30.4,4-6 6-1 6-3,3,R32,,3.0,4.0,86.0,57.0,39.0,14.0,13.0,2.0,4.0,1.0,0.0,82.0,54.0,35.0,12.0,13.0,3.0,8.0,31.0,1750.0,6.0,4665.0,2024
2024-0096,Paris Olympics,Clay,64,O,2024-07-29,142,206252,9.0,,Barbora Krejcikova,R,178.0,CZE,28.6,216133,,,Xin Yu Wang,R,182.0,CHN,22.8,6-3 6-2,3,R32,,2.0,4.0,60.0,42.0,28.0,5.0,8.0,4.0,6.0,1.0,3.0,54.0,26.0,14.0,8.0,9.0,3.0,10.0,10.0,3573.0,36.0,1581.0,2024
2024-0096,Paris Olympics,Clay,64,O,2024-07-29,137,201493,,PR,Angelique Kerber,L,173.0,GER,36.5,211713,,,Jaqueline Cristian,R,180.0,ROU,26.1,6-4 3-6 6-4,3,R32,,2.0,3.0,97.0,72.0,45.0,13.0,14.0,6.0,9.0,7.0,5.0,96.0,61.0,41.0,15.0,15.0,5.0,9.0,212.0,344.0,57.0,1004.0,2024
2024-806,Toronto,Hard,64,PM,2024-08-05,248,222233,,WC,Marina Stakusic,R,,CAN,19.6,222965,,Q,Erika Andreeva,R,,RUS,20.1,6-7(5) 6-1 6-4,3,R64,167.0,3.0,16.0,104.0,55.0,38.0,21.0,15.0,5.0,10.0,2.0,6.0,95.0,61.0,37.0,9.0,14.0,3.0,11.0,160.0,471.0,88.0,804.0,2024
2024-806,Toronto,Hard,64,PM,2024-08-05,252,202663,,,Magda Linette,R,171.0,POL,32.4,201606,,WC,Rebecca Marino,R,183.0,CAN,33.6,6-3 6-4,3,R64,85.0,3.0,2.0,60.0,32.0,26.0,16.0,10.0,2.0,3.0,4.0,4.0,62.0,27.0,17.0,19.0,9.0,2.0,5.0,43.0,1361.0,145.0,532.0,2024
2024-806,Toronto,Hard,64,PM,2024-08-05,251,202494,,,Elina Svitolina,R,174.0,UKR,29.8,201603,,,Shelby Rogers,R,175.0,USA,31.8,6-0 6-2,3,R64,70.0,3.0,4.0,53.0,27.0,19.0,13.0,7.0,6.0,7.0,2.0,4.0,51.0,27.0,14.0,6.0,7.0,5.0,11.0,34.0,1650.0,379.0,160.0,2024
2024-806,Toronto,Hard,64,PM,2024-08-05,250,216146,11.0,,Marta Kostyuk,R,175.0,UKR,22.1,213583,,,Tatjana Maria,R,172.0,GER,36.9,6-0 6-2,3,R64,52.0,4.0,1.0,37.0,17.0,14.0,15.0,7.0,0.0,0.0,0.0,2.0,39.0,19.0,10.0,6.0,7.0,3.0,8.0,20.0,2141.0,67.0,914.0,2024
2024-806,Toronto,Hard,64,PM,2024-08-05,249,203501,,LL,Taylor Townsend,L,170.0,USA,28.3,215035,16.0,,Dayana Yastremska,R,175.0,UKR,24.2,6-3 3-1 RET,3,R64,58.0,2.0,3.0,41.0,26.0,19.0,8.0,7.0,2.0,3.0,2.0,5.0,48.0,31.0,16.0,7.0,7.0,3.0,6.0,71.0,903.0,27.0,1823.0,2024
2024-806,Toronto,Hard,64,PM,2024-08-05,247,211651,,,Paula Badosa,R,180.0,ESP,26.7,220704,,,Clara Tauson,R,182.0,DEN,21.6,6-1 6-4,3,R64,83.0,7.0,4.0,53.0,24.0,20.0,17.0,9.0,4.0,5.0,3.0,10.0,66.0,33.0,20.0,12.0,8.0,8.0,12.0,40.0,1440.0,62.0,932.0,2024
2024-806,Toronto,Hard,64,PM,2024-08-05,255,220548,,,Peyton Stearns,R,,USA,22.8,215020,,,Anna Blinkova,R,179.0,RUS,25.9,6-4 6-3,3,R64,78.0,3.0,2.0,55.0,35.0,21.0,12.0,10.0,2.0,5.0,0.0,2.0,60.0,36.0,18.0,11.0,9.0,7.0,12.0,53.0,1074.0,68.0,910.0,2024
2024-806,Toronto,Hard,64,PM,2024-08-05,243,201615,,,Lesia Tsurenko,R,174.0,UKR,35.1,215370,,WC,Bianca Andreescu,R,170.0,CAN,24.1,0-6 6-3 6-4,3,R64,119.0,0.0,5.0,72.0,44.0,26.0,9.0,13.0,3.0,10.0,4.0,4.0,81.0,46.0,26.0,15.0,12.0,3.0,9.0,85.0,818.0,175.0,425.0,2024
2024-806,Toronto,Hard,64,PM,2024-08-05,242,214939,10.0,,Anna Kalinskaya,R,175.0,RUS,25.6,211635,,Q,Louisa Chirico,R,175.0,USA,28.2,6-2 6-3,3,R64,68.0,2.0,2.0,45.0,25.0,19.0,10.0,8.0,2.0,4.0,1.0,6.0,65.0,35.0,18.0,10.0,9.0,8.0,14.0,17.0,2550.0,218.0,335.0,2024
2024-806,Toronto,Hard,64,PM,2024-08-05,241,206242,13.0,,Beatriz Haddad Maia,L,185.0,BRA,28.1,213631,,,Marie Bouzkova,R,180.0,CZE,26.0,5-7 6-2 7-6(1),3,R64,199.0,0.0,8.0,114.0,72.0,48.0,18.0,16.0,9.0,14.0,4.0,7.0,107.0,67.0,45.0,13.0,16.0,6.0,12.0,22.0,2108.0,36.0,1587.0,2024
2024-806,Toronto,Hard,64,PM,2024-08-05,240,211107,,,Katie Boulter,R,180.0,GBR,28.0,211095,,Q,Bernarda Pera,L,175.0,USA,29.6,6-4 3-6 6-1,3,R64,128.0,6.0,7.0,87.0,46.0,35.0,21.0,13.0,4.0,6.0,8.0,10.0,99.0,51.0,35.0,22.0,13.0,9.0,13.0,33.0,1676.0,80.0,842.0,2024
2024-806,Toronto,Hard,64,PM,2024-08-05,239,206294,,,Yue Yuan,R,184.0,CHN,25.8,213710,,,Cristina Bucsa,R,,ESP,26.5,6-3 6-3,3,R64,78.0,4.0,4.0,62.0,33.0,24.0,15.0,9.0,4.0,6.0,1.0,2.0,69.0,53.0,28.0,6.0,9.0,6.0,11.0,42.0,1422.0,60.0,984.0,2024
2024-806,Toronto,Hard,64,PM,2024-08-05,244,216153,,,Amanda Anisimova,R,180.0,USA,22.9,214452,,,Caroline Dolehide,R,178.0,USA,25.9,6-1 6-4,3,R64,68.0,0.0,6.0,68.0,42.0,30.0,14.0,9.0,8.0,8.0,6.0,1.0,50.0,42.0,23.0,5.0,8.0,2.0,5.0,132.0,556.0,46.0,1247.0,2024
2024-806,Toronto,Hard,64,PM,2024-08-05,256,213889,,Q,Greet Minnen,R,,BEL,26.9,201585,,,Sloane Stephens,R,170.0,USA,31.3,6-2 6-2,3,R64,75.0,1.0,5.0,46.0,26.0,20.0,9.0,8.0,2.0,4.0,1.0,3.0,67.0,41.0,22.0,7.0,8.0,5.0,11.0,74.0,878.0,47.0,1217.0,2024
2024-806,Toronto,Hard,64,PM,2024-08-05,278,220548,,,Peyton Stearns,R,,USA,22.8,201619,7.0,,Madison Keys,R,178.0,USA,29.4,3-6 7-5 3-0 RET,3,R32,104.0,4.0,4.0,76.0,50.0,37.0,13.0,12.0,6.0,9.0,10.0,5.0,89.0,54.0,35.0,14.0,12.0,10.0,14.0,53.0,1074.0,14.0,2778.0,2024
2024-806,Toronto,Hard,64,PM,2024-08-05,258,220367,15.0,,Leylah Fernandez,L,168.0,CAN,21.9,211702,,LL,Nao Hibino,R,163.0,JPN,29.6,6-3 5-7 6-1,3,R64,127.0,5.0,5.0,75.0,47.0,33.0,13.0,14.0,1.0,5.0,0.0,3.0,96.0,58.0,35.0,14.0,14.0,4.0,11.0,25.0,1894.0,159.0,471.0,2024
2024-806,Toronto,Hard,64,PM,2024-08-05,291,202468,3.0,,Jessica Pegula,R,170.0,USA,30.4,221909,,Q,Ashlyn Krueger,R,185.0,USA,20.2,6-2 6-4,3,R16,82.0,3.0,2.0,58.0,28.0,16.0,14.0,9.0,5.0,9.0,2.0,9.0,68.0,35.0,20.0,10.0,9.0,9.0,16.0,6.0,4515.0,82.0,829.0,2024
2024-806,Toronto,Hard,64,PM,2024-08-05,290,220548,,,Peyton Stearns,R,,USA,22.8,201458,12.0,,Victoria Azarenka,R,180.0,BLR,35.0,6-4 4-2 RET,3,R16,89.0,3.0,4.0,57.0,39.0,26.0,8.0,8.0,5.0,7.0,5.0,4.0,42.0,26.0,18.0,4.0,8.0,1.0,5.0,53.0,1074.0,19.0,2266.0,2024
2024-806,Toronto,Hard,64,PM,2024-08-05,289,215613,8.0,,Emma Navarro,R,,USA,23.2,216146,11.0,,Marta Kostyuk,R,175.0,UKR,22.1,7-5 7-5,3,R16,106.0,0.0,7.0,68.0,36.0,21.0,15.0,12.0,5.0,10.0,4.0,8.0,89.0,56.0,31.0,12.0,12.0,11.0,18.0,15.0,2729.0,20.0,2141.0,2024
2024-806,Toronto,Hard,64,PM,2024-08-05,288,203501,,LL,Taylor Townsend,L,170.0,USA,28.3,211533,4.0,,Jelena Ostapenko,R,177.0,LAT,27.1,6-2 6-1,3,R16,60.0,5.0,1.0,40.0,29.0,22.0,6.0,7.0,2.0,3.0,2.0,5.0,59.0,32.0,13.0,10.0,8.0,5.0,11.0,71.0,903.0,11.0,3418.0,2024
2024-806,Toronto,Hard,64,PM,2024-08-05,286,214544,2.0,,Aryna Sabalenka,R,182.0,BLR,26.2,211107,,,Katie Boulter,R,180.0,GBR,28.0,6-3 6-3,3,R16,83.0,4.0,4.0,68.0,33.0,23.0,23.0,9.0,8.0,8.0,5.0,7.0,53.0,29.0,22.0,7.0,9.0,0.0,3.0,3.0,7256.0,33.0,1676.0,2024
2024-806,Toronto,Hard,64,PM,2024-08-05,285,221103,1.0,,Coco Gauff,R,175.0,USA,20.3,206374,,Q,Yafan Wang,R,170.0,CHN,30.2,6-4 6-4,3,R32,88.0,6.0,4.0,65.0,39.0,26.0,14.0,10.0,5.0,7.0,0.0,1.0,59.0,39.0,19.0,12.0,10.0,5.0,9.0,2.0,7703.0,72.0,903.0,2024
2024-806,Toronto,Hard,64,PM,2024-08-05,284,223670,14.0,,Diana Shnaider,L,,RUS,20.3,211684,,,Magdalena Frech,R,171.0,POL,26.6,2-6 6-3 7-6(5),3,R32,131.0,1.0,4.0,95.0,63.0,43.0,18.0,15.0,6.0,10.0,3.0,4.0,94.0,54.0,36.0,22.0,14.0,2.0,5.0,24.0,1930.0,50.0,1185.0,2024
2024-806,Toronto,Hard,64,PM,2024-08-05,292,214643,6.0,,Liudmila Samsonova,R,180.0,RUS,25.7,210722,,,Elise Mertens,R,179.0,BEL,28.7,6-2 6-4,3,R16,103.0,4.0,7.0,73.0,35.0,26.0,21.0,9.0,6.0,6.0,6.0,4.0,58.0,34.0,20.0,14.0,9.0,6.0,9.0,13.0,2820.0,35.0,1629.0,2024
2024-806,Toronto,Hard,64,PM,2024-08-05,283,210722,,,Elise Mertens,R,179.0,BEL,28.7,211768,,WC,Naomi Osaka,R,180.0,JPN,26.8,6-3 6-4,3,R32,91.0,6.0,10.0,63.0,31.0,25.0,14.0,10.0,1.0,3.0,1.0,6.0,54.0,27.0,19.0,10.0,9.0,2.0,6.0,35.0,1629.0,95.0,739.0,2024
2024-806,Toronto,Hard,64,PM,2024-08-05,281,202468,3.0,,Jessica Pegula,R,170.0,USA,30.4,201662,,,Karolina Pliskova,R,184.0,CZE,32.3,7-5 6-4,3,R32,90.0,2.0,2.0,74.0,41.0,27.0,16.0,11.0,5.0,8.0,5.0,8.0,70.0,40.0,31.0,5.0,11.0,5.0,10.0,6.0,4515.0,45.0,1255.0,2024
2024-806,Toronto,Hard,64,PM,2024-08-05,280,221909,,Q,Ashlyn Krueger,R,185.0,USA,20.2,220367,15.0,,Leylah Fernandez,L,168.0,CAN,21.9,6-4 6-2,3,R32,88.0,2.0,3.0,64.0,46.0,33.0,11.0,9.0,5.0,5.0,2.0,4.0,60.0,42.0,25.0,10.0,9.0,1.0,4.0,82.0,829.0,25.0,1894.0,2024
2024-806,Toronto,Hard,64,PM,2024-08-05,279,201458,12.0,,Victoria Azarenka,R,180.0,BLR,35.0,213889,,Q,Greet Minnen,R,,BEL,26.9,3-6 7-5 6-1,3,R32,174.0,4.0,12.0,97.0,56.0,35.0,18.0,14.0,8.0,14.0,4.0,6.0,120.0,72.0,42.0,17.0,14.0,9.0,17.0,19.0,2266.0,74.0,878.0,2024
2024-806,Toronto,Hard,64,PM,2024-08-05,277,215613,8.0,,Emma Navarro,R,,USA,23.2,202663,,,Magda Linette,R,171.0,POL,32.4,6-2 6-4,3,R32,92.0,1.0,4.0,55.0,20.0,14.0,22.0,9.0,2.0,4.0,3.0,1.0,70.0,44.0,29.0,6.0,9.0,5.0,10.0,15.0,2729.0,43.0,1361.0,2024
2024-806,Toronto,Hard,64,PM,2024-08-05,276,216146,11.0,,Marta Kostyuk,R,175.0,UKR,22.1,202494,,,Elina Svitolina,R,174.0,UKR,29.8,6-2 2-6 6-2,3,R32,102.0,2.0,7.0,70.0,36.0,27.0,20.0,12.0,6.0,8.0,2.0,7.0,84.0,47.0,31.0,16.0,12.0,7.0,11.0,20.0,2141.0,34.0,1650.0,2024
2024-806,Toronto,Hard,64,PM,2024-08-05,275,203501,,LL,Taylor Townsend,L,170.0,USA,28.3,222233,,WC,Marina Stakusic,R,,CAN,19.6,6-0 6-2,3,R32,60.0,3.0,0.0,36.0,21.0,20.0,6.0,7.0,0.0,1.0,0.0,6.0,53.0,23.0,10.0,11.0,7.0,4.0,10.0,71.0,903.0,160.0,471.0,2024
2024-806,Toronto,Hard,64,PM,2024-08-05,274,211533,4.0,,Jelena Ostapenko,R,177.0,LAT,27.1,211651,,,Paula Badosa,R,180.0,ESP,26.7,3-6 7-6(3) 6-2,3,R32,124.0,3.0,12.0,92.0,51.0,34.0,17.0,14.0,3.0,7.0,9.0,9.0,93.0,55.0,38.0,12.0,15.0,1.0,6.0,11.0,3418.0,40.0,1440.0,2024
2024-806,Toronto,Hard,64,PM,2024-08-05,282,214643,6.0,,Liudmila Samsonova,R,180.0,RUS,25.7,220416,,Q,Moyuka Uchijima,R,171.0,JPN,22.9,6-4 6-2,3,R32,86.0,8.0,7.0,60.0,22.0,18.0,25.0,9.0,3.0,3.0,1.0,9.0,54.0,31.0,22.0,7.0,9.0,4.0,7.0,13.0,2820.0,63.0,930.0,2024
2024-806,Toronto,Hard,64,PM,2024-08-05,293,223670,14.0,,Diana Shnaider,L,,RUS,20.3,221103,1.0,,Coco Gauff,R,175.0,USA,20.3,6-4 6-1,3,R16,70.0,1.0,4.0,59.0,32.0,26.0,14.0,9.0,1.0,1.0,1.0,8.0,52.0,26.0,17.0,11.0,8.0,5.0,8.0,24.0,1930.0,2.0,7703.0,2024
2024-806,Toronto,Hard,64,PM,2024-08-05,287,216153,,,Amanda Anisimova,R,180.0,USA,22.9,214939,10.0,,Anna Kalinskaya,R,175.0,RUS,25.6,6-2 0-0 RET,3,R16,24.0,2.0,1.0,18.0,13.0,9.0,3.0,4.0,0.0,1.0,0.0,3.0,18.0,9.0,3.0,2.0,4.0,0.0,3.0,132.0,556.0,17.0,2550.0,2024
2024-806,Toronto,Hard,64,PM,2024-08-05,295,215613,8.0,,Emma Navarro,R,,USA,23.2,203501,,LL,Taylor Townsend,L,170.0,USA,28.3,6-3 7-6(5),3,QF,101.0,0.0,8.0,76.0,50.0,37.0,12.0,11.0,4.0,5.0,9.0,1.0,70.0,40.0,25.0,16.0,10.0,1.0,3.0,15.0,2729.0,71.0,903.0,2024
2024-806,Toronto,Hard,64,PM,2024-08-05,259,221909,,Q,Ashlyn Krueger,R,185.0,USA,20.2,220714,,,Elisabetta Cocciaretto,R,,ITA,23.5,6-3 6-2,3,R64,75.0,3.0,3.0,60.0,35.0,27.0,14.0,9.0,5.0,5.0,1.0,1.0,51.0,36.0,20.0,9.0,8.0,3.0,6.0,82.0,829.0,61.0,947.0,2024
2024-806,Toronto,Hard,64,PM,2024-08-05,260,201662,,,Karolina Pliskova,R,184.0,CZE,32.3,206408,,,Nadia Podoroska,R,170.0,ARG,27.4,6-4 7-6(10),3,R64,111.0,7.0,5.0,89.0,58.0,40.0,16.0,11.0,9.0,11.0,5.0,3.0,80.0,48.0,33.0,16.0,11.0,2.0,5.0,45.0,1255.0,87.0,813.0,2024
2024-806,Toronto,Hard,64,PM,2024-08-05,294,216153,,,Amanda Anisimova,R,180.0,USA,22.9,214544,2.0,,Aryna Sabalenka,R,182.0,BLR,26.2,6-4 6-2,3,QF,86.0,1.0,3.0,60.0,35.0,23.0,14.0,9.0,5.0,6.0,2.0,8.0,60.0,33.0,17.0,13.0,9.0,1.0,5.0,132.0,556.0,3.0,7256.0,2024
2024-806,Toronto,Hard,64,PM,2024-08-05,264,210722,,,Elise Mertens,R,179.0,BEL,28.7,220465,,Q,Katie Volynets,R,,USA,22.5,6-3 6-1,3,R64,94.0,6.0,5.0,47.0,30.0,26.0,6.0,8.0,2.0,3.0,2.0,0.0,64.0,39.0,19.0,11.0,8.0,8.0,13.0,35.0,1629.0,57.0,1027.0,2024
2024-806,Toronto,Hard,64,PM,2024-08-05,265,211768,,WC,Naomi Osaka,R,180.0,JPN,26.8,202460,9.0,,Ons Jabeur,R,167.0,TUN,29.9,6-3 6-1,3,R64,71.0,2.0,4.0,57.0,26.0,20.0,18.0,8.0,0.0,0.0,3.0,7.0,58.0,21.0,18.0,12.0,8.0,2.0,6.0,95.0,739.0,16.0,2631.0,2024
2024-806,Toronto,Hard,64,PM,2024-08-05,266,223670,14.0,,Diana Shnaider,L,,RUS,20.3,211279,,LL,Harriet Dart,R,175.0,GBR,28.0,6-3 3-6 7-6(2),3,R64,144.0,4.0,7.0,93.0,56.0,38.0,14.0,15.0,3.0,9.0,3.0,11.0,129.0,71.0,40.0,28.0,15.0,17.0,23.0,24.0,1930.0,78.0,859.0,2024
2024-806,Toronto,Hard,64,PM,2024-08-05,267,211684,,,Magdalena Frech,R,171.0,POL,26.6,215713,,,Anastasia Potapova,R,175.0,RUS,23.3,4-6 6-3 6-0,3,R64,124.0,5.0,1.0,81.0,49.0,32.0,15.0,13.0,6.0,10.0,1.0,10.0,102.0,39.0,25.0,24.0,12.0,12.0,19.0,50.0,1185.0,44.0,1295.0,2024
2024-806,Toronto,Hard,64,PM,2024-08-05,268,206374,,Q,Yafan Wang,R,170.0,CHN,30.2,213550,,,Sofia Kenin,R,170.0,USA,25.7,7-5 7-6(3),3,R64,105.0,5.0,3.0,65.0,40.0,26.0,15.0,12.0,3.0,7.0,1.0,5.0,85.0,56.0,33.0,13.0,12.0,3.0,8.0,72.0,903.0,55.0,1061.0,2024
2024-806,Toronto,Hard,64,PM,2024-08-05,270,214544,2.0,,Aryna Sabalenka,R,182.0,BLR,26.2,206294,,,Yue Yuan,R,184.0,CHN,25.8,6-2 6-2,3,R32,81.0,4.0,2.0,47.0,25.0,19.0,12.0,8.0,2.0,3.0,2.0,1.0,69.0,32.0,20.0,13.0,8.0,8.0,13.0,3.0,7256.0,42.0,1422.0,2024
2024-806,Toronto,Hard,64,PM,2024-08-05,263,220416,,Q,Moyuka Uchijima,R,171.0,JPN,22.9,202600,,,Viktoriya Tomova,R,170.0,BUL,29.4,7-6(4) 6-2,3,R64,109.0,3.0,5.0,75.0,41.0,28.0,15.0,10.0,1.0,4.0,2.0,6.0,80.0,56.0,33.0,6.0,10.0,6.0,11.0,63.0,930.0,48.0,1200.0,2024
2024-806,Toronto,Hard,64,PM,2024-08-05,272,214939,10.0,,Anna Kalinskaya,R,175.0,RUS,25.6,201615,,,Lesia Tsurenko,R,174.0,UKR,35.1,6-2 6-2,3,R32,75.0,2.0,1.0,50.0,28.0,19.0,12.0,8.0,4.0,6.0,1.0,9.0,50.0,27.0,13.0,7.0,8.0,5.0,11.0,17.0,2550.0,85.0,818.0,2024
2024-806,Toronto,Hard,64,PM,2024-08-05,271,211107,,,Katie Boulter,R,180.0,GBR,28.0,206242,13.0,,Beatriz Haddad Maia,L,185.0,BRA,28.1,1-1 RET,3,R32,17.0,1.0,1.0,6.0,3.0,2.0,2.0,1.0,0.0,0.0,0.0,1.0,6.0,2.0,2.0,2.0,1.0,0.0,0.0,33.0,1676.0,22.0,2108.0,2024
2024-806,Toronto,Hard,64,PM,2024-08-05,296,202468,3.0,,Jessica Pegula,R,170.0,USA,30.4,220548,,,Peyton Stearns,R,,USA,22.8,6-4 7-5,3,QF,89.0,7.0,2.0,63.0,36.0,26.0,19.0,11.0,3.0,4.0,1.0,0.0,76.0,57.0,35.0,10.0,11.0,7.0,10.0,6.0,4515.0,53.0,1074.0,2024
2024-806,Toronto,Hard,64,PM,2024-08-05,297,223670,14.0,,Diana Shnaider,L,,RUS,20.3,214643,6.0,,Liudmila Samsonova,R,180.0,RUS,25.7,4-6 6-1 6-4,3,QF,131.0,5.0,3.0,84.0,53.0,39.0,20.0,14.0,3.0,4.0,9.0,3.0,86.0,53.0,39.0,15.0,13.0,4.0,7.0,24.0,1930.0,13.0,2820.0,2024
2024-806,Toronto,Hard,64,PM,2024-08-05,298,216153,,,Amanda Anisimova,R,180.0,USA,22.9,215613,8.0,,Emma Navarro,R,,USA,23.2,6-3 2-6 6-2,3,SF,115.0,4.0,5.0,70.0,37.0,27.0,19.0,13.0,1.0,4.0,2.0,6.0,95.0,45.0,28.0,26.0,12.0,7.0,11.0,132.0,556.0,15.0,2729.0,2024
2024-806,Toronto,Hard,64,PM,2024-08-05,257,201458,12.0,,Victoria Azarenka,R,180.0,BLR,35.0,201499,,,Anastasia Pavlyuchenkova,R,177.0,RUS,33.0,6-2 6-2,3,R64,76.0,2.0,3.0,41.0,18.0,17.0,15.0,8.0,0.0,0.0,7.0,3.0,61.0,36.0,23.0,9.0,8.0,5.0,9.0,19.0,2266.0,29.0,1776.0,2024
2024-806,Toronto,Hard,64,PM,2024-08-05,300,202468,3.0,,Jessica Pegula,R,170.0,USA,30.4,216153,,,Amanda Anisimova,R,180.0,USA,22.9,6-3 2-6 6-1,3,F,87.0,6.0,4.0,65.0,43.0,34.0,12.0,12.0,1.0,3.0,2.0,9.0,80.0,50.0,28.0,14.0,12.0,6.0,10.0,6.0,4515.0,132.0,556.0,2024
2024-806,Toronto,Hard,64,PM,2024-08-05,273,216153,,,Amanda Anisimova,R,180.0,USA,22.9,214082,5.0,,Daria Kasatkina,R,170.0,RUS,27.2,6-4 6-3,3,R32,90.0,2.0,4.0,64.0,38.0,26.0,9.0,10.0,5.0,9.0,4.0,11.0,74.0,36.0,20.0,12.0,9.0,11.0,17.0,132.0,556.0,12.0,3283.0,2024
2024-806,Toronto,Hard,64,PM,2024-08-05,299,202468,3.0,,Jessica Pegula,R,170.0,USA,30.4,223670,14.0,,Diana Shnaider,L,,RUS,20.3,6-4 6-3,3,SF,83.0,2.0,2.0,56.0,33.0,24.0,12.0,9.0,2.0,3.0,0.0,4.0,77.0,45.0,28.0,15.0,10.0,7.0,11.0,6.0,4515.0,24.0,1930.0,2024
2024-1017,Cincinnati,Hard,64,PM,2024-08-12,253,214096,,,Karolina Muchova,R,178.0,CZE,27.9,215035,,,Dayana Yastremska,R,175.0,UKR,24.2,7-6(6) 6-2,3,R64,116.0,6.0,5.0,77.0,41.0,28.0,14.0,10.0,4.0,8.0,2.0,12.0,79.0,41.0,22.0,14.0,10.0,10.0,16.0,35.0,1646.0,34.0,1673.0,2024
2024-1017,Cincinnati,Hard,64,PM,2024-08-12,238,214544,3.0,,Aryna Sabalenka,R,182.0,BLR,26.2,202468,6.0,,Jessica Pegula,R,170.0,USA,30.4,6-3 7-5,3,F,76.0,10.0,1.0,51.0,34.0,31.0,11.0,11.0,0.0,1.0,5.0,5.0,71.0,42.0,28.0,13.0,10.0,2.0,5.0,3.0,7366.0,6.0,4615.0,2024
2024-1017,Cincinnati,Hard,64,PM,2024-08-12,240,201709,,,Yulia Putintseva,R,163.0,KAZ,29.5,211279,,Q,Harriet Dart,R,175.0,GBR,28.0,4-6 6-0 6-1,3,R64,107.0,0.0,3.0,88.0,51.0,33.0,18.0,12.0,3.0,6.0,0.0,4.0,67.0,34.0,16.0,10.0,11.0,2.0,9.0,33.0,1681.0,77.0,864.0,2024
2024-1017,Cincinnati,Hard,64,PM,2024-08-12,242,214939,13.0,,Anna Kalinskaya,R,175.0,RUS,25.6,211701,,,Katerina Siniakova,R,174.0,CZE,28.2,1-6 6-2 6-3,3,R64,106.0,1.0,6.0,74.0,44.0,26.0,13.0,12.0,4.0,9.0,1.0,8.0,77.0,40.0,24.0,13.0,12.0,4.0,10.0,16.0,2660.0,36.0,1546.0,2024
2024-1017,Cincinnati,Hard,64,PM,2024-08-12,243,201499,,,Anastasia Pavlyuchenkova,R,177.0,RUS,33.1,206242,17.0,,Beatriz Haddad Maia,L,185.0,BRA,28.2,4-6 7-6(4) 6-3,3,R64,174.0,10.0,14.0,120.0,69.0,50.0,19.0,15.0,12.0,16.0,7.0,7.0,110.0,63.0,43.0,20.0,16.0,5.0,10.0,28.0,1776.0,23.0,2113.0,2024
2024-1017,Cincinnati,Hard,64,PM,2024-08-12,244,201496,,WC,Caroline Wozniacki,R,177.0,DEN,34.0,211843,,,Anhelina Kalinina,R,179.0,UKR,27.5,6-2 6-4,3,R64,85.0,6.0,4.0,65.0,36.0,26.0,14.0,9.0,6.0,7.0,2.0,6.0,54.0,33.0,19.0,8.0,9.0,2.0,6.0,84.0,844.0,51.0,1186.0,2024
2024-1017,Cincinnati,Hard,64,PM,2024-08-12,245,211684,,Q,Magdalena Frech,R,171.0,POL,26.6,213631,,,Marie Bouzkova,R,180.0,CZE,26.0,3-6 6-4 6-3,3,R64,134.0,3.0,3.0,91.0,68.0,44.0,9.0,14.0,3.0,7.0,1.0,6.0,83.0,51.0,32.0,15.0,14.0,0.0,5.0,48.0,1220.0,38.0,1495.0,2024
2024-1017,Cincinnati,Hard,64,PM,2024-08-12,248,220367,,,Leylah Fernandez,L,168.0,CAN,21.9,206294,,,Yue Yuan,R,184.0,CHN,25.8,3-6 6-4 6-3,3,R64,119.0,3.0,3.0,78.0,53.0,35.0,12.0,14.0,3.0,7.0,2.0,1.0,83.0,53.0,35.0,13.0,14.0,3.0,8.0,27.0,1854.0,40.0,1457.0,2024
2024-1017,Cincinnati,Hard,64,PM,2024-08-12,249,223670,,,Diana Shnaider,L,,RUS,20.3,201533,,,Shuai Zhang,R,177.0,CHN,35.5,6-1 6-4,3,R64,56.0,1.0,1.0,49.0,34.0,24.0,11.0,9.0,1.0,2.0,3.0,1.0,48.0,36.0,19.0,5.0,8.0,3.0,7.0,20.0,2295.0,689.0,50.0,2024
2024-1017,Cincinnati,Hard,64,PM,2024-08-12,250,221909,,Q,Ashlyn Krueger,R,185.0,USA,20.2,202499,16.0,,Donna Vekic,R,179.0,CRO,28.1,5-7 7-6(4) 6-2,3,R64,181.0,9.0,14.0,114.0,65.0,48.0,22.0,16.0,5.0,8.0,9.0,9.0,111.0,69.0,48.0,17.0,16.0,4.0,8.0,65.0,952.0,22.0,2138.0,2024
2024-1017,Cincinnati,Hard,64,PM,2024-08-12,251,214082,9.0,,Daria Kasatkina,R,170.0,RUS,27.2,206420,,,Ekaterina Alexandrova,R,175.0,RUS,29.7,6-4 6-2,3,R64,71.0,6.0,8.0,58.0,37.0,28.0,10.0,9.0,5.0,6.0,2.0,1.0,54.0,29.0,15.0,12.0,9.0,2.0,6.0,12.0,3158.0,26.0,1873.0,2024
2024-1017,Cincinnati,Hard,64,PM,2024-08-12,252,203501,,Q,Taylor Townsend,L,170.0,USA,28.3,214452,,WC,Caroline Dolehide,R,178.0,USA,25.9,3-6 6-4 7-6(7),3,R64,144.0,7.0,2.0,111.0,65.0,48.0,22.0,15.0,9.0,11.0,4.0,4.0,100.0,73.0,54.0,14.0,16.0,4.0,6.0,53.0,1137.0,47.0,1232.0,2024
2024-1017,Cincinnati,Hard,64,PM,2024-08-12,241,211651,,,Paula Badosa,R,180.0,ESP,26.7,220548,,WC,Peyton Stearns,R,,USA,22.8,6-2 7-5,3,R64,89.0,9.0,3.0,58.0,30.0,26.0,12.0,10.0,2.0,4.0,2.0,5.0,69.0,42.0,24.0,10.0,10.0,8.0,13.0,37.0,1505.0,46.0,1259.0,2024
2024-1017,Cincinnati,Hard,64,PM,2024-08-12,256,220589,,LL,Elina Avanesyan,R,,ARM,21.9,215370,,WC,Bianca Andreescu,R,170.0,CAN,24.1,6-4 7-5,3,R64,110.0,2.0,1.0,88.0,69.0,44.0,11.0,11.0,11.0,12.0,5.0,3.0,71.0,47.0,31.0,12.0,11.0,6.0,9.0,60.0,1002.0,166.0,434.0,2024
2024-1017,Cincinnati,Hard,64,PM,2024-08-12,258,214643,10.0,,Liudmila Samsonova,R,180.0,RUS,25.7,216133,,,Xin Yu Wang,R,182.0,CHN,22.8,6-4 6-4,3,R64,91.0,2.0,6.0,60.0,25.0,19.0,16.0,10.0,4.0,7.0,2.0,5.0,65.0,40.0,23.0,9.0,10.0,3.0,8.0,17.0,2450.0,39.0,1471.0,2024
2024-1017,Cincinnati,Hard,64,PM,2024-08-12,283,211148,5.0,,Jasmine Paolini,R,160.0,ITA,28.6,215713,,,Anastasia Potapova,R,175.0,RUS,23.3,7-6(2) 6-3,3,R32,98.0,2.0,2.0,70.0,40.0,28.0,16.0,11.0,3.0,6.0,2.0,2.0,80.0,40.0,28.0,15.0,10.0,10.0,14.0,5.0,5298.0,44.0,1304.0,2024
2024-1017,Cincinnati,Hard,64,PM,2024-08-12,284,259799,,,Mirra Andreeva,R,,RUS,17.2,201662,,,Karolina Pliskova,R,184.0,CZE,32.3,6-2 6-3,3,R32,83.0,6.0,0.0,41.0,25.0,20.0,13.0,8.0,0.0,0.0,5.0,12.0,91.0,49.0,30.0,18.0,9.0,9.0,13.0,24.0,1968.0,45.0,1260.0,2024
2024-1017,Cincinnati,Hard,64,PM,2024-08-12,285,216146,15.0,,Marta Kostyuk,R,175.0,UKR,22.1,215138,,Q,Lulu Sun,L,,NZL,23.3,6-3 7-5,3,R32,89.0,8.0,11.0,74.0,48.0,34.0,11.0,11.0,7.0,9.0,0.0,7.0,74.0,40.0,25.0,14.0,10.0,6.0,10.0,21.0,2260.0,64.0,955.0,2024
2024-1017,Cincinnati,Hard,64,PM,2024-08-12,286,216347,1.0,,Iga Swiatek,R,176.0,POL,23.2,219875,,Q,Varvara Gracheva,R,,FRA,24.0,6-0 6-7(8) 6-2,3,R32,131.0,7.0,2.0,77.0,47.0,35.0,18.0,13.0,1.0,3.0,0.0,4.0,91.0,58.0,30.0,14.0,13.0,9.0,16.0,1.0,10655.0,69.0,920.0,2024
2024-1017,Cincinnati,Hard,64,PM,2024-08-12,257,202663,,,Magda Linette,R,171.0,POL,32.4,211107,,,Katie Boulter,R,180.0,GBR,28.0,2-6 6-0 7-5,3,R64,113.0,0.0,1.0,75.0,47.0,31.0,17.0,13.0,5.0,8.0,2.0,8.0,77.0,41.0,26.0,17.0,13.0,3.0,8.0,43.0,1366.0,31.0,1706.0,2024
2024-1017,Cincinnati,Hard,64,PM,2024-08-12,288,201499,,,Anastasia Pavlyuchenkova,R,177.0,RUS,33.1,221012,7.0,,Qinwen Zheng,R,,CHN,21.8,7-5 6-1,3,R16,105.0,4.0,3.0,58.0,34.0,28.0,14.0,10.0,0.0,0.0,6.0,3.0,49.0,25.0,20.0,11.0,9.0,3.0,6.0,28.0,1776.0,7.0,3975.0,2024
2024-1017,Cincinnati,Hard,64,PM,2024-08-12,289,220367,,,Leylah Fernandez,L,168.0,CAN,21.9,223670,,,Diana Shnaider,L,,RUS,20.3,6-1 6-4,3,R16,82.0,7.0,6.0,56.0,35.0,29.0,8.0,9.0,4.0,5.0,2.0,3.0,64.0,41.0,24.0,8.0,8.0,6.0,10.0,27.0,1854.0,20.0,2295.0,2024
2024-1017,Cincinnati,Hard,64,PM,2024-08-12,290,202468,6.0,,Jessica Pegula,R,170.0,USA,30.4,203501,,Q,Taylor Townsend,L,170.0,USA,28.3,6-2 6-3,3,R16,63.0,2.0,1.0,49.0,33.0,29.0,8.0,8.0,4.0,4.0,4.0,5.0,52.0,33.0,19.0,7.0,9.0,1.0,5.0,6.0,4615.0,53.0,1137.0,2024
2024-1017,Cincinnati,Hard,64,PM,2024-08-12,282,214544,3.0,,Aryna Sabalenka,R,182.0,BLR,26.2,220714,,,Elisabetta Cocciaretto,R,,ITA,23.5,6-3 6-4,3,R32,98.0,5.0,3.0,61.0,38.0,34.0,11.0,10.0,3.0,3.0,2.0,5.0,72.0,46.0,31.0,11.0,9.0,8.0,10.0,3.0,7366.0,66.0,947.0,2024
2024-1017,Cincinnati,Hard,64,PM,2024-08-12,291,214643,10.0,,Liudmila Samsonova,R,180.0,RUS,25.7,220589,,LL,Elina Avanesyan,R,,ARM,21.9,4-6 6-0 6-3,3,R16,119.0,2.0,2.0,89.0,50.0,33.0,22.0,13.0,2.0,4.0,1.0,2.0,71.0,52.0,27.0,11.0,12.0,8.0,13.0,17.0,2450.0,60.0,1002.0,2024
2024-1017,Cincinnati,Hard,64,PM,2024-08-12,293,259799,,,Mirra Andreeva,R,,RUS,17.2,211148,5.0,,Jasmine Paolini,R,160.0,ITA,28.6,3-6 6-3 6-2,3,R16,120.0,5.0,6.0,82.0,52.0,38.0,14.0,13.0,3.0,6.0,2.0,1.0,92.0,58.0,33.0,16.0,13.0,3.0,8.0,24.0,1968.0,5.0,5298.0,2024
2024-1017,Cincinnati,Hard,64,PM,2024-08-12,294,216347,1.0,,Iga Swiatek,R,176.0,POL,23.2,216146,15.0,,Marta Kostyuk,R,175.0,UKR,22.1,6-2 6-2,3,R16,70.0,0.0,2.0,44.0,31.0,22.0,8.0,8.0,0.0,1.0,2.0,3.0,50.0,31.0,15.0,7.0,8.0,7.0,12.0,1.0,10655.0,21.0,2260.0,2024
2024-1017,Cincinnati,Hard,64,PM,2024-08-12,295,211651,,,Paula Badosa,R,180.0,ESP,26.7,201499,,,Anastasia Pavlyuchenkova,R,177.0,RUS,33.1,6-3 6-2,3,QF,66.0,3.0,6.0,52.0,23.0,19.0,18.0,9.0,1.0,1.0,2.0,4.0,45.0,26.0,13.0,10.0,8.0,0.0,3.0,37.0,1505.0,28.0,1776.0,2024
2024-1017,Cincinnati,Hard,64,PM,2024-08-12,296,202468,6.0,,Jessica Pegula,R,170.0,USA,30.4,220367,,,Leylah Fernandez,L,168.0,CAN,21.9,7-5 6-7(1) 7-6(3),3,QF,184.0,3.0,7.0,119.0,78.0,49.0,19.0,18.0,9.0,15.0,5.0,6.0,140.0,96.0,57.0,18.0,18.0,8.0,15.0,6.0,4615.0,27.0,1854.0,2024
2024-1017,Cincinnati,Hard,64,PM,2024-08-12,297,214544,3.0,,Aryna Sabalenka,R,182.0,BLR,26.2,214643,10.0,,Liudmila Samsonova,R,180.0,RUS,25.7,6-3 6-2,3,QF,79.0,5.0,0.0,50.0,34.0,27.0,11.0,9.0,3.0,3.0,3.0,6.0,47.0,21.0,15.0,11.0,8.0,2.0,5.0,3.0,7366.0,17.0,2450.0,2024
2024-1017,Cincinnati,Hard,64,PM,2024-08-12,298,216347,1.0,,Iga Swiatek,R,176.0,POL,23.2,259799,,,Mirra Andreeva,R,,RUS,17.2,4-6 6-3 7-5,3,QF,150.0,6.0,2.0,91.0,61.0,45.0,19.0,16.0,2.0,3.0,12.0,4.0,109.0,66.0,47.0,22.0,15.0,8.0,10.0,1.0,10655.0,24.0,1968.0,2024
2024-1017,Cincinnati,Hard,64,PM,2024-08-12,299,202468,6.0,,Jessica Pegula,R,170.0,USA,30.4,211651,,,Paula Badosa,R,180.0,ESP,26.7,6-2 3-6 6-3,3,SF,113.0,5.0,3.0,97.0,60.0,40.0,18.0,13.0,5.0,8.0,9.0,8.0,88.0,49.0,31.0,18.0,13.0,6.0,11.0,6.0,4615.0,37.0,1505.0,2024
2024-1017,Cincinnati,Hard,64,PM,2024-08-12,300,214544,3.0,,Aryna Sabalenka,R,182.0,BLR,26.2,216347,1.0,,Iga Swiatek,R,176.0,POL,23.2,6-3 6-3,3,SF,107.0,5.0,1.0,63.0,33.0,22.0,16.0,9.0,4.0,6.0,1.0,3.0,70.0,40.0,27.0,6.0,9.0,10.0,15.0,3.0,7366.0,1.0,10655.0,2024
2024-1017,Cincinnati,Hard,64,PM,2024-08-12,292,214544,3.0,,Aryna Sabalenka,R,182.0,BLR,26.2,202494,,,Elina Svitolina,R,174.0,UKR,29.9,7-5 6-2,3,R16,79.0,5.0,3.0,57.0,35.0,26.0,14.0,10.0,4.0,5.0,5.0,4.0,58.0,36.0,23.0,8.0,10.0,0.0,4.0,3.0,7366.0,30.0,1714.0,2024
2024-1017,Cincinnati,Hard,64,PM,2024-08-12,281,202494,,,Elina Svitolina,R,174.0,UKR,29.9,222601,,LL,Jessica Bouzas Maneiro,R,,ESP,21.8,6-4 6-1,3,R32,68.0,2.0,1.0,54.0,28.0,18.0,16.0,9.0,1.0,3.0,0.0,6.0,51.0,26.0,15.0,7.0,8.0,6.0,11.0,30.0,1714.0,91.0,781.0,2024
2024-1017,Cincinnati,Hard,64,PM,2024-08-12,287,211651,,,Paula Badosa,R,180.0,ESP,26.7,201709,,,Yulia Putintseva,R,163.0,KAZ,29.5,6-4 6-4,3,R16,92.0,7.0,5.0,71.0,39.0,26.0,14.0,10.0,6.0,9.0,2.0,1.0,66.0,43.0,23.0,9.0,10.0,7.0,12.0,37.0,1505.0,33.0,1681.0,2024
2024-1017,Cincinnati,Hard,64,PM,2024-08-12,279,220589,,LL,Elina Avanesyan,R,,ARM,21.9,211533,8.0,,Jelena Ostapenko,R,177.0,LAT,27.1,2-6 6-2 6-2,3,R32,94.0,1.0,3.0,65.0,46.0,21.0,12.0,12.0,1.0,7.0,2.0,7.0,76.0,42.0,21.0,12.0,12.0,5.0,13.0,60.0,1002.0,11.0,3478.0,2024
2024-1017,Cincinnati,Hard,64,PM,2024-08-12,259,222601,,LL,Jessica Bouzas Maneiro,R,,ESP,21.8,214459,,LL,Lucia Bronzetti,R,,ITA,25.6,6-4 3-6 7-6(1),3,R64,170.0,2.0,14.0,103.0,50.0,29.0,25.0,15.0,10.0,18.0,0.0,5.0,116.0,66.0,38.0,16.0,16.0,12.0,20.0,91.0,781.0,68.0,928.0,2024
2024-1017,Cincinnati,Hard,64,PM,2024-08-12,260,202494,,,Elina Svitolina,R,174.0,UKR,29.9,206374,,Q,Yafan Wang,R,170.0,CHN,30.2,5-7 6-3 6-2,3,R64,131.0,9.0,5.0,96.0,47.0,34.0,29.0,15.0,6.0,8.0,3.0,3.0,75.0,43.0,33.0,14.0,14.0,1.0,5.0,30.0,1714.0,62.0,997.0,2024
2024-1017,Cincinnati,Hard,64,PM,2024-08-12,280,214643,10.0,,Liudmila Samsonova,R,180.0,RUS,25.7,202663,,,Magda Linette,R,171.0,POL,32.4,7-6(10) 6-1,3,R32,110.0,9.0,4.0,71.0,32.0,28.0,25.0,10.0,5.0,5.0,3.0,1.0,70.0,43.0,32.0,13.0,9.0,2.0,4.0,17.0,2450.0,43.0,1366.0,2024
2024-1017,Cincinnati,Hard,64,PM,2024-08-12,264,215713,,,Anastasia Potapova,R,175.0,RUS,23.3,216262,,,Clara Burel,R,176.0,FRA,23.3,6-4 2-6 6-1,3,R64,103.0,3.0,6.0,88.0,46.0,32.0,22.0,13.0,5.0,8.0,3.0,7.0,82.0,36.0,25.0,20.0,12.0,6.0,10.0,44.0,1304.0,57.0,1057.0,2024
2024-1017,Cincinnati,Hard,64,PM,2024-08-12,265,201662,,,Karolina Pliskova,R,184.0,CZE,32.3,202600,,,Viktoriya Tomova,R,170.0,BUL,29.4,7-6(3) 7-6(3),3,R64,100.0,6.0,8.0,78.0,50.0,32.0,11.0,12.0,5.0,10.0,1.0,8.0,85.0,42.0,26.0,20.0,12.0,1.0,6.0,45.0,1260.0,50.0,1200.0,2024
2024-1017,Cincinnati,Hard,64,PM,2024-08-12,266,259799,,,Mirra Andreeva,R,,RUS,17.2,215613,11.0,,Emma Navarro,R,,USA,23.2,6-2 6-2,3,R64,65.0,2.0,1.0,45.0,28.0,23.0,11.0,8.0,1.0,1.0,0.0,5.0,52.0,29.0,14.0,12.0,8.0,4.0,8.0,24.0,1968.0,13.0,3038.0,2024
2024-1017,Cincinnati,Hard,64,PM,2024-08-12,267,216146,15.0,,Marta Kostyuk,R,175.0,UKR,22.1,210722,,,Elise Mertens,R,179.0,BEL,28.7,6-4 2-6 6-4,3,R64,138.0,4.0,12.0,102.0,58.0,37.0,22.0,14.0,7.0,10.0,3.0,9.0,80.0,41.0,31.0,20.0,14.0,6.0,9.0,21.0,2260.0,32.0,1689.0,2024
2024-1017,Cincinnati,Hard,64,PM,2024-08-12,268,215138,,Q,Lulu Sun,L,,NZL,23.3,222328,,,Linda Noskova,R,,CZE,19.7,6-4 7-6(4),3,R64,88.0,8.0,5.0,78.0,43.0,32.0,18.0,11.0,1.0,2.0,4.0,4.0,68.0,43.0,27.0,15.0,11.0,4.0,6.0,64.0,955.0,29.0,1718.0,2024
2024-1017,Cincinnati,Hard,64,PM,2024-08-12,269,219875,,Q,Varvara Gracheva,R,,FRA,24.0,201548,,,Ajla Tomljanovic,R,180.0,AUS,31.2,6-3 2-6 7-6(5),3,R64,145.0,3.0,6.0,126.0,73.0,44.0,27.0,15.0,9.0,13.0,6.0,9.0,87.0,53.0,39.0,14.0,14.0,2.0,5.0,69.0,920.0,123.0,596.0,2024
2024-1017,Cincinnati,Hard,64,PM,2024-08-12,261,220714,,,Elisabetta Cocciaretto,R,,ITA,23.5,221905,,Q,Robin Montgomery,L,,USA,19.9,7-5 4-6 6-3,3,R64,147.0,2.0,6.0,105.0,74.0,49.0,17.0,16.0,6.0,9.0,9.0,12.0,95.0,61.0,46.0,11.0,15.0,10.0,14.0,66.0,947.0,109.0,660.0,2024
2024-1017,Cincinnati,Hard,64,PM,2024-08-12,272,211651,,,Paula Badosa,R,180.0,ESP,26.7,214939,13.0,,Anna Kalinskaya,R,175.0,RUS,25.6,6-3 6-2,3,R32,64.0,5.0,7.0,59.0,34.0,29.0,10.0,9.0,4.0,5.0,1.0,1.0,44.0,31.0,18.0,6.0,8.0,2.0,6.0,37.0,1505.0,16.0,2660.0,2024
2024-1017,Cincinnati,Hard,64,PM,2024-08-12,273,201499,,,Anastasia Pavlyuchenkova,R,177.0,RUS,33.1,201496,,WC,Caroline Wozniacki,R,177.0,DEN,34.0,7-5 6-4,3,R32,96.0,6.0,4.0,66.0,36.0,32.0,14.0,11.0,2.0,3.0,2.0,5.0,66.0,41.0,27.0,13.0,11.0,0.0,3.0,28.0,1776.0,84.0,844.0,2024
2024-1017,Cincinnati,Hard,64,PM,2024-08-12,274,221012,7.0,,Qinwen Zheng,R,,CHN,21.8,211684,,Q,Magdalena Frech,R,171.0,POL,26.6,6-1 7-5,3,R32,114.0,13.0,5.0,63.0,34.0,29.0,13.0,10.0,2.0,3.0,1.0,2.0,92.0,64.0,34.0,14.0,9.0,10.0,14.0,7.0,3975.0,48.0,1220.0,2024
2024-1017,Cincinnati,Hard,64,PM,2024-08-12,275,220367,,,Leylah Fernandez,L,168.0,CAN,21.9,214981,4.0,,Elena Rybakina,R,184.0,KAZ,25.1,3-6 7-6(3) 6-4,3,R32,155.0,5.0,13.0,109.0,64.0,44.0,16.0,15.0,1.0,7.0,20.0,17.0,123.0,58.0,42.0,23.0,16.0,11.0,17.0,27.0,1854.0,4.0,6026.0,2024
2024-1017,Cincinnati,Hard,64,PM,2024-08-12,276,223670,,,Diana Shnaider,L,,RUS,20.3,221909,,Q,Ashlyn Krueger,R,185.0,USA,20.2,7-5 6-0,3,R32,71.0,1.0,2.0,47.0,32.0,23.0,5.0,9.0,2.0,5.0,1.0,3.0,66.0,39.0,18.0,8.0,9.0,4.0,11.0,20.0,2295.0,65.0,952.0,2024
2024-1017,Cincinnati,Hard,64,PM,2024-08-12,277,203501,,Q,Taylor Townsend,L,170.0,USA,28.3,214082,9.0,,Daria Kasatkina,R,170.0,RUS,27.2,6-1 2-6 6-1,3,R32,114.0,15.0,5.0,97.0,68.0,48.0,9.0,11.0,13.0,15.0,3.0,11.0,82.0,51.0,33.0,8.0,11.0,8.0,13.0,53.0,1137.0,12.0,3158.0,2024
2024-1017,Cincinnati,Hard,64,PM,2024-08-12,278,202468,6.0,,Jessica Pegula,R,170.0,USA,30.4,214096,,,Karolina Muchova,R,178.0,CZE,27.9,5-7 6-4 6-2,3,R32,137.0,2.0,0.0,83.0,50.0,30.0,22.0,15.0,6.0,10.0,3.0,5.0,98.0,48.0,30.0,23.0,15.0,9.0,15.0,6.0,4615.0,35.0,1646.0,2024
2024-1017,Cincinnati,Hard,64,PM,2024-08-12,271,201709,,,Yulia Putintseva,R,163.0,KAZ,29.5,221103,2.0,,Coco Gauff,R,175.0,USA,20.4,6-4 2-6 6-4,3,R32,114.0,1.0,0.0,78.0,46.0,29.0,17.0,14.0,7.0,12.0,8.0,9.0,90.0,50.0,30.0,19.0,14.0,3.0,8.0,33.0,1681.0,2.0,7633.0,2024
2024-1039,Monterrey,Hard,32,P,2024-08-19,286,215613,2.0,,Emma Navarro,R,,USA,23.2,215785,,,Camila Osorio,R,162.0,COL,22.6,3-6 7-5 7-6(2),3,R16,167.0,1.0,4.0,102.0,70.0,49.0,16.0,16.0,7.0,12.0,1.0,6.0,127.0,81.0,50.0,24.0,17.0,9.0,14.0,13.0,2950.0,88.0,814.0,2024
2024-1039,Monterrey,Hard,32,P,2024-08-19,284,222965,,,Erika Andreeva,R,,RUS,20.1,211843,,,Anhelina Kalinina,R,179.0,UKR,27.5,6-1 6-4,3,R32,90.0,7.0,1.0,69.0,44.0,33.0,13.0,9.0,3.0,3.0,2.0,5.0,56.0,34.0,21.0,8.0,8.0,4.0,7.0,89.0,809.0,54.0,1076.0,2024
2024-1039,Monterrey,Hard,32,P,2024-08-19,283,215138,,,Lulu Sun,L,,NZL,23.3,203564,,,Chloe Paquet,R,179.0,FRA,30.1,7-6(3) 6-3,3,R32,94.0,7.0,5.0,69.0,41.0,32.0,18.0,11.0,2.0,3.0,4.0,3.0,63.0,43.0,31.0,9.0,10.0,2.0,4.0,57.0,1049.0,96.0,746.0,2024
2024-1039,Monterrey,Hard,32,P,2024-08-19,282,214604,,,Maria Lourdes Carle,R,,ARG,24.5,206368,8.0,,Veronika Kudermetova,R,175.0,RUS,27.3,1-6 7-5 6-4,3,R32,173.0,1.0,11.0,99.0,64.0,41.0,11.0,14.0,9.0,15.0,4.0,3.0,109.0,70.0,46.0,14.0,15.0,5.0,11.0,86.0,816.0,44.0,1308.0,2024
2024-1039,Monterrey,Hard,32,P,2024-08-19,280,213887,,,Renata Zarazua,R,,MEX,26.8,211874,,WC,Victoria Rodriguez,U,170.0,MEX,29.3,6-1 6-4,3,R32,82.0,1.0,1.0,51.0,40.0,26.0,7.0,9.0,1.0,3.0,0.0,2.0,52.0,25.0,15.0,10.0,8.0,5.0,10.0,97.0,740.0,300.0,218.0,2024
2024-1039,Monterrey,Hard,32,P,2024-08-19,279,201549,,,Petra Martic,R,181.0,CRO,33.5,203475,,Q,Carol Zhao,R,165.0,CAN,29.1,7-6(2) 3-6 6-2,3,R32,147.0,4.0,8.0,97.0,62.0,41.0,15.0,14.0,3.0,7.0,5.0,12.0,110.0,77.0,50.0,10.0,15.0,4.0,9.0,105.0,691.0,268.0,255.0,2024
2024-1039,Monterrey,Hard,32,P,2024-08-19,276,216016,,,Xiyu Wang,L,,CHN,23.3,213583,,,Tatjana Maria,R,172.0,GER,37.0,6-0 6-3,3,R32,68.0,3.0,3.0,41.0,26.0,20.0,7.0,7.0,3.0,4.0,2.0,1.0,44.0,26.0,11.0,6.0,8.0,3.0,9.0,56.0,1063.0,87.0,815.0,2024
2024-1039,Monterrey,Hard,32,P,2024-08-19,278,206294,7.0,,Yue Yuan,R,184.0,CHN,25.9,202434,,Q,Aleksandra Krunic,R,163.0,SRB,31.4,4-6 6-2 6-3,3,R32,141.0,8.0,0.0,99.0,62.0,46.0,17.0,14.0,8.0,11.0,7.0,3.0,105.0,60.0,36.0,21.0,13.0,6.0,11.0,38.0,1410.0,318.0,197.0,2024
2024-1039,Monterrey,Hard,32,P,2024-08-19,277,222328,6.0,,Linda Noskova,R,,CZE,19.7,206363,,Q,Anna Danilina,R,,KAZ,28.9,6-0 6-1,3,R32,49.0,6.0,7.0,41.0,26.0,23.0,6.0,7.0,0.0,0.0,2.0,5.0,32.0,13.0,7.0,4.0,6.0,1.0,6.0,35.0,1568.0,958.0,19.0,2024
2024-1039,Monterrey,Hard,32,P,2024-08-19,275,220589,,,Elina Avanesyan,R,,ARM,21.9,220714,,WC,Elisabetta Cocciaretto,R,,ITA,23.5,7-6(6) 6-1,3,R32,105.0,1.0,3.0,80.0,66.0,40.0,7.0,9.0,6.0,8.0,0.0,5.0,75.0,50.0,30.0,7.0,10.0,2.0,7.0,51.0,1141.0,64.0,963.0,2024
2024-1039,Monterrey,Hard,32,P,2024-08-19,273,211684,9.0,,Magdalena Frech,R,171.0,POL,26.6,206408,,,Nadia Podoroska,R,170.0,ARG,27.5,6-4 4-6 6-4,3,R32,157.0,4.0,1.0,84.0,55.0,38.0,17.0,15.0,4.0,8.0,2.0,8.0,107.0,72.0,45.0,15.0,15.0,11.0,16.0,45.0,1285.0,67.0,926.0,2024
2024-1039,Monterrey,Hard,32,P,2024-08-19,272,215151,,LL,Lina Glushko,U,,ISR,24.6,201435,,Q,Kateryna Bondarenko,R,175.0,UKR,38.0,6-3 3-6 6-3,3,R32,108.0,15.0,4.0,88.0,51.0,40.0,20.0,14.0,3.0,4.0,1.0,5.0,73.0,44.0,31.0,19.0,13.0,3.0,5.0,277.0,245.0,325.0,194.0,2024
2024-1039,Monterrey,Hard,32,P,2024-08-19,271,215785,,,Camila Osorio,R,162.0,COL,22.6,201548,,,Ajla Tomljanovic,R,180.0,AUS,31.2,6-2 7-6(3),3,R32,88.0,3.0,3.0,67.0,50.0,35.0,8.0,10.0,4.0,6.0,1.0,4.0,62.0,43.0,26.0,9.0,10.0,6.0,10.0,88.0,814.0,119.0,606.0,2024
2024-1039,Monterrey,Hard,32,P,2024-08-19,287,211684,9.0,,Magdalena Frech,R,171.0,POL,26.6,215151,,LL,Lina Glushko,U,,ISR,24.6,6-7(2) 6-3 6-1,3,R16,147.0,0.0,3.0,97.0,69.0,44.0,16.0,14.0,3.0,6.0,10.0,7.0,100.0,54.0,37.0,17.0,14.0,5.0,12.0,45.0,1285.0,277.0,245.0,2024
2024-1039,Monterrey,Hard,32,P,2024-08-19,288,202494,5.0,,Elina Svitolina,R,174.0,UKR,29.9,220589,,,Elina Avanesyan,R,,ARM,21.9,6-4 6-3,3,R16,75.0,2.0,4.0,50.0,28.0,25.0,10.0,10.0,1.0,3.0,0.0,6.0,64.0,49.0,30.0,4.0,9.0,5.0,9.0,28.0,1834.0,51.0,1141.0,2024
2024-1039,Monterrey,Hard,32,P,2024-08-19,298,222328,6.0,,Linda Noskova,R,,CZE,19.7,215613,2.0,,Emma Navarro,R,,USA,23.2,7-6(7) 7-5,3,SF,118.0,5.0,8.0,89.0,45.0,34.0,22.0,12.0,3.0,5.0,3.0,2.0,76.0,56.0,37.0,10.0,12.0,3.0,6.0,35.0,1568.0,13.0,2950.0,2024
2024-1039,Monterrey,Hard,32,P,2024-08-19,290,206294,7.0,,Yue Yuan,R,184.0,CHN,25.9,201549,,,Petra Martic,R,181.0,CRO,33.5,6-4 6-1,3,R16,75.0,1.0,1.0,55.0,37.0,21.0,13.0,9.0,4.0,6.0,5.0,6.0,46.0,23.0,13.0,9.0,8.0,1.0,6.0,38.0,1410.0,105.0,691.0,2024
2024-2040,Cleveland,Hard,32,I,2024-08-19,292,216262,,,Clara Burel,R,176.0,FRA,23.4,213550,8.0,,Sofia Kenin,R,170.0,USA,25.7,6-4 6-3,3,R16,86.0,8.0,10.0,85.0,39.0,28.0,21.0,10.0,8.0,10.0,2.0,5.0,57.0,39.0,25.0,5.0,9.0,4.0,8.0,58.0,1048.0,55.0,1070.0,2024
2024-2040,Cleveland,Hard,32,I,2024-08-19,291,211701,3.0,,Katerina Siniakova,R,174.0,CZE,28.2,222601,,Q,Jessica Bouzas Maneiro,R,,ESP,21.9,2-6 6-4 7-6(2),3,R16,156.0,1.0,13.0,113.0,71.0,38.0,15.0,15.0,5.0,14.0,1.0,8.0,117.0,71.0,45.0,14.0,15.0,11.0,19.0,36.0,1436.0,80.0,861.0,2024
2024-2040,Cleveland,Hard,32,I,2024-08-19,290,220548,6.0,,Peyton Stearns,R,,USA,22.8,204427,,,Sara Sorribes Tormo,R,176.0,ESP,27.8,6-3 6-2,3,R16,85.0,5.0,4.0,59.0,38.0,26.0,12.0,9.0,2.0,3.0,0.0,2.0,51.0,32.0,17.0,7.0,8.0,3.0,7.0,47.0,1259.0,73.0,886.0,2024
2024-2040,Cleveland,Hard,32,I,2024-08-19,289,201551,,,Arantxa Rus,L,180.0,NED,33.6,202600,7.0,,Viktoriya Tomova,R,170.0,BUL,29.4,6-3 6-3,3,R16,93.0,5.0,4.0,71.0,44.0,28.0,13.0,9.0,4.0,6.0,0.0,3.0,50.0,33.0,15.0,9.0,9.0,2.0,7.0,95.0,750.0,50.0,1159.0,2024
2024-2040,Cleveland,Hard,32,I,2024-08-19,288,220520,,WC,Mccartney Kessler,R,,USA,25.1,216133,4.0,,Xin Yu Wang,R,182.0,CHN,22.8,3-6 6-4 6-2,3,R16,131.0,4.0,4.0,79.0,47.0,34.0,14.0,13.0,4.0,7.0,5.0,3.0,98.0,58.0,38.0,17.0,14.0,7.0,12.0,98.0,733.0,37.0,1421.0,2024
2024-2040,Cleveland,Hard,32,I,2024-08-19,287,215713,5.0,,Anastasia Potapova,R,175.0,RUS,23.3,220704,,,Clara Tauson,R,182.0,DEN,21.6,6-2 6-2,3,R16,68.0,0.0,5.0,46.0,24.0,19.0,10.0,8.0,2.0,4.0,2.0,7.0,51.0,27.0,13.0,8.0,8.0,5.0,11.0,43.0,1309.0,65.0,941.0,2024
2024-2040,Cleveland,Hard,32,I,2024-08-19,286,202536,,Q,Ana Bogdan,R,171.0,ROU,31.7,213889,,LL,Greet Minnen,R,,BEL,27.0,7-6(3) 6-3,3,R16,128.0,4.0,4.0,101.0,61.0,46.0,18.0,11.0,10.0,11.0,4.0,0.0,57.0,38.0,29.0,9.0,10.0,1.0,3.0,103.0,715.0,75.0,878.0,2024
2024-2040,Cleveland,Hard,32,I,2024-08-19,285,206242,1.0,,Beatriz Haddad Maia,L,185.0,BRA,28.2,203530,,Q,Viktorija Golubic,R,169.0,SUI,31.8,6-3 7-5,3,R32,116.0,4.0,6.0,72.0,41.0,25.0,17.0,11.0,11.0,15.0,2.0,0.0,66.0,49.0,22.0,10.0,10.0,3.0,9.0,23.0,2093.0,74.0,884.0,2024
2024-2040,Cleveland,Hard,32,I,2024-08-19,293,206242,1.0,,Beatriz Haddad Maia,L,185.0,BRA,28.2,213710,,,Cristina Bucsa,R,,ESP,26.6,6-2 6-1,3,R16,87.0,3.0,3.0,49.0,31.0,21.0,9.0,8.0,4.0,6.0,0.0,5.0,63.0,40.0,22.0,4.0,7.0,13.0,19.0,23.0,2093.0,72.0,904.0,2024
2024-2040,Cleveland,Hard,32,I,2024-08-19,284,213710,,,Cristina Bucsa,R,,ESP,26.6,203354,,,Martina Trevisan,L,160.0,ITA,30.7,6-2 6-4,3,R32,95.0,1.0,1.0,57.0,40.0,27.0,11.0,9.0,4.0,5.0,0.0,7.0,61.0,34.0,22.0,9.0,9.0,8.0,12.0,72.0,904.0,91.0,788.0,2024
2024-2040,Cleveland,Hard,32,I,2024-08-19,281,211701,3.0,,Katerina Siniakova,R,174.0,CZE,28.2,259967,,Q,Sayaka Ishii,U,,JPN,18.9,6-7(5) 6-3 7-6(5),3,R32,169.0,10.0,10.0,118.0,73.0,48.0,24.0,17.0,9.0,14.0,0.0,5.0,112.0,67.0,39.0,23.0,16.0,6.0,12.0,36.0,1436.0,284.0,234.0,2024
2024-2040,Cleveland,Hard,32,I,2024-08-19,280,222601,,Q,Jessica Bouzas Maneiro,R,,ESP,21.9,219875,,,Varvara Gracheva,R,,FRA,24.0,4-6 6-3 6-2,3,R32,132.0,1.0,7.0,85.0,55.0,33.0,10.0,13.0,6.0,12.0,0.0,3.0,101.0,79.0,39.0,8.0,14.0,10.0,19.0,80.0,861.0,66.0,935.0,2024
2024-2040,Cleveland,Hard,32,I,2024-08-19,279,204427,,,Sara Sorribes Tormo,R,176.0,ESP,27.8,206374,,,Yafan Wang,R,170.0,CHN,30.3,6-4 6-1,3,R32,92.0,1.0,3.0,47.0,26.0,13.0,15.0,8.0,0.0,2.0,1.0,3.0,55.0,32.0,17.0,6.0,9.0,4.0,10.0,73.0,886.0,78.0,861.0,2024
2024-2040,Cleveland,Hard,32,I,2024-08-19,278,220548,6.0,,Peyton Stearns,R,,USA,22.8,220416,,,Moyuka Uchijima,R,171.0,JPN,23.0,6-0 1-6 6-1,3,R32,96.0,3.0,8.0,56.0,26.0,20.0,14.0,10.0,0.0,4.0,4.0,6.0,79.0,45.0,26.0,10.0,10.0,6.0,13.0,47.0,1259.0,63.0,968.0,2024
2024-2040,Cleveland,Hard,32,I,2024-08-19,277,202600,7.0,,Viktoriya Tomova,R,170.0,BUL,29.4,201616,,WC,Lauren Davis,R,157.0,USA,30.8,6-1 6-4,3,R32,87.0,0.0,3.0,55.0,41.0,25.0,5.0,9.0,2.0,6.0,0.0,1.0,50.0,21.0,10.0,7.0,8.0,3.0,10.0,50.0,1159.0,404.0,145.0,2024
2024-2040,Cleveland,Hard,32,I,2024-08-19,276,201551,,,Arantxa Rus,L,180.0,NED,33.6,214459,,,Lucia Bronzetti,R,,ITA,25.6,6-3 7-6(4),3,R32,121.0,8.0,2.0,74.0,45.0,32.0,15.0,11.0,4.0,6.0,0.0,3.0,78.0,47.0,26.0,19.0,10.0,8.0,11.0,95.0,750.0,69.0,916.0,2024
2024-2040,Cleveland,Hard,32,I,2024-08-19,275,220520,,WC,Mccartney Kessler,R,,USA,25.1,221512,,WC,Katrina Scott,R,180.0,USA,20.1,6-1 4-6 6-4,3,R32,117.0,1.0,5.0,84.0,49.0,34.0,16.0,14.0,3.0,7.0,4.0,2.0,71.0,38.0,26.0,10.0,13.0,2.0,8.0,98.0,733.0,299.0,218.0,2024
2024-1039,Monterrey,Hard,32,P,2024-08-19,289,222328,6.0,,Linda Noskova,R,,CZE,19.7,216016,,,Xiyu Wang,L,,CHN,23.3,6-4 7-6(11),3,R16,110.0,3.0,4.0,70.0,39.0,28.0,17.0,11.0,2.0,4.0,8.0,5.0,75.0,51.0,37.0,7.0,11.0,6.0,9.0,35.0,1568.0,56.0,1063.0,2024
2024-2040,Cleveland,Hard,32,I,2024-08-19,282,213550,8.0,,Sofia Kenin,R,170.0,USA,25.7,220465,,,Katie Volynets,R,,USA,22.6,6-2 2-6 7-5,3,R32,139.0,1.0,8.0,97.0,54.0,29.0,17.0,14.0,9.0,16.0,0.0,1.0,92.0,65.0,34.0,11.0,14.0,8.0,16.0,55.0,1070.0,59.0,1042.0,2024
2024-2040,Cleveland,Hard,32,I,2024-08-19,294,215713,5.0,,Anastasia Potapova,R,175.0,RUS,23.3,202536,,Q,Ana Bogdan,R,171.0,ROU,31.7,6-2 6-1,3,QF,77.0,1.0,6.0,50.0,28.0,22.0,9.0,8.0,4.0,6.0,2.0,3.0,59.0,41.0,19.0,4.0,7.0,9.0,15.0,43.0,1309.0,103.0,715.0,2024
2024-2040,Cleveland,Hard,32,I,2024-08-19,283,216262,,,Clara Burel,R,176.0,FRA,23.4,220722,,LL,Elvina Kalieva,R,,USA,21.0,6-3 6-2,3,R32,77.0,7.0,5.0,61.0,26.0,19.0,20.0,9.0,4.0,5.0,2.0,3.0,57.0,30.0,13.0,15.0,8.0,6.0,10.0,58.0,1048.0,302.0,212.0,2024
2024-2040,Cleveland,Hard,32,I,2024-08-19,296,211701,3.0,,Katerina Siniakova,R,174.0,CZE,28.2,220548,6.0,,Peyton Stearns,R,,USA,22.8,1-6 6-3 6-4,3,QF,125.0,0.0,9.0,76.0,38.0,19.0,16.0,13.0,2.0,9.0,0.0,3.0,85.0,54.0,28.0,13.0,13.0,3.0,10.0,36.0,1436.0,47.0,1259.0,2024
2024-2040,Cleveland,Hard,32,I,2024-08-19,295,220520,,WC,Mccartney Kessler,R,,USA,25.1,201551,,,Arantxa Rus,L,180.0,NED,33.6,6-4 6-2,3,QF,83.0,3.0,1.0,53.0,29.0,22.0,17.0,9.0,3.0,3.0,4.0,7.0,71.0,44.0,32.0,8.0,9.0,7.0,10.0,98.0,733.0,95.0,750.0,2024
2024-1039,Monterrey,Hard,32,P,2024-08-19,292,215138,,,Lulu Sun,L,,NZL,23.3,214604,,,Maria Lourdes Carle,R,,ARG,24.5,6-3 2-6 7-6(2),3,R16,164.0,5.0,4.0,105.0,57.0,37.0,27.0,15.0,5.0,8.0,4.0,4.0,107.0,76.0,50.0,14.0,14.0,6.0,8.0,57.0,1049.0,86.0,816.0,2024
2024-1039,Monterrey,Hard,32,P,2024-08-19,293,222965,,,Erika Andreeva,R,,RUS,20.1,203389,1.0,,Danielle Collins,R,178.0,USA,30.6,1-6 6-3 6-3,3,R16,111.0,4.0,3.0,71.0,37.0,28.0,15.0,12.0,2.0,5.0,10.0,7.0,76.0,44.0,33.0,13.0,13.0,2.0,6.0,89.0,809.0,11.0,3422.0,2024
2024-1039,Monterrey,Hard,32,P,2024-08-19,294,215613,2.0,,Emma Navarro,R,,USA,23.2,211684,9.0,,Magdalena Frech,R,171.0,POL,26.6,6-7(3) 6-0 6-2,3,QF,137.0,6.0,2.0,95.0,66.0,44.0,14.0,13.0,8.0,10.0,2.0,4.0,91.0,53.0,32.0,15.0,13.0,5.0,12.0,13.0,2950.0,45.0,1285.0,2024
2024-1039,Monterrey,Hard,32,P,2024-08-19,295,222328,6.0,,Linda Noskova,R,,CZE,19.7,202494,5.0,,Elina Svitolina,R,174.0,UKR,29.9,6-4 6-4,3,QF,83.0,4.0,4.0,59.0,35.0,32.0,11.0,10.0,2.0,2.0,2.0,2.0,63.0,34.0,24.0,15.0,10.0,3.0,5.0,35.0,1568.0,28.0,1834.0,2024
2024-1039,Monterrey,Hard,32,P,2024-08-19,297,215138,,,Lulu Sun,L,,NZL,23.3,222965,,,Erika Andreeva,R,,RUS,20.1,6-4 6-3,3,QF,82.0,8.0,0.0,48.0,34.0,28.0,10.0,9.0,0.0,0.0,5.0,3.0,59.0,36.0,23.0,12.0,10.0,3.0,6.0,57.0,1049.0,89.0,809.0,2024
2024-1039,Monterrey,Hard,32,P,2024-08-19,299,215138,,,Lulu Sun,L,,NZL,23.3,206420,3.0,,Ekaterina Alexandrova,R,175.0,RUS,29.7,7-5 3-6 7-6(6),3,SF,139.0,17.0,3.0,96.0,70.0,52.0,14.0,16.0,0.0,1.0,14.0,10.0,111.0,74.0,57.0,18.0,17.0,2.0,3.0,57.0,1049.0,30.0,1763.0,2024
2024-1039,Monterrey,Hard,32,P,2024-08-19,300,222328,6.0,,Linda Noskova,R,,CZE,19.7,215138,,,Lulu Sun,L,,NZL,23.3,7-6(6) 6-4,3,F,109.0,4.0,3.0,79.0,43.0,34.0,21.0,11.0,6.0,7.0,13.0,5.0,84.0,52.0,40.0,13.0,11.0,4.0,6.0,35.0,1568.0,57.0,1049.0,2024
2024-1039,Monterrey,Hard,32,P,2024-08-19,291,206420,3.0,,Ekaterina Alexandrova,R,175.0,RUS,29.7,213887,,,Renata Zarazua,R,,MEX,26.8,6-3 6-4,3,R16,79.0,17.0,1.0,57.0,36.0,28.0,14.0,10.0,1.0,1.0,0.0,2.0,54.0,38.0,26.0,8.0,9.0,4.0,6.0,30.0,1763.0,97.0,740.0,2024
2024-1039,Monterrey,Hard,32,P,2024-08-19,296,206420,3.0,,Ekaterina Alexandrova,R,175.0,RUS,29.7,206294,7.0,,Yue Yuan,R,184.0,CHN,25.9,7-5 7-6(3),3,QF,117.0,7.0,7.0,83.0,51.0,39.0,15.0,12.0,3.0,5.0,4.0,3.0,88.0,57.0,38.0,13.0,12.0,7.0,10.0,30.0,1763.0,38.0,1410.0,2024
2024-2040,Cleveland,Hard,32,I,2024-08-19,271,213889,,LL,Greet Minnen,R,,BEL,27.0,211713,,,Jaqueline Cristian,R,180.0,ROU,26.2,6-3 7-6(5),3,R32,108.0,4.0,2.0,73.0,44.0,29.0,15.0,10.0,5.0,8.0,2.0,3.0,71.0,44.0,26.0,10.0,11.0,6.0,11.0,75.0,878.0,68.0,919.0,2024
2024-2040,Cleveland,Hard,32,I,2024-08-19,272,220704,,,Clara Tauson,R,182.0,DEN,21.6,203533,,,Anna Karolina Schmiedlova,R,176.0,SVK,29.9,3-6 6-3 6-2,3,R32,133.0,2.0,5.0,87.0,56.0,40.0,10.0,13.0,5.0,9.0,1.0,3.0,85.0,51.0,29.0,15.0,13.0,8.0,14.0,65.0,941.0,84.0,831.0,2024
2024-2040,Cleveland,Hard,32,I,2024-08-19,273,215713,5.0,,Anastasia Potapova,R,175.0,RUS,23.3,220348,,,Diane Parry,R,170.0,FRA,21.9,6-3 6-2,3,R32,66.0,0.0,2.0,42.0,28.0,18.0,6.0,8.0,0.0,3.0,1.0,3.0,53.0,32.0,11.0,9.0,9.0,4.0,11.0,43.0,1309.0,62.0,1002.0,2024
2024-2040,Cleveland,Hard,32,I,2024-08-19,274,216133,4.0,,Xin Yu Wang,R,182.0,CHN,22.8,215020,,,Anna Blinkova,R,179.0,RUS,25.9,6-1 6-1,3,R32,60.0,3.0,3.0,45.0,28.0,19.0,9.0,7.0,2.0,3.0,0.0,4.0,47.0,32.0,14.0,2.0,7.0,4.0,10.0,37.0,1421.0,79.0,861.0,2024
2024-2040,Cleveland,Hard,32,I,2024-08-19,300,220520,,WC,Mccartney Kessler,R,,USA,25.1,206242,1.0,,Beatriz Haddad Maia,L,185.0,BRA,28.2,1-6 6-1 7-5,3,F,126.0,3.0,4.0,81.0,46.0,32.0,17.0,13.0,3.0,7.0,3.0,4.0,72.0,52.0,30.0,12.0,13.0,4.0,9.0,98.0,733.0,23.0,2093.0,2024
2024-2040,Cleveland,Hard,32,I,2024-08-19,299,206242,1.0,,Beatriz Haddad Maia,L,185.0,BRA,28.2,211701,3.0,,Katerina Siniakova,R,174.0,CZE,28.2,6-3 2-6 6-2,3,SF,131.0,5.0,1.0,72.0,42.0,32.0,15.0,13.0,0.0,3.0,1.0,10.0,102.0,64.0,42.0,16.0,12.0,9.0,13.0,23.0,2093.0,36.0,1436.0,2024
2024-2040,Cleveland,Hard,32,I,2024-08-19,298,220520,,WC,Mccartney Kessler,R,,USA,25.1,215713,5.0,,Anastasia Potapova,R,175.0,RUS,23.3,4-6 6-3 6-3,3,SF,136.0,6.0,11.0,107.0,64.0,40.0,18.0,14.0,13.0,18.0,3.0,11.0,101.0,51.0,31.0,20.0,14.0,12.0,19.0,98.0,733.0,43.0,1309.0,2024
2024-2040,Cleveland,Hard,32,I,2024-08-19,270,202536,,Q,Ana Bogdan,R,171.0,ROU,31.7,220367,2.0,,Leylah Fernandez,L,168.0,CAN,21.9,1-6 7-6(2) 6-2,3,R32,152.0,4.0,0.0,79.0,50.0,29.0,13.0,13.0,1.0,8.0,3.0,11.0,118.0,66.0,39.0,16.0,14.0,10.0,17.0,103.0,715.0,24.0,2015.0,2024
2024-2040,Cleveland,Hard,32,I,2024-08-19,297,206242,1.0,,Beatriz Haddad Maia,L,185.0,BRA,28.2,216262,,,Clara Burel,R,176.0,FRA,23.4,6-2 6-2,3,QF,75.0,2.0,5.0,45.0,27.0,21.0,8.0,8.0,0.0,1.0,0.0,4.0,56.0,22.0,10.0,16.0,8.0,8.0,13.0,23.0,2093.0,58.0,1048.0,2024
2024-560,Us Open,Hard,128,G,2024-08-26,192,201619,14.0,,Madison Keys,R,178.0,USA,29.5,233741,,Q,Maya Joint,R,,AUS,18.3,6-4 6-0,3,R64,62.0,4.0,1.0,54.0,34.0,25.0,12.0,8.0,2.0,2.0,0.0,3.0,48.0,29.0,22.0,3.0,8.0,3.0,7.0,14.0,2727.0,135.0,544.0,2024
2024-560,Us Open,Hard,128,G,2024-08-26,193,210722,33.0,,Elise Mertens,R,179.0,BEL,28.7,201548,,,Ajla Tomljanovic,R,180.0,AUS,31.3,6-3 6-2,3,R64,96.0,7.0,7.0,61.0,37.0,31.0,11.0,9.0,3.0,3.0,3.0,10.0,57.0,25.0,17.0,13.0,8.0,6.0,9.0,35.0,1639.0,118.0,607.0,2024
2024-560,Us Open,Hard,128,G,2024-08-26,194,206420,29.0,,Ekaterina Alexandrova,R,175.0,RUS,29.7,260300,,WC,Iva Jovic,R,,USA,16.7,4-6 6-4 7-5,3,R64,181.0,9.0,8.0,106.0,53.0,39.0,21.0,16.0,8.0,13.0,1.0,3.0,112.0,55.0,32.0,28.0,16.0,7.0,13.0,31.0,1778.0,389.0,155.0,2024
2024-560,Us Open,Hard,128,G,2024-08-26,195,214544,2.0,,Aryna Sabalenka,R,182.0,BLR,26.3,214459,,,Lucia Bronzetti,R,,ITA,25.7,6-3 6-1,3,R64,61.0,5.0,1.0,41.0,30.0,23.0,9.0,8.0,0.0,0.0,2.0,3.0,48.0,27.0,17.0,8.0,8.0,4.0,8.0,2.0,8016.0,76.0,891.0,2024
2024-560,Us Open,Hard,128,G,2024-08-26,198,223670,18.0,,Diana Shnaider,L,,RUS,20.3,201506,,,Sara Errani,R,164.0,ITA,37.3,6-2 6-2,3,R32,62.0,2.0,2.0,45.0,36.0,27.0,4.0,8.0,0.0,1.0,0.0,3.0,55.0,42.0,23.0,3.0,8.0,3.0,8.0,18.0,2385.0,96.0,760.0,2024
2024-560,Us Open,Hard,128,G,2024-08-26,197,214643,16.0,,Liudmila Samsonova,R,180.0,RUS,25.7,221909,,,Ashlyn Krueger,R,185.0,USA,20.3,6-1 6-1,3,R32,62.0,0.0,0.0,36.0,20.0,17.0,12.0,7.0,0.0,0.0,2.0,2.0,52.0,33.0,12.0,11.0,7.0,7.0,12.0,16.0,2610.0,59.0,1017.0,2024
2024-560,Us Open,Hard,128,G,2024-08-26,199,202468,6.0,,Jessica Pegula,R,170.0,USA,30.5,222601,,,Jessica Bouzas Maneiro,R,,ESP,21.9,6-3 6-3,3,R32,70.0,3.0,3.0,49.0,28.0,25.0,12.0,9.0,3.0,4.0,0.0,6.0,60.0,35.0,18.0,12.0,9.0,5.0,9.0,6.0,5160.0,74.0,896.0,2024
2024-560,Us Open,Hard,128,G,2024-08-26,191,220548,,,Peyton Stearns,R,,USA,22.8,214082,12.0,,Daria Kasatkina,R,170.0,RUS,27.3,6-1 7-6(3),3,R64,82.0,6.0,3.0,63.0,39.0,27.0,12.0,10.0,3.0,6.0,7.0,8.0,57.0,33.0,18.0,10.0,9.0,1.0,6.0,47.0,1283.0,13.0,2973.0,2024
2024-560,Us Open,Hard,128,G,2024-08-26,196,216347,1.0,,Iga Swiatek,R,176.0,POL,23.2,201499,25.0,,Anastasia Pavlyuchenkova,R,177.0,RUS,33.1,6-4 6-2,3,R32,92.0,0.0,2.0,48.0,31.0,24.0,12.0,9.0,0.0,0.0,3.0,1.0,61.0,33.0,19.0,14.0,9.0,2.0,5.0,1.0,10695.0,27.0,1961.0,2024
2024-560,Us Open,Hard,128,G,2024-08-26,190,202499,24.0,,Donna Vekic,R,179.0,CRO,28.1,213889,,,Greet Minnen,R,,BEL,27.0,7-5 6-1,3,R64,80.0,7.0,3.0,52.0,30.0,25.0,12.0,9.0,2.0,2.0,3.0,5.0,60.0,37.0,23.0,9.0,10.0,1.0,5.0,24.0,2013.0,70.0,918.0,2024
2024-560,Us Open,Hard,128,G,2024-08-26,181,211651,26.0,,Paula Badosa,R,180.0,ESP,26.7,203501,,,Taylor Townsend,L,170.0,USA,28.3,6-3 7-5,3,R64,100.0,6.0,8.0,69.0,42.0,32.0,11.0,10.0,4.0,6.0,6.0,5.0,78.0,50.0,35.0,5.0,11.0,7.0,12.0,29.0,1895.0,48.0,1267.0,2024
2024-560,Us Open,Hard,128,G,2024-08-26,188,221012,7.0,,Qinwen Zheng,R,,CHN,21.8,222965,,,Erika Andreeva,R,,RUS,20.1,6-7(3) 6-1 6-2,3,R64,148.0,20.0,5.0,79.0,45.0,37.0,17.0,14.0,3.0,5.0,2.0,2.0,91.0,51.0,31.0,18.0,13.0,9.0,15.0,7.0,3980.0,75.0,892.0,2024
2024-560,Us Open,Hard,128,G,2024-08-26,187,221103,3.0,,Coco Gauff,R,175.0,USA,20.4,213583,,,Tatjana Maria,R,172.0,GER,37.0,6-4 6-0,3,R64,80.0,1.0,9.0,62.0,27.0,18.0,20.0,8.0,4.0,5.0,5.0,3.0,51.0,33.0,22.0,2.0,8.0,3.0,8.0,3.0,6743.0,99.0,735.0,2024
2024-560,Us Open,Hard,128,G,2024-08-26,186,202494,27.0,,Elina Svitolina,R,174.0,UKR,29.9,211843,,,Anhelina Kalinina,R,179.0,UKR,27.5,6-1 6-2,3,R64,77.0,8.0,5.0,65.0,38.0,30.0,11.0,8.0,2.0,2.0,1.0,6.0,57.0,32.0,18.0,10.0,7.0,5.0,9.0,28.0,1942.0,55.0,1076.0,2024
2024-560,Us Open,Hard,128,G,2024-08-26,185,216146,19.0,,Marta Kostyuk,R,175.0,UKR,22.1,211279,,,Harriet Dart,R,175.0,GBR,28.0,7-6(10) 6-1,3,R64,94.0,5.0,6.0,60.0,30.0,25.0,10.0,9.0,3.0,6.0,0.0,10.0,74.0,34.0,21.0,11.0,10.0,4.0,10.0,19.0,2348.0,78.0,874.0,2024
2024-560,Us Open,Hard,128,G,2024-08-26,184,215613,13.0,,Emma Navarro,R,,USA,23.2,201551,,,Arantxa Rus,L,180.0,NED,33.7,6-1 6-1,3,R64,63.0,2.0,0.0,47.0,26.0,20.0,13.0,7.0,4.0,4.0,0.0,4.0,41.0,27.0,13.0,4.0,7.0,1.0,6.0,12.0,3040.0,93.0,779.0,2024
2024-560,Us Open,Hard,128,G,2024-08-26,183,206374,,,Yafan Wang,R,170.0,CHN,30.3,220348,,,Diane Parry,R,170.0,FRA,21.9,6-0 6-4,3,R64,94.0,5.0,4.0,72.0,41.0,31.0,15.0,8.0,8.0,8.0,3.0,2.0,53.0,29.0,16.0,12.0,8.0,4.0,8.0,80.0,861.0,60.0,1002.0,2024
2024-560,Us Open,Hard,128,G,2024-08-26,182,201458,20.0,,Victoria Azarenka,R,180.0,BLR,35.0,216262,,,Clara Burel,R,176.0,FRA,23.4,6-1 6-4,3,R64,86.0,3.0,3.0,59.0,31.0,20.0,19.0,9.0,6.0,7.0,0.0,5.0,52.0,32.0,16.0,10.0,8.0,4.0,8.0,20.0,2266.0,56.0,1075.0,2024
2024-560,Us Open,Hard,128,G,2024-08-26,180,211817,,Q,Elena Gabriela Ruse,R,,ROU,26.8,206252,8.0,,Barbora Krejcikova,R,178.0,CZE,28.6,6-4 7-5,3,R64,105.0,8.0,3.0,62.0,36.0,28.0,13.0,11.0,4.0,6.0,6.0,7.0,74.0,42.0,26.0,12.0,11.0,4.0,8.0,122.0,588.0,8.0,3571.0,2024
2024-560,Us Open,Hard,128,G,2024-08-26,179,211148,5.0,,Jasmine Paolini,R,160.0,ITA,28.6,201662,,,Karolina Pliskova,R,184.0,CZE,32.4,RET,3,R64,,,,,,,,,,,,,,,,,,,,5.0,5168.0,44.0,1324.0,2024
2024-560,Us Open,Hard,128,G,2024-08-26,200,201496,,,Caroline Wozniacki,R,177.0,DEN,34.1,211316,,Q,Jessika Ponchet,R,,FRA,27.9,6-3 6-2,3,R32,75.0,3.0,0.0,46.0,29.0,21.0,15.0,9.0,0.0,0.0,4.0,5.0,60.0,33.0,24.0,9.0,8.0,3.0,6.0,71.0,908.0,143.0,532.0,2024
2024-560,Us Open,Hard,128,G,2024-08-26,189,215898,,,Jule Niemeier,R,178.0,GER,25.0,220416,,,Moyuka Uchijima,R,171.0,JPN,23.0,6-4 6-0,3,R64,96.0,6.0,5.0,56.0,30.0,20.0,15.0,8.0,3.0,4.0,1.0,7.0,56.0,25.0,14.0,11.0,8.0,5.0,10.0,101.0,724.0,64.0,968.0,2024
2024-560,Us Open,Hard,128,G,2024-08-26,201,206242,22.0,,Beatriz Haddad Maia,L,185.0,BRA,28.2,214939,15.0,,Anna Kalinskaya,R,175.0,RUS,25.7,6-3 6-1,3,R32,80.0,3.0,5.0,56.0,36.0,24.0,10.0,8.0,7.0,8.0,0.0,5.0,45.0,29.0,15.0,6.0,8.0,1.0,6.0,21.0,2221.0,15.0,2712.0,2024
2024-560,Us Open,Hard,128,G,2024-08-26,222,215613,13.0,,Emma Navarro,R,,USA,23.2,211651,26.0,,Paula Badosa,R,180.0,ESP,26.7,6-2 7-5,3,QF,72.0,0.0,2.0,58.0,41.0,29.0,10.0,10.0,4.0,6.0,4.0,7.0,54.0,35.0,22.0,5.0,10.0,3.0,8.0,12.0,3040.0,29.0,1895.0,2024
2024-560,Us Open,Hard,128,G,2024-08-26,203,211148,5.0,,Jasmine Paolini,R,160.0,ITA,28.6,201709,30.0,,Yulia Putintseva,R,163.0,KAZ,29.6,6-3 6-4,3,R32,93.0,1.0,1.0,69.0,42.0,28.0,16.0,10.0,7.0,9.0,2.0,2.0,65.0,47.0,25.0,9.0,9.0,2.0,6.0,5.0,5168.0,32.0,1761.0,2024
2024-560,Us Open,Hard,128,G,2024-08-26,226,214544,2.0,,Aryna Sabalenka,R,182.0,BLR,26.3,202468,6.0,,Jessica Pegula,R,170.0,USA,30.5,7-5 7-5,3,F,113.0,6.0,5.0,82.0,49.0,32.0,14.0,12.0,3.0,7.0,4.0,4.0,85.0,57.0,37.0,6.0,12.0,9.0,15.0,2.0,8016.0,6.0,5160.0,2024
2024-560,Us Open,Hard,128,G,2024-08-26,225,214544,2.0,,Aryna Sabalenka,R,182.0,BLR,26.3,215613,13.0,,Emma Navarro,R,,USA,23.2,6-3 7-6(2),3,SF,90.0,8.0,5.0,69.0,47.0,35.0,10.0,11.0,3.0,5.0,1.0,1.0,63.0,47.0,32.0,4.0,10.0,3.0,6.0,2.0,8016.0,12.0,3040.0,2024
2024-560,Us Open,Hard,128,G,2024-08-26,224,202468,6.0,,Jessica Pegula,R,170.0,USA,30.5,214096,,,Karolina Muchova,R,178.0,CZE,28.0,1-6 6-4 6-2,3,SF,132.0,1.0,1.0,88.0,59.0,34.0,15.0,12.0,7.0,11.0,6.0,3.0,86.0,53.0,34.0,14.0,13.0,8.0,13.0,6.0,5160.0,52.0,1126.0,2024
2024-560,Us Open,Hard,128,G,2024-08-26,223,214544,2.0,,Aryna Sabalenka,R,182.0,BLR,26.3,221012,7.0,,Qinwen Zheng,R,,CHN,21.8,6-1 6-2,3,QF,73.0,3.0,3.0,58.0,41.0,30.0,9.0,8.0,1.0,1.0,5.0,3.0,43.0,19.0,14.0,8.0,7.0,4.0,8.0,2.0,8016.0,7.0,3980.0,2024
2024-560,Us Open,Hard,128,G,2024-08-26,178,201709,30.0,,Yulia Putintseva,R,163.0,KAZ,29.6,216133,,,Xin Yu Wang,R,182.0,CHN,22.9,6-1 7-6(4),3,R64,127.0,1.0,2.0,80.0,52.0,29.0,16.0,9.0,9.0,12.0,1.0,1.0,87.0,49.0,23.0,20.0,10.0,7.0,13.0,32.0,1761.0,40.0,1373.0,2024
2024-560,Us Open,Hard,128,G,2024-08-26,221,214096,,,Karolina Muchova,R,178.0,CZE,28.0,206242,22.0,,Beatriz Haddad Maia,L,185.0,BRA,28.2,6-1 6-4,3,QF,85.0,2.0,2.0,49.0,37.0,29.0,5.0,9.0,2.0,3.0,0.0,1.0,53.0,34.0,18.0,10.0,8.0,8.0,12.0,52.0,1126.0,21.0,2221.0,2024
2024-560,Us Open,Hard,128,G,2024-08-26,220,202468,6.0,,Jessica Pegula,R,170.0,USA,30.5,216347,1.0,,Iga Swiatek,R,176.0,POL,23.2,6-2 6-4,3,QF,88.0,0.0,1.0,54.0,35.0,27.0,10.0,9.0,2.0,3.0,0.0,2.0,60.0,41.0,23.0,9.0,9.0,4.0,8.0,6.0,5160.0,1.0,10695.0,2024
2024-560,Us Open,Hard,128,G,2024-08-26,219,214544,2.0,,Aryna Sabalenka,R,182.0,BLR,26.3,210722,33.0,,Elise Mertens,R,179.0,BEL,28.7,6-2 6-4,3,R16,97.0,6.0,2.0,64.0,37.0,27.0,16.0,9.0,8.0,8.0,3.0,5.0,67.0,31.0,24.0,12.0,9.0,3.0,6.0,2.0,8016.0,35.0,1639.0,2024
2024-560,Us Open,Hard,128,G,2024-08-26,218,221012,7.0,,Qinwen Zheng,R,,CHN,21.8,202499,24.0,,Donna Vekic,R,179.0,CRO,28.1,7-6(2) 4-6 6-2,3,R16,170.0,10.0,6.0,109.0,63.0,51.0,19.0,15.0,5.0,7.0,9.0,8.0,98.0,57.0,41.0,20.0,15.0,5.0,8.0,7.0,3980.0,24.0,2013.0,2024
2024-560,Us Open,Hard,128,G,2024-08-26,217,215613,13.0,,Emma Navarro,R,,USA,23.2,221103,3.0,,Coco Gauff,R,175.0,USA,20.4,6-3 4-6 6-3,3,R16,132.0,1.0,2.0,86.0,57.0,38.0,19.0,14.0,3.0,5.0,2.0,19.0,102.0,47.0,37.0,22.0,14.0,8.0,12.0,12.0,3040.0,3.0,6743.0,2024
2024-560,Us Open,Hard,128,G,2024-08-26,202,214096,,,Karolina Muchova,R,178.0,CZE,28.0,215713,,,Anastasia Potapova,R,175.0,RUS,23.4,6-4 6-2,3,R32,73.0,8.0,1.0,48.0,26.0,21.0,16.0,9.0,2.0,2.0,2.0,8.0,58.0,33.0,24.0,7.0,9.0,4.0,7.0,52.0,1126.0,38.0,1397.0,2024
2024-560,Us Open,Hard,128,G,2024-08-26,216,211651,26.0,,Paula Badosa,R,180.0,ESP,26.7,206374,,,Yafan Wang,R,170.0,CHN,30.3,6-1 6-2,3,R16,82.0,4.0,7.0,68.0,40.0,28.0,15.0,8.0,8.0,8.0,3.0,1.0,48.0,32.0,19.0,5.0,7.0,1.0,5.0,29.0,1895.0,80.0,861.0,2024
2024-560,Us Open,Hard,128,G,2024-08-26,214,206242,22.0,,Beatriz Haddad Maia,L,185.0,BRA,28.2,201496,,,Caroline Wozniacki,R,177.0,DEN,34.1,6-2 3-6 6-3,3,R16,161.0,5.0,4.0,104.0,70.0,49.0,13.0,13.0,13.0,16.0,4.0,4.0,85.0,54.0,36.0,10.0,13.0,3.0,8.0,21.0,2221.0,71.0,908.0,2024
2024-560,Us Open,Hard,128,G,2024-08-26,213,202468,6.0,,Jessica Pegula,R,170.0,USA,30.5,223670,18.0,,Diana Shnaider,L,,RUS,20.3,6-4 6-2,3,R16,87.0,6.0,2.0,66.0,35.0,28.0,12.0,9.0,7.0,9.0,1.0,3.0,70.0,44.0,26.0,10.0,9.0,5.0,10.0,6.0,5160.0,18.0,2385.0,2024
2024-560,Us Open,Hard,128,G,2024-08-26,212,216347,1.0,,Iga Swiatek,R,176.0,POL,23.2,214643,16.0,,Liudmila Samsonova,R,180.0,RUS,25.7,6-4 6-1,3,R16,90.0,3.0,1.0,53.0,33.0,29.0,9.0,9.0,0.0,0.0,1.0,3.0,55.0,33.0,18.0,12.0,8.0,5.0,8.0,1.0,10695.0,16.0,2610.0,2024
2024-560,Us Open,Hard,128,G,2024-08-26,211,214544,2.0,,Aryna Sabalenka,R,182.0,BLR,26.3,206420,29.0,,Ekaterina Alexandrova,R,175.0,RUS,29.7,2-6 6-1 6-2,3,R32,100.0,5.0,4.0,72.0,45.0,31.0,14.0,12.0,4.0,7.0,6.0,4.0,73.0,44.0,24.0,14.0,11.0,9.0,14.0,2.0,8016.0,31.0,1778.0,2024
2024-560,Us Open,Hard,128,G,2024-08-26,210,210722,33.0,,Elise Mertens,R,179.0,BEL,28.7,201619,14.0,,Madison Keys,R,178.0,USA,29.5,6-7(5) 7-5 6-4,3,R32,174.0,4.0,10.0,110.0,56.0,45.0,25.0,17.0,7.0,10.0,7.0,8.0,124.0,94.0,57.0,13.0,17.0,11.0,16.0,35.0,1639.0,14.0,2727.0,2024
2024-560,Us Open,Hard,128,G,2024-08-26,209,202499,24.0,,Donna Vekic,R,179.0,CRO,28.1,220548,,,Peyton Stearns,R,,USA,22.8,7-5 6-4,3,R32,90.0,8.0,1.0,55.0,31.0,27.0,13.0,11.0,3.0,5.0,4.0,3.0,66.0,42.0,26.0,11.0,11.0,3.0,7.0,24.0,2013.0,47.0,1283.0,2024
2024-560,Us Open,Hard,128,G,2024-08-26,208,221012,7.0,,Qinwen Zheng,R,,CHN,21.8,215898,,,Jule Niemeier,R,178.0,GER,25.0,6-2 6-1,3,R32,81.0,7.0,3.0,49.0,25.0,21.0,11.0,7.0,1.0,1.0,2.0,5.0,43.0,19.0,9.0,9.0,8.0,0.0,5.0,7.0,3980.0,101.0,724.0,2024
2024-560,Us Open,Hard,128,G,2024-08-26,207,221103,3.0,,Coco Gauff,R,175.0,USA,20.4,202494,27.0,,Elina Svitolina,R,174.0,UKR,29.9,3-6 6-3 6-3,3,R32,123.0,2.0,4.0,88.0,47.0,37.0,18.0,13.0,5.0,7.0,2.0,7.0,87.0,51.0,37.0,14.0,14.0,6.0,10.0,3.0,6743.0,28.0,1942.0,2024
2024-560,Us Open,Hard,128,G,2024-08-26,206,215613,13.0,,Emma Navarro,R,,USA,23.2,216146,19.0,,Marta Kostyuk,R,175.0,UKR,22.1,6-4 4-6 6-3,3,R32,113.0,0.0,3.0,84.0,64.0,40.0,9.0,15.0,2.0,6.0,2.0,7.0,87.0,53.0,34.0,17.0,14.0,6.0,11.0,12.0,3040.0,19.0,2348.0,2024
2024-560,Us Open,Hard,128,G,2024-08-26,204,211651,26.0,,Paula Badosa,R,180.0,ESP,26.7,211817,,Q,Elena Gabriela Ruse,R,,ROU,26.8,4-6 6-1 7-6(8),3,R32,152.0,8.0,8.0,107.0,49.0,36.0,24.0,15.0,7.0,12.0,2.0,3.0,93.0,42.0,21.0,25.0,14.0,4.0,10.0,29.0,1895.0,122.0,588.0,2024
2024-560,Us Open,Hard,128,G,2024-08-26,215,214096,,,Karolina Muchova,R,178.0,CZE,28.0,211148,5.0,,Jasmine Paolini,R,160.0,ITA,28.6,6-3 6-3,3,R16,69.0,3.0,0.0,44.0,28.0,23.0,11.0,9.0,2.0,3.0,1.0,0.0,53.0,37.0,21.0,8.0,9.0,3.0,7.0,52.0,1126.0,5.0,5168.0,2024
2024-560,Us Open,Hard,128,G,2024-08-26,177,215713,,,Anastasia Potapova,R,175.0,RUS,23.4,201478,,Q,Varvara Lepchenko,L,180.0,USA,38.2,6-3 6-4,3,R64,89.0,1.0,3.0,76.0,39.0,29.0,18.0,10.0,6.0,7.0,3.0,0.0,65.0,40.0,23.0,14.0,9.0,7.0,10.0,38.0,1397.0,199.0,357.0,2024
2024-560,Us Open,Hard,128,G,2024-08-26,205,206374,,,Yafan Wang,R,170.0,CHN,30.3,201458,20.0,,Victoria Azarenka,R,180.0,BLR,35.0,6-4 3-6 6-1,3,R32,142.0,2.0,3.0,83.0,44.0,31.0,18.0,13.0,2.0,6.0,1.0,1.0,78.0,49.0,30.0,12.0,13.0,7.0,13.0,80.0,861.0,20.0,2266.0,2024
2024-560,Us Open,Hard,128,G,2024-08-26,175,214939,15.0,,Anna Kalinskaya,R,175.0,RUS,25.7,214388,,,Anna Bondar,R,,HUN,27.2,6-2 6-4,3,R64,76.0,1.0,0.0,51.0,37.0,27.0,9.0,9.0,4.0,5.0,7.0,7.0,58.0,28.0,20.0,10.0,9.0,1.0,5.0,15.0,2712.0,84.0,861.0,2024
2024-560,Us Open,Hard,128,G,2024-08-26,106,213631,,,Marie Bouzkova,R,180.0,CZE,26.0,220332,,Q,Eva Lys,R,165.0,GER,22.6,6-2 1-6 7-5,3,R128,113.0,2.0,4.0,69.0,40.0,26.0,13.0,13.0,3.0,8.0,1.0,3.0,79.0,58.0,32.0,12.0,14.0,1.0,7.0,45.0,1312.0,112.0,642.0,2024
2024-560,Us Open,Hard,128,G,2024-08-26,105,221909,,,Ashlyn Krueger,R,185.0,USA,20.3,201533,,,Shuai Zhang,R,177.0,CHN,35.5,0-6 6-1 7-5,3,R128,101.0,5.0,4.0,77.0,45.0,30.0,14.0,12.0,9.0,13.0,3.0,3.0,80.0,56.0,38.0,8.0,13.0,3.0,8.0,59.0,1017.0,643.0,60.0,2024
2024-560,Us Open,Hard,128,G,2024-08-26,104,259799,21.0,,Mirra Andreeva,R,,RUS,17.3,215785,,,Camila Osorio,R,162.0,COL,22.6,6-2 7-6(4),3,R128,98.0,3.0,4.0,80.0,56.0,32.0,8.0,10.0,5.0,11.0,1.0,3.0,59.0,37.0,13.0,5.0,10.0,4.0,12.0,23.0,2153.0,82.0,861.0,2024
2024-560,Us Open,Hard,128,G,2024-08-26,103,201499,25.0,,Anastasia Pavlyuchenkova,R,177.0,RUS,33.1,223194,,WC,Taylah Preston,R,,AUS,18.8,6-2 6-0,3,R128,61.0,4.0,4.0,47.0,21.0,18.0,15.0,7.0,5.0,5.0,0.0,3.0,39.0,21.0,9.0,7.0,7.0,2.0,7.0,27.0,1961.0,145.0,528.0,2024
2024-560,Us Open,Hard,128,G,2024-08-26,102,220714,,,Elisabetta Cocciaretto,R,,ITA,23.5,203462,,,Kateryna Baindl,R,175.0,UKR,30.5,6-3 6-0,3,R128,66.0,2.0,1.0,57.0,39.0,26.0,10.0,8.0,3.0,4.0,0.0,4.0,38.0,25.0,13.0,2.0,7.0,2.0,7.0,65.0,963.0,329.0,191.0,2024
2024-560,Us Open,Hard,128,G,2024-08-26,101,214262,,Q,Ena Shibahara,R,170.0,JPN,26.5,201611,,,Daria Saville,R,166.0,AUS,30.4,6-3 4-6 7-6(6),3,R128,197.0,10.0,8.0,109.0,56.0,38.0,23.0,16.0,9.0,14.0,1.0,11.0,144.0,93.0,53.0,22.0,15.0,13.0,18.0,217.0,323.0,95.0,766.0,2024
2024-560,Us Open,Hard,128,G,2024-08-26,100,216347,1.0,,Iga Swiatek,R,176.0,POL,23.2,215872,,LL,Kamilla Rakhimova,R,,RUS,22.9,6-4 7-6(6),3,R128,112.0,5.0,1.0,67.0,38.0,27.0,20.0,11.0,2.0,4.0,2.0,5.0,77.0,46.0,31.0,17.0,11.0,3.0,6.0,1.0,10695.0,104.0,682.0,2024
2024-560,Us Open,Hard,128,G,2024-08-26,126,201478,,Q,Varvara Lepchenko,L,180.0,USA,38.2,259104,,,Brenda Fruhvirtova,R,,CZE,17.4,2-1 RET,3,R128,15.0,1.0,0.0,4.0,2.0,2.0,2.0,1.0,0.0,0.0,1.0,1.0,20.0,12.0,7.0,3.0,2.0,5.0,6.0,199.0,357.0,106.0,673.0,2024
2024-560,Us Open,Hard,128,G,2024-08-26,127,215713,,,Anastasia Potapova,R,175.0,RUS,23.4,220367,23.0,,Leylah Fernandez,L,168.0,CAN,21.9,2-6 6-4 7-5,3,R128,146.0,3.0,6.0,111.0,70.0,46.0,15.0,15.0,13.0,19.0,4.0,6.0,99.0,55.0,35.0,20.0,15.0,8.0,14.0,38.0,1397.0,26.0,2009.0,2024
2024-560,Us Open,Hard,128,G,2024-08-26,128,201709,30.0,,Yulia Putintseva,R,163.0,KAZ,29.6,222328,,,Linda Noskova,R,,CZE,19.7,7-6(3) 6-4,3,R128,101.0,3.0,1.0,78.0,52.0,33.0,10.0,11.0,1.0,5.0,6.0,8.0,70.0,35.0,20.0,16.0,11.0,4.0,9.0,32.0,1761.0,25.0,2013.0,2024
2024-560,Us Open,Hard,128,G,2024-08-26,129,216133,,,Xin Yu Wang,R,182.0,CHN,22.9,201613,,Q,Arina Rodionova,R,168.0,AUS,34.6,3-6 6-4 6-1,3,R128,130.0,5.0,6.0,97.0,65.0,41.0,13.0,13.0,12.0,16.0,1.0,5.0,90.0,50.0,29.0,17.0,14.0,3.0,9.0,40.0,1373.0,119.0,607.0,2024
2024-560,Us Open,Hard,128,G,2024-08-26,131,211148,5.0,,Jasmine Paolini,R,160.0,ITA,28.6,215370,,WC,Bianca Andreescu,R,170.0,CAN,24.1,6-7(5) 6-2 6-4,3,R128,168.0,2.0,2.0,103.0,66.0,44.0,20.0,15.0,6.0,10.0,3.0,8.0,122.0,82.0,47.0,20.0,15.0,9.0,16.0,5.0,5168.0,167.0,444.0,2024
2024-560,Us Open,Hard,128,G,2024-08-26,132,206252,8.0,,Barbora Krejcikova,R,178.0,CZE,28.6,215453,,Q,Marina Bassols Ribera,R,165.0,ESP,24.7,7-6(3) 6-2,3,R128,94.0,1.0,4.0,58.0,35.0,25.0,12.0,10.0,2.0,5.0,2.0,2.0,73.0,39.0,23.0,13.0,10.0,8.0,13.0,8.0,3571.0,114.0,625.0,2024
2024-560,Us Open,Hard,128,G,2024-08-26,133,211817,,Q,Elena Gabriela Ruse,R,,ROU,26.8,211814,,,Julia Grabher,R,170.0,AUT,28.1,6-2 6-4,3,R128,72.0,1.0,6.0,53.0,26.0,20.0,15.0,9.0,1.0,2.0,1.0,3.0,48.0,29.0,16.0,9.0,9.0,2.0,6.0,122.0,588.0,1023.0,16.0,2024
2024-560,Us Open,Hard,128,G,2024-08-26,134,203501,,,Taylor Townsend,L,170.0,USA,28.3,203354,,,Martina Trevisan,L,160.0,ITA,30.8,6-2 7-5,3,R128,114.0,6.0,3.0,77.0,45.0,30.0,17.0,10.0,9.0,11.0,1.0,6.0,78.0,45.0,24.0,14.0,10.0,5.0,10.0,48.0,1267.0,90.0,788.0,2024
2024-560,Us Open,Hard,128,G,2024-08-26,107,214643,16.0,,Liudmila Samsonova,R,180.0,RUS,25.7,202492,,,Qiang Wang,R,172.0,CHN,32.6,6-2 7-5,3,R128,92.0,3.0,7.0,74.0,34.0,23.0,18.0,10.0,5.0,8.0,4.0,3.0,54.0,37.0,22.0,4.0,10.0,3.0,9.0,16.0,2610.0,438.0,128.0,2024
2024-560,Us Open,Hard,128,G,2024-08-26,108,214452,,,Caroline Dolehide,R,178.0,USA,25.9,203389,11.0,,Danielle Collins,R,178.0,USA,30.7,1-6 7-5 6-4,3,R128,160.0,2.0,5.0,101.0,70.0,42.0,13.0,14.0,7.0,12.0,4.0,11.0,110.0,63.0,43.0,20.0,15.0,13.0,18.0,49.0,1227.0,11.0,3422.0,2024
2024-560,Us Open,Hard,128,G,2024-08-26,109,201506,,,Sara Errani,R,164.0,ITA,37.3,213710,,,Cristina Bucsa,R,,ESP,26.6,3-6 6-0 6-4,3,R128,122.0,1.0,2.0,74.0,57.0,33.0,7.0,13.0,2.0,7.0,1.0,5.0,87.0,55.0,28.0,12.0,12.0,8.0,15.0,96.0,760.0,77.0,877.0,2024
2024-560,Us Open,Hard,128,G,2024-08-26,110,220704,,,Clara Tauson,R,182.0,DEN,21.6,203533,,,Anna Karolina Schmiedlova,R,176.0,SVK,29.9,1-6 7-6(5) 6-2,3,R128,138.0,8.0,9.0,87.0,51.0,37.0,15.0,13.0,3.0,7.0,3.0,7.0,93.0,51.0,36.0,20.0,14.0,5.0,9.0,67.0,929.0,87.0,831.0,2024
2024-560,Us Open,Hard,128,G,2024-08-26,125,214096,,,Karolina Muchova,R,178.0,CZE,28.0,220465,,,Katie Volynets,R,,USA,22.6,6-3 7-5,3,R128,101.0,2.0,3.0,65.0,35.0,24.0,16.0,11.0,3.0,6.0,1.0,3.0,67.0,52.0,28.0,6.0,10.0,2.0,7.0,52.0,1126.0,57.0,1042.0,2024
2024-560,Us Open,Hard,128,G,2024-08-26,124,211768,,WC,Naomi Osaka,R,180.0,JPN,26.8,211533,10.0,,Jelena Ostapenko,R,177.0,LAT,27.2,6-3 6-2,3,R128,64.0,9.0,0.0,50.0,30.0,24.0,15.0,9.0,2.0,2.0,5.0,6.0,50.0,31.0,19.0,9.0,8.0,0.0,3.0,88.0,824.0,10.0,3428.0,2024
2024-560,Us Open,Hard,128,G,2024-08-26,176,214096,,,Karolina Muchova,R,178.0,CZE,28.0,211768,,WC,Naomi Osaka,R,180.0,JPN,26.8,6-3 7-6(5),3,R64,94.0,7.0,1.0,59.0,47.0,36.0,7.0,10.0,2.0,3.0,6.0,4.0,76.0,43.0,32.0,14.0,11.0,4.0,7.0,52.0,1126.0,88.0,824.0,2024
2024-560,Us Open,Hard,128,G,2024-08-26,123,214939,15.0,,Anna Kalinskaya,R,175.0,RUS,25.7,201616,,,Lauren Davis,R,157.0,USA,30.8,6-2 6-2,3,R128,65.0,1.0,4.0,42.0,26.0,21.0,10.0,8.0,0.0,1.0,3.0,2.0,47.0,24.0,12.0,9.0,8.0,6.0,11.0,15.0,2712.0,408.0,145.0,2024
2024-560,Us Open,Hard,128,G,2024-08-26,122,214388,,,Anna Bondar,R,,HUN,27.2,211095,,,Bernarda Pera,L,175.0,USA,29.7,6-3 3-6 6-3,3,R128,118.0,6.0,11.0,90.0,44.0,33.0,25.0,14.0,4.0,6.0,9.0,6.0,87.0,40.0,32.0,21.0,13.0,4.0,7.0,84.0,861.0,79.0,872.0,2024
2024-560,Us Open,Hard,128,G,2024-08-26,121,204427,,,Sara Sorribes Tormo,R,176.0,ESP,27.8,220440,,WC,Alexa Noel,R,168.0,USA,21.9,6-1 6-3,3,R128,92.0,0.0,2.0,44.0,29.0,19.0,11.0,8.0,2.0,3.0,1.0,2.0,59.0,35.0,19.0,7.0,8.0,4.0,9.0,115.0,624.0,784.0,36.0,2024
2024-560,Us Open,Hard,128,G,2024-08-26,120,206242,22.0,,Beatriz Haddad Maia,L,185.0,BRA,28.2,220589,,,Elina Avanesyan,R,,ARM,21.9,4-6 6-0 6-2,3,R128,100.0,2.0,6.0,70.0,42.0,33.0,14.0,12.0,2.0,4.0,1.0,1.0,64.0,38.0,19.0,13.0,12.0,4.0,10.0,21.0,2221.0,51.0,1200.0,2024
2024-560,Us Open,Hard,128,G,2024-08-26,135,211651,26.0,,Paula Badosa,R,180.0,ESP,26.7,203530,,,Viktorija Golubic,R,169.0,SUI,31.8,6-0 6-3,3,R128,69.0,4.0,7.0,41.0,19.0,13.0,12.0,8.0,0.0,2.0,1.0,3.0,52.0,39.0,18.0,3.0,7.0,2.0,8.0,29.0,1895.0,73.0,901.0,2024
2024-560,Us Open,Hard,128,G,2024-08-26,119,213887,,,Renata Zarazua,R,,MEX,26.9,201614,28.0,,Caroline Garcia,R,177.0,FRA,30.8,6-1 6-4,3,R128,78.0,0.0,5.0,59.0,29.0,20.0,19.0,9.0,6.0,7.0,6.0,7.0,45.0,27.0,16.0,5.0,8.0,2.0,6.0,92.0,784.0,30.0,1808.0,2024
2024-560,Us Open,Hard,128,G,2024-08-26,117,211316,,Q,Jessika Ponchet,R,,FRA,27.9,202453,,,Saisai Zheng,R,170.0,CHN,30.5,6-4 6-1,3,R128,65.0,2.0,4.0,53.0,25.0,20.0,14.0,9.0,2.0,4.0,0.0,0.0,44.0,23.0,12.0,8.0,8.0,1.0,6.0,143.0,532.0,1294.0,6.0,2024
2024-560,Us Open,Hard,128,G,2024-08-26,116,214981,4.0,,Elena Rybakina,R,184.0,KAZ,25.1,215018,,Q,Destanee Aiava,R,175.0,AUS,24.2,6-1 7-6(1),3,R128,82.0,11.0,7.0,76.0,38.0,30.0,18.0,10.0,4.0,5.0,5.0,5.0,63.0,38.0,23.0,12.0,9.0,3.0,6.0,4.0,5931.0,194.0,363.0,2024
2024-560,Us Open,Hard,128,G,2024-08-26,115,202468,6.0,,Jessica Pegula,R,170.0,USA,30.5,201603,,,Shelby Rogers,R,175.0,USA,31.8,6-4 6-3,3,R128,83.0,3.0,3.0,74.0,44.0,33.0,13.0,10.0,5.0,6.0,1.0,0.0,50.0,25.0,13.0,16.0,9.0,3.0,6.0,6.0,5160.0,356.0,173.0,2024
2024-560,Us Open,Hard,128,G,2024-08-26,114,213550,,,Sofia Kenin,R,170.0,USA,25.7,221054,,,Emma Raducanu,R,175.0,GBR,21.7,6-1 3-6 6-4,3,R128,131.0,6.0,5.0,93.0,69.0,45.0,12.0,13.0,6.0,9.0,6.0,3.0,79.0,51.0,35.0,9.0,13.0,6.0,11.0,54.0,1099.0,72.0,907.0,2024
2024-560,Us Open,Hard,128,G,2024-08-26,113,222601,,,Jessica Bouzas Maneiro,R,,ESP,21.9,201549,,,Petra Martic,R,181.0,CRO,33.6,6-3 6-0,3,R128,64.0,1.0,4.0,41.0,23.0,17.0,10.0,7.0,0.0,1.0,5.0,3.0,59.0,37.0,21.0,5.0,8.0,1.0,7.0,74.0,896.0,98.0,738.0,2024
2024-560,Us Open,Hard,128,G,2024-08-26,112,211107,31.0,,Katie Boulter,R,180.0,GBR,28.0,205925,,Q,Aliaksandra Sasnovich,R,174.0,BLR,30.4,5-7 6-2 6-1,3,R128,145.0,3.0,4.0,99.0,46.0,35.0,26.0,14.0,10.0,13.0,3.0,9.0,76.0,47.0,27.0,11.0,13.0,5.0,11.0,33.0,1715.0,107.0,669.0,2024
2024-560,Us Open,Hard,128,G,2024-08-26,111,223670,18.0,,Diana Shnaider,L,,RUS,20.3,206408,,,Nadia Podoroska,R,170.0,ARG,27.5,6-0 6-1,3,R128,51.0,0.0,1.0,45.0,29.0,22.0,11.0,7.0,4.0,4.0,2.0,1.0,34.0,21.0,10.0,3.0,6.0,0.0,5.0,18.0,2385.0,68.0,920.0,2024
2024-560,Us Open,Hard,128,G,2024-08-26,118,201496,,,Caroline Wozniacki,R,177.0,DEN,34.1,211702,,Q,Nao Hibino,R,163.0,JPN,29.7,6-0 6-1,3,R128,53.0,1.0,2.0,36.0,27.0,22.0,6.0,7.0,0.0,0.0,0.0,2.0,40.0,24.0,9.0,6.0,6.0,2.0,7.0,71.0,908.0,155.0,476.0,2024
2024-560,Us Open,Hard,128,G,2024-08-26,136,201458,20.0,,Victoria Azarenka,R,180.0,BLR,35.0,263857,,Q,Yuliia Starodubtseva,R,,UKR,24.5,3-6 6-1 6-1,3,R128,128.0,1.0,10.0,70.0,47.0,31.0,9.0,11.0,3.0,6.0,1.0,3.0,99.0,63.0,37.0,9.0,12.0,7.0,14.0,20.0,2266.0,146.0,520.0,2024
2024-560,Us Open,Hard,128,G,2024-08-26,130,201662,,,Karolina Pliskova,R,184.0,CZE,32.4,210886,,,Mayar Sherif,R,180.0,EGY,28.3,6-3 0-6 7-5,3,R128,143.0,6.0,7.0,88.0,49.0,29.0,16.0,13.0,4.0,10.0,4.0,8.0,109.0,63.0,40.0,18.0,14.0,12.0,18.0,44.0,1324.0,89.0,793.0,2024
2024-560,Us Open,Hard,128,G,2024-08-26,138,220348,,,Diane Parry,R,170.0,FRA,21.9,216016,,,Xiyu Wang,L,,CHN,23.4,7-6(2) 7-6(5),3,R128,125.0,6.0,3.0,80.0,49.0,38.0,17.0,12.0,2.0,4.0,9.0,7.0,81.0,48.0,38.0,14.0,12.0,3.0,5.0,60.0,1002.0,53.0,1105.0,2024
2024-560,Us Open,Hard,128,G,2024-08-26,159,210722,33.0,,Elise Mertens,R,179.0,BEL,28.7,206368,,,Veronika Kudermetova,R,175.0,RUS,27.3,3-6 6-4 6-3,3,R128,147.0,5.0,6.0,84.0,36.0,23.0,26.0,14.0,3.0,7.0,3.0,2.0,87.0,48.0,29.0,18.0,14.0,5.0,10.0,35.0,1639.0,46.0,1308.0,2024
2024-560,Us Open,Hard,128,G,2024-08-26,160,206420,29.0,,Ekaterina Alexandrova,R,175.0,RUS,29.7,202600,,,Viktoriya Tomova,R,170.0,BUL,29.5,6-7(4) 6-0 7-5,3,R128,153.0,7.0,5.0,106.0,63.0,47.0,19.0,15.0,9.0,12.0,2.0,3.0,94.0,66.0,35.0,12.0,15.0,7.0,14.0,31.0,1778.0,58.0,1031.0,2024
2024-560,Us Open,Hard,128,G,2024-08-26,161,260300,,WC,Iva Jovic,R,,USA,16.7,202663,,,Magda Linette,R,171.0,POL,32.5,6-4 6-3,3,R128,88.0,0.0,0.0,54.0,29.0,20.0,16.0,9.0,3.0,4.0,5.0,2.0,65.0,42.0,29.0,7.0,10.0,4.0,8.0,389.0,155.0,42.0,1371.0,2024
2024-560,Us Open,Hard,128,G,2024-08-26,162,214459,,,Lucia Bronzetti,R,,ITA,25.7,215138,,,Lulu Sun,L,,NZL,23.3,6-3 RET,3,R128,64.0,3.0,0.0,37.0,21.0,15.0,9.0,5.0,4.0,4.0,3.0,1.0,29.0,13.0,9.0,8.0,4.0,0.0,1.0,76.0,891.0,41.0,1373.0,2024
2024-560,Us Open,Hard,128,G,2024-08-26,137,216262,,,Clara Burel,R,176.0,FRA,23.4,201585,,,Sloane Stephens,R,170.0,USA,31.4,0-6 7-5 7-5,3,R128,126.0,2.0,4.0,87.0,58.0,33.0,9.0,15.0,5.0,14.0,0.0,5.0,83.0,57.0,27.0,12.0,15.0,3.0,11.0,56.0,1075.0,62.0,987.0,2024
2024-560,Us Open,Hard,128,G,2024-08-26,164,216347,1.0,,Iga Swiatek,R,176.0,POL,23.2,214262,,Q,Ena Shibahara,R,170.0,JPN,26.5,6-0 6-1,3,R64,65.0,4.0,0.0,34.0,24.0,20.0,8.0,7.0,0.0,0.0,1.0,4.0,55.0,37.0,19.0,4.0,6.0,4.0,9.0,1.0,10695.0,217.0,323.0,2024
2024-560,Us Open,Hard,128,G,2024-08-26,165,201499,25.0,,Anastasia Pavlyuchenkova,R,177.0,RUS,33.1,220714,,,Elisabetta Cocciaretto,R,,ITA,23.5,5-7 6-1 6-2,3,R64,149.0,4.0,8.0,114.0,65.0,45.0,19.0,14.0,9.0,13.0,2.0,4.0,81.0,55.0,26.0,13.0,13.0,3.0,10.0,27.0,1961.0,65.0,963.0,2024
2024-560,Us Open,Hard,128,G,2024-08-26,158,201548,,,Ajla Tomljanovic,R,180.0,AUS,31.3,215983,,Q,Ann Li,R,170.0,USA,24.1,6-4 6-4,3,R128,101.0,2.0,11.0,98.0,63.0,40.0,16.0,10.0,11.0,13.0,3.0,3.0,58.0,35.0,23.0,9.0,10.0,5.0,9.0,118.0,607.0,128.0,559.0,2024
2024-560,Us Open,Hard,128,G,2024-08-26,166,221909,,,Ashlyn Krueger,R,185.0,USA,20.3,259799,21.0,,Mirra Andreeva,R,,RUS,17.3,6-1 6-4,3,R64,64.0,1.0,4.0,53.0,30.0,23.0,10.0,9.0,2.0,5.0,4.0,2.0,43.0,27.0,16.0,2.0,8.0,4.0,10.0,59.0,1017.0,23.0,2153.0,2024
2024-560,Us Open,Hard,128,G,2024-08-26,168,201506,,,Sara Errani,R,164.0,ITA,37.3,214452,,,Caroline Dolehide,R,178.0,USA,25.9,7-5 7-5,3,R64,110.0,0.0,1.0,64.0,48.0,36.0,11.0,12.0,0.0,1.0,2.0,2.0,92.0,74.0,47.0,5.0,12.0,11.0,14.0,96.0,760.0,49.0,1227.0,2024
2024-560,Us Open,Hard,128,G,2024-08-26,169,223670,18.0,,Diana Shnaider,L,,RUS,20.3,220704,,,Clara Tauson,R,182.0,DEN,21.6,6-4 6-4,3,R64,87.0,3.0,4.0,64.0,43.0,32.0,12.0,10.0,1.0,1.0,7.0,4.0,68.0,34.0,24.0,18.0,10.0,2.0,4.0,18.0,2385.0,67.0,929.0,2024
2024-560,Us Open,Hard,128,G,2024-08-26,170,222601,,,Jessica Bouzas Maneiro,R,,ESP,21.9,211107,31.0,,Katie Boulter,R,180.0,GBR,28.0,7-5 7-5,3,R64,105.0,2.0,8.0,78.0,44.0,28.0,16.0,12.0,3.0,6.0,1.0,3.0,73.0,40.0,24.0,16.0,12.0,3.0,8.0,74.0,896.0,33.0,1715.0,2024
2024-560,Us Open,Hard,128,G,2024-08-26,171,202468,6.0,,Jessica Pegula,R,170.0,USA,30.5,213550,,,Sofia Kenin,R,170.0,USA,25.7,7-6(4) 6-3,3,R64,87.0,6.0,2.0,70.0,46.0,30.0,13.0,11.0,4.0,7.0,2.0,6.0,69.0,44.0,26.0,11.0,10.0,3.0,7.0,6.0,5160.0,54.0,1099.0,2024
2024-560,Us Open,Hard,128,G,2024-08-26,172,211316,,Q,Jessika Ponchet,R,,FRA,27.9,214981,4.0,,Elena Rybakina,R,184.0,KAZ,25.1,W/O,3,R64,,,,,,,,,,,,,,,,,,,,143.0,532.0,4.0,5931.0,2024
2024-560,Us Open,Hard,128,G,2024-08-26,173,201496,,,Caroline Wozniacki,R,177.0,DEN,34.1,213887,,,Renata Zarazua,R,,MEX,26.9,6-3 6-3,3,R64,109.0,1.0,5.0,56.0,38.0,26.0,9.0,9.0,5.0,7.0,0.0,1.0,67.0,46.0,21.0,12.0,9.0,4.0,9.0,71.0,908.0,92.0,784.0,2024
2024-560,Us Open,Hard,128,G,2024-08-26,174,206242,22.0,,Beatriz Haddad Maia,L,185.0,BRA,28.2,204427,,,Sara Sorribes Tormo,R,176.0,ESP,27.8,6-2 6-1,3,R64,73.0,2.0,1.0,37.0,28.0,22.0,6.0,7.0,0.0,0.0,0.0,3.0,46.0,32.0,13.0,6.0,8.0,6.0,11.0,21.0,2221.0,115.0,624.0,2024
2024-560,Us Open,Hard,128,G,2024-08-26,167,214643,16.0,,Liudmila Samsonova,R,180.0,RUS,25.7,213631,,,Marie Bouzkova,R,180.0,CZE,26.0,3-6 7-6(1) 6-3,3,R64,169.0,12.0,6.0,103.0,57.0,41.0,23.0,16.0,4.0,8.0,4.0,5.0,94.0,50.0,32.0,24.0,14.0,3.0,6.0,16.0,2610.0,45.0,1312.0,2024
2024-560,Us Open,Hard,128,G,2024-08-26,157,233741,,Q,Maya Joint,R,,AUS,18.3,201696,,,Laura Siegemund,R,168.0,GER,36.4,6-4 7-5,3,R128,100.0,1.0,0.0,60.0,40.0,24.0,12.0,11.0,0.0,3.0,1.0,3.0,61.0,36.0,20.0,12.0,11.0,4.0,9.0,135.0,544.0,94.0,778.0,2024
2024-560,Us Open,Hard,128,G,2024-08-26,163,214544,2.0,,Aryna Sabalenka,R,182.0,BLR,26.3,211880,,Q,Priscilla Hon,R,171.0,AUS,26.2,6-3 6-3,3,R128,79.0,3.0,0.0,60.0,36.0,26.0,14.0,9.0,5.0,6.0,3.0,1.0,53.0,26.0,17.0,11.0,9.0,3.0,7.0,2.0,8016.0,203.0,345.0,2024
2024-560,Us Open,Hard,128,G,2024-08-26,155,214082,12.0,,Daria Kasatkina,R,170.0,RUS,27.3,211713,,,Jaqueline Cristian,R,180.0,ROU,26.2,6-2 6-4,3,R128,75.0,2.0,3.0,55.0,34.0,21.0,11.0,9.0,2.0,4.0,1.0,6.0,52.0,28.0,18.0,6.0,9.0,3.0,8.0,13.0,2973.0,69.0,919.0,2024
2024-560,Us Open,Hard,128,G,2024-08-26,139,206374,,,Yafan Wang,R,170.0,CHN,30.3,206289,9.0,,Maria Sakkari,R,172.0,GRE,29.0,6-2 RET,3,R128,40.0,2.0,1.0,24.0,17.0,13.0,4.0,4.0,3.0,3.0,0.0,2.0,25.0,16.0,11.0,2.0,4.0,3.0,5.0,80.0,861.0,9.0,3515.0,2024
2024-560,Us Open,Hard,128,G,2024-08-26,156,201619,14.0,,Madison Keys,R,178.0,USA,29.5,211701,,,Katerina Siniakova,R,174.0,CZE,28.2,6-4 6-1,3,R128,64.0,1.0,3.0,48.0,36.0,25.0,8.0,8.0,1.0,2.0,0.0,11.0,62.0,32.0,21.0,10.0,9.0,5.0,10.0,14.0,2727.0,36.0,1474.0,2024
2024-560,Us Open,Hard,128,G,2024-08-26,141,201551,,,Arantxa Rus,L,180.0,NED,33.7,202536,,,Ana Bogdan,R,171.0,ROU,31.7,6-4 7-6(5),3,R128,133.0,5.0,2.0,68.0,46.0,32.0,13.0,11.0,1.0,4.0,1.0,4.0,95.0,58.0,39.0,15.0,11.0,6.0,10.0,93.0,779.0,91.0,786.0,2024
2024-560,Us Open,Hard,128,G,2024-08-26,142,211279,,,Harriet Dart,R,175.0,GBR,28.0,203564,,WC,Chloe Paquet,R,179.0,FRA,30.1,6-1 6-2,3,R128,74.0,4.0,4.0,56.0,32.0,21.0,12.0,7.0,6.0,7.0,2.0,7.0,44.0,30.0,14.0,2.0,8.0,2.0,8.0,78.0,874.0,97.0,746.0,2024
2024-560,Us Open,Hard,128,G,2024-08-26,143,216146,19.0,,Marta Kostyuk,R,175.0,UKR,22.1,220520,,WC,Mccartney Kessler,R,,USA,25.1,6-2 6-3,3,R128,77.0,3.0,6.0,57.0,31.0,27.0,12.0,9.0,1.0,2.0,0.0,2.0,59.0,28.0,17.0,12.0,8.0,5.0,9.0,19.0,2348.0,63.0,971.0,2024
2024-560,Us Open,Hard,128,G,2024-08-26,144,202494,27.0,,Elina Svitolina,R,174.0,UKR,29.9,214604,,,Maria Lourdes Carle,R,,ARG,24.5,3-6 6-3 6-4,3,R128,140.0,0.0,3.0,102.0,68.0,41.0,15.0,14.0,11.0,17.0,3.0,9.0,86.0,50.0,31.0,11.0,14.0,7.0,14.0,28.0,1942.0,83.0,861.0,2024
2024-560,Us Open,Hard,128,G,2024-08-26,145,211843,,,Anhelina Kalinina,R,179.0,UKR,27.5,206219,,,Oceane Dodin,R,,FRA,27.8,6-1 3-6 6-1,3,R128,100.0,9.0,3.0,69.0,35.0,28.0,19.0,12.0,7.0,9.0,5.0,10.0,67.0,34.0,22.0,14.0,11.0,2.0,7.0,55.0,1076.0,86.0,839.0,2024
2024-560,Us Open,Hard,128,G,2024-08-26,146,213583,,,Tatjana Maria,R,172.0,GER,37.0,221333,,Q,Solana Sierra,R,,ARG,20.1,6-2 6-3,3,R128,68.0,6.0,2.0,51.0,33.0,28.0,9.0,9.0,5.0,6.0,1.0,5.0,55.0,34.0,17.0,9.0,8.0,7.0,11.0,99.0,735.0,158.0,465.0,2024
2024-560,Us Open,Hard,128,G,2024-08-26,140,215613,13.0,,Emma Navarro,R,,USA,23.2,215020,,,Anna Blinkova,R,179.0,RUS,25.9,6-1 6-1,3,R128,59.0,0.0,3.0,44.0,25.0,21.0,8.0,7.0,1.0,2.0,0.0,6.0,51.0,35.0,15.0,3.0,7.0,4.0,10.0,12.0,3040.0,81.0,861.0,2024
2024-560,Us Open,Hard,128,G,2024-08-26,148,221012,7.0,,Qinwen Zheng,R,,CHN,21.8,216153,,WC,Amanda Anisimova,R,180.0,USA,22.9,4-6 6-4 6-2,3,R128,140.0,12.0,2.0,90.0,45.0,33.0,20.0,14.0,8.0,12.0,1.0,4.0,86.0,45.0,28.0,17.0,14.0,5.0,11.0,7.0,3980.0,50.0,1206.0,2024
2024-560,Us Open,Hard,128,G,2024-08-26,149,222965,,,Erika Andreeva,R,,RUS,20.1,206294,,,Yue Yuan,R,184.0,CHN,25.9,6-3 7-6(7),3,R128,114.0,8.0,3.0,84.0,46.0,36.0,17.0,11.0,3.0,5.0,3.0,1.0,75.0,47.0,31.0,13.0,11.0,8.0,11.0,75.0,892.0,37.0,1464.0,2024
2024-560,Us Open,Hard,128,G,2024-08-26,150,220416,,,Moyuka Uchijima,R,171.0,JPN,23.0,211337,,,Tamara Korpatsch,R,170.0,GER,29.2,3-6 6-3 6-4,3,R128,135.0,2.0,10.0,84.0,39.0,25.0,22.0,14.0,2.0,7.0,4.0,7.0,92.0,37.0,25.0,22.0,14.0,7.0,13.0,64.0,968.0,111.0,648.0,2024
2024-560,Us Open,Hard,128,G,2024-08-26,151,215898,,,Jule Niemeier,R,178.0,GER,25.0,215035,32.0,,Dayana Yastremska,R,175.0,UKR,24.2,6-4 6-7(3) 6-4,3,R128,190.0,7.0,13.0,132.0,75.0,49.0,26.0,16.0,13.0,16.0,6.0,9.0,118.0,64.0,41.0,28.0,16.0,10.0,15.0,101.0,724.0,34.0,1682.0,2024
2024-560,Us Open,Hard,128,G,2024-08-26,152,202499,24.0,,Donna Vekic,R,179.0,CRO,28.1,214040,,Q,Kimberly Birrell,R,170.0,AUS,26.3,6-4 6-4,3,R128,93.0,1.0,4.0,59.0,31.0,22.0,15.0,10.0,1.0,3.0,2.0,3.0,66.0,41.0,23.0,12.0,10.0,2.0,6.0,24.0,2013.0,147.0,508.0,2024
2024-560,Us Open,Hard,128,G,2024-08-26,153,213889,,,Greet Minnen,R,,BEL,27.0,211684,,,Magdalena Frech,R,171.0,POL,26.6,7-5 7-5,3,R128,112.0,3.0,5.0,75.0,44.0,33.0,14.0,12.0,5.0,8.0,1.0,0.0,80.0,48.0,27.0,15.0,12.0,0.0,5.0,70.0,918.0,43.0,1363.0,2024
2024-560,Us Open,Hard,128,G,2024-08-26,154,220548,,,Peyton Stearns,R,,USA,22.8,201615,,,Lesia Tsurenko,R,174.0,UKR,35.2,6-1 7-5,3,R128,102.0,8.0,3.0,80.0,49.0,35.0,12.0,10.0,4.0,6.0,0.0,6.0,64.0,36.0,22.0,8.0,9.0,5.0,10.0,47.0,1283.0,85.0,854.0,2024
2024-560,Us Open,Hard,128,G,2024-08-26,147,221103,3.0,,Coco Gauff,R,175.0,USA,20.4,219875,,,Varvara Gracheva,R,,FRA,24.0,6-2 6-0,3,R128,66.0,10.0,6.0,61.0,39.0,28.0,10.0,7.0,8.0,8.0,0.0,4.0,41.0,20.0,11.0,6.0,7.0,5.0,10.0,3.0,6743.0,66.0,935.0,2024
2024-2072,Monastir,Hard,32,I,2024-09-09,282,213889,6.0,,Greet Minnen,R,,BEL,27.0,221434,,LL,Aliona Falei,U,,BLR,20.4,6-0 3-6 6-2,3,R32,,1.0,5.0,69.0,47.0,34.0,9.0,11.0,4.0,6.0,2.0,3.0,76.0,47.0,29.0,11.0,12.0,6.0,12.0,88.0,818.0,207.0,342.0,2024
2024-2072,Monastir,Hard,32,I,2024-09-09,281,220348,3.0,,Diane Parry,R,170.0,FRA,22.0,214032,,WC,Chiraz Bechri,R,,TUN,26.1,6-3 6-0,3,R32,,4.0,2.0,46.0,23.0,19.0,14.0,8.0,3.0,4.0,0.0,1.0,38.0,14.0,3.0,11.0,7.0,1.0,6.0,55.0,1062.0,1206.0,9.0,2024
2024-2072,Monastir,Hard,32,I,2024-09-09,280,263857,,Q,Yuliia Starodubtseva,R,,UKR,24.5,215480,,,Suzan Lamens,R,,NED,25.1,6-2 3-6 6-4,3,R32,,2.0,3.0,80.0,47.0,30.0,14.0,14.0,4.0,10.0,1.0,2.0,90.0,65.0,36.0,7.0,13.0,5.0,12.0,130.0,558.0,138.0,537.0,2024
2024-2072,Monastir,Hard,32,I,2024-09-09,279,215988,,,Mai Hontama,R,,JPN,25.0,221187,,WC,Priska Madelyn Nugroho,R,,INA,21.2,6-2 6-1,3,R32,,0.0,2.0,48.0,33.0,21.0,8.0,7.0,1.0,3.0,0.0,3.0,46.0,32.0,12.0,3.0,8.0,4.0,11.0,109.0,657.0,621.0,68.0,2024
2024-2072,Monastir,Hard,32,I,2024-09-09,278,222661,,Q,Sonay Kartal,R,,GBR,22.8,211713,5.0,,Jaqueline Cristian,R,180.0,ROU,26.2,4-6 6-3 7-5,3,R32,,2.0,4.0,101.0,70.0,42.0,13.0,16.0,7.0,14.0,3.0,5.0,93.0,57.0,27.0,18.0,15.0,5.0,13.0,151.0,486.0,74.0,900.0,2024
2024-2072,Monastir,Hard,32,I,2024-09-09,277,214459,7.0,,Lucia Bronzetti,R,,ITA,25.7,213646,,,Dalma Galfi,R,178.0,HUN,26.0,6-2 6-1,3,R32,,0.0,1.0,51.0,37.0,24.0,11.0,7.0,6.0,6.0,2.0,4.0,63.0,49.0,24.0,5.0,8.0,8.0,13.0,86.0,831.0,131.0,557.0,2024
2024-2072,Monastir,Hard,32,I,2024-09-09,273,204427,,,Sara Sorribes Tormo,R,176.0,ESP,27.9,215020,8.0,,Anna Blinkova,R,179.0,RUS,25.9,6-4 6-4,3,R32,,0.0,3.0,65.0,49.0,27.0,5.0,10.0,2.0,7.0,0.0,5.0,60.0,38.0,18.0,7.0,10.0,7.0,14.0,115.0,624.0,79.0,861.0,2024
2024-2072,Monastir,Hard,32,I,2024-09-09,275,213908,,,Yuriko Miyazaki,R,165.0,GBR,28.8,219917,,,Alycia Parks,R,185.0,USA,23.6,6-3 5-7 6-3,3,R32,,0.0,9.0,89.0,60.0,36.0,14.0,15.0,9.0,15.0,2.0,15.0,104.0,54.0,35.0,16.0,15.0,5.0,13.0,166.0,450.0,114.0,627.0,2024
2024-2072,Monastir,Hard,32,I,2024-09-09,274,222045,,Q,Antonia Ruzic,R,,CRO,21.6,206408,4.0,,Nadia Podoroska,R,170.0,ARG,27.5,1-6 6-2 6-4,3,R32,,0.0,3.0,71.0,54.0,31.0,7.0,13.0,1.0,7.0,3.0,6.0,79.0,51.0,32.0,10.0,12.0,8.0,14.0,173.0,424.0,71.0,918.0,2024
2024-2072,Monastir,Hard,32,I,2024-09-09,272,213544,,,Jana Fett,R,168.0,CRO,27.8,210886,,,Mayar Sherif,R,180.0,EGY,28.3,1-6 6-3 6-4,3,R32,,1.0,6.0,84.0,60.0,39.0,15.0,13.0,7.0,9.0,3.0,3.0,75.0,52.0,36.0,12.0,13.0,1.0,3.0,133.0,552.0,92.0,793.0,2024
2024-2072,Monastir,Hard,32,I,2024-09-09,271,211685,,,Rebecca Sramkova,R,,SVK,27.8,221039,,Q,Elsa Jacquemot,R,,FRA,21.3,2-6 7-5 6-3,3,R32,,3.0,9.0,98.0,55.0,36.0,23.0,15.0,6.0,9.0,9.0,7.0,97.0,58.0,41.0,17.0,14.0,6.0,9.0,136.0,547.0,142.0,517.0,2024
2024-2072,Monastir,Hard,32,I,2024-09-09,270,216262,2.0,,Clara Burel,R,176.0,FRA,23.4,215453,,,Marina Bassols Ribera,R,165.0,ESP,24.7,6-2 6-2,3,R32,,7.0,3.0,61.0,34.0,23.0,15.0,8.0,5.0,6.0,1.0,4.0,51.0,35.0,17.0,6.0,8.0,2.0,7.0,58.0,1015.0,113.0,635.0,2024
2024-2072,Monastir,Hard,32,I,2024-09-09,283,220309,,Q,Zeynep Sonmez,R,,TUR,22.3,214119,,,Rebeka Masarova,R,186.0,ESP,25.0,4-6 7-6(4) 6-3,3,R32,,0.0,4.0,117.0,74.0,43.0,21.0,15.0,9.0,15.0,6.0,6.0,97.0,69.0,43.0,12.0,16.0,3.0,10.0,148.0,497.0,116.0,620.0,2024
2024-2072,Monastir,Hard,32,I,2024-09-09,276,215983,,,Ann Li,R,170.0,USA,24.2,201540,,WC,Kristina Mladenovic,R,184.0,FRA,31.3,6-2 6-1,3,R32,,2.0,3.0,44.0,30.0,25.0,5.0,8.0,1.0,2.0,0.0,6.0,65.0,49.0,22.0,6.0,7.0,7.0,12.0,124.0,579.0,218.0,326.0,2024
2024-2072,Monastir,Hard,32,I,2024-09-09,284,220332,,,Eva Lys,R,165.0,GER,22.6,201615,,,Lesia Tsurenko,R,174.0,UKR,35.2,6-3 7-5,3,R32,,1.0,3.0,70.0,53.0,31.0,9.0,11.0,2.0,5.0,0.0,9.0,75.0,41.0,26.0,12.0,10.0,8.0,13.0,126.0,572.0,91.0,794.0,2024
2024-2075,Guadalajara,Hard,32,P,2024-09-09,273,203354,,,Martina Trevisan,L,160.0,ITA,30.8,214452,8.0,,Caroline Dolehide,R,178.0,USA,26.0,6-3 6-2,3,R32,78.0,1.0,0.0,42.0,30.0,21.0,7.0,8.0,2.0,4.0,3.0,5.0,63.0,40.0,22.0,7.0,9.0,7.0,13.0,99.0,740.0,44.0,1287.0,2024
2024-2072,Monastir,Hard,32,I,2024-09-09,286,211685,,,Rebecca Sramkova,R,,SVK,27.8,216262,2.0,,Clara Burel,R,176.0,FRA,23.4,7-6(4) 7-5,3,R16,,1.0,3.0,83.0,53.0,30.0,15.0,12.0,8.0,13.0,1.0,9.0,97.0,54.0,32.0,14.0,12.0,9.0,15.0,136.0,547.0,58.0,1015.0,2024
2024-2075,Guadalajara,Hard,32,P,2024-09-09,282,211684,5.0,,Magdalena Frech,R,171.0,POL,26.7,211765,,,Emina Bektas,R,,USA,31.4,6-4 6-4,3,R32,79.0,11.0,3.0,58.0,37.0,31.0,11.0,10.0,4.0,5.0,4.0,5.0,62.0,40.0,28.0,8.0,10.0,2.0,5.0,43.0,1303.0,117.0,617.0,2024
2024-2075,Guadalajara,Hard,32,P,2024-09-09,283,221909,,,Ashlyn Krueger,R,185.0,USA,20.3,213583,,,Tatjana Maria,R,172.0,GER,37.0,7-5 6-2,3,R32,100.0,4.0,9.0,72.0,42.0,30.0,14.0,10.0,6.0,8.0,1.0,7.0,77.0,37.0,26.0,13.0,10.0,5.0,10.0,51.0,1137.0,82.0,846.0,2024
2024-2075,Guadalajara,Hard,32,P,2024-09-09,284,222233,,WC,Marina Stakusic,R,,CAN,19.7,203533,,,Anna Karolina Schmiedlova,R,176.0,SVK,29.9,6-2 6-4,3,R32,91.0,5.0,3.0,60.0,35.0,25.0,14.0,9.0,5.0,6.0,2.0,1.0,49.0,30.0,16.0,8.0,9.0,0.0,4.0,155.0,480.0,98.0,745.0,2024
2024-2075,Guadalajara,Hard,32,P,2024-09-09,286,216265,,Q,Olivia Gadecki,R,,AUS,22.3,203389,2.0,,Danielle Collins,R,178.0,USA,30.7,6-3 6-3,3,R16,84.0,0.0,4.0,56.0,33.0,24.0,13.0,9.0,1.0,2.0,4.0,8.0,62.0,34.0,24.0,9.0,9.0,5.0,9.0,152.0,484.0,11.0,3362.0,2024
2024-2075,Guadalajara,Hard,32,P,2024-09-09,287,203354,,,Martina Trevisan,L,160.0,ITA,30.8,213887,,,Renata Zarazua,R,,MEX,26.9,6-4 6-3,3,R16,121.0,3.0,4.0,72.0,51.0,30.0,10.0,10.0,5.0,8.0,0.0,3.0,70.0,53.0,25.0,8.0,9.0,4.0,9.0,99.0,740.0,85.0,834.0,2024
2024-2072,Monastir,Hard,32,I,2024-09-09,285,210722,1.0,,Elise Mertens,R,179.0,BEL,28.8,220435,,,Anastasia Zakharova,R,,RUS,22.6,6-2 6-0,3,R32,,1.0,2.0,39.0,13.0,9.0,17.0,7.0,2.0,4.0,0.0,4.0,46.0,25.0,8.0,5.0,7.0,3.0,10.0,32.0,1749.0,146.0,504.0,2024
2024-2075,Guadalajara,Hard,32,P,2024-09-09,289,215785,,,Camila Osorio,R,162.0,COL,22.7,206368,7.0,,Veronika Kudermetova,R,175.0,RUS,27.3,7-6 6-7(2) 7-5,3,R16,201.0,0.0,8.0,133.0,80.0,45.0,26.0,18.0,7.0,14.0,4.0,4.0,129.0,75.0,40.0,27.0,18.0,10.0,18.0,80.0,861.0,42.0,1308.0,2024
2024-2075,Guadalajara,Hard,32,P,2024-09-09,290,213631,6.0,,Marie Bouzkova,R,180.0,CZE,26.1,214593,,Q,Lucrezia Stefanini,R,,ITA,26.3,6-2 6-1,3,R16,91.0,3.0,3.0,54.0,33.0,21.0,16.0,8.0,3.0,3.0,0.0,3.0,47.0,34.0,17.0,4.0,7.0,3.0,7.0,45.0,1252.0,178.0,406.0,2024
2024-2075,Guadalajara,Hard,32,P,2024-09-09,280,214262,,Q,Ena Shibahara,R,170.0,JPN,26.5,214040,,Q,Kimberly Birrell,R,170.0,AUS,26.3,6-4 7-6(4),3,R32,101.0,4.0,5.0,69.0,41.0,31.0,11.0,11.0,5.0,9.0,3.0,3.0,68.0,40.0,23.0,15.0,11.0,0.0,5.0,169.0,432.0,150.0,489.0,2024
2024-2075,Guadalajara,Hard,32,P,2024-09-09,291,201614,4.0,,Caroline Garcia,R,177.0,FRA,30.8,214262,,Q,Ena Shibahara,R,170.0,JPN,26.5,7-6(3) 7-6(5),3,R16,110.0,10.0,7.0,84.0,44.0,32.0,26.0,12.0,5.0,6.0,5.0,4.0,71.0,45.0,39.0,12.0,12.0,1.0,2.0,30.0,1808.0,169.0,432.0,2024
2024-2075,Guadalajara,Hard,32,P,2024-09-09,293,222233,,WC,Marina Stakusic,R,,CAN,19.7,211533,1.0,,Jelena Ostapenko,R,177.0,LAT,27.2,6-3 5-7 7-6(0),3,R16,184.0,5.0,17.0,125.0,73.0,47.0,21.0,16.0,9.0,16.0,10.0,17.0,120.0,57.0,37.0,22.0,17.0,10.0,18.0,155.0,480.0,12.0,3008.0,2024
2024-2075,Guadalajara,Hard,32,P,2024-09-09,294,216265,,Q,Olivia Gadecki,R,,AUS,22.3,203354,,,Martina Trevisan,L,160.0,ITA,30.8,6-2 3-6 6-1,3,QF,108.0,4.0,6.0,73.0,42.0,29.0,10.0,12.0,4.0,9.0,1.0,5.0,64.0,47.0,23.0,3.0,12.0,2.0,10.0,152.0,484.0,99.0,740.0,2024
2024-2075,Guadalajara,Hard,32,P,2024-09-09,295,215785,,,Camila Osorio,R,162.0,COL,22.7,215872,,,Kamilla Rakhimova,R,,RUS,23.0,7-6(6) 6-2,3,QF,107.0,3.0,2.0,73.0,51.0,34.0,11.0,10.0,7.0,9.0,3.0,5.0,68.0,38.0,23.0,13.0,10.0,3.0,7.0,80.0,861.0,89.0,812.0,2024
2024-2075,Guadalajara,Hard,32,P,2024-09-09,296,201614,4.0,,Caroline Garcia,R,177.0,FRA,30.8,213631,6.0,,Marie Bouzkova,R,180.0,CZE,26.1,W/O,3,QF,0.0,,,,,,,,,,,,,,,,,,,30.0,1808.0,45.0,1252.0,2024
2024-2075,Guadalajara,Hard,32,P,2024-09-09,297,211684,5.0,,Magdalena Frech,R,171.0,POL,26.7,222233,,WC,Marina Stakusic,R,,CAN,19.7,6-4 6-3,3,QF,104.0,2.0,1.0,71.0,40.0,29.0,16.0,10.0,5.0,6.0,0.0,2.0,66.0,43.0,29.0,8.0,9.0,6.0,9.0,43.0,1303.0,155.0,480.0,2024
2024-2075,Guadalajara,Hard,32,P,2024-09-09,298,216265,,Q,Olivia Gadecki,R,,AUS,22.3,215785,,,Camila Osorio,R,162.0,COL,22.7,6-2 6-3,3,SF,79.0,5.0,3.0,56.0,36.0,26.0,11.0,9.0,4.0,5.0,3.0,4.0,50.0,30.0,16.0,11.0,8.0,8.0,12.0,152.0,484.0,80.0,861.0,2024
2024-2075,Guadalajara,Hard,32,P,2024-09-09,299,211684,5.0,,Magdalena Frech,R,171.0,POL,26.7,201614,4.0,,Caroline Garcia,R,177.0,FRA,30.8,7-6(4) 7-5,3,SF,126.0,1.0,7.0,89.0,55.0,37.0,15.0,12.0,8.0,12.0,7.0,6.0,89.0,58.0,39.0,7.0,12.0,7.0,12.0,43.0,1303.0,30.0,1808.0,2024
2024-2075,Guadalajara,Hard,32,P,2024-09-09,300,211684,5.0,,Magdalena Frech,R,171.0,POL,26.7,216265,,Q,Olivia Gadecki,R,,AUS,22.3,7-6(5) 6-4,3,F,116.0,4.0,1.0,69.0,44.0,30.0,15.0,11.0,2.0,4.0,2.0,4.0,79.0,45.0,30.0,13.0,11.0,2.0,5.0,43.0,1303.0,152.0,484.0,2024
2024-2075,Guadalajara,Hard,32,P,2024-09-09,292,211684,5.0,,Magdalena Frech,R,171.0,POL,26.7,221909,,,Ashlyn Krueger,R,185.0,USA,20.3,3-6 6-3 6-1,3,R16,115.0,3.0,7.0,75.0,42.0,28.0,15.0,12.0,2.0,6.0,3.0,8.0,88.0,49.0,30.0,13.0,13.0,4.0,11.0,43.0,1303.0,51.0,1137.0,2024
2024-2075,Guadalajara,Hard,32,P,2024-09-09,279,214593,,Q,Lucrezia Stefanini,R,,ITA,26.3,204419,,WC,Ana Sofia Sanchez,L,,MEX,30.4,6-0 3-6 6-2,3,R32,133.0,1.0,1.0,78.0,61.0,37.0,11.0,12.0,3.0,6.0,0.0,5.0,91.0,59.0,31.0,11.0,11.0,6.0,12.0,178.0,406.0,285.0,235.0,2024
2024-2075,Guadalajara,Hard,32,P,2024-09-09,288,215872,,,Kamilla Rakhimova,R,,RUS,23.0,201458,3.0,,Victoria Azarenka,R,180.0,BLR,35.1,6-2 3-0 RET,3,R16,63.0,1.0,0.0,39.0,26.0,18.0,7.0,5.0,5.0,5.0,1.0,5.0,30.0,17.0,6.0,4.0,6.0,0.0,4.0,89.0,812.0,19.0,2326.0,2024
2024-2075,Guadalajara,Hard,32,P,2024-09-09,277,206368,7.0,,Veronika Kudermetova,R,175.0,RUS,27.3,203500,,LL,Sachia Vickery,R,162.0,USA,29.3,6-4 6-4,3,R32,98.0,2.0,3.0,79.0,48.0,29.0,16.0,10.0,5.0,8.0,5.0,6.0,63.0,36.0,22.0,9.0,10.0,0.0,5.0,42.0,1308.0,160.0,461.0,2024
2024-2072,Monastir,Hard,32,I,2024-09-09,287,204427,,,Sara Sorribes Tormo,R,176.0,ESP,27.9,213544,,,Jana Fett,R,168.0,CRO,27.8,5-7 6-3 6-4,3,R16,,2.0,2.0,98.0,74.0,38.0,12.0,16.0,4.0,11.0,2.0,7.0,97.0,54.0,34.0,11.0,15.0,5.0,13.0,115.0,624.0,133.0,552.0,2024
2024-2075,Guadalajara,Hard,32,P,2024-09-09,278,213631,6.0,,Marie Bouzkova,R,180.0,CZE,26.1,223253,,Q,Alexandra Eala,L,173.0,PHI,19.2,6-2 6-2,3,R32,96.0,3.0,4.0,63.0,36.0,22.0,13.0,8.0,6.0,8.0,0.0,4.0,57.0,33.0,13.0,12.0,8.0,6.0,12.0,45.0,1252.0,147.0,502.0,2024
2024-2072,Monastir,Hard,32,I,2024-09-09,289,214459,7.0,,Lucia Bronzetti,R,,ITA,25.7,215983,,,Ann Li,R,170.0,USA,24.2,6-4 7-6(3),3,R16,,0.0,0.0,73.0,52.0,29.0,14.0,11.0,9.0,13.0,1.0,2.0,86.0,59.0,31.0,11.0,11.0,3.0,8.0,86.0,831.0,124.0,579.0,2024
2024-2072,Monastir,Hard,32,I,2024-09-09,290,222661,,Q,Sonay Kartal,R,,GBR,22.8,215988,,,Mai Hontama,R,,JPN,25.0,6-2 6-2,3,R16,,0.0,0.0,50.0,38.0,28.0,7.0,8.0,0.0,0.0,2.0,1.0,55.0,37.0,20.0,9.0,8.0,4.0,8.0,151.0,486.0,109.0,657.0,2024
2024-2072,Monastir,Hard,32,I,2024-09-09,291,263857,,Q,Yuliia Starodubtseva,R,,UKR,24.5,220348,3.0,,Diane Parry,R,170.0,FRA,22.0,6-4 6-4,3,R16,,1.0,0.0,94.0,70.0,45.0,12.0,10.0,12.0,13.0,6.0,1.0,68.0,42.0,28.0,12.0,10.0,3.0,6.0,130.0,558.0,55.0,1062.0,2024
2024-2072,Monastir,Hard,32,I,2024-09-09,292,220309,,Q,Zeynep Sonmez,R,,TUR,22.3,213889,6.0,,Greet Minnen,R,,BEL,27.0,6-4 1-6 6-3,3,R16,,0.0,8.0,104.0,67.0,39.0,15.0,13.0,13.0,18.0,4.0,5.0,86.0,55.0,36.0,12.0,13.0,7.0,12.0,148.0,497.0,88.0,818.0,2024
2024-2072,Monastir,Hard,32,I,2024-09-09,293,220332,,,Eva Lys,R,165.0,GER,22.6,210722,1.0,,Elise Mertens,R,179.0,BEL,28.8,1-6 6-2 7-6(4),3,R16,,0.0,3.0,98.0,66.0,34.0,18.0,14.0,3.0,10.0,7.0,7.0,95.0,56.0,38.0,13.0,13.0,5.0,11.0,126.0,572.0,32.0,1749.0,2024
2024-2072,Monastir,Hard,32,I,2024-09-09,294,211685,,,Rebecca Sramkova,R,,SVK,27.8,204427,,,Sara Sorribes Tormo,R,176.0,ESP,27.9,1-6 7-6(5) 7-5,3,QF,,3.0,4.0,125.0,78.0,44.0,17.0,15.0,8.0,17.0,0.0,7.0,104.0,79.0,46.0,10.0,16.0,5.0,13.0,136.0,547.0,115.0,624.0,2024
2024-2072,Monastir,Hard,32,I,2024-09-09,295,214459,7.0,,Lucia Bronzetti,R,,ITA,25.7,222045,,Q,Antonia Ruzic,R,,CRO,21.6,6-2 6-1,3,QF,,0.0,2.0,43.0,31.0,22.0,5.0,7.0,1.0,2.0,0.0,2.0,45.0,29.0,12.0,3.0,8.0,2.0,8.0,86.0,831.0,173.0,424.0,2024
2024-2072,Monastir,Hard,32,I,2024-09-09,288,222045,,Q,Antonia Ruzic,R,,CRO,21.6,213908,,,Yuriko Miyazaki,R,165.0,GBR,28.8,6-3 6-1,3,R16,,0.0,0.0,47.0,32.0,21.0,12.0,8.0,1.0,1.0,0.0,2.0,48.0,37.0,18.0,6.0,8.0,1.0,5.0,173.0,424.0,166.0,450.0,2024
2024-2072,Monastir,Hard,32,I,2024-09-09,297,220332,,,Eva Lys,R,165.0,GER,22.6,220309,,Q,Zeynep Sonmez,R,,TUR,22.3,7-5 6-3,3,QF,,1.0,3.0,75.0,53.0,30.0,15.0,11.0,5.0,8.0,1.0,3.0,77.0,49.0,28.0,12.0,10.0,8.0,13.0,126.0,572.0,148.0,497.0,2024
2024-2072,Monastir,Hard,32,I,2024-09-09,298,211685,,,Rebecca Sramkova,R,,SVK,27.8,214459,7.0,,Lucia Bronzetti,R,,ITA,25.7,6-3 6-4,3,SF,,1.0,3.0,67.0,39.0,25.0,15.0,9.0,2.0,4.0,2.0,1.0,56.0,41.0,24.0,6.0,10.0,3.0,8.0,136.0,547.0,86.0,831.0,2024
2024-2072,Monastir,Hard,32,I,2024-09-09,299,222661,,Q,Sonay Kartal,R,,GBR,22.8,220332,,,Eva Lys,R,165.0,GER,22.6,5-1 RET,3,SF,,0.0,0.0,16.0,13.0,11.0,1.0,3.0,0.0,0.0,0.0,1.0,12.0,5.0,2.0,2.0,3.0,0.0,2.0,151.0,486.0,126.0,572.0,2024
2024-2072,Monastir,Hard,32,I,2024-09-09,300,222661,,Q,Sonay Kartal,R,,GBR,22.8,211685,,,Rebecca Sramkova,R,,SVK,27.8,6-3 7-5,3,F,,3.0,2.0,73.0,47.0,31.0,9.0,11.0,5.0,10.0,0.0,0.0,71.0,38.0,17.0,12.0,10.0,7.0,14.0,151.0,486.0,136.0,547.0,2024
2024-2075,Guadalajara,Hard,32,P,2024-09-09,271,216265,,Q,Olivia Gadecki,R,,AUS,22.3,201585,,,Sloane Stephens,R,170.0,USA,31.4,6-4 6-3,3,R32,85.0,6.0,3.0,55.0,31.0,20.0,14.0,10.0,1.0,4.0,0.0,2.0,67.0,42.0,23.0,9.0,9.0,7.0,12.0,152.0,484.0,63.0,987.0,2024
2024-2075,Guadalajara,Hard,32,P,2024-09-09,272,213887,,,Renata Zarazua,R,,MEX,26.9,211843,,,Anhelina Kalinina,R,179.0,UKR,27.5,6-1 3-6 6-1,3,R32,111.0,1.0,1.0,70.0,49.0,32.0,12.0,12.0,2.0,5.0,1.0,6.0,63.0,37.0,18.0,12.0,11.0,3.0,9.0,85.0,834.0,52.0,1136.0,2024
2024-2075,Guadalajara,Hard,32,P,2024-09-09,275,215872,,,Kamilla Rakhimova,R,,RUS,23.0,202434,,Q,Aleksandra Krunic,R,163.0,SRB,31.4,7-5 6-0,3,R32,76.0,3.0,6.0,59.0,31.0,24.0,11.0,9.0,2.0,4.0,1.0,4.0,57.0,29.0,15.0,11.0,9.0,1.0,7.0,89.0,812.0,283.0,236.0,2024
2024-2075,Guadalajara,Hard,32,P,2024-09-09,276,215785,,,Camila Osorio,R,162.0,COL,22.7,221024,,,Hailey Baptiste,R,,USA,22.8,6-3 6-2,3,R32,66.0,2.0,5.0,49.0,25.0,24.0,10.0,9.0,4.0,5.0,0.0,3.0,47.0,23.0,15.0,8.0,8.0,0.0,4.0,80.0,861.0,102.0,704.0,2024
2024-2072,Monastir,Hard,32,I,2024-09-09,296,222661,,Q,Sonay Kartal,R,,GBR,22.8,263857,,Q,Yuliia Starodubtseva,R,,UKR,24.5,7-6(4) 6-2,3,QF,,2.0,2.0,66.0,42.0,28.0,10.0,10.0,1.0,4.0,1.0,1.0,91.0,72.0,38.0,6.0,10.0,14.0,19.0,151.0,486.0,130.0,558.0,2024
2024-1024,Seoul,Hard,32,P,2024-09-16,287,202600,,,Viktoriya Tomova,R,170.0,BUL,29.5,216153,,,Amanda Anisimova,R,180.0,USA,23.0,7-5 4-1 RET,3,R16,88.0,4.0,0.0,49.0,27.0,17.0,12.0,8.0,1.0,4.0,1.0,3.0,65.0,37.0,20.0,10.0,9.0,6.0,12.0,54.0,1031.0,46.0,1216.0,2024
2024-1024,Seoul,Hard,32,P,2024-09-16,286,206368,,,Veronika Kudermetova,R,175.0,RUS,27.3,214643,2.0,,Liudmila Samsonova,R,180.0,RUS,25.8,6-4 6-2,3,R16,100.0,2.0,1.0,60.0,28.0,20.0,16.0,9.0,4.0,6.0,5.0,2.0,52.0,28.0,18.0,8.0,9.0,3.0,8.0,44.0,1308.0,15.0,2720.0,2024
2024-1024,Seoul,Hard,32,P,2024-09-16,284,221024,,,Hailey Baptiste,R,,USA,22.8,201585,,,Sloane Stephens,R,170.0,USA,31.4,7-6(4) 6-2,3,R32,97.0,7.0,3.0,69.0,39.0,32.0,14.0,10.0,4.0,5.0,0.0,2.0,62.0,41.0,23.0,12.0,10.0,1.0,4.0,105.0,704.0,65.0,942.0,2024
2024-1024,Seoul,Hard,32,P,2024-09-16,283,221054,,,Emma Raducanu,R,175.0,GBR,21.8,220548,,,Peyton Stearns,R,,USA,22.9,7-6(4) 7-6(5),3,R32,163.0,2.0,8.0,109.0,72.0,43.0,13.0,12.0,9.0,15.0,3.0,8.0,94.0,59.0,33.0,12.0,12.0,7.0,13.0,70.0,917.0,48.0,1173.0,2024
2024-1024,Seoul,Hard,32,P,2024-09-16,282,206294,8.0,,Yue Yuan,R,184.0,CHN,25.9,211817,,Q,Elena Gabriela Ruse,R,,ROU,26.8,4-6 6-2 6-2,3,R32,127.0,1.0,2.0,74.0,44.0,33.0,16.0,13.0,5.0,8.0,6.0,8.0,80.0,40.0,25.0,17.0,13.0,7.0,13.0,40.0,1349.0,101.0,718.0,2024
2024-1024,Seoul,Hard,32,P,2024-09-16,280,203475,,Q,Carol Zhao,R,165.0,CAN,29.2,220432,,WC,Dayeon Back,U,,KOR,22.6,6-4 6-1,3,R32,91.0,2.0,13.0,68.0,44.0,32.0,7.0,8.0,7.0,9.0,0.0,2.0,60.0,33.0,18.0,7.0,9.0,4.0,10.0,272.0,250.0,332.0,188.0,2024
2024-1024,Seoul,Hard,32,P,2024-09-16,275,201548,,,Ajla Tomljanovic,R,180.0,AUS,31.3,204294,,WC,Su Jeong Jang,R,,KOR,29.5,7-6(4) 4-6 6-3,3,R32,183.0,0.0,16.0,114.0,69.0,39.0,14.0,15.0,10.0,19.0,3.0,13.0,112.0,58.0,35.0,15.0,16.0,8.0,18.0,122.0,607.0,231.0,309.0,2024
2024-1024,Seoul,Hard,32,P,2024-09-16,278,216146,5.0,,Marta Kostyuk,R,175.0,UKR,22.2,201551,,,Arantxa Rus,L,180.0,NED,33.7,6-3 6-1,3,R32,78.0,4.0,10.0,52.0,24.0,17.0,12.0,8.0,3.0,5.0,2.0,4.0,68.0,46.0,23.0,7.0,8.0,8.0,14.0,18.0,2445.0,84.0,839.0,2024
2024-1024,Seoul,Hard,32,P,2024-09-16,277,206420,7.0,,Ekaterina Alexandrova,R,175.0,RUS,29.8,201478,,Q,Varvara Lepchenko,L,180.0,USA,38.3,7-5 3-6 6-0,3,R32,122.0,6.0,16.0,77.0,37.0,28.0,16.0,13.0,3.0,7.0,4.0,5.0,90.0,52.0,27.0,19.0,14.0,7.0,14.0,31.0,1778.0,168.0,454.0,2024
2024-1024,Seoul,Hard,32,P,2024-09-16,276,221236,,LL,Polina Kudermetova,R,,RUS,21.2,211880,,Q,Priscilla Hon,R,171.0,AUS,26.3,7-5 6-4,3,R32,114.0,4.0,5.0,80.0,42.0,34.0,17.0,11.0,4.0,5.0,10.0,3.0,74.0,38.0,28.0,16.0,11.0,2.0,5.0,163.0,459.0,197.0,365.0,2024
2024-1024,Seoul,Hard,32,P,2024-09-16,273,216153,,,Amanda Anisimova,R,180.0,USA,23.0,201709,6.0,,Yulia Putintseva,R,163.0,KAZ,29.6,6-3 7-6(5),3,R32,99.0,0.0,7.0,72.0,36.0,22.0,20.0,11.0,2.0,6.0,2.0,1.0,69.0,38.0,20.0,15.0,10.0,5.0,10.0,46.0,1216.0,30.0,1841.0,2024
2024-1024,Seoul,Hard,32,P,2024-09-16,272,202600,,,Viktoriya Tomova,R,170.0,BUL,29.5,213583,,,Tatjana Maria,R,172.0,GER,37.1,6-2 1-6 6-0,3,R32,96.0,0.0,6.0,68.0,38.0,23.0,19.0,10.0,6.0,8.0,4.0,2.0,66.0,32.0,20.0,14.0,11.0,5.0,10.0,54.0,1031.0,82.0,846.0,2024
2024-1024,Seoul,Hard,32,P,2024-09-16,271,206368,,,Veronika Kudermetova,R,175.0,RUS,27.3,201533,,,Shuai Zhang,R,177.0,CHN,35.6,6-4 6-3,3,R32,86.0,2.0,1.0,56.0,27.0,15.0,21.0,9.0,4.0,6.0,4.0,4.0,64.0,36.0,20.0,13.0,10.0,2.0,7.0,44.0,1308.0,601.0,70.0,2024
2024-1024,Seoul,Hard,32,P,2024-09-16,279,201586,,Q,Heather Watson,R,170.0,GBR,32.3,203288,,Q,Jia Jing Lu,R,173.0,CHN,34.8,6-4 6-4,3,R32,96.0,5.0,2.0,55.0,26.0,23.0,15.0,10.0,1.0,2.0,2.0,6.0,74.0,30.0,19.0,24.0,10.0,8.0,11.0,183.0,390.0,274.0,247.0,2024
2024-1024,Seoul,Hard,32,P,2024-09-16,288,206242,3.0,,Beatriz Haddad Maia,L,185.0,BRA,28.2,201548,,,Ajla Tomljanovic,R,180.0,AUS,31.3,6-3 6-4,3,R16,106.0,5.0,6.0,61.0,31.0,27.0,13.0,10.0,4.0,5.0,3.0,8.0,67.0,44.0,29.0,8.0,9.0,7.0,10.0,17.0,2516.0,122.0,607.0,2024
2024-1024,Seoul,Hard,32,P,2024-09-16,291,223670,4.0,,Diana Shnaider,L,,RUS,20.4,203475,,Q,Carol Zhao,R,165.0,CAN,29.2,6-3 6-3,3,R16,67.0,0.0,1.0,52.0,35.0,26.0,11.0,9.0,4.0,5.0,2.0,12.0,50.0,27.0,21.0,5.0,9.0,3.0,7.0,16.0,2571.0,272.0,250.0,2024
2024-1024,Seoul,Hard,32,P,2024-09-16,290,216146,5.0,,Marta Kostyuk,R,175.0,UKR,22.2,201586,,Q,Heather Watson,R,170.0,GBR,32.3,6-2 6-2,3,R16,75.0,9.0,2.0,44.0,22.0,19.0,11.0,8.0,0.0,1.0,1.0,4.0,56.0,22.0,11.0,14.0,8.0,3.0,8.0,18.0,2445.0,183.0,390.0,2024
2024-1121,Hua Hin 2,Hard,32,I,2024-09-16,292,214119,,,Rebeka Masarova,R,186.0,ESP,25.1,216133,3.0,,Xin Yu Wang,R,182.0,CHN,22.9,7-6(6) 3-6 7-5,3,R16,187.0,6.0,3.0,109.0,69.0,43.0,20.0,16.0,5.0,10.0,1.0,2.0,131.0,91.0,56.0,22.0,17.0,8.0,13.0,119.0,620.0,52.0,1123.0,2024
2024-1121,Hua Hin 2,Hard,32,I,2024-09-16,291,201696,,,Laura Siegemund,R,168.0,GER,36.5,216016,5.0,,Xiyu Wang,L,,CHN,23.4,7-6(3) 4-6 7-6(1),3,R16,249.0,0.0,8.0,111.0,83.0,54.0,10.0,17.0,7.0,13.0,3.0,6.0,116.0,72.0,39.0,26.0,17.0,6.0,11.0,99.0,748.0,62.0,970.0,2024
2024-1121,Hua Hin 2,Hard,32,I,2024-09-16,290,213544,,,Jana Fett,R,168.0,CRO,27.8,219875,8.0,,Varvara Gracheva,R,,FRA,24.1,W/O,3,R16,,,,,,,,,,,,,,,,,,,,129.0,581.0,66.0,935.0,2024
2024-1121,Hua Hin 2,Hard,32,I,2024-09-16,289,211685,,,Rebecca Sramkova,R,,SVK,27.9,202663,4.0,,Magda Linette,R,171.0,POL,32.5,7-6(5) 6-4,3,R16,131.0,4.0,3.0,73.0,44.0,31.0,15.0,11.0,1.0,3.0,4.0,1.0,96.0,67.0,38.0,17.0,11.0,8.0,11.0,102.0,709.0,43.0,1311.0,2024
2024-1121,Hua Hin 2,Hard,32,I,2024-09-16,288,214461,,,Tamara Zidansek,R,168.0,SLO,26.7,220465,6.0,,Katie Volynets,R,,USA,22.7,3-6 6-4 6-4,3,R16,157.0,1.0,8.0,91.0,52.0,34.0,18.0,15.0,5.0,9.0,0.0,1.0,82.0,64.0,40.0,10.0,14.0,8.0,12.0,261.0,261.0,60.0,977.0,2024
2024-1121,Hua Hin 2,Hard,32,I,2024-09-16,287,206408,,,Nadia Podoroska,R,170.0,ARG,27.5,211701,2.0,,Katerina Siniakova,R,174.0,CZE,28.3,6-3 6-3,3,R16,91.0,1.0,2.0,55.0,37.0,26.0,12.0,9.0,3.0,4.0,0.0,3.0,55.0,35.0,19.0,10.0,9.0,1.0,5.0,74.0,900.0,37.0,1474.0,2024
2024-1121,Hua Hin 2,Hard,32,I,2024-09-16,286,215988,,,Mai Hontama,R,,JPN,25.0,215035,1.0,,Dayana Yastremska,R,175.0,UKR,24.3,7-6(4) 7-5,3,R32,132.0,0.0,3.0,77.0,53.0,34.0,10.0,12.0,4.0,8.0,2.0,4.0,97.0,63.0,36.0,15.0,12.0,4.0,9.0,130.0,577.0,35.0,1662.0,2024
2024-1121,Hua Hin 2,Hard,32,I,2024-09-16,285,222290,,WC,Lanlana Tararudee,R,,THA,20.1,220597,,WC,Thasaporn Naklo,R,,THA,23.0,6-0 6-1,3,R32,53.0,6.0,4.0,35.0,18.0,16.0,9.0,6.0,2.0,2.0,0.0,3.0,38.0,20.0,9.0,3.0,7.0,3.0,9.0,184.0,385.0,333.0,187.0,2024
2024-1121,Hua Hin 2,Hard,32,I,2024-09-16,293,215996,,Q,Arianne Hartono,R,,NED,28.4,214386,,Q,Xinyu Gao,R,,CHN,26.8,6-1 4-6 6-2,3,R16,119.0,3.0,3.0,77.0,44.0,29.0,18.0,13.0,4.0,8.0,2.0,2.0,80.0,50.0,26.0,11.0,12.0,5.0,12.0,180.0,406.0,185.0,385.0,2024
2024-1121,Hua Hin 2,Hard,32,I,2024-09-16,284,214386,,Q,Xinyu Gao,R,,CHN,26.8,221096,,Q,Sijia Wei,R,,CHN,20.7,6-3 6-2,3,R32,97.0,1.0,1.0,53.0,30.0,20.0,16.0,9.0,0.0,1.0,2.0,3.0,79.0,41.0,23.0,16.0,8.0,12.0,16.0,185.0,385.0,151.0,507.0,2024
2024-1121,Hua Hin 2,Hard,32,I,2024-09-16,282,216133,3.0,,Xin Yu Wang,R,182.0,CHN,22.9,210886,,,Mayar Sherif,R,180.0,EGY,28.3,6-2 6-4,3,R32,80.0,1.0,3.0,60.0,35.0,24.0,14.0,9.0,5.0,6.0,0.0,0.0,48.0,33.0,21.0,7.0,9.0,1.0,5.0,52.0,1123.0,93.0,793.0,2024
2024-1121,Hua Hin 2,Hard,32,I,2024-09-16,281,214119,,,Rebeka Masarova,R,186.0,ESP,25.1,214388,,,Anna Bondar,R,,HUN,27.3,3-6 7-6(2) 7-5,3,R32,171.0,7.0,6.0,108.0,72.0,46.0,19.0,16.0,9.0,14.0,7.0,4.0,115.0,65.0,37.0,28.0,17.0,3.0,8.0,119.0,620.0,89.0,826.0,2024
2024-1121,Hua Hin 2,Hard,32,I,2024-09-16,280,201696,,,Laura Siegemund,R,168.0,GER,36.5,219917,,,Alycia Parks,R,185.0,USA,23.7,6-4 6-3,3,R32,137.0,2.0,5.0,75.0,55.0,32.0,5.0,9.0,8.0,12.0,3.0,13.0,69.0,31.0,17.0,11.0,10.0,8.0,15.0,99.0,748.0,116.0,627.0,2024
2024-1121,Hua Hin 2,Hard,32,I,2024-09-16,279,216016,5.0,,Xiyu Wang,L,,CHN,23.4,203530,,,Viktorija Golubic,R,169.0,SUI,31.9,7-5 6-1,3,R32,95.0,5.0,5.0,58.0,36.0,26.0,9.0,9.0,4.0,6.0,0.0,4.0,58.0,36.0,21.0,6.0,10.0,4.0,10.0,62.0,970.0,98.0,752.0,2024
2024-1121,Hua Hin 2,Hard,32,I,2024-09-16,277,213544,,,Jana Fett,R,168.0,CRO,27.8,202453,,WC,Saisai Zheng,R,170.0,CHN,30.6,2-6 6-3 6-3,3,R32,144.0,1.0,6.0,88.0,49.0,26.0,17.0,13.0,10.0,17.0,1.0,6.0,82.0,48.0,21.0,16.0,13.0,3.0,11.0,129.0,581.0,1024.0,16.0,2024
2024-1121,Hua Hin 2,Hard,32,I,2024-09-16,276,211685,,,Rebecca Sramkova,R,,SVK,27.9,216566,,Q,Mananchaya Sawangkaew,R,,THA,22.1,6-2 2-6 6-4,3,R32,129.0,1.0,1.0,83.0,44.0,26.0,21.0,13.0,1.0,5.0,3.0,4.0,79.0,44.0,26.0,15.0,13.0,5.0,10.0,102.0,709.0,195.0,370.0,2024
2024-1121,Hua Hin 2,Hard,32,I,2024-09-16,275,202663,4.0,,Magda Linette,R,171.0,POL,32.5,201615,,,Lesia Tsurenko,R,174.0,UKR,35.2,6-2 7-5,3,R32,113.0,1.0,1.0,59.0,43.0,22.0,9.0,10.0,4.0,9.0,0.0,5.0,74.0,47.0,20.0,10.0,10.0,3.0,11.0,43.0,1311.0,92.0,794.0,2024
2024-1024,Seoul,Hard,32,P,2024-09-16,289,221236,,LL,Polina Kudermetova,R,,RUS,21.2,206420,7.0,,Ekaterina Alexandrova,R,175.0,RUS,29.8,6-2 7-5,3,R16,97.0,5.0,6.0,61.0,31.0,22.0,15.0,10.0,3.0,6.0,2.0,8.0,75.0,33.0,23.0,13.0,10.0,5.0,11.0,163.0,459.0,31.0,1778.0,2024
2024-1121,Hua Hin 2,Hard,32,I,2024-09-16,283,215996,,Q,Arianne Hartono,R,,NED,28.4,220416,7.0,,Moyuka Uchijima,R,171.0,JPN,23.0,6-1 6-1,3,R32,73.0,3.0,2.0,43.0,27.0,18.0,13.0,7.0,3.0,3.0,4.0,12.0,66.0,32.0,19.0,10.0,7.0,9.0,14.0,180.0,406.0,59.0,991.0,2024
2024-1121,Hua Hin 2,Hard,32,I,2024-09-16,294,215988,,,Mai Hontama,R,,JPN,25.0,222290,,WC,Lanlana Tararudee,R,,THA,20.1,2-6 6-4 6-1,3,R16,122.0,0.0,0.0,71.0,51.0,28.0,14.0,12.0,2.0,6.0,7.0,5.0,83.0,46.0,30.0,12.0,13.0,5.0,11.0,130.0,577.0,184.0,385.0,2024
2024-1121,Hua Hin 2,Hard,32,I,2024-09-16,278,219875,8.0,,Varvara Gracheva,R,,FRA,24.1,223194,,,Taylah Preston,R,,AUS,18.8,6-1 6-4,3,R32,79.0,3.0,1.0,53.0,35.0,20.0,7.0,8.0,2.0,6.0,0.0,8.0,60.0,36.0,15.0,5.0,9.0,5.0,13.0,66.0,935.0,140.0,533.0,2024
2024-1121,Hua Hin 2,Hard,32,I,2024-09-16,296,211685,,,Rebecca Sramkova,R,,SVK,27.9,213544,,,Jana Fett,R,168.0,CRO,27.8,4-6 6-4 6-1,3,QF,129.0,4.0,1.0,78.0,46.0,27.0,22.0,14.0,1.0,4.0,4.0,11.0,81.0,43.0,28.0,16.0,13.0,4.0,9.0,102.0,709.0,129.0,581.0,2024
2024-1121,Hua Hin 2,Hard,32,I,2024-09-16,295,214461,,,Tamara Zidansek,R,168.0,SLO,26.7,206408,,,Nadia Podoroska,R,170.0,ARG,27.5,4-6 7-6(3) 7-6(3),3,QF,221.0,1.0,11.0,128.0,89.0,52.0,11.0,17.0,11.0,22.0,11.0,9.0,148.0,96.0,55.0,15.0,17.0,12.0,22.0,261.0,261.0,74.0,900.0,2024
2024-1024,Seoul,Hard,32,P,2024-09-16,292,221054,,,Emma Raducanu,R,175.0,GBR,21.8,206294,8.0,,Yue Yuan,R,184.0,CHN,25.9,6-4 6-3,3,R16,124.0,11.0,5.0,69.0,43.0,31.0,9.0,9.0,4.0,7.0,0.0,4.0,69.0,38.0,21.0,11.0,10.0,3.0,9.0,70.0,917.0,40.0,1349.0,2024
2024-1024,Seoul,Hard,32,P,2024-09-16,293,214082,1.0,,Daria Kasatkina,R,170.0,RUS,27.3,221024,,,Hailey Baptiste,R,,USA,22.8,6-4 6-2,3,R16,77.0,1.0,5.0,54.0,36.0,24.0,8.0,9.0,2.0,5.0,0.0,9.0,51.0,24.0,12.0,12.0,9.0,6.0,12.0,13.0,2803.0,105.0,704.0,2024
2024-1024,Seoul,Hard,32,P,2024-09-16,295,206242,3.0,,Beatriz Haddad Maia,L,185.0,BRA,28.2,221236,,LL,Polina Kudermetova,R,,RUS,21.2,6-2 6-1,3,QF,78.0,1.0,1.0,37.0,16.0,13.0,14.0,7.0,1.0,2.0,1.0,10.0,56.0,28.0,14.0,9.0,8.0,3.0,9.0,17.0,2516.0,163.0,459.0,2024
2024-1024,Seoul,Hard,32,P,2024-09-16,296,223670,4.0,,Diana Shnaider,L,,RUS,20.4,216146,5.0,,Marta Kostyuk,R,175.0,UKR,22.2,7-6(7) 6-3,3,QF,91.0,1.0,4.0,73.0,44.0,26.0,17.0,11.0,5.0,9.0,1.0,11.0,63.0,26.0,16.0,19.0,10.0,4.0,9.0,16.0,2571.0,18.0,2445.0,2024
2024-1024,Seoul,Hard,32,P,2024-09-16,297,214082,1.0,,Daria Kasatkina,R,170.0,RUS,27.3,221054,,,Emma Raducanu,R,175.0,GBR,21.8,6-1 0-0 RET,3,QF,32.0,4.0,4.0,30.0,17.0,11.0,6.0,4.0,4.0,5.0,0.0,3.0,14.0,7.0,1.0,1.0,3.0,1.0,4.0,13.0,2803.0,70.0,917.0,2024
2024-1024,Seoul,Hard,32,P,2024-09-16,298,206242,3.0,,Beatriz Haddad Maia,L,185.0,BRA,28.2,206368,,,Veronika Kudermetova,R,175.0,RUS,27.3,6-4 6-4,3,SF,107.0,2.0,2.0,60.0,34.0,21.0,14.0,10.0,3.0,6.0,1.0,3.0,60.0,34.0,22.0,8.0,10.0,2.0,7.0,17.0,2516.0,44.0,1308.0,2024
2024-1024,Seoul,Hard,32,P,2024-09-16,299,214082,1.0,,Daria Kasatkina,R,170.0,RUS,27.3,223670,4.0,,Diana Shnaider,L,,RUS,20.4,6-3 6-4,3,SF,77.0,0.0,8.0,56.0,39.0,20.0,8.0,9.0,4.0,8.0,1.0,3.0,57.0,42.0,19.0,4.0,10.0,4.0,11.0,13.0,2803.0,16.0,2571.0,2024
2024-1024,Seoul,Hard,32,P,2024-09-16,300,206242,3.0,,Beatriz Haddad Maia,L,185.0,BRA,28.2,214082,1.0,,Daria Kasatkina,R,170.0,RUS,27.3,1-6 6-4 6-1,3,F,110.0,2.0,3.0,71.0,46.0,33.0,11.0,12.0,4.0,7.0,0.0,3.0,66.0,54.0,34.0,6.0,12.0,1.0,5.0,17.0,2516.0,13.0,2803.0,2024
2024-1024,Seoul,Hard,32,P,2024-09-16,294,206368,,,Veronika Kudermetova,R,175.0,RUS,27.3,202600,,,Viktoriya Tomova,R,170.0,BUL,29.5,7-5 6-3,3,QF,111.0,5.0,1.0,81.0,42.0,28.0,18.0,10.0,7.0,9.0,0.0,4.0,66.0,43.0,26.0,9.0,11.0,1.0,6.0,44.0,1308.0,54.0,1031.0,2024
2024-1121,Hua Hin 2,Hard,32,I,2024-09-16,271,211701,2.0,,Katerina Siniakova,R,174.0,CZE,28.3,201613,,,Arina Rodionova,R,168.0,AUS,34.7,7-5 6-1,3,R32,95.0,3.0,6.0,61.0,35.0,24.0,15.0,10.0,3.0,5.0,2.0,4.0,58.0,34.0,21.0,7.0,9.0,1.0,6.0,37.0,1474.0,115.0,635.0,2024
2024-1121,Hua Hin 2,Hard,32,I,2024-09-16,272,206408,,,Nadia Podoroska,R,170.0,ARG,27.5,215372,,Q,Ksenia Laskutova,R,,RUS,28.0,6-1 6-0,3,R32,84.0,1.0,3.0,53.0,33.0,24.0,10.0,6.0,5.0,5.0,1.0,4.0,48.0,28.0,14.0,3.0,7.0,3.0,9.0,74.0,900.0,366.0,164.0,2024
2024-1121,Hua Hin 2,Hard,32,I,2024-09-16,273,214461,,,Tamara Zidansek,R,168.0,SLO,26.7,236955,,Q,Tatiana Prozorova,U,,RUS,20.9,2-6 6-3 6-1,3,R32,126.0,2.0,1.0,69.0,47.0,30.0,10.0,12.0,2.0,6.0,1.0,4.0,98.0,65.0,39.0,12.0,12.0,10.0,16.0,261.0,261.0,259.0,266.0,2024
2024-1121,Hua Hin 2,Hard,32,I,2024-09-16,274,220465,6.0,,Katie Volynets,R,,USA,22.7,220704,,,Clara Tauson,R,182.0,DEN,21.7,7-6(2) 4-6 6-3,3,R32,174.0,1.0,1.0,93.0,64.0,36.0,13.0,15.0,2.0,10.0,2.0,10.0,105.0,67.0,35.0,16.0,16.0,4.0,13.0,60.0,977.0,67.0,929.0,2024
2024-1121,Hua Hin 2,Hard,32,I,2024-09-16,300,201696,,,Laura Siegemund,R,168.0,GER,36.5,215996,,Q,Arianne Hartono,R,,NED,28.4,6-3 6-3,3,SF,106.0,2.0,2.0,67.0,52.0,34.0,6.0,9.0,3.0,4.0,1.0,1.0,50.0,35.0,20.0,5.0,9.0,3.0,7.0,99.0,748.0,180.0,406.0,2024
2024-1121,Hua Hin 2,Hard,32,I,2024-09-16,299,211685,,,Rebecca Sramkova,R,,SVK,27.9,214461,,,Tamara Zidansek,R,168.0,SLO,26.7,6-4 6-2,3,SF,84.0,1.0,1.0,55.0,35.0,23.0,13.0,9.0,0.0,1.0,0.0,2.0,58.0,42.0,25.0,5.0,9.0,3.0,7.0,102.0,709.0,261.0,261.0,2024
2024-1121,Hua Hin 2,Hard,32,I,2024-09-16,298,215996,,Q,Arianne Hartono,R,,NED,28.4,215988,,,Mai Hontama,R,,JPN,25.0,4-6 6-2 6-3,3,QF,135.0,3.0,3.0,94.0,58.0,37.0,19.0,14.0,5.0,9.0,0.0,2.0,96.0,64.0,39.0,11.0,13.0,13.0,19.0,180.0,406.0,130.0,577.0,2024
2024-1121,Hua Hin 2,Hard,32,I,2024-09-16,270,211685,,,Rebecca Sramkova,R,,SVK,27.9,201696,,,Laura Siegemund,R,168.0,GER,36.5,6-4 6-4,3,F,115.0,2.0,6.0,59.0,39.0,28.0,9.0,10.0,1.0,3.0,2.0,2.0,68.0,44.0,24.0,12.0,10.0,5.0,9.0,102.0,709.0,99.0,748.0,2024
2024-1121,Hua Hin 2,Hard,32,I,2024-09-16,297,201696,,,Laura Siegemund,R,168.0,GER,36.5,214119,,,Rebeka Masarova,R,186.0,ESP,25.1,6-3 6-4,3,QF,127.0,0.0,4.0,69.0,47.0,22.0,14.0,10.0,3.0,7.0,0.0,8.0,77.0,45.0,24.0,11.0,9.0,13.0,19.0,99.0,748.0,119.0,620.0,2024
2024-1020,Beijing,Hard,128,PM,2024-09-25,209,206408,,,Nadia Podoroska,R,170.0,ARG,27.6,260913,,WC,Yufei Ren,R,,CHN,18.4,6-4 6-2,3,R128,89.0,2.0,2.0,62.0,37.0,27.0,13.0,9.0,5.0,6.0,0.0,3.0,51.0,35.0,20.0,7.0,9.0,3.0,7.0,66.0,942.0,500.0,105.0,2024
2024-1020,Beijing,Hard,128,PM,2024-09-25,212,215785,,,Camila Osorio,R,162.0,COL,22.7,201548,,,Ajla Tomljanovic,R,180.0,AUS,31.3,1-6 6-3 6-3,3,R128,116.0,1.0,4.0,74.0,45.0,25.0,13.0,13.0,4.0,10.0,1.0,9.0,83.0,51.0,26.0,16.0,12.0,3.0,9.0,59.0,988.0,107.0,666.0,2024
2024-1020,Beijing,Hard,128,PM,2024-09-25,213,213544,,LL,Jana Fett,R,168.0,CRO,27.8,216062,,WC,Meiling Wang,U,,CHN,24.5,6-3 6-4,3,R128,76.0,2.0,2.0,47.0,27.0,21.0,12.0,9.0,3.0,5.0,0.0,3.0,58.0,33.0,15.0,12.0,10.0,3.0,8.0,118.0,615.0,410.0,146.0,2024
2024-1020,Beijing,Hard,128,PM,2024-09-25,216,203530,,,Viktorija Golubic,R,169.0,SUI,31.9,216016,,,Xiyu Wang,L,,CHN,23.4,7-6(5) 0-6 6-3,3,R128,159.0,0.0,3.0,106.0,79.0,47.0,13.0,14.0,5.0,9.0,6.0,3.0,91.0,52.0,40.0,18.0,13.0,6.0,8.0,96.0,705.0,95.0,720.0,2024
2024-1020,Beijing,Hard,128,PM,2024-09-25,217,201593,,,Irina Camelia Begu,R,181.0,ROU,34.0,215946,,WC,Ye Xin Ma,U,,CHN,25.2,1-6 6-4 6-1,3,R128,112.0,1.0,3.0,70.0,46.0,26.0,13.0,12.0,5.0,10.0,2.0,3.0,73.0,45.0,24.0,15.0,12.0,2.0,8.0,103.0,683.0,224.0,321.0,2024
2024-1020,Beijing,Hard,128,PM,2024-09-25,220,220416,,,Moyuka Uchijima,R,171.0,JPN,23.1,222559,,WC,Han Shi,R,,CHN,19.3,6-3 6-4,3,R128,83.0,0.0,3.0,52.0,34.0,24.0,9.0,9.0,0.0,2.0,2.0,4.0,68.0,46.0,25.0,9.0,10.0,4.0,9.0,63.0,954.0,240.0,302.0,2024
2024-1020,Beijing,Hard,128,PM,2024-09-25,221,220704,,,Clara Tauson,R,182.0,DEN,21.7,211279,,,Harriet Dart,R,175.0,GBR,28.1,5-7 6-4 6-1,3,R128,173.0,4.0,9.0,96.0,54.0,39.0,16.0,14.0,10.0,14.0,4.0,9.0,112.0,60.0,37.0,20.0,15.0,11.0,18.0,72.0,901.0,76.0,881.0,2024
2024-1020,Beijing,Hard,128,PM,2024-09-25,228,220714,,,Elisabetta Cocciaretto,R,,ITA,23.6,201613,,Q,Arina Rodionova,R,168.0,AUS,34.7,4-6 6-4 6-3,3,R128,138.0,0.0,1.0,94.0,70.0,43.0,10.0,15.0,4.0,10.0,1.0,3.0,84.0,51.0,31.0,12.0,14.0,3.0,10.0,55.0,1023.0,114.0,635.0,2024
2024-1020,Beijing,Hard,128,PM,2024-09-25,225,214096,,,Karolina Muchova,R,178.0,CZE,28.0,215020,,,Anna Blinkova,R,179.0,RUS,26.0,6-1 6-1,3,R128,62.0,4.0,0.0,43.0,26.0,22.0,9.0,7.0,1.0,1.0,1.0,2.0,45.0,30.0,14.0,3.0,7.0,6.0,11.0,49.0,1126.0,78.0,861.0,2024
2024-1020,Beijing,Hard,128,PM,2024-09-25,229,213710,,,Cristina Bucsa,R,,ESP,26.7,252587,,WC,Xinxin Yao,L,,CHN,20.9,6-3 6-2,3,R128,93.0,1.0,4.0,48.0,29.0,19.0,9.0,8.0,1.0,4.0,1.0,3.0,77.0,45.0,19.0,12.0,9.0,10.0,17.0,79.0,847.0,286.0,233.0,2024
2024-1020,Beijing,Hard,128,PM,2024-09-25,232,221096,,WC,Sijia Wei,R,,CHN,20.8,211817,,Q,Elena Gabriela Ruse,R,,ROU,26.8,6-4 7-6(6),3,R128,113.0,3.0,3.0,74.0,39.0,25.0,20.0,11.0,3.0,7.0,2.0,10.0,74.0,38.0,26.0,11.0,11.0,2.0,7.0,140.0,522.0,93.0,743.0,2024
2024-1020,Beijing,Hard,128,PM,2024-09-25,233,204427,,Q,Sara Sorribes Tormo,R,176.0,ESP,27.9,214386,,WC,Xinyu Gao,R,,CHN,26.8,6-7(4) 7-5 7-5,3,R128,255.0,1.0,2.0,148.0,115.0,61.0,19.0,18.0,12.0,18.0,0.0,3.0,117.0,72.0,41.0,20.0,18.0,6.0,14.0,104.0,677.0,171.0,432.0,2024
2024-1020,Beijing,Hard,128,PM,2024-09-25,208,215872,,LL,Kamilla Rakhimova,R,,RUS,23.0,214040,,Q,Kimberly Birrell,R,170.0,AUS,26.4,6-2 6-4,3,R128,96.0,1.0,0.0,53.0,30.0,19.0,12.0,9.0,2.0,5.0,2.0,4.0,68.0,46.0,23.0,9.0,9.0,5.0,11.0,71.0,905.0,146.0,512.0,2024
2024-1020,Beijing,Hard,128,PM,2024-09-25,236,221909,,,Ashlyn Krueger,R,185.0,USA,20.3,206374,,,Yafan Wang,R,170.0,CHN,30.4,3-6 6-4 6-2,3,R128,124.0,5.0,4.0,99.0,75.0,50.0,9.0,14.0,6.0,10.0,2.0,2.0,71.0,40.0,25.0,14.0,13.0,0.0,5.0,68.0,917.0,58.0,991.0,2024
2024-1020,Beijing,Hard,128,PM,2024-09-25,224,211713,,,Jaqueline Cristian,R,180.0,ROU,26.3,214388,,,Anna Bondar,R,,HUN,27.3,6-1 7-6(5),3,R128,108.0,2.0,0.0,66.0,45.0,30.0,14.0,10.0,0.0,1.0,5.0,3.0,64.0,27.0,20.0,16.0,9.0,3.0,6.0,80.0,844.0,90.0,778.0,2024
2024-1020,Beijing,Hard,128,PM,2024-09-25,205,220589,,,Elina Avanesyan,R,,ARM,22.0,211765,,LL,Emina Bektas,R,,USA,31.4,6-2 7-5,3,R128,88.0,1.0,2.0,72.0,50.0,33.0,11.0,10.0,4.0,6.0,0.0,0.0,58.0,44.0,26.0,4.0,10.0,1.0,6.0,47.0,1140.0,117.0,617.0,2024
2024-1020,Beijing,Hard,128,PM,2024-09-25,185,219917,,Q,Alycia Parks,R,185.0,USA,23.7,202492,,,Qiang Wang,R,172.0,CHN,32.6,1-6 6-4 6-2,3,R128,116.0,7.0,9.0,77.0,42.0,32.0,11.0,13.0,2.0,6.0,0.0,5.0,93.0,53.0,35.0,15.0,12.0,9.0,13.0,128.0,568.0,403.0,149.0,2024
2024-1020,Beijing,Hard,128,PM,2024-09-25,201,220548,,,Peyton Stearns,R,,USA,22.9,222601,,,Jessica Bouzas Maneiro,R,,ESP,22.0,6-2 6-4,3,R128,87.0,0.0,0.0,55.0,34.0,17.0,7.0,9.0,1.0,6.0,0.0,8.0,66.0,41.0,17.0,8.0,9.0,5.0,13.0,46.0,1173.0,57.0,995.0,2024
2024-1020,Beijing,Hard,128,PM,2024-09-25,237,216566,,Q,Mananchaya Sawangkaew,R,,THA,22.2,201610,,Q,Zarina Diyas,R,172.0,KAZ,30.9,6-2 6-3,3,R128,63.0,3.0,6.0,46.0,25.0,19.0,10.0,8.0,3.0,5.0,0.0,1.0,51.0,33.0,14.0,6.0,9.0,5.0,11.0,187.0,384.0,571.0,78.0,2024
2024-1020,Beijing,Hard,128,PM,2024-09-25,174,221103,4.0,,Coco Gauff,R,175.0,USA,20.5,214096,,,Karolina Muchova,R,178.0,CZE,28.0,6-1 6-3,3,F,77.0,6.0,5.0,47.0,33.0,28.0,6.0,8.0,3.0,4.0,2.0,3.0,52.0,29.0,18.0,4.0,8.0,4.0,9.0,6.0,4983.0,49.0,1126.0,2024
2024-1020,Beijing,Hard,128,PM,2024-09-25,176,220348,,,Diane Parry,R,170.0,FRA,22.0,215314,,Q,En Shuo Liang,U,,TPE,23.9,4-6 6-0 6-0,3,R128,96.0,6.0,1.0,58.0,29.0,24.0,17.0,11.0,1.0,2.0,2.0,6.0,69.0,42.0,25.0,7.0,11.0,6.0,12.0,53.0,1067.0,260.0,264.0,2024
2024-1020,Beijing,Hard,128,PM,2024-09-25,177,216133,,,Xin Yu Wang,R,182.0,CHN,22.9,215988,,LL,Mai Hontama,R,,JPN,25.0,6-1 6-3,3,R128,70.0,0.0,1.0,50.0,33.0,25.0,11.0,8.0,1.0,1.0,0.0,3.0,44.0,29.0,17.0,4.0,8.0,2.0,6.0,50.0,1123.0,116.0,618.0,2024
2024-1020,Beijing,Hard,128,PM,2024-09-25,180,211685,,Q,Rebecca Sramkova,R,,SVK,27.9,211843,,,Anhelina Kalinina,R,179.0,UKR,27.6,6-4 6-0,3,R128,66.0,0.0,0.0,50.0,28.0,23.0,11.0,8.0,2.0,3.0,0.0,6.0,45.0,16.0,9.0,10.0,8.0,2.0,7.0,61.0,958.0,48.0,1136.0,2024
2024-1020,Beijing,Hard,128,PM,2024-09-25,181,202600,,,Viktoriya Tomova,R,170.0,BUL,29.5,201615,,,Lesia Tsurenko,R,174.0,UKR,35.3,6-3 6-3,3,R128,86.0,2.0,3.0,50.0,28.0,19.0,11.0,9.0,2.0,5.0,0.0,6.0,69.0,42.0,22.0,10.0,9.0,2.0,8.0,51.0,1107.0,88.0,794.0,2024
2024-1020,Beijing,Hard,128,PM,2024-09-25,204,263857,,Q,Yuliia Starodubtseva,R,,UKR,24.6,201696,,,Laura Siegemund,R,168.0,GER,36.5,6-4 7-6(3),3,R128,147.0,1.0,0.0,73.0,52.0,25.0,13.0,11.0,4.0,10.0,0.0,5.0,95.0,68.0,34.0,10.0,11.0,9.0,16.0,115.0,620.0,69.0,910.0,2024
2024-1020,Beijing,Hard,128,PM,2024-09-25,184,213550,,,Sofia Kenin,R,170.0,USA,25.8,202536,,,Ana Bogdan,R,171.0,ROU,31.8,7-5 6-2,3,R128,85.0,4.0,1.0,58.0,41.0,26.0,12.0,10.0,2.0,4.0,9.0,3.0,56.0,32.0,21.0,10.0,10.0,3.0,8.0,168.0,446.0,120.0,613.0,2024
2024-1020,Beijing,Hard,128,PM,2024-09-25,189,201533,,WC,Shuai Zhang,R,177.0,CHN,35.6,220520,,,Mccartney Kessler,R,,USA,25.2,7-6(5) 7-6(1),3,R128,120.0,0.0,2.0,85.0,52.0,38.0,15.0,12.0,2.0,6.0,2.0,3.0,91.0,43.0,28.0,22.0,12.0,7.0,11.0,595.0,71.0,65.0,951.0,2024
2024-1020,Beijing,Hard,128,PM,2024-09-25,192,216262,,,Clara Burel,R,176.0,FRA,23.5,211337,,LL,Tamara Korpatsch,R,170.0,GER,29.3,6-3 5-7 6-3,3,R128,131.0,1.0,3.0,95.0,54.0,36.0,18.0,15.0,9.0,14.0,1.0,4.0,88.0,45.0,26.0,21.0,15.0,7.0,14.0,56.0,1015.0,125.0,588.0,2024
2024-1020,Beijing,Hard,128,PM,2024-09-25,193,203501,,,Taylor Townsend,L,170.0,USA,28.4,203354,,,Martina Trevisan,L,160.0,ITA,30.8,6-2 4-6 6-3,3,R128,127.0,15.0,2.0,78.0,52.0,41.0,10.0,14.0,0.0,2.0,2.0,7.0,74.0,46.0,31.0,12.0,13.0,1.0,5.0,52.0,1103.0,112.0,658.0,2024
2024-1020,Beijing,Hard,128,PM,2024-09-25,196,211768,,,Naomi Osaka,R,180.0,JPN,26.9,214459,,,Lucia Bronzetti,R,,ITA,25.7,6-3 6-2,3,R128,83.0,8.0,3.0,70.0,43.0,34.0,10.0,9.0,6.0,7.0,1.0,2.0,60.0,40.0,20.0,10.0,8.0,4.0,8.0,73.0,894.0,77.0,869.0,2024
2024-1020,Beijing,Hard,128,PM,2024-09-25,197,220465,,,Katie Volynets,R,,USA,22.7,213646,,Q,Dalma Galfi,R,178.0,HUN,26.1,7-5 6-1,3,R128,113.0,1.0,3.0,86.0,66.0,41.0,10.0,10.0,11.0,12.0,4.0,4.0,71.0,43.0,25.0,13.0,9.0,6.0,10.0,60.0,987.0,143.0,515.0,2024
2024-1020,Beijing,Hard,128,PM,2024-09-25,200,221024,,Q,Hailey Baptiste,R,,USA,22.8,219875,,,Varvara Gracheva,R,,FRA,24.1,6-0 6-3,3,R128,61.0,2.0,4.0,50.0,30.0,23.0,12.0,8.0,1.0,1.0,0.0,7.0,50.0,28.0,14.0,9.0,7.0,6.0,10.0,111.0,659.0,62.0,955.0,2024
2024-1020,Beijing,Hard,128,PM,2024-09-25,188,213889,,,Greet Minnen,R,,BEL,27.1,222965,,,Erika Andreeva,R,,RUS,20.2,7-5 6-2,3,R128,101.0,2.0,4.0,64.0,37.0,27.0,14.0,10.0,4.0,6.0,2.0,5.0,64.0,33.0,20.0,12.0,10.0,2.0,7.0,94.0,738.0,67.0,928.0,2024
2024-1020,Beijing,Hard,128,PM,2024-09-25,239,202468,2.0,,Jessica Pegula,R,170.0,USA,30.5,220348,,,Diane Parry,R,170.0,FRA,22.0,6-1 7-6(4),3,R64,93.0,5.0,3.0,62.0,46.0,31.0,11.0,9.0,3.0,4.0,5.0,3.0,83.0,50.0,35.0,9.0,10.0,7.0,11.0,3.0,6220.0,53.0,1067.0,2024
2024-1020,Beijing,Hard,128,PM,2024-09-25,240,206368,32.0,,Veronika Kudermetova,R,175.0,RUS,27.4,216133,,,Xin Yu Wang,R,182.0,CHN,22.9,3-6 6-4 7-5,3,R64,162.0,5.0,2.0,98.0,56.0,37.0,24.0,16.0,1.0,5.0,1.0,4.0,99.0,64.0,42.0,15.0,15.0,7.0,11.0,39.0,1398.0,50.0,1123.0,2024
2024-1020,Beijing,Hard,128,PM,2024-09-25,241,211685,,Q,Rebecca Sramkova,R,,SVK,27.9,206420,22.0,,Ekaterina Alexandrova,R,175.0,RUS,29.8,5-7 6-4 6-3,3,R64,140.0,5.0,2.0,95.0,56.0,43.0,19.0,15.0,12.0,15.0,7.0,10.0,105.0,66.0,46.0,11.0,16.0,6.0,11.0,61.0,958.0,33.0,1733.0,2024
2024-1020,Beijing,Hard,128,PM,2024-09-25,273,211684,23.0,,Magdalena Frech,R,171.0,POL,26.7,223670,12.0,,Diana Shnaider,L,,RUS,20.4,0-6 6-3 6-4,3,R32,103.0,4.0,3.0,71.0,47.0,33.0,12.0,12.0,2.0,5.0,2.0,1.0,73.0,44.0,29.0,17.0,13.0,3.0,6.0,31.0,1743.0,16.0,2685.0,2024
2024-1020,Beijing,Hard,128,PM,2024-09-25,274,201533,,WC,Shuai Zhang,R,177.0,CHN,35.6,213889,,,Greet Minnen,R,,BEL,27.1,6-2 6-3,3,R32,75.0,4.0,0.0,56.0,45.0,27.0,6.0,8.0,5.0,7.0,3.0,2.0,56.0,32.0,17.0,8.0,9.0,2.0,8.0,595.0,71.0,94.0,738.0,2024
2024-1020,Beijing,Hard,128,PM,2024-09-25,275,221103,4.0,,Coco Gauff,R,175.0,USA,20.5,211107,26.0,,Katie Boulter,R,180.0,GBR,28.1,7-5 6-2,3,R32,84.0,5.0,3.0,55.0,39.0,32.0,8.0,10.0,0.0,1.0,0.0,3.0,61.0,40.0,27.0,8.0,10.0,3.0,7.0,6.0,4983.0,34.0,1655.0,2024
2024-1020,Beijing,Hard,128,PM,2024-09-25,276,211768,,,Naomi Osaka,R,180.0,JPN,26.9,220465,,,Katie Volynets,R,,USA,22.7,6-3 6-2,3,R32,77.0,5.0,1.0,50.0,28.0,23.0,15.0,9.0,0.0,0.0,0.0,0.0,69.0,52.0,26.0,11.0,8.0,5.0,8.0,73.0,894.0,60.0,987.0,2024
2024-1020,Beijing,Hard,128,PM,2024-09-25,278,263857,,Q,Yuliia Starodubtseva,R,,UKR,24.6,220589,,,Elina Avanesyan,R,,ARM,22.0,6-3 6-1,3,R32,92.0,2.0,1.0,58.0,36.0,26.0,10.0,8.0,1.0,2.0,0.0,5.0,75.0,50.0,24.0,10.0,8.0,6.0,11.0,115.0,620.0,47.0,1140.0,2024
2024-1020,Beijing,Hard,128,PM,2024-09-25,279,221012,5.0,,Qinwen Zheng,R,,CHN,21.9,206408,,,Nadia Podoroska,R,170.0,ARG,27.6,6-3 6-2,3,R32,79.0,5.0,2.0,53.0,30.0,27.0,13.0,9.0,5.0,5.0,1.0,1.0,50.0,36.0,23.0,5.0,8.0,4.0,7.0,7.0,3920.0,66.0,942.0,2024
2024-1020,Beijing,Hard,128,PM,2024-09-25,280,216153,34.0,,Amanda Anisimova,R,180.0,USA,23.0,214082,9.0,,Daria Kasatkina,R,170.0,RUS,27.3,7-6(1) 6-4,3,R32,105.0,0.0,5.0,78.0,56.0,36.0,11.0,11.0,6.0,9.0,2.0,7.0,78.0,59.0,38.0,4.0,11.0,5.0,9.0,43.0,1276.0,11.0,3020.0,2024
2024-1020,Beijing,Hard,128,PM,2024-09-25,281,259799,17.0,,Mirra Andreeva,R,,RUS,17.4,202499,16.0,,Donna Vekic,R,179.0,CRO,28.2,3-6 6-4 6-4,3,R32,149.0,5.0,8.0,98.0,52.0,38.0,23.0,15.0,8.0,12.0,2.0,7.0,91.0,45.0,33.0,16.0,14.0,1.0,5.0,22.0,2153.0,20.0,2243.0,2024
2024-1020,Beijing,Hard,128,PM,2024-09-25,282,202663,31.0,,Magda Linette,R,171.0,POL,32.6,211148,3.0,,Jasmine Paolini,R,160.0,ITA,28.7,6-4 6-0,3,R32,86.0,3.0,0.0,72.0,40.0,26.0,14.0,8.0,7.0,9.0,1.0,3.0,57.0,35.0,16.0,7.0,8.0,3.0,9.0,45.0,1191.0,5.0,5348.0,2024
2024-1020,Beijing,Hard,128,PM,2024-09-25,283,214096,,,Karolina Muchova,R,178.0,CZE,28.0,211713,,,Jaqueline Cristian,R,180.0,ROU,26.3,6-1 6-3,3,R32,76.0,3.0,1.0,50.0,32.0,25.0,10.0,8.0,5.0,6.0,2.0,5.0,51.0,25.0,15.0,10.0,8.0,3.0,8.0,49.0,1126.0,80.0,844.0,2024
2024-1020,Beijing,Hard,128,PM,2024-09-25,284,213710,,,Cristina Bucsa,R,,ESP,26.7,210722,24.0,,Elise Mertens,R,179.0,BEL,28.8,4-6 6-2 6-2,3,R32,143.0,0.0,3.0,97.0,58.0,34.0,23.0,13.0,8.0,12.0,2.0,4.0,81.0,45.0,22.0,16.0,13.0,5.0,12.0,79.0,847.0,29.0,1749.0,2024
2024-1020,Beijing,Hard,128,PM,2024-09-25,285,201619,18.0,,Madison Keys,R,178.0,USA,29.6,206242,13.0,,Beatriz Haddad Maia,L,185.0,BRA,28.3,6-3 6-3,3,R32,86.0,3.0,3.0,49.0,35.0,21.0,7.0,9.0,2.0,5.0,1.0,5.0,65.0,36.0,18.0,11.0,9.0,6.0,12.0,24.0,2076.0,12.0,2981.0,2024
2024-1020,Beijing,Hard,128,PM,2024-09-25,286,214544,1.0,,Aryna Sabalenka,R,182.0,BLR,26.3,221909,,,Ashlyn Krueger,R,185.0,USA,20.3,6-2 6-2,3,R32,74.0,2.0,3.0,61.0,39.0,28.0,10.0,8.0,1.0,2.0,2.0,3.0,52.0,35.0,19.0,5.0,8.0,2.0,7.0,2.0,8716.0,68.0,917.0,2024
2024-1020,Beijing,Hard,128,PM,2024-09-25,287,211651,15.0,,Paula Badosa,R,180.0,ESP,26.8,202468,2.0,,Jessica Pegula,R,170.0,USA,30.5,6-4 6-0,3,R16,64.0,0.0,5.0,50.0,19.0,18.0,15.0,8.0,1.0,2.0,4.0,0.0,41.0,25.0,11.0,6.0,8.0,0.0,5.0,19.0,2325.0,3.0,6220.0,2024
2024-1020,Beijing,Hard,128,PM,2024-09-25,288,201533,,WC,Shuai Zhang,R,177.0,CHN,35.6,211684,23.0,,Magdalena Frech,R,171.0,POL,26.7,6-4 6-2,3,R16,90.0,2.0,2.0,70.0,48.0,29.0,10.0,9.0,4.0,7.0,2.0,1.0,66.0,39.0,23.0,7.0,9.0,6.0,12.0,595.0,71.0,31.0,1743.0,2024
2024-1020,Beijing,Hard,128,PM,2024-09-25,289,221103,4.0,,Coco Gauff,R,175.0,USA,20.5,211768,,,Naomi Osaka,R,180.0,JPN,26.9,3-6 6-4 0-0 RET,3,R16,88.0,6.0,6.0,59.0,32.0,21.0,10.0,9.0,1.0,6.0,1.0,1.0,71.0,43.0,24.0,11.0,10.0,6.0,11.0,6.0,4983.0,73.0,894.0,2024
2024-1020,Beijing,Hard,128,PM,2024-09-25,290,263857,,Q,Yuliia Starodubtseva,R,,UKR,24.6,214939,10.0,,Anna Kalinskaya,R,175.0,RUS,25.8,7-5 6-0,3,R16,95.0,1.0,2.0,65.0,39.0,25.0,15.0,9.0,4.0,5.0,0.0,6.0,62.0,33.0,20.0,10.0,9.0,3.0,8.0,115.0,620.0,14.0,2725.0,2024
2024-1020,Beijing,Hard,128,PM,2024-09-25,291,221012,5.0,,Qinwen Zheng,R,,CHN,21.9,216153,34.0,,Amanda Anisimova,R,180.0,USA,23.0,3-6 6-1 6-2,3,R16,142.0,14.0,6.0,103.0,56.0,41.0,21.0,12.0,7.0,9.0,1.0,4.0,94.0,70.0,39.0,12.0,12.0,7.0,12.0,7.0,3920.0,43.0,1276.0,2024
2024-1020,Beijing,Hard,128,PM,2024-09-25,292,259799,17.0,,Mirra Andreeva,R,,RUS,17.4,202663,31.0,,Magda Linette,R,171.0,POL,32.6,6-1 6-3,3,R16,73.0,1.0,3.0,50.0,27.0,15.0,14.0,8.0,5.0,8.0,2.0,0.0,53.0,40.0,15.0,5.0,8.0,4.0,11.0,22.0,2153.0,45.0,1191.0,2024
2024-1020,Beijing,Hard,128,PM,2024-09-25,293,214096,,,Karolina Muchova,R,178.0,CZE,28.0,213710,,,Cristina Bucsa,R,,ESP,26.7,6-2 6-0,3,R16,69.0,2.0,1.0,36.0,18.0,17.0,11.0,7.0,0.0,0.0,0.0,3.0,65.0,38.0,16.0,13.0,7.0,8.0,13.0,49.0,1126.0,79.0,847.0,2024
2024-1020,Beijing,Hard,128,PM,2024-09-25,294,214544,1.0,,Aryna Sabalenka,R,182.0,BLR,26.3,201619,18.0,,Madison Keys,R,178.0,USA,29.6,6-4 6-3,3,R16,65.0,1.0,1.0,43.0,31.0,26.0,4.0,9.0,0.0,2.0,1.0,6.0,59.0,43.0,24.0,6.0,10.0,2.0,7.0,2.0,8716.0,24.0,2076.0,2024
2024-1020,Beijing,Hard,128,PM,2024-09-25,295,211651,15.0,,Paula Badosa,R,180.0,ESP,26.8,201533,,WC,Shuai Zhang,R,177.0,CHN,35.6,6-1 7-6(4),3,QF,83.0,10.0,5.0,67.0,40.0,31.0,12.0,9.0,1.0,2.0,0.0,4.0,59.0,42.0,24.0,4.0,10.0,1.0,5.0,19.0,2325.0,595.0,71.0,2024
2024-1020,Beijing,Hard,128,PM,2024-09-25,296,221103,4.0,,Coco Gauff,R,175.0,USA,20.5,263857,,Q,Yuliia Starodubtseva,R,,UKR,24.6,2-6 6-2 6-2,3,QF,111.0,2.0,11.0,78.0,42.0,33.0,15.0,12.0,10.0,13.0,2.0,1.0,76.0,49.0,28.0,12.0,12.0,2.0,7.0,6.0,4983.0,115.0,620.0,2024
2024-1020,Beijing,Hard,128,PM,2024-09-25,297,221012,5.0,,Qinwen Zheng,R,,CHN,21.9,259799,17.0,,Mirra Andreeva,R,,RUS,17.4,5-7 6-0 6-4,3,QF,152.0,5.0,8.0,86.0,40.0,30.0,14.0,14.0,4.0,10.0,1.0,4.0,104.0,57.0,29.0,18.0,14.0,9.0,18.0,7.0,3920.0,22.0,2153.0,2024
2024-1020,Beijing,Hard,128,PM,2024-09-25,298,214096,,,Karolina Muchova,R,178.0,CZE,28.0,214544,1.0,,Aryna Sabalenka,R,182.0,BLR,26.3,7-6(5) 2-6 6-4,3,QF,166.0,5.0,5.0,104.0,62.0,41.0,22.0,15.0,4.0,8.0,1.0,3.0,103.0,65.0,40.0,22.0,15.0,7.0,10.0,49.0,1126.0,2.0,8716.0,2024
2024-1020,Beijing,Hard,128,PM,2024-09-25,299,221103,4.0,,Coco Gauff,R,175.0,USA,20.5,211651,15.0,,Paula Badosa,R,180.0,ESP,26.8,4-6 6-4 6-2,3,SF,140.0,6.0,11.0,93.0,49.0,37.0,18.0,14.0,6.0,10.0,4.0,6.0,117.0,77.0,43.0,18.0,14.0,14.0,20.0,6.0,4983.0,19.0,2325.0,2024
2024-1020,Beijing,Hard,128,PM,2024-09-25,300,214096,,,Karolina Muchova,R,178.0,CZE,28.0,221012,5.0,,Qinwen Zheng,R,,CHN,21.9,6-3 6-4,3,SF,107.0,3.0,3.0,57.0,39.0,31.0,11.0,10.0,1.0,1.0,3.0,7.0,61.0,33.0,25.0,11.0,9.0,2.0,4.0,49.0,1126.0,7.0,3920.0,2024
2024-1020,Beijing,Hard,128,PM,2024-09-25,272,211651,15.0,,Paula Badosa,R,180.0,ESP,26.8,211685,,Q,Rebecca Sramkova,R,,SVK,27.9,7-5 7-5,3,R32,109.0,3.0,5.0,76.0,51.0,30.0,15.0,12.0,7.0,10.0,3.0,2.0,76.0,47.0,26.0,15.0,12.0,7.0,12.0,19.0,2325.0,61.0,958.0,2024
2024-1020,Beijing,Hard,128,PM,2024-09-25,271,202468,2.0,,Jessica Pegula,R,170.0,USA,30.5,206368,32.0,,Veronika Kudermetova,R,175.0,RUS,27.4,6-7(9) 6-1 6-2,3,R32,159.0,5.0,6.0,95.0,60.0,42.0,18.0,14.0,4.0,7.0,5.0,5.0,95.0,59.0,33.0,16.0,13.0,2.0,9.0,3.0,6220.0,39.0,1398.0,2024
2024-1020,Beijing,Hard,128,PM,2024-09-25,277,214939,10.0,,Anna Kalinskaya,R,175.0,RUS,25.8,220548,,,Peyton Stearns,R,,USA,22.9,3-6 6-3 3-1 RET,3,R32,103.0,9.0,5.0,66.0,44.0,31.0,8.0,11.0,6.0,10.0,0.0,2.0,70.0,53.0,31.0,5.0,12.0,1.0,6.0,14.0,2725.0,46.0,1173.0,2024
2024-1020,Beijing,Hard,128,PM,2024-09-25,269,221909,,,Ashlyn Krueger,R,185.0,USA,20.3,215138,29.0,,Lulu Sun,L,,NZL,23.4,6-1 7-6(4),3,R64,77.0,3.0,3.0,57.0,34.0,27.0,16.0,9.0,1.0,1.0,1.0,3.0,65.0,35.0,23.0,15.0,10.0,6.0,9.0,68.0,917.0,40.0,1375.0,2024
2024-1020,Beijing,Hard,128,PM,2024-09-25,242,211651,15.0,,Paula Badosa,R,180.0,ESP,26.8,202600,,,Viktoriya Tomova,R,170.0,BUL,29.5,6-3 6-2,3,R64,84.0,2.0,4.0,63.0,33.0,23.0,17.0,9.0,5.0,6.0,0.0,2.0,51.0,32.0,17.0,7.0,8.0,5.0,9.0,19.0,2325.0,51.0,1107.0,2024
2024-1020,Beijing,Hard,128,PM,2024-09-25,243,223670,12.0,,Diana Shnaider,L,,RUS,20.4,213550,,,Sofia Kenin,R,170.0,USA,25.8,6-2 6-3,3,R64,67.0,7.0,6.0,60.0,38.0,27.0,11.0,9.0,2.0,3.0,1.0,1.0,44.0,27.0,19.0,4.0,8.0,3.0,7.0,16.0,2685.0,168.0,446.0,2024
2024-1020,Beijing,Hard,128,PM,2024-09-25,244,211684,23.0,,Magdalena Frech,R,171.0,POL,26.7,219917,,Q,Alycia Parks,R,185.0,USA,23.7,6-4 5-7 6-4,3,R64,170.0,2.0,6.0,120.0,69.0,49.0,19.0,16.0,13.0,17.0,9.0,11.0,102.0,56.0,41.0,20.0,16.0,7.0,12.0,31.0,1743.0,128.0,568.0,2024
2024-1020,Beijing,Hard,128,PM,2024-09-25,245,213889,,,Greet Minnen,R,,BEL,27.1,215713,28.0,,Anastasia Potapova,R,175.0,RUS,23.4,7-5 2-6 6-4,3,R64,152.0,1.0,10.0,115.0,62.0,35.0,26.0,15.0,12.0,18.0,6.0,6.0,95.0,45.0,30.0,21.0,15.0,2.0,8.0,94.0,738.0,38.0,1427.0,2024
2024-1020,Beijing,Hard,128,PM,2024-09-25,246,201533,,WC,Shuai Zhang,R,177.0,CHN,35.6,215613,6.0,,Emma Navarro,R,,USA,23.3,6-4 6-2,3,R64,75.0,0.0,0.0,59.0,44.0,28.0,9.0,9.0,5.0,7.0,0.0,1.0,57.0,36.0,20.0,6.0,9.0,2.0,7.0,595.0,71.0,8.0,3698.0,2024
2024-1020,Beijing,Hard,128,PM,2024-09-25,247,221103,4.0,,Coco Gauff,R,175.0,USA,20.5,216262,,,Clara Burel,R,176.0,FRA,23.5,7-5 6-3,3,R64,100.0,1.0,6.0,68.0,44.0,31.0,9.0,11.0,3.0,6.0,1.0,3.0,86.0,54.0,31.0,13.0,10.0,12.0,17.0,6.0,4983.0,56.0,1015.0,2024
2024-1020,Beijing,Hard,128,PM,2024-09-25,248,211107,26.0,,Katie Boulter,R,180.0,GBR,28.1,203501,,,Taylor Townsend,L,170.0,USA,28.4,6-4 6-4,3,R64,94.0,2.0,0.0,52.0,28.0,24.0,13.0,10.0,0.0,1.0,5.0,3.0,74.0,44.0,27.0,14.0,10.0,9.0,12.0,34.0,1655.0,52.0,1103.0,2024
2024-1020,Beijing,Hard,128,PM,2024-09-25,270,214544,1.0,,Aryna Sabalenka,R,182.0,BLR,26.3,216566,,Q,Mananchaya Sawangkaew,R,,THA,22.2,6-4 6-1,3,R64,76.0,3.0,1.0,64.0,40.0,30.0,11.0,9.0,3.0,4.0,3.0,4.0,52.0,31.0,15.0,10.0,8.0,3.0,7.0,2.0,8716.0,187.0,384.0,2024
2024-1020,Beijing,Hard,128,PM,2024-09-25,250,220465,,,Katie Volynets,R,,USA,22.7,216146,14.0,,Marta Kostyuk,R,175.0,UKR,22.2,7-5 6-3,3,R64,109.0,0.0,0.0,78.0,56.0,30.0,9.0,10.0,6.0,11.0,1.0,9.0,62.0,31.0,18.0,7.0,11.0,4.0,12.0,60.0,987.0,18.0,2493.0,2024
2024-1020,Beijing,Hard,128,PM,2024-09-25,251,214939,10.0,,Anna Kalinskaya,R,175.0,RUS,25.8,221024,,Q,Hailey Baptiste,R,,USA,22.8,3-6 7-6(2) 7-6(5),3,R64,177.0,3.0,7.0,117.0,77.0,52.0,19.0,16.0,3.0,8.0,10.0,4.0,122.0,71.0,47.0,26.0,17.0,6.0,10.0,14.0,2725.0,111.0,659.0,2024
2024-1020,Beijing,Hard,128,PM,2024-09-25,252,220548,,,Peyton Stearns,R,,USA,22.9,220367,20.0,,Leylah Fernandez,L,168.0,CAN,22.0,7-5 6-2,3,R64,108.0,0.0,0.0,55.0,34.0,22.0,13.0,10.0,0.0,2.0,3.0,5.0,83.0,40.0,24.0,19.0,10.0,9.0,14.0,46.0,1173.0,28.0,1834.0,2024
2024-1020,Beijing,Hard,128,PM,2024-09-25,253,263857,,Q,Yuliia Starodubtseva,R,,UKR,24.6,211701,27.0,,Katerina Siniakova,R,174.0,CZE,28.3,6-2 6-2,3,R64,98.0,2.0,1.0,67.0,43.0,25.0,13.0,8.0,6.0,8.0,1.0,1.0,57.0,33.0,16.0,8.0,8.0,3.0,9.0,115.0,620.0,37.0,1474.0,2024
2024-1020,Beijing,Hard,128,PM,2024-09-25,254,220589,,,Elina Avanesyan,R,,ARM,22.0,214452,33.0,,Caroline Dolehide,R,178.0,USA,26.0,6-3 5-7 6-2,3,R64,124.0,0.0,2.0,93.0,68.0,39.0,12.0,14.0,6.0,11.0,0.0,4.0,86.0,71.0,37.0,5.0,15.0,4.0,12.0,47.0,1140.0,98.0,703.0,2024
2024-1020,Beijing,Hard,128,PM,2024-09-25,255,221012,5.0,,Qinwen Zheng,R,,CHN,21.9,215872,,LL,Kamilla Rakhimova,R,,RUS,23.0,6-1 6-1,3,R64,75.0,1.0,0.0,33.0,15.0,13.0,15.0,7.0,0.0,0.0,1.0,3.0,51.0,27.0,12.0,9.0,7.0,5.0,10.0,7.0,3920.0,71.0,905.0,2024
2024-1020,Beijing,Hard,128,PM,2024-09-25,249,211768,,,Naomi Osaka,R,180.0,JPN,26.9,201709,21.0,,Yulia Putintseva,R,163.0,KAZ,29.7,3-6 6-4 6-2,3,R64,106.0,6.0,2.0,88.0,46.0,32.0,20.0,14.0,6.0,10.0,4.0,2.0,73.0,46.0,28.0,16.0,13.0,2.0,7.0,73.0,894.0,32.0,1733.0,2024
2024-1020,Beijing,Hard,128,PM,2024-09-25,257,216153,34.0,,Amanda Anisimova,R,180.0,USA,23.0,215785,,,Camila Osorio,R,162.0,COL,22.7,1-6 6-3 6-4,3,R64,117.0,3.0,2.0,92.0,58.0,33.0,16.0,13.0,6.0,12.0,0.0,5.0,82.0,54.0,32.0,11.0,13.0,3.0,9.0,43.0,1276.0,59.0,988.0,2024
2024-1020,Beijing,Hard,128,PM,2024-09-25,256,206408,,,Nadia Podoroska,R,170.0,ARG,27.6,215035,25.0,,Dayana Yastremska,R,175.0,UKR,24.3,7-5 6-7(4) 6-2,3,R64,153.0,2.0,6.0,88.0,52.0,29.0,19.0,16.0,2.0,9.0,4.0,12.0,117.0,62.0,35.0,21.0,16.0,2.0,12.0,66.0,942.0,35.0,1603.0,2024
2024-1020,Beijing,Hard,128,PM,2024-09-25,268,201619,18.0,,Madison Keys,R,178.0,USA,29.6,204427,,Q,Sara Sorribes Tormo,R,176.0,ESP,27.9,6-2 6-1,3,R64,82.0,3.0,5.0,49.0,38.0,31.0,2.0,7.0,4.0,4.0,0.0,5.0,61.0,45.0,20.0,6.0,8.0,8.0,13.0,24.0,2076.0,104.0,677.0,2024
2024-1020,Beijing,Hard,128,PM,2024-09-25,267,206242,13.0,,Beatriz Haddad Maia,L,185.0,BRA,28.3,221096,,WC,Sijia Wei,R,,CHN,20.8,7-5 6-4,3,R64,116.0,4.0,8.0,81.0,51.0,35.0,15.0,11.0,8.0,10.0,2.0,4.0,64.0,40.0,24.0,9.0,11.0,6.0,10.0,12.0,2981.0,140.0,522.0,2024
2024-1020,Beijing,Hard,128,PM,2024-09-25,266,213710,,,Cristina Bucsa,R,,ESP,26.7,214643,11.0,,Liudmila Samsonova,R,180.0,RUS,25.8,6-1 4-6 6-4,3,R64,147.0,5.0,4.0,86.0,56.0,41.0,12.0,13.0,6.0,9.0,4.0,9.0,96.0,45.0,26.0,26.0,14.0,7.0,13.0,79.0,847.0,15.0,2720.0,2024
2024-1020,Beijing,Hard,128,PM,2024-09-25,264,214096,,,Karolina Muchova,R,178.0,CZE,28.0,206294,30.0,,Yue Yuan,R,184.0,CHN,26.0,6-3 6-1,3,R64,80.0,3.0,2.0,55.0,31.0,22.0,11.0,8.0,7.0,8.0,1.0,2.0,52.0,25.0,12.0,12.0,8.0,4.0,9.0,49.0,1126.0,41.0,1349.0,2024
2024-1020,Beijing,Hard,128,PM,2024-09-25,265,210722,24.0,,Elise Mertens,R,179.0,BEL,28.8,220714,,,Elisabetta Cocciaretto,R,,ITA,23.6,6-4 6-7(6) 6-3,3,R64,162.0,10.0,9.0,97.0,53.0,37.0,14.0,15.0,5.0,10.0,0.0,6.0,105.0,67.0,43.0,9.0,16.0,6.0,14.0,29.0,1749.0,55.0,1023.0,2024
2024-1020,Beijing,Hard,128,PM,2024-09-25,262,211148,3.0,,Jasmine Paolini,R,160.0,ITA,28.7,220704,,,Clara Tauson,R,182.0,DEN,21.7,1-6 7-5 6-4,3,R64,128.0,3.0,3.0,91.0,57.0,36.0,15.0,15.0,6.0,11.0,7.0,1.0,87.0,57.0,38.0,14.0,14.0,8.0,12.0,5.0,5348.0,72.0,901.0,2024
2024-1020,Beijing,Hard,128,PM,2024-09-25,261,202663,31.0,,Magda Linette,R,171.0,POL,32.6,220416,,,Moyuka Uchijima,R,171.0,JPN,23.1,6-4 4-6 6-3,3,R64,160.0,5.0,1.0,92.0,56.0,37.0,18.0,15.0,3.0,7.0,0.0,10.0,107.0,57.0,33.0,23.0,14.0,7.0,12.0,45.0,1191.0,63.0,954.0,2024
2024-1020,Beijing,Hard,128,PM,2024-09-25,260,259799,17.0,,Mirra Andreeva,R,,RUS,17.4,201593,,,Irina Camelia Begu,R,181.0,ROU,34.0,6-7(5) 6-1 6-1,3,R64,144.0,0.0,0.0,91.0,66.0,43.0,13.0,13.0,7.0,9.0,2.0,2.0,89.0,63.0,33.0,11.0,13.0,10.0,17.0,22.0,2153.0,103.0,683.0,2024
2024-1020,Beijing,Hard,128,PM,2024-09-25,259,202499,16.0,,Donna Vekic,R,179.0,CRO,28.2,203530,,,Viktorija Golubic,R,169.0,SUI,31.9,4-6 7-6(3) 6-4,3,R64,162.0,6.0,6.0,106.0,50.0,38.0,29.0,16.0,3.0,7.0,3.0,4.0,106.0,72.0,50.0,14.0,16.0,5.0,9.0,20.0,2243.0,96.0,705.0,2024
2024-1020,Beijing,Hard,128,PM,2024-09-25,258,214082,9.0,,Daria Kasatkina,R,170.0,RUS,27.3,213544,,LL,Jana Fett,R,168.0,CRO,27.8,6-1 6-2,3,R64,74.0,2.0,4.0,46.0,27.0,18.0,8.0,7.0,4.0,6.0,0.0,7.0,56.0,34.0,15.0,7.0,8.0,4.0,11.0,11.0,3020.0,118.0,615.0,2024
2024-1020,Beijing,Hard,128,PM,2024-09-25,263,211713,,,Jaqueline Cristian,R,180.0,ROU,26.3,206252,7.0,,Barbora Krejcikova,R,178.0,CZE,28.7,1-6 6-4 7-5,3,R64,171.0,7.0,1.0,110.0,72.0,42.0,16.0,15.0,6.0,13.0,6.0,6.0,112.0,75.0,46.0,14.0,14.0,7.0,13.0,80.0,844.0,10.0,3161.0,2024
2024-1075,Wuhan,Hard,64,PM,2024-10-07,252,211713,,WC,Jaqueline Cristian,R,180.0,ROU,26.3,215785,,Q,Camila Osorio,R,162.0,COL,22.7,4-6 6-2 6-3,3,R64,127.0,2.0,4.0,71.0,42.0,24.0,13.0,13.0,3.0,9.0,0.0,2.0,90.0,64.0,31.0,9.0,14.0,6.0,15.0,75.0,894.0,59.0,1010.0,2024
2024-1075,Wuhan,Hard,64,PM,2024-10-07,248,222965,,LL,Erika Andreeva,R,,RUS,20.2,215035,,,Dayana Yastremska,R,175.0,UKR,24.3,7-5 6-4,3,R64,100.0,1.0,2.0,71.0,40.0,27.0,15.0,11.0,4.0,7.0,0.0,1.0,62.0,40.0,25.0,10.0,11.0,3.0,8.0,70.0,913.0,36.0,1612.0,2024
2024-1075,Wuhan,Hard,64,PM,2024-10-07,251,215872,,LL,Kamilla Rakhimova,R,,RUS,23.1,220416,,Q,Moyuka Uchijima,R,171.0,JPN,23.1,6-1 6-2,3,R64,68.0,1.0,1.0,44.0,26.0,18.0,15.0,8.0,1.0,1.0,0.0,2.0,48.0,27.0,14.0,9.0,7.0,3.0,7.0,66.0,925.0,64.0,978.0,2024
2024-1075,Wuhan,Hard,64,PM,2024-10-07,250,220367,,,Leylah Fernandez,L,168.0,CAN,22.0,223670,12.0,,Diana Shnaider,L,,RUS,20.5,6-7(7) 6-3 6-3,3,R64,160.0,7.0,10.0,111.0,62.0,49.0,18.0,15.0,3.0,7.0,2.0,8.0,108.0,73.0,44.0,16.0,15.0,6.0,13.0,28.0,1834.0,16.0,2641.0,2024
2024-1075,Wuhan,Hard,64,PM,2024-10-07,249,259799,16.0,,Mirra Andreeva,R,,RUS,17.4,216016,,WC,Xiyu Wang,L,,CHN,23.5,7-6(5) 6-3,3,R64,105.0,3.0,1.0,63.0,41.0,32.0,14.0,10.0,2.0,2.0,2.0,4.0,76.0,42.0,30.0,17.0,11.0,7.0,9.0,19.0,2218.0,99.0,720.0,2024
2024-1075,Wuhan,Hard,64,PM,2024-10-07,247,206294,,,Yue Yuan,R,184.0,CHN,26.0,216262,,LL,Clara Burel,R,176.0,FRA,23.5,1-6 6-4 6-2,3,R64,122.0,3.0,1.0,85.0,47.0,29.0,21.0,13.0,5.0,9.0,1.0,7.0,74.0,43.0,28.0,13.0,12.0,4.0,8.0,41.0,1349.0,55.0,1040.0,2024
2024-1075,Wuhan,Hard,64,PM,2024-10-07,239,215713,,,Anastasia Potapova,R,175.0,RUS,23.5,220465,,WC,Katie Volynets,R,,USA,22.7,5-7 6-3 7-5,3,R64,165.0,1.0,13.0,116.0,64.0,36.0,18.0,17.0,12.0,21.0,2.0,0.0,99.0,74.0,37.0,7.0,16.0,5.0,15.0,38.0,1427.0,56.0,1025.0,2024
2024-1075,Wuhan,Hard,64,PM,2024-10-07,243,206420,,,Ekaterina Alexandrova,R,175.0,RUS,29.8,213550,,,Sofia Kenin,R,170.0,USA,25.8,6-1 4-6 6-4,3,R64,123.0,11.0,7.0,83.0,44.0,30.0,25.0,13.0,2.0,3.0,5.0,10.0,101.0,59.0,41.0,18.0,14.0,5.0,9.0,33.0,1693.0,162.0,471.0,2024
2024-1075,Wuhan,Hard,64,PM,2024-10-07,242,214939,10.0,,Anna Kalinskaya,R,175.0,RUS,25.8,214388,,Q,Anna Bondar,R,,HUN,27.3,6-1 6-3,3,R64,74.0,1.0,0.0,59.0,43.0,27.0,10.0,8.0,5.0,6.0,3.0,4.0,49.0,25.0,18.0,4.0,8.0,5.0,10.0,13.0,2825.0,92.0,782.0,2024
2024-1075,Wuhan,Hard,64,PM,2024-10-07,241,214459,,LL,Lucia Bronzetti,R,,ITA,25.8,201548,,,Ajla Tomljanovic,R,180.0,AUS,31.4,6-1 7-6(2),3,R64,117.0,3.0,1.0,96.0,64.0,37.0,13.0,10.0,7.0,11.0,1.0,7.0,65.0,42.0,20.0,7.0,9.0,2.0,8.0,85.0,819.0,86.0,801.0,2024
2024-1075,Wuhan,Hard,64,PM,2024-10-07,240,216133,,,Xin Yu Wang,R,182.0,CHN,23.0,214452,,,Caroline Dolehide,R,178.0,USA,26.0,6-4 6-0,3,R64,79.0,5.0,2.0,51.0,35.0,27.0,10.0,8.0,4.0,4.0,3.0,2.0,59.0,39.0,19.0,10.0,8.0,5.0,9.0,51.0,1058.0,101.0,712.0,2024
2024-1075,Wuhan,Hard,64,PM,2024-10-07,255,211095,,Q,Bernarda Pera,L,175.0,USA,29.8,201593,,,Irina Camelia Begu,R,181.0,ROU,34.1,6-2 4-6 6-2,3,R64,136.0,1.0,8.0,79.0,60.0,44.0,4.0,13.0,4.0,7.0,2.0,5.0,107.0,75.0,43.0,13.0,13.0,11.0,17.0,95.0,750.0,100.0,718.0,2024
2024-1075,Wuhan,Hard,64,PM,2024-10-07,244,221024,,Q,Hailey Baptiste,R,,USA,22.9,220348,,,Diane Parry,R,170.0,FRA,22.0,6-4 7-5,3,R64,107.0,2.0,1.0,80.0,53.0,40.0,13.0,11.0,6.0,7.0,2.0,1.0,61.0,32.0,24.0,16.0,11.0,2.0,5.0,102.0,709.0,50.0,1075.0,2024
2024-1075,Wuhan,Hard,64,PM,2024-10-07,256,201615,,Q,Lesia Tsurenko,R,174.0,UKR,35.3,211107,,,Katie Boulter,R,180.0,GBR,28.1,6-2 7-5,3,R64,111.0,0.0,6.0,70.0,46.0,26.0,13.0,10.0,7.0,10.0,3.0,6.0,75.0,38.0,25.0,10.0,10.0,9.0,15.0,96.0,739.0,34.0,1625.0,2024
2024-1075,Wuhan,Hard,64,PM,2024-10-07,278,214082,8.0,,Daria Kasatkina,R,170.0,RUS,27.4,211095,,Q,Bernarda Pera,L,175.0,USA,29.8,6-4 1-6 6-1,3,R32,101.0,5.0,5.0,62.0,40.0,29.0,10.0,12.0,1.0,4.0,2.0,4.0,72.0,40.0,25.0,16.0,12.0,4.0,8.0,11.0,3075.0,95.0,750.0,2024
2024-1075,Wuhan,Hard,64,PM,2024-10-07,258,216146,13.0,,Marta Kostyuk,R,175.0,UKR,22.2,220589,,,Elina Avanesyan,R,,ARM,22.0,4-6 7-5 7-6(2),3,R64,156.0,4.0,13.0,100.0,48.0,34.0,23.0,17.0,4.0,11.0,0.0,4.0,129.0,87.0,48.0,21.0,17.0,5.0,12.0,17.0,2383.0,47.0,1185.0,2024
2024-1075,Wuhan,Hard,64,PM,2024-10-07,291,221103,4.0,,Coco Gauff,R,175.0,USA,20.5,216146,13.0,,Marta Kostyuk,R,175.0,UKR,22.2,6-4 6-1,3,R16,61.0,2.0,0.0,39.0,25.0,20.0,10.0,8.0,0.0,1.0,1.0,4.0,49.0,29.0,16.0,7.0,9.0,0.0,5.0,4.0,5593.0,17.0,2383.0,2024
2024-1075,Wuhan,Hard,64,PM,2024-10-07,290,202663,,,Magda Linette,R,171.0,POL,32.6,214082,8.0,,Daria Kasatkina,R,170.0,RUS,27.4,6-2 6-3,3,R16,72.0,1.0,0.0,57.0,38.0,23.0,12.0,9.0,0.0,2.0,0.0,5.0,45.0,27.0,14.0,7.0,8.0,1.0,6.0,45.0,1241.0,11.0,3075.0,2024
2024-1075,Wuhan,Hard,64,PM,2024-10-07,289,221012,5.0,,Qinwen Zheng,R,,CHN,21.9,220367,,,Leylah Fernandez,L,168.0,CAN,22.0,5-7 6-3 6-0,3,R16,149.0,5.0,2.0,76.0,42.0,31.0,21.0,13.0,2.0,4.0,3.0,5.0,102.0,67.0,41.0,13.0,14.0,7.0,13.0,7.0,4300.0,28.0,1834.0,2024
2024-1075,Wuhan,Hard,64,PM,2024-10-07,288,211148,3.0,,Jasmine Paolini,R,160.0,ITA,28.7,222965,,LL,Erika Andreeva,R,,RUS,20.2,6-3 6-2,3,R16,72.0,1.0,4.0,48.0,28.0,22.0,12.0,9.0,1.0,2.0,2.0,0.0,45.0,26.0,15.0,9.0,8.0,1.0,5.0,6.0,5293.0,70.0,913.0,2024
2024-1075,Wuhan,Hard,64,PM,2024-10-07,287,206420,,,Ekaterina Alexandrova,R,175.0,RUS,29.8,221024,,Q,Hailey Baptiste,R,,USA,22.9,6-1 6-1,3,R16,63.0,2.0,2.0,42.0,22.0,15.0,12.0,7.0,1.0,2.0,4.0,4.0,61.0,35.0,19.0,6.0,7.0,8.0,14.0,33.0,1693.0,102.0,709.0,2024
2024-1075,Wuhan,Hard,64,PM,2024-10-07,257,202663,,,Magda Linette,R,171.0,POL,32.6,214643,11.0,,Liudmila Samsonova,R,180.0,RUS,25.9,6-2 6-2,3,R64,85.0,1.0,0.0,57.0,38.0,25.0,10.0,8.0,3.0,4.0,0.0,6.0,51.0,23.0,12.0,13.0,8.0,3.0,8.0,45.0,1241.0,23.0,2080.0,2024
2024-1075,Wuhan,Hard,64,PM,2024-10-07,285,214544,1.0,,Aryna Sabalenka,R,182.0,BLR,26.4,211701,,,Katerina Siniakova,R,174.0,CZE,28.4,6-4 6-4,3,R32,94.0,3.0,3.0,63.0,44.0,29.0,11.0,10.0,6.0,8.0,3.0,7.0,75.0,52.0,33.0,6.0,10.0,8.0,12.0,2.0,8716.0,37.0,1474.0,2024
2024-1075,Wuhan,Hard,64,PM,2024-10-07,284,201709,,,Yulia Putintseva,R,163.0,KAZ,29.7,202499,15.0,,Donna Vekic,R,179.0,CRO,28.2,6-4 3-6 6-4,3,R32,149.0,1.0,3.0,87.0,61.0,34.0,12.0,14.0,8.0,14.0,2.0,9.0,102.0,47.0,28.0,24.0,15.0,9.0,16.0,35.0,1619.0,18.0,2298.0,2024
2024-1075,Wuhan,Hard,64,PM,2024-10-07,283,206242,9.0,,Beatriz Haddad Maia,L,185.0,BRA,28.3,206368,,,Veronika Kudermetova,R,175.0,RUS,27.4,6-1 6-4,3,R32,91.0,1.0,3.0,59.0,43.0,32.0,7.0,9.0,4.0,5.0,3.0,2.0,51.0,28.0,16.0,9.0,8.0,1.0,5.0,12.0,3036.0,63.0,983.0,2024
2024-1075,Wuhan,Hard,64,PM,2024-10-07,282,211684,,,Magdalena Frech,R,171.0,POL,26.8,215613,6.0,,Emma Navarro,R,,USA,23.3,6-4 3-6 6-3,3,R32,127.0,3.0,3.0,82.0,56.0,36.0,12.0,14.0,7.0,12.0,2.0,2.0,90.0,61.0,36.0,10.0,14.0,4.0,10.0,27.0,1853.0,8.0,3698.0,2024
2024-1075,Wuhan,Hard,64,PM,2024-10-07,281,221103,4.0,,Coco Gauff,R,175.0,USA,20.5,202600,,,Viktoriya Tomova,R,170.0,BUL,29.6,6-1 6-2,3,R32,75.0,5.0,5.0,48.0,29.0,24.0,7.0,8.0,1.0,2.0,0.0,0.0,58.0,32.0,17.0,10.0,7.0,4.0,9.0,4.0,5593.0,48.0,1092.0,2024
2024-1075,Wuhan,Hard,64,PM,2024-10-07,280,216146,13.0,,Marta Kostyuk,R,175.0,UKR,22.2,216153,,,Amanda Anisimova,R,180.0,USA,23.1,W/O,3,R32,0.0,,,,,,,,,,,,,,,,,,,17.0,2383.0,39.0,1396.0,2024
2024-1075,Wuhan,Hard,64,PM,2024-10-07,279,202663,,,Magda Linette,R,171.0,POL,32.6,201615,,Q,Lesia Tsurenko,R,174.0,UKR,35.3,5-2 RET,3,R32,32.0,1.0,0.0,19.0,9.0,8.0,8.0,4.0,0.0,0.0,0.0,2.0,17.0,9.0,7.0,3.0,4.0,0.0,1.0,45.0,1241.0,96.0,739.0,2024
2024-1075,Wuhan,Hard,64,PM,2024-10-07,277,221012,5.0,,Qinwen Zheng,R,,CHN,21.9,211713,,WC,Jaqueline Cristian,R,180.0,ROU,26.3,6-2 6-4,3,R32,102.0,9.0,2.0,52.0,29.0,24.0,12.0,9.0,4.0,5.0,3.0,6.0,66.0,33.0,21.0,13.0,9.0,3.0,7.0,7.0,4300.0,75.0,894.0,2024
2024-1075,Wuhan,Hard,64,PM,2024-10-07,276,220367,,,Leylah Fernandez,L,168.0,CAN,22.0,215872,,LL,Kamilla Rakhimova,R,,RUS,23.1,6-2 5-7 7-6(4),3,R32,175.0,1.0,12.0,109.0,60.0,42.0,24.0,16.0,6.0,10.0,1.0,2.0,102.0,63.0,39.0,18.0,16.0,7.0,12.0,28.0,1834.0,66.0,925.0,2024
2024-1075,Wuhan,Hard,64,PM,2024-10-07,275,222965,,LL,Erika Andreeva,R,,RUS,20.2,259799,16.0,,Mirra Andreeva,R,,RUS,17.4,6-3 6-1,3,R32,90.0,5.0,1.0,66.0,35.0,22.0,17.0,8.0,2.0,3.0,2.0,2.0,55.0,33.0,15.0,10.0,8.0,4.0,9.0,70.0,913.0,19.0,2218.0,2024
2024-1075,Wuhan,Hard,64,PM,2024-10-07,274,211148,3.0,,Jasmine Paolini,R,160.0,ITA,28.7,206294,,,Yue Yuan,R,184.0,CHN,26.0,6-4 6-3,3,R32,94.0,2.0,0.0,55.0,37.0,27.0,7.0,9.0,6.0,8.0,2.0,2.0,75.0,42.0,25.0,13.0,10.0,9.0,14.0,6.0,5293.0,41.0,1349.0,2024
2024-1075,Wuhan,Hard,64,PM,2024-10-07,292,211684,,,Magdalena Frech,R,171.0,POL,26.8,206242,9.0,,Beatriz Haddad Maia,L,185.0,BRA,28.3,6-3 6-2,3,R16,100.0,3.0,0.0,63.0,36.0,25.0,15.0,9.0,2.0,3.0,3.0,4.0,58.0,33.0,17.0,11.0,8.0,3.0,7.0,27.0,1853.0,12.0,3036.0,2024
2024-1075,Wuhan,Hard,64,PM,2024-10-07,293,214544,1.0,,Aryna Sabalenka,R,182.0,BLR,26.4,201709,,,Yulia Putintseva,R,163.0,KAZ,29.7,1-6 6-4 6-0,3,R16,121.0,4.0,3.0,82.0,52.0,35.0,9.0,12.0,6.0,11.0,2.0,4.0,86.0,65.0,36.0,7.0,11.0,3.0,9.0,2.0,8716.0,35.0,1619.0,2024
2024-1075,Wuhan,Hard,64,PM,2024-10-07,286,216133,,,Xin Yu Wang,R,182.0,CHN,23.0,202468,2.0,,Jessica Pegula,R,170.0,USA,30.6,6-3 7-5,3,R16,93.0,2.0,3.0,60.0,40.0,29.0,12.0,10.0,0.0,1.0,0.0,3.0,81.0,57.0,35.0,8.0,11.0,6.0,10.0,51.0,1058.0,3.0,5945.0,2024
2024-1075,Wuhan,Hard,64,PM,2024-10-07,295,221012,5.0,,Qinwen Zheng,R,,CHN,21.9,211148,3.0,,Jasmine Paolini,R,160.0,ITA,28.7,6-2 3-6 6-3,3,QF,134.0,10.0,2.0,83.0,50.0,36.0,17.0,13.0,4.0,6.0,2.0,3.0,86.0,61.0,39.0,10.0,13.0,4.0,8.0,7.0,4300.0,6.0,5293.0,2024
2024-1075,Wuhan,Hard,64,PM,2024-10-07,259,216153,,,Amanda Anisimova,R,180.0,USA,23.1,213710,,Q,Cristina Bucsa,R,,ESP,26.7,6-2 6-4,3,R64,73.0,3.0,2.0,61.0,39.0,26.0,14.0,9.0,4.0,5.0,1.0,6.0,54.0,34.0,21.0,8.0,9.0,5.0,9.0,39.0,1396.0,71.0,912.0,2024
2024-1075,Wuhan,Hard,64,PM,2024-10-07,294,216133,,,Xin Yu Wang,R,182.0,CHN,23.0,206420,,,Ekaterina Alexandrova,R,175.0,RUS,29.8,4-6 7-5 7-6(6),3,QF,170.0,5.0,6.0,111.0,67.0,44.0,21.0,17.0,6.0,11.0,5.0,10.0,120.0,73.0,45.0,24.0,17.0,8.0,13.0,51.0,1058.0,33.0,1693.0,2024
2024-1075,Wuhan,Hard,64,PM,2024-10-07,263,211684,,,Magdalena Frech,R,171.0,POL,26.8,215988,,Q,Mai Hontama,R,,JPN,25.1,6-0 6-4,3,R64,78.0,0.0,1.0,49.0,34.0,23.0,10.0,8.0,1.0,2.0,1.0,1.0,50.0,32.0,14.0,8.0,8.0,7.0,12.0,27.0,1853.0,134.0,558.0,2024
2024-1075,Wuhan,Hard,64,PM,2024-10-07,264,206368,,,Veronika Kudermetova,R,175.0,RUS,27.4,213631,,,Marie Bouzkova,R,180.0,CZE,26.2,6-4 7-6(4),3,R64,143.0,3.0,2.0,85.0,55.0,41.0,12.0,11.0,10.0,13.0,1.0,1.0,83.0,42.0,26.0,18.0,11.0,5.0,9.0,63.0,983.0,42.0,1320.0,2024
2024-1075,Wuhan,Hard,64,PM,2024-10-07,265,206242,9.0,,Beatriz Haddad Maia,L,185.0,BRA,28.3,201619,,,Madison Keys,R,178.0,USA,29.6,7-6(7) 6-2,3,R64,128.0,1.0,5.0,93.0,62.0,42.0,13.0,10.0,9.0,12.0,3.0,2.0,67.0,46.0,25.0,9.0,10.0,3.0,8.0,12.0,3036.0,20.0,2196.0,2024
2024-1075,Wuhan,Hard,64,PM,2024-10-07,266,202499,15.0,,Donna Vekic,R,179.0,CRO,28.2,210722,,,Elise Mertens,R,179.0,BEL,28.8,3-6 6-1 6-3,3,R64,122.0,4.0,4.0,71.0,31.0,23.0,15.0,12.0,3.0,8.0,6.0,7.0,87.0,49.0,29.0,11.0,13.0,9.0,17.0,18.0,2298.0,30.0,1804.0,2024
2024-1075,Wuhan,Hard,64,PM,2024-10-07,267,201709,,,Yulia Putintseva,R,163.0,KAZ,29.7,201533,,,Shuai Zhang,R,177.0,CHN,35.7,6-4 6-4,3,R64,72.0,3.0,1.0,49.0,35.0,28.0,10.0,10.0,1.0,2.0,1.0,0.0,55.0,34.0,25.0,10.0,10.0,2.0,5.0,35.0,1619.0,250.0,286.0,2024
2024-1075,Wuhan,Hard,64,PM,2024-10-07,268,211701,,,Katerina Siniakova,R,174.0,CZE,28.4,223253,,WC,Alexandra Eala,L,173.0,PHI,19.3,6-3 6-1,3,R64,76.0,1.0,3.0,57.0,32.0,21.0,10.0,8.0,4.0,7.0,0.0,3.0,46.0,30.0,10.0,5.0,8.0,2.0,9.0,37.0,1474.0,148.0,502.0,2024
2024-1075,Wuhan,Hard,64,PM,2024-10-07,260,202600,,,Viktoriya Tomova,R,170.0,BUL,29.6,221909,,,Ashlyn Krueger,R,185.0,USA,20.4,1-6 7-6(8) 7-5,3,R64,154.0,2.0,6.0,105.0,65.0,39.0,16.0,15.0,8.0,15.0,7.0,16.0,136.0,77.0,48.0,23.0,16.0,6.0,12.0,48.0,1092.0,65.0,972.0,2024
2024-1075,Wuhan,Hard,64,PM,2024-10-07,271,216133,,,Xin Yu Wang,R,182.0,CHN,23.0,214459,,LL,Lucia Bronzetti,R,,ITA,25.8,4-6 6-2 6-4,3,R32,149.0,4.0,3.0,83.0,53.0,38.0,16.0,14.0,0.0,2.0,0.0,3.0,100.0,68.0,40.0,17.0,14.0,3.0,7.0,51.0,1058.0,85.0,819.0,2024
2024-1075,Wuhan,Hard,64,PM,2024-10-07,272,206420,,,Ekaterina Alexandrova,R,175.0,RUS,29.8,214939,10.0,,Anna Kalinskaya,R,175.0,RUS,25.8,6-4 6-7(2) 6-1,3,R32,158.0,9.0,7.0,110.0,63.0,47.0,16.0,15.0,11.0,15.0,1.0,10.0,97.0,62.0,40.0,10.0,14.0,4.0,11.0,33.0,1693.0,13.0,2825.0,2024
2024-1075,Wuhan,Hard,64,PM,2024-10-07,273,221024,,Q,Hailey Baptiste,R,,USA,22.9,206252,7.0,,Barbora Krejcikova,R,178.0,CZE,28.8,6-3 7-5,3,R32,94.0,4.0,4.0,70.0,32.0,24.0,19.0,11.0,6.0,9.0,1.0,4.0,62.0,37.0,23.0,10.0,10.0,3.0,8.0,102.0,709.0,10.0,3161.0,2024
2024-1075,Wuhan,Hard,64,PM,2024-10-07,300,214544,1.0,,Aryna Sabalenka,R,182.0,BLR,26.4,221012,5.0,,Qinwen Zheng,R,,CHN,21.9,6-3 5-7 6-3,3,F,160.0,7.0,1.0,93.0,65.0,38.0,15.0,15.0,7.0,12.0,5.0,8.0,97.0,41.0,30.0,20.0,15.0,5.0,12.0,2.0,8716.0,7.0,4300.0,2024
2024-1075,Wuhan,Hard,64,PM,2024-10-07,299,214544,1.0,,Aryna Sabalenka,R,182.0,BLR,26.4,221103,4.0,,Coco Gauff,R,175.0,USA,20.5,1-6 6-4 6-4,3,SF,146.0,2.0,2.0,104.0,67.0,41.0,12.0,13.0,7.0,13.0,4.0,21.0,94.0,48.0,38.0,11.0,14.0,5.0,11.0,2.0,8716.0,4.0,5593.0,2024
2024-1075,Wuhan,Hard,64,PM,2024-10-07,298,221012,5.0,,Qinwen Zheng,R,,CHN,21.9,216133,,,Xin Yu Wang,R,182.0,CHN,23.0,6-3 6-4,3,SF,99.0,8.0,6.0,62.0,33.0,25.0,12.0,10.0,2.0,5.0,0.0,1.0,64.0,40.0,18.0,12.0,9.0,7.0,12.0,7.0,4300.0,51.0,1058.0,2024
2024-1075,Wuhan,Hard,64,PM,2024-10-07,297,214544,1.0,,Aryna Sabalenka,R,182.0,BLR,26.4,211684,,,Magdalena Frech,R,171.0,POL,26.8,6-2 6-2,3,QF,83.0,1.0,0.0,57.0,32.0,17.0,18.0,8.0,5.0,6.0,2.0,0.0,63.0,37.0,21.0,8.0,8.0,1.0,6.0,2.0,8716.0,27.0,1853.0,2024
2024-1075,Wuhan,Hard,64,PM,2024-10-07,296,221103,4.0,,Coco Gauff,R,175.0,USA,20.5,202663,,,Magda Linette,R,171.0,POL,32.6,6-0 6-4,3,QF,84.0,2.0,8.0,59.0,32.0,26.0,13.0,8.0,5.0,5.0,0.0,0.0,60.0,36.0,17.0,12.0,8.0,6.0,10.0,4.0,5593.0,45.0,1241.0,2024
2024-1075,Wuhan,Hard,64,PM,2024-10-07,270,202468,2.0,,Jessica Pegula,R,170.0,USA,30.6,215713,,,Anastasia Potapova,R,175.0,RUS,23.5,6-2 2-0 RET,3,R32,37.0,0.0,0.0,24.0,14.0,9.0,5.0,5.0,0.0,2.0,1.0,2.0,32.0,20.0,6.0,3.0,6.0,1.0,6.0,3.0,5945.0,38.0,1427.0,2024
2024-405,Osaka,Hard,32,I,2024-10-14,283,256684,,Q,Aoi Ito,U,,JPN,20.3,213550,,WC,Sofia Kenin,R,170.0,USA,25.9,6-2 3-6 7-5,3,R32,108.0,7.0,4.0,112.0,87.0,45.0,14.0,15.0,12.0,18.0,2.0,3.0,88.0,66.0,36.0,7.0,14.0,5.0,12.0,188.0,379.0,158.0,480.0,2024
2024-405,Osaka,Hard,32,I,2024-10-14,282,220714,8.0,,Elisabetta Cocciaretto,R,,ITA,23.7,211316,,LL,Jessika Ponchet,R,,FRA,28.0,6-4 5-7 7-6(3),3,R32,183.0,2.0,2.0,134.0,90.0,55.0,20.0,17.0,14.0,20.0,6.0,4.0,121.0,69.0,47.0,21.0,17.0,9.0,15.0,50.0,1078.0,109.0,662.0,2024
2024-405,Osaka,Hard,32,I,2024-10-14,281,210722,3.0,,Elise Mertens,R,179.0,BEL,28.9,215988,,WC,Mai Hontama,R,,JPN,25.1,6-1 6-1,3,R32,61.0,3.0,1.0,33.0,20.0,19.0,9.0,7.0,0.0,0.0,1.0,2.0,47.0,29.0,15.0,5.0,7.0,5.0,10.0,27.0,1804.0,126.0,575.0,2024
2024-405,Osaka,Hard,32,I,2024-10-14,280,214040,,Q,Kimberly Birrell,R,170.0,AUS,26.4,202453,,,Saisai Zheng,R,170.0,CHN,30.6,6-2 6-3,3,R32,72.0,4.0,1.0,41.0,23.0,20.0,11.0,8.0,2.0,3.0,2.0,3.0,50.0,28.0,13.0,9.0,9.0,3.0,8.0,150.0,495.0,1007.0,17.0,2024
2024-405,Osaka,Hard,32,I,2024-10-14,279,260170,,WC,Sara Saito,R,,JPN,18.0,222601,,,Jessica Bouzas Maneiro,R,,ESP,22.0,6-3 6-2,3,R32,74.0,1.0,1.0,64.0,42.0,30.0,12.0,9.0,3.0,3.0,1.0,1.0,43.0,34.0,22.0,5.0,8.0,1.0,4.0,179.0,403.0,61.0,992.0,2024
2024-405,Osaka,Hard,32,I,2024-10-14,278,220589,5.0,,Elina Avanesyan,R,,ARM,22.0,221909,,,Ashlyn Krueger,R,185.0,USA,20.4,7-6(1) 6-3,3,R32,90.0,3.0,1.0,75.0,57.0,38.0,5.0,11.0,6.0,10.0,5.0,7.0,65.0,37.0,19.0,11.0,10.0,1.0,6.0,48.0,1177.0,65.0,969.0,2024
2024-405,Osaka,Hard,32,I,2024-10-14,273,220348,7.0,,Diane Parry,R,170.0,FRA,22.1,222965,,,Erika Andreeva,R,,RUS,20.3,4-6 7-6(4) 6-1,3,R32,153.0,13.0,6.0,93.0,56.0,45.0,19.0,14.0,6.0,7.0,5.0,5.0,101.0,66.0,47.0,16.0,15.0,6.0,9.0,52.0,1056.0,66.0,952.0,2024
2024-405,Osaka,Hard,32,I,2024-10-14,276,214459,,,Lucia Bronzetti,R,,ITA,25.8,213710,,,Cristina Bucsa,R,,ESP,26.7,6-3 6-4,3,R32,87.0,5.0,0.0,59.0,37.0,24.0,12.0,10.0,4.0,7.0,2.0,4.0,66.0,39.0,24.0,8.0,9.0,4.0,9.0,78.0,849.0,70.0,912.0,2024
2024-405,Osaka,Hard,32,I,2024-10-14,275,202536,,Q,Ana Bogdan,R,171.0,ROU,31.8,206368,,,Veronika Kudermetova,R,175.0,RUS,27.4,6-2 6-2,3,R32,77.0,1.0,0.0,49.0,33.0,21.0,10.0,8.0,2.0,3.0,4.0,1.0,44.0,25.0,12.0,9.0,8.0,1.0,6.0,111.0,641.0,67.0,938.0,2024
2024-405,Osaka,Hard,32,I,2024-10-14,274,213631,4.0,,Marie Bouzkova,R,180.0,CZE,26.2,220416,,,Moyuka Uchijima,R,171.0,JPN,23.1,7-6(6) 2-6 6-3,3,R32,165.0,1.0,6.0,96.0,56.0,36.0,21.0,14.0,4.0,8.0,3.0,6.0,107.0,68.0,48.0,18.0,15.0,6.0,10.0,43.0,1270.0,59.0,995.0,2024
2024-405,Osaka,Hard,32,I,2024-10-14,272,213889,,,Greet Minnen,R,,BEL,27.1,215370,,WC,Bianca Andreescu,R,170.0,CAN,24.3,6-3 6-0,3,R32,62.0,4.0,5.0,54.0,35.0,26.0,11.0,8.0,5.0,5.0,3.0,3.0,37.0,22.0,12.0,5.0,7.0,1.0,5.0,95.0,774.0,163.0,454.0,2024
2024-405,Osaka,Hard,32,I,2024-10-14,271,211279,,,Harriet Dart,R,175.0,GBR,28.2,201696,,Q,Laura Siegemund,R,168.0,GER,36.6,3-6 7-5 7-5,3,R32,180.0,3.0,5.0,98.0,47.0,32.0,29.0,16.0,4.0,8.0,1.0,3.0,101.0,75.0,47.0,15.0,17.0,2.0,7.0,81.0,837.0,89.0,796.0,2024
2024-405,Osaka,Hard,32,I,2024-10-14,270,220704,,,Clara Tauson,R,182.0,DEN,21.8,220465,,,Katie Volynets,R,,USA,22.7,6-1 6-4,3,R32,87.0,10.0,6.0,55.0,34.0,27.0,9.0,9.0,0.0,1.0,1.0,1.0,55.0,39.0,23.0,5.0,8.0,3.0,7.0,63.0,985.0,58.0,1006.0,2024
2024-405,Osaka,Hard,32,I,2024-10-14,277,215480,,Q,Suzan Lamens,R,,NED,25.2,202600,6.0,,Viktoriya Tomova,R,170.0,BUL,29.6,6-1 6-2,3,R32,61.0,5.0,1.0,51.0,34.0,24.0,12.0,8.0,1.0,1.0,1.0,5.0,51.0,29.0,19.0,6.0,7.0,3.0,7.0,125.0,578.0,49.0,1127.0,2024
2024-405,Osaka,Hard,32,I,2024-10-14,285,220332,,LL,Eva Lys,R,165.0,GER,22.7,215785,,,Camila Osorio,R,162.0,COL,22.8,6-2 6-3,3,R32,92.0,2.0,4.0,61.0,39.0,24.0,9.0,8.0,5.0,8.0,5.0,4.0,85.0,57.0,31.0,7.0,9.0,11.0,18.0,118.0,610.0,55.0,1022.0,2024
2024-405,Osaka,Hard,32,I,2024-10-14,284,220520,,,Mccartney Kessler,R,,USA,25.2,214262,,Q,Ena Shibahara,R,170.0,JPN,26.6,6-4 6-1,3,R32,85.0,3.0,4.0,72.0,42.0,28.0,15.0,8.0,7.0,8.0,1.0,4.0,56.0,32.0,17.0,8.0,9.0,3.0,8.0,76.0,879.0,139.0,535.0,2024
2024-405,Osaka,Hard,32,I,2024-10-14,287,220348,7.0,,Diane Parry,R,170.0,FRA,22.1,213889,,,Greet Minnen,R,,BEL,27.1,6-4 6-2,3,R16,85.0,7.0,3.0,59.0,33.0,26.0,14.0,9.0,2.0,2.0,4.0,2.0,60.0,37.0,24.0,10.0,9.0,3.0,6.0,52.0,1056.0,95.0,774.0,2024
2024-2092,Ningbo,Hard,32,P,2024-10-14,282,211651,8.0,,Paula Badosa,R,180.0,ESP,26.9,223670,,,Diana Shnaider,L,,RUS,20.5,4-6 6-3 6-3,3,R32,142.0,8.0,8.0,91.0,54.0,43.0,14.0,14.0,6.0,9.0,1.0,6.0,87.0,53.0,31.0,18.0,14.0,2.0,7.0,14.0,2713.0,16.0,2641.0,2024
2024-2092,Ningbo,Hard,32,P,2024-10-14,283,216016,,WC,Xiyu Wang,L,,CHN,23.5,215872,,Q,Kamilla Rakhimova,R,,RUS,23.1,6-2 6-0,3,R32,91.0,5.0,0.0,36.0,21.0,17.0,9.0,7.0,0.0,1.0,0.0,6.0,70.0,40.0,16.0,14.0,7.0,9.0,15.0,98.0,720.0,64.0,980.0,2024
2024-2092,Ningbo,Hard,32,P,2024-10-14,284,211107,,,Katie Boulter,R,180.0,GBR,28.2,201506,,Q,Sara Errani,R,164.0,ITA,37.4,6-3 6-2,3,R32,73.0,3.0,8.0,48.0,26.0,21.0,9.0,8.0,1.0,3.0,0.0,1.0,46.0,33.0,15.0,4.0,9.0,3.0,9.0,35.0,1625.0,90.0,795.0,2024
2024-2092,Ningbo,Hard,32,P,2024-10-14,286,214096,,,Karolina Muchova,R,178.0,CZE,28.1,211713,,LL,Jaqueline Cristian,R,180.0,ROU,26.3,6-2 6-1,3,R16,77.0,2.0,3.0,38.0,25.0,21.0,6.0,7.0,0.0,1.0,3.0,4.0,62.0,32.0,16.0,10.0,8.0,5.0,11.0,29.0,1776.0,73.0,902.0,2024
2024-405,Osaka,Hard,32,I,2024-10-14,286,220704,,,Clara Tauson,R,182.0,DEN,21.8,211279,,,Harriet Dart,R,175.0,GBR,28.2,6-3 6-2,3,R16,91.0,7.0,3.0,54.0,31.0,26.0,10.0,9.0,1.0,2.0,2.0,8.0,73.0,42.0,24.0,13.0,8.0,9.0,13.0,63.0,985.0,81.0,837.0,2024
2024-2092,Ningbo,Hard,32,P,2024-10-14,288,206252,4.0,,Barbora Krejcikova,R,178.0,CZE,28.8,215946,,LL,Ye Xin Ma,U,,CHN,25.3,7-6(5) 6-3,3,R16,116.0,2.0,2.0,72.0,42.0,26.0,17.0,10.0,3.0,6.0,2.0,5.0,77.0,42.0,27.0,14.0,11.0,6.0,11.0,13.0,2866.0,261.0,264.0,2024
2024-2092,Ningbo,Hard,32,P,2024-10-14,289,259799,,,Mirra Andreeva,R,,RUS,17.4,211337,,LL,Tamara Korpatsch,R,170.0,GER,29.4,6-0 6-4,3,R16,86.0,2.0,1.0,49.0,32.0,17.0,13.0,8.0,2.0,4.0,0.0,3.0,60.0,30.0,12.0,14.0,8.0,4.0,10.0,19.0,2253.0,129.0,566.0,2024
2024-2092,Ningbo,Hard,32,P,2024-10-14,290,201709,,,Yulia Putintseva,R,163.0,KAZ,29.7,230870,,LL,Ella Seidel,R,,GER,19.6,6-4 6-4,3,R16,91.0,7.0,3.0,60.0,38.0,27.0,12.0,10.0,3.0,5.0,1.0,3.0,62.0,35.0,21.0,14.0,10.0,5.0,9.0,32.0,1738.0,121.0,593.0,2024
2024-2092,Ningbo,Hard,32,P,2024-10-14,280,211701,,,Katerina Siniakova,R,174.0,CZE,28.4,202663,,,Magda Linette,R,171.0,POL,32.6,6-2 6-4,3,R32,79.0,0.0,4.0,54.0,33.0,23.0,9.0,9.0,2.0,5.0,2.0,3.0,56.0,37.0,17.0,7.0,9.0,3.0,9.0,42.0,1304.0,40.0,1396.0,2024
2024-2092,Ningbo,Hard,32,P,2024-10-14,291,214082,5.0,,Daria Kasatkina,R,170.0,RUS,27.4,211701,,,Katerina Siniakova,R,174.0,CZE,28.4,1-6 6-3 6-2,3,R16,125.0,0.0,5.0,79.0,54.0,34.0,10.0,12.0,10.0,15.0,1.0,6.0,90.0,57.0,30.0,17.0,12.0,8.0,14.0,11.0,3108.0,42.0,1304.0,2024
2024-2092,Ningbo,Hard,32,P,2024-10-14,293,206242,6.0,,Beatriz Haddad Maia,L,185.0,BRA,28.3,211107,,,Katie Boulter,R,180.0,GBR,28.2,7-6(2) 7-5,3,R16,146.0,6.0,5.0,83.0,51.0,39.0,18.0,12.0,4.0,5.0,3.0,5.0,65.0,32.0,23.0,21.0,12.0,0.0,2.0,10.0,3146.0,35.0,1625.0,2024
2024-2092,Ningbo,Hard,32,P,2024-10-14,294,214096,,,Karolina Muchova,R,178.0,CZE,28.1,214939,7.0,,Anna Kalinskaya,R,175.0,RUS,25.8,2-6 6-2 6-3,3,QF,151.0,11.0,2.0,84.0,48.0,37.0,15.0,12.0,3.0,5.0,0.0,13.0,105.0,63.0,40.0,19.0,13.0,6.0,10.0,29.0,1776.0,12.0,2880.0,2024
2024-2092,Ningbo,Hard,32,P,2024-10-14,295,259799,,,Mirra Andreeva,R,,RUS,17.4,206252,4.0,,Barbora Krejcikova,R,178.0,CZE,28.8,7-6(5) 3-2 RET,3,QF,97.0,4.0,6.0,57.0,27.0,21.0,14.0,9.0,3.0,6.0,0.0,2.0,68.0,46.0,28.0,10.0,8.0,7.0,10.0,19.0,2253.0,13.0,2866.0,2024
2024-2092,Ningbo,Hard,32,P,2024-10-14,296,214082,5.0,,Daria Kasatkina,R,170.0,RUS,27.4,201709,,,Yulia Putintseva,R,163.0,KAZ,29.7,6-4 1-6 7-6(6),3,QF,161.0,1.0,8.0,86.0,56.0,33.0,11.0,14.0,1.0,7.0,3.0,2.0,113.0,74.0,46.0,16.0,15.0,8.0,13.0,11.0,3108.0,32.0,1738.0,2024
2024-2092,Ningbo,Hard,32,P,2024-10-14,297,211651,8.0,,Paula Badosa,R,180.0,ESP,26.9,206242,6.0,,Beatriz Haddad Maia,L,185.0,BRA,28.3,6-3 6-2,3,QF,89.0,3.0,4.0,53.0,29.0,24.0,15.0,9.0,0.0,0.0,1.0,3.0,51.0,33.0,20.0,8.0,8.0,2.0,5.0,14.0,2713.0,10.0,3146.0,2024
2024-2092,Ningbo,Hard,32,P,2024-10-14,298,259799,,,Mirra Andreeva,R,,RUS,17.4,214096,,,Karolina Muchova,R,178.0,CZE,28.1,6-2 1-0 RET,3,SF,46.0,3.0,1.0,25.0,16.0,13.0,5.0,5.0,1.0,2.0,0.0,0.0,28.0,15.0,6.0,5.0,5.0,2.0,5.0,19.0,2253.0,29.0,1776.0,2024
2024-2092,Ningbo,Hard,32,P,2024-10-14,299,214082,5.0,,Daria Kasatkina,R,170.0,RUS,27.4,211651,8.0,,Paula Badosa,R,180.0,ESP,26.9,6-4 0-0 RET,3,SF,48.0,0.0,1.0,33.0,24.0,15.0,5.0,5.0,0.0,1.0,1.0,5.0,34.0,17.0,13.0,5.0,5.0,5.0,7.0,11.0,3108.0,14.0,2713.0,2024
2024-2092,Ningbo,Hard,32,P,2024-10-14,300,214082,5.0,,Daria Kasatkina,R,170.0,RUS,27.4,259799,,,Mirra Andreeva,R,,RUS,17.4,6-0 4-6 6-4,3,F,114.0,0.0,4.0,75.0,54.0,35.0,11.0,13.0,3.0,7.0,0.0,5.0,80.0,54.0,29.0,10.0,13.0,1.0,8.0,11.0,3108.0,19.0,2253.0,2024
2024-2092,Ningbo,Hard,32,P,2024-10-14,292,211651,8.0,,Paula Badosa,R,180.0,ESP,26.9,216016,,WC,Xiyu Wang,L,,CHN,23.5,6-7(4) 6-1 6-2,3,R16,151.0,7.0,12.0,95.0,56.0,43.0,13.0,13.0,11.0,14.0,4.0,3.0,88.0,58.0,30.0,12.0,14.0,3.0,11.0,14.0,2713.0,98.0,720.0,2024
2024-2092,Ningbo,Hard,32,P,2024-10-14,279,201709,,,Yulia Putintseva,R,163.0,KAZ,29.7,214452,,,Caroline Dolehide,R,178.0,USA,26.1,6-2 6-0,3,R32,67.0,0.0,3.0,43.0,34.0,25.0,2.0,7.0,1.0,2.0,2.0,2.0,47.0,25.0,12.0,6.0,7.0,7.0,13.0,32.0,1738.0,100.0,712.0,2024
2024-2092,Ningbo,Hard,32,P,2024-10-14,287,214939,7.0,,Anna Kalinskaya,R,175.0,RUS,25.8,206294,,,Yue Yuan,R,184.0,CHN,26.0,6-3 6-3,3,R16,105.0,1.0,4.0,64.0,41.0,30.0,12.0,9.0,4.0,5.0,2.0,2.0,67.0,29.0,17.0,18.0,9.0,6.0,10.0,12.0,2880.0,46.0,1234.0,2024
2024-2092,Ningbo,Hard,32,P,2024-10-14,277,211337,,LL,Tamara Korpatsch,R,170.0,GER,29.4,214388,,LL,Anna Bondar,R,,HUN,27.3,6-7(4) 7-6(6) 6-4,3,R32,213.0,2.0,5.0,129.0,78.0,44.0,27.0,17.0,13.0,20.0,4.0,2.0,129.0,80.0,47.0,21.0,17.0,5.0,13.0,129.0,566.0,87.0,800.0,2024
2024-405,Osaka,Hard,32,I,2024-10-14,288,202536,,Q,Ana Bogdan,R,171.0,ROU,31.8,213631,4.0,,Marie Bouzkova,R,180.0,CZE,26.2,6-0 7-6(5),3,R16,117.0,3.0,1.0,72.0,47.0,27.0,12.0,9.0,5.0,8.0,1.0,1.0,63.0,45.0,20.0,6.0,9.0,7.0,13.0,111.0,641.0,43.0,1270.0,2024
2024-405,Osaka,Hard,32,I,2024-10-14,289,215480,,Q,Suzan Lamens,R,,NED,25.2,214459,,,Lucia Bronzetti,R,,ITA,25.8,6-3 6-4,3,R16,77.0,5.0,1.0,53.0,40.0,29.0,7.0,9.0,1.0,2.0,1.0,0.0,50.0,31.0,21.0,6.0,10.0,0.0,4.0,125.0,578.0,78.0,849.0,2024
2024-2092,Ningbo,Hard,32,P,2024-10-14,278,230870,,LL,Ella Seidel,R,,GER,19.6,210303,,LL,Kathinka Von Deichmann,R,176.0,LIE,30.4,6-3 6-1,3,R32,70.0,4.0,7.0,62.0,42.0,31.0,8.0,8.0,5.0,6.0,1.0,9.0,47.0,26.0,17.0,6.0,8.0,6.0,11.0,121.0,593.0,169.0,430.0,2024
2024-405,Osaka,Hard,32,I,2024-10-14,291,214040,,Q,Kimberly Birrell,R,170.0,AUS,26.4,210722,3.0,,Elise Mertens,R,179.0,BEL,28.9,3-6 7-5 4-1 RET,3,R16,172.0,3.0,3.0,94.0,59.0,38.0,18.0,13.0,10.0,13.0,7.0,9.0,95.0,43.0,28.0,26.0,14.0,8.0,12.0,150.0,495.0,27.0,1804.0,2024
2024-405,Osaka,Hard,32,I,2024-10-14,292,256684,,Q,Aoi Ito,U,,JPN,20.3,220714,8.0,,Elisabetta Cocciaretto,R,,ITA,23.7,6-4 6-3,3,R16,87.0,1.0,4.0,73.0,53.0,33.0,6.0,10.0,2.0,5.0,0.0,1.0,53.0,45.0,20.0,4.0,9.0,4.0,9.0,188.0,379.0,50.0,1078.0,2024
2024-405,Osaka,Hard,32,I,2024-10-14,293,220332,,LL,Eva Lys,R,165.0,GER,22.7,220520,,,Mccartney Kessler,R,,USA,25.2,7-6(7) 3-6 7-5,3,R16,160.0,1.0,4.0,106.0,69.0,36.0,18.0,16.0,4.0,10.0,6.0,10.0,125.0,61.0,38.0,28.0,17.0,5.0,11.0,118.0,610.0,76.0,879.0,2024
2024-405,Osaka,Hard,32,I,2024-10-14,294,220348,7.0,,Diane Parry,R,170.0,FRA,22.1,220704,,,Clara Tauson,R,182.0,DEN,21.8,6-3 1-6 6-3,3,QF,137.0,9.0,4.0,91.0,47.0,37.0,20.0,13.0,3.0,5.0,4.0,4.0,81.0,44.0,29.0,21.0,12.0,5.0,7.0,52.0,1056.0,63.0,985.0,2024
2024-405,Osaka,Hard,32,I,2024-10-14,295,215480,,Q,Suzan Lamens,R,,NED,25.2,202536,,Q,Ana Bogdan,R,171.0,ROU,31.8,4-6 6-3 6-3,3,QF,143.0,4.0,6.0,90.0,53.0,35.0,18.0,14.0,5.0,9.0,2.0,1.0,83.0,49.0,29.0,16.0,14.0,3.0,9.0,125.0,578.0,111.0,641.0,2024
2024-405,Osaka,Hard,32,I,2024-10-14,296,214040,,Q,Kimberly Birrell,R,170.0,AUS,26.4,260170,,WC,Sara Saito,R,,JPN,18.0,7-5 6-4,3,QF,99.0,2.0,2.0,64.0,45.0,30.0,13.0,11.0,0.0,1.0,2.0,3.0,71.0,49.0,28.0,12.0,11.0,3.0,6.0,150.0,495.0,179.0,403.0,2024
2024-405,Osaka,Hard,32,I,2024-10-14,290,260170,,WC,Sara Saito,R,,JPN,18.0,220589,5.0,,Elina Avanesyan,R,,ARM,22.0,7-6(2) 6-4,3,R16,116.0,1.0,6.0,87.0,52.0,35.0,13.0,11.0,9.0,14.0,1.0,3.0,88.0,64.0,32.0,12.0,11.0,8.0,14.0,179.0,403.0,48.0,1177.0,2024
2024-405,Osaka,Hard,32,I,2024-10-14,298,215480,,Q,Suzan Lamens,R,,NED,25.2,220348,7.0,,Diane Parry,R,170.0,FRA,22.1,6-2 6-4,3,SF,84.0,2.0,2.0,54.0,38.0,25.0,11.0,9.0,1.0,2.0,2.0,5.0,69.0,40.0,21.0,16.0,9.0,6.0,10.0,125.0,578.0,52.0,1056.0,2024
2024-405,Osaka,Hard,32,I,2024-10-14,299,214040,,Q,Kimberly Birrell,R,170.0,AUS,26.4,256684,,Q,Aoi Ito,U,,JPN,20.3,6-4 6-3,3,SF,74.0,2.0,1.0,49.0,31.0,24.0,9.0,9.0,2.0,4.0,2.0,1.0,59.0,49.0,26.0,5.0,10.0,3.0,8.0,150.0,495.0,188.0,379.0,2024
2024-405,Osaka,Hard,32,I,2024-10-14,300,215480,,Q,Suzan Lamens,R,,NED,25.2,214040,,Q,Kimberly Birrell,R,170.0,AUS,26.4,6-0 6-4,3,F,72.0,5.0,3.0,44.0,27.0,21.0,6.0,8.0,2.0,4.0,0.0,3.0,47.0,33.0,13.0,4.0,8.0,1.0,7.0,125.0,578.0,150.0,495.0,2024
2024-2092,Ningbo,Hard,32,P,2024-10-14,271,214096,,,Karolina Muchova,R,178.0,CZE,28.1,216265,,Q,Olivia Gadecki,R,,AUS,22.4,6-3 7-5,3,R32,105.0,1.0,1.0,51.0,29.0,24.0,12.0,10.0,2.0,4.0,1.0,8.0,84.0,52.0,32.0,13.0,11.0,7.0,12.0,29.0,1776.0,84.0,829.0,2024
2024-2092,Ningbo,Hard,32,P,2024-10-14,272,206294,,,Yue Yuan,R,184.0,CHN,26.0,201548,,Q,Ajla Tomljanovic,R,180.0,AUS,31.4,6-4 6-2,3,R32,101.0,5.0,0.0,59.0,37.0,24.0,10.0,9.0,7.0,10.0,2.0,7.0,77.0,53.0,28.0,5.0,9.0,8.0,14.0,46.0,1234.0,85.0,811.0,2024
2024-2092,Ningbo,Hard,32,P,2024-10-14,273,214939,7.0,,Anna Kalinskaya,R,175.0,RUS,25.8,211880,,LL,Priscilla Hon,R,171.0,AUS,26.4,3-6 6-3 6-4,3,R32,138.0,5.0,7.0,87.0,51.0,30.0,17.0,14.0,3.0,9.0,6.0,5.0,105.0,54.0,31.0,21.0,14.0,6.0,13.0,12.0,2880.0,225.0,314.0,2024
2024-2092,Ningbo,Hard,32,P,2024-10-14,275,215946,,LL,Ye Xin Ma,U,,CHN,25.3,214646,,Q,Xiaodi You,U,,CHN,28.4,6-2 6-2,3,R32,101.0,1.0,5.0,65.0,31.0,20.0,16.0,8.0,5.0,7.0,1.0,6.0,57.0,24.0,13.0,11.0,8.0,7.0,13.0,261.0,264.0,281.0,230.0,2024
2024-2092,Ningbo,Hard,32,P,2024-10-14,276,259799,,,Mirra Andreeva,R,,RUS,17.4,201478,,Q,Varvara Lepchenko,L,180.0,USA,38.4,6-2 6-0,3,R32,55.0,3.0,0.0,38.0,29.0,25.0,5.0,7.0,2.0,2.0,0.0,2.0,42.0,29.0,11.0,6.0,7.0,0.0,5.0,19.0,2253.0,161.0,474.0,2024
2024-405,Osaka,Hard,32,I,2024-10-14,297,256684,,Q,Aoi Ito,U,,JPN,20.3,220332,,LL,Eva Lys,R,165.0,GER,22.7,6-7(8) 6-2 6-3,3,QF,136.0,2.0,3.0,93.0,67.0,43.0,14.0,14.0,4.0,6.0,0.0,1.0,110.0,80.0,41.0,17.0,15.0,4.0,10.0,188.0,379.0,118.0,610.0,2024
2024-1056,Tokyo,Hard,32,P,2024-10-21,286,215370,,WC,Bianca Andreescu,R,170.0,CAN,24.3,206242,2.0,,Beatriz Haddad Maia,L,185.0,BRA,28.3,3-0 RET,3,R16,18.0,2.0,2.0,12.0,7.0,7.0,1.0,2.0,0.0,0.0,0.0,2.0,5.0,2.0,1.0,0.0,1.0,0.0,1.0,159.0,455.0,10.0,3194.0,2024
2024-1056,Tokyo,Hard,32,P,2024-10-21,284,220416,,,Moyuka Uchijima,R,171.0,JPN,23.1,261963,,WC,Mika Stojsavljevic,R,,GBR,15.8,6-4 6-7(7) 7-6(6),3,R32,171.0,1.0,8.0,115.0,66.0,44.0,27.0,17.0,3.0,7.0,7.0,3.0,113.0,67.0,45.0,25.0,17.0,5.0,10.0,57.0,995.0,633.0,61.0,2024
2024-1056,Tokyo,Hard,32,P,2024-10-21,283,219875,,,Varvara Gracheva,R,,FRA,24.2,215988,,Q,Mai Hontama,R,,JPN,25.1,6-1 7-6(4),3,R32,97.0,2.0,1.0,66.0,45.0,27.0,12.0,10.0,2.0,5.0,0.0,4.0,69.0,42.0,22.0,11.0,9.0,5.0,10.0,68.0,919.0,137.0,528.0,2024
2024-1056,Tokyo,Hard,32,P,2024-10-21,282,220367,8.0,,Leylah Fernandez,L,168.0,CAN,22.1,205925,,LL,Aliaksandra Sasnovich,R,174.0,BLR,30.5,5-7 6-2 5-2 RET,3,R32,164.0,6.0,7.0,94.0,50.0,30.0,25.0,14.0,2.0,6.0,3.0,15.0,109.0,60.0,38.0,17.0,13.0,10.0,16.0,35.0,1574.0,143.0,505.0,2024
2024-1056,Tokyo,Hard,32,P,2024-10-21,280,202600,,,Viktoriya Tomova,R,170.0,BUL,29.6,206368,,,Veronika Kudermetova,R,175.0,RUS,27.4,7-6(3) 6-3,3,R32,114.0,1.0,2.0,68.0,46.0,34.0,10.0,10.0,2.0,4.0,1.0,0.0,83.0,57.0,31.0,13.0,11.0,5.0,9.0,49.0,1127.0,62.0,988.0,2024
2024-1056,Tokyo,Hard,32,P,2024-10-21,279,259967,,Q,Sayaka Ishii,U,,JPN,19.1,260170,,LL,Sara Saito,R,,JPN,18.0,6-1 6-1,3,R32,86.0,1.0,4.0,63.0,40.0,27.0,13.0,7.0,7.0,7.0,1.0,5.0,64.0,41.0,23.0,6.0,7.0,9.0,14.0,279.0,225.0,158.0,456.0,2024
2024-1056,Tokyo,Hard,32,P,2024-10-21,273,211107,9.0,,Katie Boulter,R,180.0,GBR,28.2,211880,,Q,Priscilla Hon,R,171.0,AUS,26.4,6-1 6-4,3,R32,76.0,4.0,3.0,57.0,37.0,27.0,9.0,8.0,1.0,2.0,3.0,1.0,44.0,30.0,16.0,5.0,9.0,0.0,5.0,33.0,1660.0,217.0,325.0,2024
2024-1056,Tokyo,Hard,32,P,2024-10-21,277,213550,,WC,Sofia Kenin,R,170.0,USA,25.9,216133,10.0,,Xin Yu Wang,R,182.0,CHN,23.0,6-1 6-4,3,R32,78.0,2.0,3.0,48.0,36.0,30.0,7.0,9.0,1.0,1.0,3.0,4.0,72.0,46.0,29.0,9.0,8.0,5.0,8.0,155.0,480.0,39.0,1418.0,2024
2024-1056,Tokyo,Hard,32,P,2024-10-21,276,220704,,LL,Clara Tauson,R,182.0,DEN,21.8,211702,,WC,Nao Hibino,R,163.0,JPN,29.8,6-2 6-3,3,R32,83.0,8.0,4.0,66.0,38.0,24.0,12.0,9.0,4.0,8.0,0.0,2.0,43.0,27.0,11.0,4.0,8.0,2.0,9.0,53.0,1037.0,156.0,468.0,2024
2024-1056,Tokyo,Hard,32,P,2024-10-21,275,220520,,,Mccartney Kessler,R,,USA,25.2,220714,,,Elisabetta Cocciaretto,R,,ITA,23.7,6-3 6-3,3,R32,93.0,2.0,1.0,73.0,49.0,29.0,12.0,9.0,8.0,11.0,2.0,3.0,65.0,44.0,18.0,11.0,9.0,7.0,13.0,73.0,896.0,52.0,1048.0,2024
2024-1056,Tokyo,Hard,32,P,2024-10-21,272,211846,,LL,Kyoka Okamura,R,,JPN,29.0,221024,,Q,Hailey Baptiste,R,,USA,22.9,7-6(4) 6-3,3,R32,103.0,3.0,1.0,66.0,41.0,31.0,19.0,11.0,2.0,3.0,1.0,2.0,70.0,36.0,24.0,21.0,10.0,4.0,6.0,271.0,244.0,80.0,839.0,2024
2024-1056,Tokyo,Hard,32,P,2024-10-21,271,215370,,WC,Bianca Andreescu,R,170.0,CAN,24.3,215614,,Q,Mei Yamaguchi,U,152.0,JPN,25.3,7-5 6-3,3,R32,97.0,0.0,3.0,61.0,43.0,30.0,6.0,10.0,4.0,7.0,0.0,2.0,75.0,49.0,26.0,10.0,11.0,8.0,14.0,159.0,455.0,410.0,146.0,2024
2024-1056,Tokyo,Hard,32,P,2024-10-21,287,211107,9.0,,Katie Boulter,R,180.0,GBR,28.2,211846,,LL,Kyoka Okamura,R,,JPN,29.0,6-1 6-2,3,R16,69.0,0.0,2.0,37.0,20.0,16.0,13.0,7.0,0.0,0.0,2.0,2.0,43.0,29.0,14.0,4.0,8.0,2.0,7.0,33.0,1660.0,271.0,244.0,2024
2024-1056,Tokyo,Hard,32,P,2024-10-21,278,220309,,Q,Zeynep Sonmez,R,,TUR,22.4,211684,7.0,,Magdalena Frech,R,171.0,POL,26.8,1-6 6-4 6-3,3,R32,118.0,1.0,3.0,92.0,56.0,40.0,14.0,13.0,5.0,8.0,4.0,2.0,80.0,54.0,37.0,14.0,13.0,5.0,8.0,148.0,493.0,24.0,2020.0,2024
2024-1056,Tokyo,Hard,32,P,2024-10-21,288,214082,3.0,,Daria Kasatkina,R,170.0,RUS,27.4,220520,,,Mccartney Kessler,R,,USA,25.2,3-6 6-3 6-1,3,R16,116.0,3.0,3.0,79.0,57.0,38.0,6.0,12.0,5.0,9.0,2.0,2.0,86.0,52.0,29.0,14.0,13.0,5.0,12.0,9.0,3500.0,73.0,896.0,2024
2024-1023,Guangzhou,Hard,32,I,2024-10-21,274,214459,,,Lucia Bronzetti,R,,ITA,25.8,220589,4.0,,Elina Avanesyan,R,,ARM,22.0,6-1 6-4,3,R32,76.0,2.0,3.0,60.0,35.0,20.0,15.0,8.0,7.0,9.0,0.0,1.0,54.0,32.0,17.0,6.0,9.0,7.0,13.0,84.0,819.0,45.0,1182.0,2024
2024-1056,Tokyo,Hard,32,P,2024-10-21,290,259967,,Q,Sayaka Ishii,U,,JPN,19.1,220309,,Q,Zeynep Sonmez,R,,TUR,22.4,4-6 6-2 6-3,3,R16,130.0,0.0,9.0,84.0,49.0,33.0,12.0,14.0,2.0,8.0,3.0,4.0,88.0,50.0,27.0,13.0,13.0,6.0,14.0,279.0,225.0,148.0,493.0,2024
2024-1023,Guangzhou,Hard,32,I,2024-10-21,299,215337,,,Olga Danilovic,L,,SRB,23.7,211701,1.0,,Katerina Siniakova,R,174.0,CZE,28.4,4-6 6-4 4-3 RET,3,SF,144.0,4.0,8.0,94.0,59.0,33.0,18.0,14.0,6.0,11.0,2.0,2.0,77.0,50.0,31.0,15.0,14.0,1.0,7.0,86.0,805.0,48.0,1139.0,2024
2024-1023,Guangzhou,Hard,32,I,2024-10-21,298,214452,,Q,Caroline Dolehide,R,178.0,USA,26.1,214459,,,Lucia Bronzetti,R,,ITA,25.8,6-3 3-6 7-6(9),3,SF,159.0,1.0,6.0,120.0,101.0,56.0,7.0,15.0,9.0,16.0,2.0,4.0,101.0,68.0,36.0,14.0,15.0,5.0,12.0,101.0,712.0,84.0,819.0,2024
2024-1023,Guangzhou,Hard,32,I,2024-10-21,297,211701,1.0,,Katerina Siniakova,R,174.0,CZE,28.4,211095,,,Bernarda Pera,L,175.0,USA,29.8,6-4 7-5,3,QF,84.0,2.0,3.0,60.0,36.0,24.0,11.0,11.0,4.0,8.0,2.0,2.0,64.0,40.0,23.0,10.0,11.0,5.0,11.0,48.0,1139.0,79.0,843.0,2024
2024-1023,Guangzhou,Hard,32,I,2024-10-21,296,215337,,,Olga Danilovic,L,,SRB,23.7,216566,,Q,Mananchaya Sawangkaew,R,,THA,22.2,6-4 6-4,3,QF,104.0,4.0,6.0,80.0,49.0,28.0,16.0,10.0,9.0,12.0,3.0,5.0,63.0,40.0,25.0,9.0,10.0,5.0,10.0,86.0,805.0,163.0,446.0,2024
2024-1023,Guangzhou,Hard,32,I,2024-10-21,295,214459,,,Lucia Bronzetti,R,,ITA,25.8,216016,,,Xiyu Wang,L,,CHN,23.5,6-4 6-1,3,QF,98.0,2.0,1.0,68.0,51.0,34.0,7.0,8.0,6.0,7.0,1.0,6.0,51.0,29.0,18.0,7.0,9.0,1.0,6.0,84.0,819.0,99.0,750.0,2024
2024-1023,Guangzhou,Hard,32,I,2024-10-21,294,214452,,Q,Caroline Dolehide,R,178.0,USA,26.1,222601,7.0,,Jessica Bouzas Maneiro,R,,ESP,22.0,6-4 4-6 6-0,3,QF,110.0,0.0,1.0,78.0,62.0,41.0,9.0,13.0,5.0,8.0,1.0,5.0,77.0,52.0,29.0,10.0,13.0,4.0,10.0,101.0,712.0,60.0,992.0,2024
2024-1023,Guangzhou,Hard,32,I,2024-10-21,293,211701,1.0,,Katerina Siniakova,R,174.0,CZE,28.4,219917,,LL,Alycia Parks,R,185.0,USA,23.8,6-1 6-4,3,R16,78.0,1.0,5.0,68.0,42.0,33.0,10.0,8.0,7.0,7.0,2.0,6.0,55.0,31.0,21.0,9.0,9.0,1.0,5.0,48.0,1139.0,115.0,624.0,2024
2024-1056,Tokyo,Hard,32,P,2024-10-21,289,213550,,WC,Sofia Kenin,R,170.0,USA,25.9,220704,,LL,Clara Tauson,R,182.0,DEN,21.8,6-7(8) 6-4 7-6(6),3,R16,171.0,5.0,5.0,111.0,77.0,56.0,18.0,17.0,0.0,1.0,22.0,9.0,123.0,65.0,53.0,24.0,17.0,4.0,6.0,155.0,480.0,53.0,1037.0,2024
2024-1023,Guangzhou,Hard,32,I,2024-10-21,292,211095,,,Bernarda Pera,L,175.0,USA,29.8,201533,,WC,Shuai Zhang,R,177.0,CHN,35.7,6-2 6-2,3,R16,65.0,3.0,1.0,52.0,30.0,22.0,14.0,8.0,5.0,5.0,1.0,4.0,53.0,29.0,18.0,9.0,8.0,6.0,10.0,79.0,843.0,237.0,297.0,2024
2024-1023,Guangzhou,Hard,32,I,2024-10-21,291,216566,,Q,Mananchaya Sawangkaew,R,,THA,22.2,206294,3.0,,Yue Yuan,R,184.0,CHN,26.0,6-2 6-3,3,R16,67.0,4.0,1.0,41.0,28.0,19.0,6.0,8.0,0.0,3.0,0.0,1.0,53.0,36.0,13.0,6.0,9.0,3.0,10.0,163.0,446.0,44.0,1209.0,2024
2024-1023,Guangzhou,Hard,32,I,2024-10-21,290,215337,,,Olga Danilovic,L,,SRB,23.7,220348,5.0,,Diane Parry,R,170.0,FRA,22.1,6-1 6-0,3,R16,74.0,1.0,3.0,61.0,31.0,18.0,20.0,6.0,8.0,8.0,1.0,2.0,45.0,25.0,10.0,5.0,7.0,4.0,10.0,86.0,805.0,50.0,1124.0,2024
2024-1023,Guangzhou,Hard,32,I,2024-10-21,300,215337,,,Olga Danilovic,L,,SRB,23.7,214452,,Q,Caroline Dolehide,R,178.0,USA,26.1,6-3 6-1,3,F,75.0,0.0,2.0,52.0,35.0,25.0,9.0,8.0,2.0,3.0,3.0,0.0,59.0,48.0,25.0,2.0,8.0,4.0,9.0,86.0,805.0,101.0,712.0,2024
2024-1023,Guangzhou,Hard,32,I,2024-10-21,289,216016,,,Xiyu Wang,L,,CHN,23.5,221096,,WC,Sijia Wei,R,,CHN,20.8,3-6 6-0 7-5,3,R16,138.0,2.0,4.0,89.0,52.0,37.0,19.0,13.0,5.0,7.0,2.0,1.0,83.0,48.0,30.0,18.0,14.0,6.0,11.0,99.0,750.0,135.0,539.0,2024
2024-1023,Guangzhou,Hard,32,I,2024-10-21,287,222601,7.0,,Jessica Bouzas Maneiro,R,,ESP,22.0,222559,,WC,Han Shi,R,,CHN,19.3,6-3 6-4,3,R16,91.0,2.0,3.0,71.0,45.0,30.0,13.0,10.0,7.0,9.0,1.0,2.0,60.0,34.0,21.0,10.0,9.0,2.0,6.0,60.0,992.0,254.0,270.0,2024
2024-1023,Guangzhou,Hard,32,I,2024-10-21,286,214452,,Q,Caroline Dolehide,R,178.0,USA,26.1,213631,2.0,,Marie Bouzkova,R,180.0,CZE,26.2,6-7(3) 6-4 7-6(6),3,R16,198.0,4.0,3.0,142.0,116.0,71.0,14.0,17.0,9.0,13.0,2.0,7.0,110.0,69.0,46.0,18.0,17.0,1.0,6.0,101.0,712.0,47.0,1140.0,2024
2024-1023,Guangzhou,Hard,32,I,2024-10-21,285,211701,1.0,,Katerina Siniakova,R,174.0,CZE,28.4,201549,,Q,Petra Martic,R,181.0,CRO,33.7,6-2 6-1,3,R32,63.0,0.0,1.0,40.0,26.0,22.0,10.0,8.0,0.0,0.0,2.0,4.0,55.0,27.0,15.0,12.0,7.0,8.0,12.0,48.0,1139.0,121.0,592.0,2024
2024-1023,Guangzhou,Hard,32,I,2024-10-21,284,219917,,LL,Alycia Parks,R,185.0,USA,23.8,214388,,,Anna Bondar,R,,HUN,27.4,6-3 6-3,3,R32,78.0,11.0,11.0,59.0,32.0,29.0,9.0,9.0,4.0,5.0,2.0,3.0,53.0,28.0,16.0,12.0,9.0,4.0,8.0,115.0,624.0,94.0,783.0,2024
2024-1023,Guangzhou,Hard,32,I,2024-10-21,283,211095,,,Bernarda Pera,L,175.0,USA,29.8,223253,,Q,Alexandra Eala,L,173.0,PHI,19.4,6-0 6-3,3,R32,60.0,4.0,3.0,40.0,26.0,23.0,9.0,8.0,0.0,0.0,3.0,2.0,45.0,27.0,13.0,9.0,7.0,4.0,8.0,79.0,843.0,147.0,494.0,2024
2024-1023,Guangzhou,Hard,32,I,2024-10-21,282,201533,,WC,Shuai Zhang,R,177.0,CHN,35.7,215872,8.0,,Kamilla Rakhimova,R,,RUS,23.1,6-2 6-1,3,R32,58.0,4.0,0.0,41.0,25.0,22.0,11.0,8.0,0.0,0.0,3.0,4.0,42.0,21.0,12.0,7.0,7.0,2.0,6.0,237.0,297.0,61.0,990.0,2024
2024-1023,Guangzhou,Hard,32,I,2024-10-21,281,206294,3.0,,Yue Yuan,R,184.0,CHN,26.0,213889,,,Greet Minnen,R,,BEL,27.1,7-6(2) 6-1,3,R32,88.0,0.0,1.0,62.0,35.0,26.0,17.0,10.0,3.0,4.0,7.0,6.0,56.0,30.0,23.0,9.0,9.0,1.0,4.0,44.0,1209.0,90.0,791.0,2024
2024-1023,Guangzhou,Hard,32,I,2024-10-21,280,216566,,Q,Mananchaya Sawangkaew,R,,THA,22.2,230870,,LL,Ella Seidel,R,,GER,19.6,6-1 2-6 6-2,3,R32,131.0,13.0,6.0,119.0,67.0,46.0,24.0,12.0,17.0,19.0,2.0,7.0,70.0,36.0,24.0,15.0,11.0,5.0,9.0,163.0,446.0,117.0,618.0,2024
2024-1023,Guangzhou,Hard,32,I,2024-10-21,279,215337,,,Olga Danilovic,L,,SRB,23.7,222965,,,Erika Andreeva,R,,RUS,20.3,6-4 6-4,3,R32,103.0,1.0,5.0,53.0,33.0,25.0,10.0,10.0,2.0,4.0,4.0,2.0,69.0,38.0,24.0,14.0,10.0,6.0,10.0,86.0,805.0,65.0,947.0,2024
2024-1023,Guangzhou,Hard,32,I,2024-10-21,278,220348,5.0,,Diane Parry,R,170.0,FRA,22.1,211765,,LL,Emina Bektas,R,,USA,31.5,6-3 6-2,3,R32,75.0,10.0,0.0,55.0,23.0,18.0,23.0,9.0,1.0,1.0,2.0,4.0,49.0,27.0,21.0,7.0,8.0,2.0,5.0,50.0,1124.0,138.0,527.0,2024
2024-1023,Guangzhou,Hard,32,I,2024-10-21,277,221096,,WC,Sijia Wei,R,,CHN,20.8,211685,6.0,,Rebecca Sramkova,R,,SVK,28.0,6-1 6-4,3,R32,75.0,2.0,5.0,56.0,26.0,18.0,19.0,9.0,4.0,5.0,1.0,4.0,56.0,35.0,17.0,11.0,8.0,6.0,10.0,135.0,539.0,51.0,1051.0,2024
2024-1023,Guangzhou,Hard,32,I,2024-10-21,288,214459,,,Lucia Bronzetti,R,,ITA,25.8,211713,,,Jaqueline Cristian,R,180.0,ROU,26.3,7-6(5) 6-4,3,R16,129.0,0.0,5.0,77.0,52.0,40.0,9.0,11.0,9.0,12.0,6.0,6.0,86.0,55.0,36.0,13.0,11.0,9.0,13.0,84.0,819.0,74.0,887.0,2024
2024-1023,Guangzhou,Hard,32,I,2024-10-21,276,216016,,,Xiyu Wang,L,,CHN,23.5,201551,,,Arantxa Rus,L,180.0,NED,33.8,6-2 6-4,3,R32,96.0,7.0,4.0,62.0,34.0,26.0,15.0,9.0,3.0,4.0,6.0,4.0,56.0,30.0,19.0,10.0,9.0,2.0,6.0,99.0,750.0,77.0,874.0,2024
2024-1023,Guangzhou,Hard,32,I,2024-10-21,275,211713,,,Jaqueline Cristian,R,180.0,ROU,26.3,203530,,,Viktorija Golubic,R,169.0,SUI,32.0,6-4 2-6 6-1,3,R32,122.0,4.0,4.0,76.0,46.0,34.0,16.0,13.0,3.0,6.0,0.0,0.0,82.0,60.0,35.0,12.0,12.0,3.0,7.0,74.0,887.0,165.0,441.0,2024
2024-1023,Guangzhou,Hard,32,I,2024-10-21,270,213631,2.0,,Marie Bouzkova,R,180.0,CZE,26.2,215480,,SE,Suzan Lamens,R,,NED,25.2,6-3 6-1,3,R32,71.0,1.0,1.0,45.0,28.0,22.0,9.0,8.0,1.0,2.0,2.0,5.0,40.0,21.0,13.0,3.0,8.0,1.0,6.0,47.0,1140.0,88.0,796.0,2024
2024-1023,Guangzhou,Hard,32,I,2024-10-21,273,222601,7.0,,Jessica Bouzas Maneiro,R,,ESP,22.0,213544,,Q,Jana Fett,R,168.0,CRO,27.9,6-4 6-3,3,R32,86.0,0.0,2.0,49.0,33.0,24.0,5.0,9.0,3.0,6.0,3.0,8.0,70.0,39.0,20.0,13.0,10.0,14.0,20.0,60.0,992.0,105.0,669.0,2024
2024-1023,Guangzhou,Hard,32,I,2024-10-21,272,222559,,WC,Han Shi,R,,CHN,19.3,211316,,Q,Jessika Ponchet,R,,FRA,28.0,6-1 6-7(4) 6-3,3,R32,162.0,1.0,7.0,103.0,56.0,36.0,24.0,13.0,9.0,12.0,4.0,1.0,122.0,73.0,43.0,18.0,15.0,13.0,21.0,254.0,270.0,104.0,672.0,2024
2024-1023,Guangzhou,Hard,32,I,2024-10-21,271,214452,,Q,Caroline Dolehide,R,178.0,USA,26.1,239389,,LL,Elena Pridankina,R,,RUS,19.1,6-2 6-1,3,R32,68.0,1.0,0.0,41.0,37.0,25.0,2.0,8.0,3.0,5.0,0.0,5.0,50.0,31.0,14.0,5.0,7.0,4.0,10.0,101.0,712.0,179.0,391.0,2024
2024-1056,Tokyo,Hard,32,P,2024-10-21,300,221012,1.0,,Qinwen Zheng,R,,CHN,22.0,213550,,WC,Sofia Kenin,R,170.0,USA,25.9,7-6(5) 6-3,3,F,112.0,16.0,2.0,69.0,41.0,38.0,14.0,11.0,1.0,1.0,0.0,3.0,80.0,58.0,37.0,13.0,10.0,7.0,8.0,7.0,4480.0,155.0,480.0,2024
2024-1056,Tokyo,Hard,32,P,2024-10-21,299,221012,1.0,,Qinwen Zheng,R,,CHN,22.0,223670,6.0,,Diana Shnaider,L,,RUS,20.5,7-6(5) 6-3,3,SF,109.0,7.0,1.0,71.0,37.0,29.0,16.0,11.0,2.0,5.0,1.0,4.0,73.0,46.0,29.0,11.0,10.0,5.0,9.0,7.0,4480.0,16.0,2585.0,2024
2024-1056,Tokyo,Hard,32,P,2024-10-21,297,221012,1.0,,Qinwen Zheng,R,,CHN,22.0,220367,8.0,,Leylah Fernandez,L,168.0,CAN,22.1,6-0 1-6 6-3,3,QF,107.0,7.0,3.0,71.0,40.0,29.0,14.0,11.0,4.0,7.0,2.0,6.0,71.0,43.0,23.0,13.0,11.0,4.0,9.0,7.0,4480.0,35.0,1574.0,2024
2024-1056,Tokyo,Hard,32,P,2024-10-21,298,213550,,WC,Sofia Kenin,R,170.0,USA,25.9,211107,9.0,,Katie Boulter,R,180.0,GBR,28.2,6-4 6-4,3,SF,89.0,1.0,0.0,59.0,43.0,31.0,10.0,10.0,4.0,5.0,4.0,7.0,63.0,32.0,24.0,13.0,10.0,5.0,8.0,155.0,480.0,33.0,1660.0,2024
2024-1056,Tokyo,Hard,32,P,2024-10-21,295,213550,,WC,Sofia Kenin,R,170.0,USA,25.9,214082,3.0,,Daria Kasatkina,R,170.0,RUS,27.4,6-3 6-4,3,QF,78.0,0.0,1.0,50.0,31.0,21.0,8.0,9.0,0.0,3.0,1.0,2.0,65.0,42.0,22.0,9.0,10.0,4.0,10.0,155.0,480.0,9.0,3500.0,2024
2024-1056,Tokyo,Hard,32,P,2024-10-21,294,211107,9.0,,Katie Boulter,R,180.0,GBR,28.2,215370,,WC,Bianca Andreescu,R,170.0,CAN,24.3,6-2 6-1,3,QF,62.0,5.0,4.0,39.0,23.0,20.0,10.0,7.0,1.0,1.0,1.0,3.0,44.0,29.0,13.0,6.0,8.0,2.0,7.0,33.0,1660.0,159.0,455.0,2024
2024-1056,Tokyo,Hard,32,P,2024-10-21,293,221012,1.0,,Qinwen Zheng,R,,CHN,22.0,220416,,,Moyuka Uchijima,R,171.0,JPN,23.1,7-5 6-0,3,R16,77.0,3.0,3.0,53.0,27.0,23.0,13.0,9.0,3.0,4.0,0.0,3.0,54.0,28.0,16.0,11.0,9.0,3.0,8.0,7.0,4480.0,57.0,995.0,2024
2024-1056,Tokyo,Hard,32,P,2024-10-21,292,220367,8.0,,Leylah Fernandez,L,168.0,CAN,22.1,219875,,,Varvara Gracheva,R,,FRA,24.2,6-0 3-6 7-5,3,R16,135.0,3.0,2.0,80.0,52.0,33.0,18.0,13.0,8.0,10.0,2.0,1.0,88.0,55.0,30.0,19.0,14.0,6.0,11.0,35.0,1574.0,68.0,919.0,2024
2024-1056,Tokyo,Hard,32,P,2024-10-21,291,223670,6.0,,Diana Shnaider,L,,RUS,20.5,202600,,,Viktoriya Tomova,R,170.0,BUL,29.6,6-2 6-2,3,R16,76.0,2.0,2.0,50.0,40.0,26.0,4.0,8.0,1.0,3.0,2.0,3.0,64.0,35.0,16.0,11.0,8.0,3.0,9.0,16.0,2585.0,49.0,1127.0,2024
2024-1056,Tokyo,Hard,32,P,2024-10-21,296,223670,6.0,,Diana Shnaider,L,,RUS,20.5,259967,,Q,Sayaka Ishii,U,,JPN,19.1,W/O,3,QF,0.0,,,,,,,,,,,,,,,,,,,16.0,2585.0,279.0,225.0,2024
2024-2085,Merida,Hard,32,I,2024-10-28,283,221039,,,Elsa Jacquemot,R,,FRA,21.4,221905,,,Robin Montgomery,L,,USA,20.1,4-6 6-3 7-6(4),3,R32,147.0,5.0,9.0,100.0,57.0,39.0,17.0,16.0,7.0,13.0,5.0,14.0,89.0,56.0,39.0,10.0,15.0,4.0,10.0,148.0,507.0,107.0,681.0,2024
2024-2085,Merida,Hard,32,I,2024-10-28,284,216081,,Q,Maja Chwalinska,L,,POL,23.0,201606,,,Rebecca Marino,R,183.0,CAN,33.8,4-6 6-4 6-3,3,R32,157.0,0.0,5.0,98.0,69.0,44.0,13.0,15.0,7.0,11.0,4.0,2.0,110.0,64.0,43.0,17.0,14.0,7.0,12.0,175.0,412.0,114.0,647.0,2024
2024-2085,Merida,Hard,32,I,2024-10-28,282,220309,,,Zeynep Sonmez,R,,TUR,22.4,214604,6.0,,Maria Lourdes Carle,R,,ARG,24.7,5-7 6-1 6-2,3,R32,133.0,2.0,3.0,102.0,63.0,37.0,21.0,14.0,10.0,14.0,1.0,5.0,71.0,47.0,29.0,6.0,13.0,3.0,10.0,127.0,576.0,90.0,799.0,2024
2024-1074,Hong Kong,Hard,32,I,2024-10-28,287,211107,2.0,,Katie Boulter,R,180.0,GBR,28.2,216016,,,Xiyu Wang,L,,CHN,23.5,7-6(7) 6-4,3,R16,135.0,5.0,8.0,95.0,58.0,43.0,18.0,11.0,7.0,9.0,8.0,0.0,75.0,56.0,33.0,12.0,11.0,4.0,7.0,29.0,1828.0,100.0,774.0,2024
2024-2085,Merida,Hard,32,I,2024-10-28,280,204427,,,Sara Sorribes Tormo,R,176.0,ESP,28.0,204419,,WC,Ana Sofia Sanchez,L,,MEX,30.5,6-2 6-1,3,R32,90.0,0.0,2.0,45.0,31.0,19.0,10.0,8.0,4.0,6.0,0.0,3.0,38.0,23.0,8.0,4.0,7.0,2.0,8.0,103.0,690.0,286.0,225.0,2024
2024-2085,Merida,Hard,32,I,2024-10-28,279,252499,,,Alina Korneeva,U,,RUS,17.3,219917,,,Alycia Parks,R,185.0,USA,23.8,6-3 6-1,3,R32,69.0,3.0,4.0,41.0,19.0,17.0,16.0,8.0,0.0,0.0,1.0,11.0,62.0,31.0,19.0,11.0,8.0,8.0,12.0,254.0,280.0,109.0,665.0,2024
2024-2085,Merida,Hard,32,I,2024-10-28,285,213887,1.0,,Renata Zarazua,R,,MEX,27.0,259857,,WC,Akasha Urhobo,R,,USA,17.7,7-5 6-2,3,R32,99.0,0.0,2.0,66.0,49.0,30.0,7.0,10.0,3.0,7.0,0.0,3.0,60.0,46.0,22.0,4.0,10.0,6.0,13.0,62.0,991.0,292.0,219.0,2024
2024-2085,Merida,Hard,32,I,2024-10-28,281,214593,,,Lucrezia Stefanini,R,,ITA,26.4,215898,4.0,,Jule Niemeier,R,178.0,GER,25.2,6-3 6-2,3,R32,95.0,0.0,3.0,55.0,40.0,29.0,7.0,9.0,4.0,6.0,4.0,9.0,58.0,34.0,19.0,8.0,8.0,2.0,7.0,163.0,466.0,86.0,829.0,2024
2024-2085,Merida,Hard,32,I,2024-10-28,286,221236,,,Polina Kudermetova,R,,RUS,21.4,201478,,,Varvara Lepchenko,L,180.0,USA,38.4,6-3 6-4,3,R16,86.0,1.0,2.0,59.0,38.0,27.0,9.0,9.0,2.0,4.0,4.0,0.0,65.0,43.0,24.0,9.0,10.0,6.0,11.0,133.0,565.0,144.0,516.0,2024
2024-2085,Merida,Hard,32,I,2024-10-28,293,213887,1.0,,Renata Zarazua,R,,MEX,27.0,216081,,Q,Maja Chwalinska,L,,POL,23.0,2-6 6-2 6-1,3,R16,152.0,2.0,0.0,96.0,85.0,48.0,4.0,11.0,12.0,16.0,0.0,4.0,59.0,42.0,21.0,4.0,12.0,0.0,7.0,62.0,991.0,175.0,412.0,2024
2024-2085,Merida,Hard,32,I,2024-10-28,288,213525,,,Jil Teichmann,L,170.0,SUI,27.2,201548,3.0,,Ajla Tomljanovic,R,180.0,AUS,31.4,W/O,3,R16,0.0,,,,,,,,,,,,,,,,,,,153.0,496.0,85.0,835.0,2024
2024-2085,Merida,Hard,32,I,2024-10-28,289,215983,,,Ann Li,R,170.0,USA,24.3,222045,,,Antonia Ruzic,R,,CRO,21.7,6-2 6-2,3,R16,70.0,1.0,0.0,43.0,33.0,25.0,6.0,8.0,2.0,3.0,1.0,3.0,55.0,30.0,16.0,8.0,8.0,6.0,11.0,111.0,655.0,165.0,449.0,2024
2024-2085,Merida,Hard,32,I,2024-10-28,290,252499,,,Alina Korneeva,U,,RUS,17.3,215020,5.0,,Anna Blinkova,R,179.0,RUS,26.1,7-5 6-2,3,R16,87.0,3.0,5.0,61.0,32.0,17.0,12.0,10.0,6.0,11.0,0.0,5.0,54.0,34.0,10.0,6.0,10.0,1.0,9.0,254.0,280.0,75.0,893.0,2024
2024-2085,Merida,Hard,32,I,2024-10-28,291,204427,,,Sara Sorribes Tormo,R,176.0,ESP,28.0,214593,,,Lucrezia Stefanini,R,,ITA,26.4,6-4 1-6 6-4,3,R16,203.0,0.0,5.0,91.0,65.0,32.0,10.0,13.0,11.0,19.0,0.0,4.0,116.0,91.0,49.0,8.0,14.0,11.0,19.0,103.0,690.0,163.0,466.0,2024
2024-2085,Merida,Hard,32,I,2024-10-28,292,220309,,,Zeynep Sonmez,R,,TUR,22.4,221039,,,Elsa Jacquemot,R,,FRA,21.4,7-6(3) 6-3,3,R16,112.0,0.0,8.0,76.0,46.0,26.0,13.0,11.0,3.0,8.0,2.0,7.0,69.0,34.0,19.0,10.0,10.0,3.0,9.0,127.0,576.0,148.0,507.0,2024
2024-2085,Merida,Hard,32,I,2024-10-28,278,215020,5.0,,Anna Blinkova,R,179.0,RUS,26.1,201615,,,Lesia Tsurenko,R,174.0,UKR,35.4,2-6 6-4 4-0 RET,3,R32,124.0,1.0,5.0,82.0,43.0,25.0,19.0,11.0,12.0,16.0,0.0,3.0,57.0,33.0,21.0,11.0,11.0,2.0,7.0,75.0,893.0,122.0,600.0,2024
2024-2085,Merida,Hard,32,I,2024-10-28,294,221236,,,Polina Kudermetova,R,,RUS,21.4,211411,,,Nina Stojanovic,R,176.0,SRB,28.2,5-7 6-4 6-3,3,QF,145.0,5.0,11.0,109.0,53.0,36.0,23.0,16.0,7.0,13.0,6.0,3.0,99.0,66.0,38.0,15.0,15.0,4.0,11.0,133.0,565.0,560.0,83.0,2024
2024-2085,Merida,Hard,32,I,2024-10-28,287,211411,,,Nina Stojanovic,R,176.0,SRB,28.2,222233,,,Marina Stakusic,R,,CAN,19.9,6-3 6-3,3,R16,100.0,5.0,3.0,53.0,28.0,18.0,10.0,9.0,0.0,3.0,1.0,6.0,58.0,32.0,20.0,5.0,9.0,7.0,13.0,560.0,83.0,116.0,637.0,2024
2024-2085,Merida,Hard,32,I,2024-10-28,277,215983,,,Ann Li,R,170.0,USA,24.3,203463,8.0,,Nuria Parrizas Diaz,R,167.0,ESP,33.2,6-0 6-4,3,R32,64.0,1.0,1.0,47.0,34.0,22.0,7.0,8.0,2.0,4.0,0.0,2.0,47.0,38.0,16.0,3.0,8.0,3.0,9.0,111.0,655.0,94.0,790.0,2024
2024-2085,Merida,Hard,32,I,2024-10-28,270,221236,,,Polina Kudermetova,R,,RUS,21.4,206408,2.0,,Nadia Podoroska,R,170.0,ARG,27.7,6-1 6-1,3,R32,63.0,2.0,2.0,46.0,23.0,17.0,14.0,7.0,1.0,1.0,3.0,7.0,51.0,33.0,19.0,2.0,7.0,10.0,15.0,133.0,565.0,80.0,879.0,2024
2024-2085,Merida,Hard,32,I,2024-10-28,275,213525,,,Jil Teichmann,L,170.0,SUI,27.2,221073,,Q,Anastasia Tikhonova,R,,RUS,23.7,6-1 6-4,3,R32,75.0,0.0,2.0,48.0,30.0,20.0,9.0,8.0,0.0,2.0,1.0,8.0,57.0,33.0,15.0,9.0,9.0,6.0,12.0,153.0,496.0,183.0,385.0,2024
2024-1074,Hong Kong,Hard,32,I,2024-10-28,300,223670,1.0,,Diana Shnaider,L,,RUS,20.5,220367,3.0,,Leylah Fernandez,L,168.0,CAN,22.1,6-4 6-2,3,SF,87.0,4.0,2.0,62.0,38.0,23.0,14.0,9.0,1.0,3.0,2.0,4.0,50.0,35.0,19.0,8.0,9.0,3.0,8.0,14.0,2726.0,32.0,1672.0,2024
2024-1074,Hong Kong,Hard,32,I,2024-10-28,299,211107,2.0,,Katie Boulter,R,180.0,GBR,28.2,206294,6.0,,Yue Yuan,R,184.0,CHN,26.0,6-2 5-7 6-2,3,SF,154.0,6.0,3.0,99.0,59.0,40.0,22.0,14.0,3.0,6.0,3.0,4.0,91.0,56.0,33.0,15.0,14.0,9.0,15.0,29.0,1828.0,45.0,1149.0,2024
2024-1074,Hong Kong,Hard,32,I,2024-10-28,298,223670,1.0,,Diana Shnaider,L,,RUS,20.5,215480,,,Suzan Lamens,R,,NED,25.3,6-0 6-7(4) 6-2,3,QF,112.0,3.0,3.0,86.0,56.0,33.0,19.0,13.0,3.0,7.0,2.0,5.0,78.0,48.0,18.0,16.0,13.0,2.0,11.0,14.0,2726.0,91.0,796.0,2024
2024-1074,Hong Kong,Hard,32,I,2024-10-28,297,220367,3.0,,Leylah Fernandez,L,168.0,CAN,22.1,211095,9.0,,Bernarda Pera,L,175.0,USA,29.9,6-1 7-6(7),3,QF,91.0,8.0,4.0,71.0,46.0,34.0,13.0,10.0,5.0,6.0,6.0,1.0,61.0,39.0,27.0,9.0,9.0,3.0,6.0,32.0,1672.0,81.0,872.0,2024
2024-1074,Hong Kong,Hard,32,I,2024-10-28,296,206294,6.0,,Yue Yuan,R,184.0,CHN,26.0,213550,,,Sofia Kenin,R,170.0,USA,25.9,6-3 6-3,3,QF,80.0,8.0,0.0,53.0,30.0,26.0,13.0,9.0,4.0,4.0,1.0,4.0,63.0,43.0,29.0,9.0,9.0,6.0,9.0,45.0,1149.0,88.0,804.0,2024
2024-1074,Hong Kong,Hard,32,I,2024-10-28,295,211107,2.0,,Katie Boulter,R,180.0,GBR,28.2,220435,,,Anastasia Zakharova,R,,RUS,22.7,6-4 6-0,3,QF,75.0,5.0,2.0,47.0,31.0,27.0,7.0,8.0,2.0,2.0,0.0,0.0,48.0,22.0,14.0,10.0,8.0,2.0,6.0,29.0,1828.0,113.0,653.0,2024
2024-1074,Hong Kong,Hard,32,I,2024-10-28,294,223670,1.0,,Diana Shnaider,L,,RUS,20.5,211880,,,Priscilla Hon,R,171.0,AUS,26.4,6-4 6-1,3,R16,72.0,4.0,3.0,53.0,39.0,27.0,7.0,8.0,0.0,1.0,1.0,1.0,54.0,40.0,20.0,4.0,9.0,1.0,6.0,14.0,2726.0,210.0,347.0,2024
2024-2085,Merida,Hard,32,I,2024-10-28,276,222045,,,Antonia Ruzic,R,,CRO,21.7,266671,,WC,Laura Samson,R,,CZE,16.6,6-4 6-4,3,R32,94.0,0.0,6.0,57.0,38.0,26.0,5.0,10.0,2.0,6.0,1.0,7.0,64.0,36.0,18.0,11.0,10.0,3.0,9.0,165.0,449.0,376.0,163.0,2024
2024-1074,Hong Kong,Hard,32,I,2024-10-28,293,215480,,,Suzan Lamens,R,,NED,25.3,213710,8.0,,Cristina Bucsa,R,,ESP,26.8,5-7 6-4 6-3,3,R16,145.0,5.0,7.0,107.0,68.0,43.0,15.0,15.0,6.0,12.0,1.0,8.0,104.0,60.0,34.0,17.0,16.0,6.0,14.0,91.0,796.0,71.0,912.0,2024
2024-1074,Hong Kong,Hard,32,I,2024-10-28,291,211095,9.0,,Bernarda Pera,L,175.0,USA,29.9,222559,,Q,Han Shi,R,,CHN,19.4,6-0 6-4,3,R16,60.0,8.0,2.0,43.0,29.0,26.0,6.0,8.0,0.0,0.0,0.0,1.0,43.0,26.0,16.0,6.0,8.0,1.0,5.0,81.0,872.0,245.0,297.0,2024
2024-1074,Hong Kong,Hard,32,I,2024-10-28,290,206294,6.0,,Yue Yuan,R,184.0,CHN,26.0,211702,,,Nao Hibino,R,163.0,JPN,29.9,4-6 7-5 6-2,3,R16,159.0,2.0,3.0,97.0,67.0,41.0,10.0,15.0,9.0,15.0,3.0,5.0,109.0,84.0,43.0,10.0,15.0,10.0,18.0,45.0,1149.0,159.0,468.0,2024
2024-2085,Merida,Hard,32,I,2024-10-28,295,215983,,,Ann Li,R,170.0,USA,24.3,213525,,,Jil Teichmann,L,170.0,SUI,27.2,6-1 6-1,3,QF,62.0,1.0,2.0,43.0,24.0,17.0,9.0,7.0,1.0,3.0,0.0,4.0,42.0,33.0,10.0,2.0,7.0,3.0,10.0,111.0,655.0,153.0,496.0,2024
2024-2085,Merida,Hard,32,I,2024-10-28,271,201478,,,Varvara Lepchenko,L,180.0,USA,38.4,214461,,Q,Tamara Zidansek,R,168.0,SLO,26.8,6-2 6-2,3,R32,74.0,3.0,2.0,45.0,29.0,23.0,11.0,8.0,1.0,1.0,0.0,0.0,51.0,38.0,21.0,5.0,8.0,5.0,9.0,144.0,516.0,192.0,373.0,2024
2024-2085,Merida,Hard,32,I,2024-10-28,272,222233,,,Marina Stakusic,R,,CAN,19.9,233741,,,Maya Joint,R,,AUS,18.5,2-6 7-6(2) 7-6(2),3,R32,160.0,1.0,10.0,109.0,72.0,43.0,16.0,16.0,3.0,10.0,4.0,3.0,97.0,61.0,32.0,23.0,16.0,3.0,8.0,116.0,637.0,110.0,660.0,2024
2024-2085,Merida,Hard,32,I,2024-10-28,273,211411,,,Nina Stojanovic,R,176.0,SRB,28.2,213583,7.0,,Tatjana Maria,R,172.0,GER,37.2,6-4 6-4,3,R32,120.0,2.0,5.0,68.0,42.0,24.0,16.0,10.0,6.0,9.0,3.0,2.0,69.0,35.0,18.0,14.0,10.0,4.0,9.0,560.0,83.0,98.0,781.0,2024
2024-2085,Merida,Hard,32,I,2024-10-28,274,201548,3.0,,Ajla Tomljanovic,R,180.0,AUS,31.4,216097,,Q,Elizabeth Mandlik,R,,USA,23.4,7-6(9) 6-1,3,R32,100.0,0.0,12.0,77.0,52.0,38.0,6.0,10.0,4.0,7.0,1.0,1.0,80.0,46.0,29.0,11.0,9.0,6.0,11.0,85.0,835.0,177.0,403.0,2024
2024-1074,Hong Kong,Hard,32,I,2024-10-28,292,220367,3.0,,Leylah Fernandez,L,168.0,CAN,22.1,214040,,,Kimberly Birrell,R,170.0,AUS,26.4,6-1 6-2,3,R16,80.0,2.0,3.0,49.0,30.0,24.0,11.0,8.0,3.0,3.0,0.0,3.0,52.0,34.0,18.0,7.0,7.0,4.0,8.0,32.0,1672.0,115.0,646.0,2024
2024-1074,Hong Kong,Hard,32,I,2024-10-28,288,220435,,,Anastasia Zakharova,R,,RUS,22.7,219875,7.0,,Varvara Gracheva,R,,FRA,24.2,6-3 6-1,3,R16,61.0,0.0,0.0,40.0,23.0,19.0,13.0,8.0,0.0,0.0,2.0,5.0,45.0,29.0,18.0,5.0,8.0,1.0,5.0,113.0,653.0,66.0,949.0,2024
2024-2085,Merida,Hard,32,I,2024-10-28,296,252499,,,Alina Korneeva,U,,RUS,17.3,204427,,,Sara Sorribes Tormo,R,176.0,ESP,28.0,6-3 6-1,3,QF,93.0,0.0,4.0,76.0,39.0,25.0,18.0,8.0,10.0,12.0,0.0,0.0,43.0,31.0,14.0,1.0,8.0,0.0,6.0,254.0,280.0,103.0,690.0,2024
2024-2085,Merida,Hard,32,I,2024-10-28,298,215983,,,Ann Li,R,170.0,USA,24.3,221236,,,Polina Kudermetova,R,,RUS,21.4,6-3 4-6 6-2,3,SF,108.0,1.0,5.0,86.0,55.0,39.0,11.0,14.0,5.0,9.0,2.0,3.0,78.0,39.0,21.0,19.0,13.0,3.0,9.0,111.0,655.0,133.0,565.0,2024
2024-1077,Jiujiang,Hard,32,I,2024-10-28,295,201696,,,Laura Siegemund,R,168.0,GER,36.6,216566,,Q,Mananchaya Sawangkaew,R,,THA,22.3,6-4 6-2,3,QF,109.0,0.0,5.0,58.0,34.0,23.0,9.0,9.0,1.0,4.0,0.0,2.0,58.0,35.0,17.0,9.0,9.0,3.0,9.0,101.0,754.0,147.0,507.0,2024
2024-1077,Jiujiang,Hard,32,I,2024-10-28,296,203530,,,Viktorija Golubic,R,169.0,SUI,32.0,201551,6.0,,Arantxa Rus,L,180.0,NED,33.8,7-5 4-6 7-6(5),3,QF,204.0,0.0,2.0,154.0,122.0,70.0,15.0,17.0,18.0,23.0,4.0,5.0,114.0,72.0,40.0,25.0,17.0,5.0,10.0,168.0,441.0,83.0,847.0,2024
2024-1077,Jiujiang,Hard,32,I,2024-10-28,297,213631,1.0,,Marie Bouzkova,R,180.0,CZE,26.2,215872,5.0,,Kamilla Rakhimova,R,,RUS,23.1,6-2 6-2,3,QF,83.0,4.0,0.0,42.0,29.0,26.0,7.0,8.0,0.0,0.0,0.0,2.0,49.0,25.0,16.0,9.0,8.0,1.0,5.0,49.0,1110.0,63.0,990.0,2024
2024-1077,Jiujiang,Hard,32,I,2024-10-28,298,211685,2.0,,Rebecca Sramkova,R,,SVK,28.0,201696,,,Laura Siegemund,R,168.0,GER,36.6,7-6(4) 6-2,3,SF,132.0,3.0,2.0,95.0,56.0,33.0,22.0,10.0,13.0,16.0,0.0,4.0,73.0,47.0,23.0,13.0,10.0,1.0,6.0,53.0,1051.0,101.0,754.0,2024
2024-1077,Jiujiang,Hard,32,I,2024-10-28,299,203530,,,Viktorija Golubic,R,169.0,SUI,32.0,213631,1.0,,Marie Bouzkova,R,180.0,CZE,26.2,6-1 6-2,3,SF,77.0,0.0,2.0,43.0,31.0,16.0,6.0,7.0,1.0,4.0,0.0,4.0,52.0,33.0,13.0,4.0,8.0,6.0,14.0,168.0,441.0,49.0,1110.0,2024
2024-1077,Jiujiang,Hard,32,I,2024-10-28,300,203530,,,Viktorija Golubic,R,169.0,SUI,32.0,211685,2.0,,Rebecca Sramkova,R,,SVK,28.0,6-3 7-5,3,F,111.0,0.0,2.0,70.0,50.0,35.0,12.0,10.0,6.0,7.0,6.0,2.0,88.0,59.0,40.0,8.0,11.0,7.0,11.0,168.0,441.0,53.0,1051.0,2024
2024-1074,Hong Kong,Hard,32,I,2024-10-28,270,223670,1.0,,Diana Shnaider,L,,RUS,20.5,211107,2.0,,Katie Boulter,R,180.0,GBR,28.2,6-1 6-2,3,F,72.0,3.0,0.0,44.0,33.0,25.0,8.0,8.0,0.0,0.0,2.0,4.0,55.0,28.0,14.0,11.0,7.0,7.0,11.0,14.0,2726.0,29.0,1828.0,2024
2024-1074,Hong Kong,Hard,32,I,2024-10-28,271,211107,2.0,,Katie Boulter,R,180.0,GBR,28.2,256684,,,Aoi Ito,U,,JPN,20.4,6-4 6-4,3,R32,97.0,3.0,3.0,67.0,42.0,34.0,12.0,10.0,3.0,3.0,3.0,1.0,78.0,62.0,37.0,8.0,10.0,7.0,9.0,29.0,1828.0,156.0,487.0,2024
2024-1074,Hong Kong,Hard,32,I,2024-10-28,272,216016,,,Xiyu Wang,L,,CHN,23.5,222080,,Q,Hina Inoue,R,,USA,21.4,6-3 7-6(2),3,R32,104.0,1.0,2.0,63.0,40.0,33.0,12.0,10.0,3.0,4.0,6.0,3.0,74.0,43.0,28.0,13.0,11.0,5.0,8.0,100.0,774.0,253.0,287.0,2024
2024-1074,Hong Kong,Hard,32,I,2024-10-28,273,220435,,,Anastasia Zakharova,R,,RUS,22.7,204294,,LL,Su Jeong Jang,R,,KOR,29.6,7-5 6-4,3,R32,109.0,1.0,1.0,67.0,42.0,27.0,13.0,11.0,0.0,3.0,3.0,1.0,79.0,56.0,33.0,8.0,11.0,7.0,12.0,113.0,653.0,244.0,299.0,2024
2024-1074,Hong Kong,Hard,32,I,2024-10-28,274,219875,7.0,,Varvara Gracheva,R,,FRA,24.2,236955,,Q,Tatiana Prozorova,U,,RUS,21.0,2-6 7-5 6-2,3,R32,131.0,2.0,2.0,84.0,57.0,40.0,11.0,14.0,8.0,13.0,3.0,2.0,92.0,63.0,37.0,13.0,14.0,4.0,10.0,66.0,949.0,268.0,259.0,2024
2024-1074,Hong Kong,Hard,32,I,2024-10-28,275,211316,,,Jessika Ponchet,R,,FRA,28.0,216133,4.0,,Xin Yu Wang,R,182.0,CHN,23.0,4-6 7-5 6-2,3,R32,125.0,4.0,5.0,86.0,45.0,33.0,20.0,15.0,3.0,7.0,2.0,2.0,82.0,57.0,38.0,10.0,15.0,2.0,8.0,106.0,682.0,37.0,1418.0,2024
2024-1074,Hong Kong,Hard,32,I,2024-10-28,276,213550,,,Sofia Kenin,R,170.0,USA,25.9,215614,,Q,Mei Yamaguchi,U,152.0,JPN,25.3,6-4 6-4,3,R32,83.0,6.0,0.0,62.0,44.0,30.0,12.0,10.0,1.0,2.0,7.0,3.0,67.0,41.0,28.0,12.0,10.0,8.0,11.0,88.0,804.0,362.0,170.0,2024
2024-1074,Hong Kong,Hard,32,I,2024-10-28,277,211702,,,Nao Hibino,R,163.0,JPN,29.9,203288,,LL,Jia Jing Lu,R,173.0,CHN,34.9,6-7(4) 6-3 7-5,3,R32,157.0,2.0,3.0,124.0,85.0,52.0,24.0,17.0,7.0,10.0,6.0,7.0,99.0,67.0,46.0,11.0,16.0,1.0,6.0,159.0,468.0,259.0,270.0,2024
2024-1074,Hong Kong,Hard,32,I,2024-10-28,278,206294,6.0,,Yue Yuan,R,184.0,CHN,26.0,201594,,WC,Simona Halep,R,168.0,ROU,33.0,6-3 6-3,3,R32,82.0,0.0,0.0,54.0,37.0,27.0,9.0,9.0,1.0,2.0,2.0,1.0,62.0,38.0,22.0,11.0,9.0,7.0,11.0,45.0,1149.0,883.0,26.0,2024
2024-1074,Hong Kong,Hard,32,I,2024-10-28,279,211095,9.0,,Bernarda Pera,L,175.0,USA,29.9,260170,,,Sara Saito,R,,JPN,18.0,6-4 6-4,3,R32,93.0,9.0,4.0,80.0,50.0,37.0,13.0,10.0,5.0,6.0,0.0,3.0,60.0,49.0,33.0,4.0,10.0,5.0,8.0,81.0,872.0,161.0,468.0,2024
2024-1074,Hong Kong,Hard,32,I,2024-10-28,280,222559,,Q,Han Shi,R,,CHN,19.4,202506,,,Margarita Gasparyan,R,183.0,RUS,30.1,6-4 6-2,3,R32,85.0,1.0,2.0,56.0,36.0,27.0,9.0,9.0,2.0,3.0,0.0,4.0,62.0,44.0,27.0,7.0,9.0,9.0,13.0,245.0,297.0,,,2024
2024-1074,Hong Kong,Hard,32,I,2024-10-28,281,214040,,,Kimberly Birrell,R,170.0,AUS,26.4,202536,,,Ana Bogdan,R,171.0,ROU,31.9,6-3 6-4,3,R32,113.0,2.0,1.0,73.0,39.0,28.0,20.0,10.0,4.0,4.0,2.0,1.0,63.0,41.0,25.0,13.0,9.0,4.0,6.0,115.0,646.0,112.0,653.0,2024
2024-1074,Hong Kong,Hard,32,I,2024-10-28,282,220367,3.0,,Leylah Fernandez,L,168.0,CAN,22.1,201586,,,Heather Watson,R,170.0,GBR,32.4,6-2 6-2,3,R32,84.0,4.0,3.0,65.0,42.0,26.0,14.0,8.0,4.0,5.0,0.0,7.0,52.0,27.0,17.0,7.0,8.0,2.0,7.0,32.0,1672.0,139.0,545.0,2024
2024-1074,Hong Kong,Hard,32,I,2024-10-28,283,213710,8.0,,Cristina Bucsa,R,,ESP,26.8,216587,,WC,Hong Yi Cody Wong,U,,HKG,22.6,6-3 6-3,3,R32,88.0,1.0,2.0,60.0,41.0,27.0,11.0,9.0,5.0,7.0,1.0,4.0,65.0,38.0,22.0,10.0,9.0,3.0,8.0,71.0,912.0,412.0,151.0,2024
2024-1074,Hong Kong,Hard,32,I,2024-10-28,284,215480,,,Suzan Lamens,R,,NED,25.3,214386,,Q,Xinyu Gao,R,,CHN,26.9,6-3 6-0,3,R32,69.0,3.0,4.0,49.0,28.0,17.0,10.0,7.0,7.0,9.0,1.0,2.0,43.0,31.0,10.0,2.0,8.0,3.0,10.0,91.0,796.0,170.0,436.0,2024
2024-1074,Hong Kong,Hard,32,I,2024-10-28,285,211880,,,Priscilla Hon,R,171.0,AUS,26.4,211269,,WC,Eudice Wong Chong,U,,HKG,28.5,6-3 6-4,3,R32,88.0,7.0,2.0,55.0,35.0,29.0,11.0,10.0,0.0,1.0,0.0,1.0,65.0,42.0,21.0,14.0,9.0,3.0,6.0,210.0,347.0,409.0,152.0,2024
2024-1074,Hong Kong,Hard,32,I,2024-10-28,286,223670,1.0,,Diana Shnaider,L,,RUS,20.5,211846,,Q,Kyoka Okamura,R,,JPN,29.0,6-3 6-3,3,R32,77.0,3.0,1.0,49.0,32.0,26.0,10.0,9.0,0.0,0.0,2.0,0.0,59.0,40.0,24.0,10.0,9.0,4.0,7.0,14.0,2726.0,237.0,312.0,2024
2024-1077,Jiujiang,Hard,32,I,2024-10-28,294,211685,2.0,,Rebecca Sramkova,R,,SVK,28.0,203354,,,Martina Trevisan,L,160.0,ITA,30.9,6-3 3-6 6-2,3,QF,110.0,4.0,2.0,83.0,48.0,35.0,20.0,13.0,12.0,14.0,0.0,2.0,72.0,51.0,32.0,12.0,13.0,1.0,5.0,53.0,1051.0,136.0,558.0,2024
2024-2085,Merida,Hard,32,I,2024-10-28,297,220309,,,Zeynep Sonmez,R,,TUR,22.4,213887,1.0,,Renata Zarazua,R,,MEX,27.0,3-6 6-3 6-4,3,QF,160.0,2.0,7.0,104.0,66.0,42.0,19.0,14.0,9.0,13.0,1.0,2.0,94.0,71.0,41.0,13.0,14.0,6.0,11.0,127.0,576.0,62.0,991.0,2024
2024-1077,Jiujiang,Hard,32,I,2024-10-28,293,213631,1.0,,Marie Bouzkova,R,180.0,CZE,26.2,252587,,LL,Xinxin Yao,L,,CHN,21.0,6-3 6-3,3,R16,86.0,3.0,0.0,54.0,35.0,27.0,11.0,9.0,1.0,2.0,0.0,4.0,56.0,40.0,22.0,7.0,9.0,2.0,6.0,49.0,1110.0,294.0,217.0,2024
2024-1077,Jiujiang,Hard,32,I,2024-10-28,291,203530,,,Viktorija Golubic,R,169.0,SUI,32.0,222601,4.0,,Jessica Bouzas Maneiro,R,,ESP,22.0,6-2 0-0 RET,3,R16,44.0,0.0,3.0,22.0,13.0,8.0,4.0,4.0,2.0,4.0,0.0,1.0,29.0,22.0,9.0,1.0,4.0,3.0,7.0,168.0,441.0,56.0,1031.0,2024
2024-2085,Merida,Hard,32,I,2024-10-28,299,220309,,,Zeynep Sonmez,R,,TUR,22.4,252499,,,Alina Korneeva,U,,RUS,17.3,7-6(5) 6-2,3,SF,101.0,1.0,4.0,67.0,41.0,28.0,15.0,10.0,1.0,3.0,6.0,9.0,80.0,37.0,24.0,20.0,10.0,6.0,10.0,127.0,576.0,254.0,280.0,2024
2024-2085,Merida,Hard,32,I,2024-10-28,300,220309,,,Zeynep Sonmez,R,,TUR,22.4,215983,,,Ann Li,R,170.0,USA,24.3,6-2 6-1,3,F,70.0,1.0,5.0,48.0,34.0,24.0,7.0,7.0,3.0,4.0,3.0,1.0,61.0,40.0,17.0,9.0,8.0,4.0,10.0,127.0,576.0,111.0,655.0,2024
2024-1077,Jiujiang,Hard,32,I,2024-10-28,270,211685,2.0,,Rebecca Sramkova,R,,SVK,28.0,201533,,WC,Shuai Zhang,R,177.0,CHN,35.7,6-1 6-1,3,R32,48.0,9.0,1.0,39.0,25.0,19.0,10.0,7.0,1.0,1.0,1.0,6.0,46.0,29.0,15.0,4.0,7.0,2.0,7.0,53.0,1051.0,223.0,327.0,2024
2024-1077,Jiujiang,Hard,32,I,2024-10-28,271,221096,,,Sijia Wei,R,,CHN,20.8,215988,,,Mai Hontama,R,,JPN,25.1,6-2 3-6 6-1,3,R32,122.0,2.0,5.0,91.0,54.0,33.0,14.0,12.0,11.0,16.0,1.0,8.0,93.0,63.0,31.0,12.0,12.0,11.0,19.0,132.0,565.0,140.0,540.0,2024
2024-1077,Jiujiang,Hard,32,I,2024-10-28,272,203354,,,Martina Trevisan,L,160.0,ITA,30.9,213821,,WC,Wushuang Zheng,U,,CHN,25.9,6-1 6-2,3,R32,87.0,2.0,2.0,55.0,37.0,27.0,10.0,8.0,3.0,3.0,0.0,3.0,63.0,36.0,21.0,10.0,7.0,4.0,8.0,136.0,558.0,352.0,178.0,2024
2024-1077,Jiujiang,Hard,32,I,2024-10-28,273,214388,,,Anna Bondar,R,,HUN,27.4,215996,,,Arianne Hartono,R,,NED,28.5,6-2 2-6 7-6(3),3,R32,142.0,5.0,4.0,103.0,54.0,38.0,23.0,14.0,10.0,14.0,1.0,3.0,110.0,66.0,43.0,20.0,14.0,9.0,13.0,97.0,783.0,146.0,515.0,2024
2024-1077,Jiujiang,Hard,32,I,2024-10-28,274,201696,,,Laura Siegemund,R,168.0,GER,36.6,220416,3.0,,Moyuka Uchijima,R,171.0,JPN,23.2,7-5 6-3,3,R32,104.0,1.0,4.0,78.0,55.0,32.0,12.0,11.0,9.0,12.0,0.0,7.0,61.0,33.0,20.0,12.0,10.0,3.0,8.0,101.0,754.0,55.0,1040.0,2024
2024-1077,Jiujiang,Hard,32,I,2024-10-28,275,211337,,,Tamara Korpatsch,R,170.0,GER,29.4,221187,,Q,Priska Madelyn Nugroho,R,,INA,21.4,6-0 6-1,3,R32,65.0,1.0,2.0,33.0,14.0,11.0,13.0,6.0,1.0,2.0,0.0,2.0,47.0,26.0,12.0,3.0,7.0,4.0,11.0,200.0,359.0,535.0,90.0,2024
2024-1077,Jiujiang,Hard,32,I,2024-10-28,276,202453,,WC,Saisai Zheng,R,170.0,CHN,30.7,213544,,,Jana Fett,R,168.0,CRO,27.9,6-4 2-6 6-4,3,R32,145.0,2.0,3.0,91.0,68.0,40.0,12.0,14.0,6.0,11.0,2.0,12.0,81.0,41.0,29.0,18.0,14.0,3.0,8.0,988.0,19.0,105.0,685.0,2024
2024-1077,Jiujiang,Hard,32,I,2024-10-28,277,216566,,Q,Mananchaya Sawangkaew,R,,THA,22.3,214459,7.0,,Lucia Bronzetti,R,,ITA,25.8,6-4 4-6 6-2,3,R32,139.0,3.0,6.0,93.0,45.0,33.0,15.0,14.0,6.0,12.0,3.0,3.0,106.0,64.0,32.0,18.0,14.0,8.0,16.0,147.0,507.0,77.0,887.0,2024
2024-1077,Jiujiang,Hard,32,I,2024-10-28,278,201551,6.0,,Arantxa Rus,L,180.0,NED,33.8,263857,,,Yuliia Starodubtseva,R,,UKR,24.6,6-4 6-7(2) 6-3,3,R32,160.0,7.0,4.0,91.0,61.0,40.0,12.0,15.0,3.0,7.0,0.0,3.0,97.0,56.0,32.0,21.0,16.0,8.0,15.0,83.0,847.0,92.0,793.0,2024
2024-1074,Hong Kong,Hard,32,I,2024-10-28,289,213550,,,Sofia Kenin,R,170.0,USA,25.9,211316,,,Jessika Ponchet,R,,FRA,28.0,7-5 6-4,3,R16,77.0,1.0,3.0,58.0,44.0,38.0,4.0,11.0,1.0,2.0,12.0,3.0,64.0,35.0,28.0,12.0,11.0,2.0,5.0,88.0,804.0,106.0,682.0,2024
2024-1077,Jiujiang,Hard,32,I,2024-10-28,280,203530,,,Viktorija Golubic,R,169.0,SUI,32.0,214646,,Q,Xiaodi You,U,,CHN,28.4,7-5 6-2,3,R32,99.0,0.0,2.0,55.0,40.0,27.0,8.0,10.0,2.0,5.0,4.0,2.0,70.0,40.0,19.0,12.0,10.0,5.0,11.0,168.0,441.0,306.0,207.0,2024
2024-1077,Jiujiang,Hard,32,I,2024-10-28,281,222601,4.0,,Jessica Bouzas Maneiro,R,,ESP,22.0,201610,,,Zarina Diyas,R,172.0,KAZ,31.0,6-4 6-2,3,R32,94.0,1.0,2.0,65.0,45.0,26.0,11.0,9.0,5.0,8.0,0.0,2.0,74.0,57.0,29.0,5.0,9.0,5.0,11.0,56.0,1031.0,388.0,158.0,2024
2024-1077,Jiujiang,Hard,32,I,2024-10-28,282,215872,5.0,,Kamilla Rakhimova,R,,RUS,23.1,201549,,,Petra Martic,R,181.0,CRO,33.7,6-1 4-6 7-5,3,R32,147.0,1.0,0.0,95.0,61.0,35.0,22.0,15.0,4.0,9.0,5.0,3.0,95.0,63.0,32.0,15.0,14.0,5.0,12.0,63.0,990.0,124.0,597.0,2024
2024-1077,Jiujiang,Hard,32,I,2024-10-28,283,239389,,,Elena Pridankina,R,,RUS,19.1,230870,,,Ella Seidel,R,,GER,19.7,6-3 7-6(6),3,R32,110.0,6.0,9.0,80.0,54.0,36.0,12.0,10.0,5.0,7.0,2.0,3.0,82.0,47.0,25.0,19.0,11.0,1.0,5.0,179.0,397.0,120.0,621.0,2024
2024-1077,Jiujiang,Hard,32,I,2024-10-28,284,252587,,LL,Xinxin Yao,L,,CHN,21.0,203578,,Q,Fangzhou Liu,R,180.0,CHN,28.8,6-2 6-1,3,R32,78.0,2.0,0.0,53.0,34.0,24.0,9.0,7.0,4.0,5.0,0.0,1.0,71.0,44.0,23.0,7.0,8.0,16.0,22.0,294.0,217.0,367.0,168.0,2024
2024-1077,Jiujiang,Hard,32,I,2024-10-28,285,213631,1.0,,Marie Bouzkova,R,180.0,CZE,26.2,223253,,,Alexandra Eala,L,173.0,PHI,19.4,7-5 7-6(4),3,R32,140.0,4.0,3.0,87.0,57.0,41.0,8.0,12.0,3.0,7.0,0.0,5.0,77.0,56.0,34.0,6.0,12.0,2.0,7.0,49.0,1110.0,150.0,501.0,2024
2024-1077,Jiujiang,Hard,32,I,2024-10-28,286,211685,2.0,,Rebecca Sramkova,R,,SVK,28.0,221096,,,Sijia Wei,R,,CHN,20.8,7-5 6-3,3,R16,100.0,3.0,3.0,58.0,33.0,23.0,10.0,10.0,2.0,5.0,0.0,7.0,79.0,38.0,22.0,15.0,11.0,7.0,13.0,53.0,1051.0,132.0,565.0,2024
2024-1077,Jiujiang,Hard,32,I,2024-10-28,287,203354,,,Martina Trevisan,L,160.0,ITA,30.9,214388,,,Anna Bondar,R,,HUN,27.4,7-6(4) 6-2,3,R16,111.0,0.0,3.0,68.0,42.0,29.0,16.0,10.0,3.0,4.0,4.0,5.0,76.0,52.0,33.0,8.0,10.0,4.0,7.0,136.0,558.0,97.0,783.0,2024
2024-1077,Jiujiang,Hard,32,I,2024-10-28,288,201696,,,Laura Siegemund,R,168.0,GER,36.6,211337,,,Tamara Korpatsch,R,170.0,GER,29.4,6-4 6-4,3,R16,115.0,0.0,1.0,68.0,58.0,34.0,5.0,10.0,6.0,9.0,2.0,6.0,63.0,33.0,21.0,10.0,10.0,3.0,8.0,101.0,754.0,200.0,359.0,2024
2024-1077,Jiujiang,Hard,32,I,2024-10-28,289,216566,,Q,Mananchaya Sawangkaew,R,,THA,22.3,202453,,WC,Saisai Zheng,R,170.0,CHN,30.7,4-6 6-1 7-6(6),3,R16,179.0,0.0,4.0,99.0,60.0,38.0,18.0,14.0,6.0,11.0,0.0,6.0,109.0,74.0,41.0,16.0,15.0,6.0,13.0,147.0,507.0,988.0,19.0,2024
2024-1077,Jiujiang,Hard,32,I,2024-10-28,290,201551,6.0,,Arantxa Rus,L,180.0,NED,33.8,222258,,,Linda Fruhvirtova,R,,CZE,19.4,6-4 7-6(4),3,R16,139.0,1.0,6.0,92.0,66.0,42.0,10.0,11.0,3.0,6.0,1.0,4.0,84.0,49.0,30.0,15.0,11.0,7.0,11.0,83.0,847.0,209.0,347.0,2024
2024-1077,Jiujiang,Hard,32,I,2024-10-28,292,215872,5.0,,Kamilla Rakhimova,R,,RUS,23.1,239389,,,Elena Pridankina,R,,RUS,19.1,4-6 6-4 7-5,3,R16,167.0,2.0,2.0,105.0,74.0,39.0,18.0,16.0,4.0,11.0,3.0,10.0,126.0,79.0,48.0,13.0,16.0,9.0,17.0,63.0,990.0,179.0,397.0,2024
2024-1077,Jiujiang,Hard,32,I,2024-10-28,279,222258,,,Linda Fruhvirtova,R,,CZE,19.4,210303,,,Kathinka Von Deichmann,R,176.0,LIE,30.4,6-0 7-5,3,R32,78.0,1.0,4.0,50.0,28.0,24.0,12.0,9.0,1.0,2.0,2.0,3.0,59.0,44.0,24.0,4.0,9.0,6.0,11.0,209.0,347.0,171.0,425.0,2024
2024-808,Riyadh Finals,Hard,8,F,2024-11-04,292,216347,2.0,,Iga Swiatek,R,176.0,POL,23.4,206252,8.0,,Barbora Krejcikova,R,178.0,CZE,28.8,4-6 7-5 6-2,3,RR,153.0,10.0,5.0,92.0,56.0,39.0,18.0,15.0,5.0,9.0,3.0,6.0,96.0,56.0,35.0,18.0,15.0,11.0,17.0,2.0,7970.0,13.0,2814.0,2024
2024-808,Riyadh Finals,Hard,8,F,2024-11-04,287,221103,3.0,,Coco Gauff,R,175.0,USA,20.6,214544,1.0,,Aryna Sabalenka,R,182.0,BLR,26.5,7-6(4) 6-3,3,SF,109.0,3.0,2.0,75.0,48.0,28.0,13.0,10.0,9.0,13.0,0.0,3.0,73.0,50.0,22.0,11.0,11.0,5.0,11.0,3.0,5230.0,1.0,9016.0,2024
2024-808,Riyadh Finals,Hard,8,F,2024-11-04,289,206252,8.0,,Barbora Krejcikova,R,178.0,CZE,28.8,202468,6.0,,Jessica Pegula,R,170.0,USA,30.6,6-3 6-3,3,RR,69.0,11.0,5.0,66.0,44.0,33.0,9.0,9.0,2.0,3.0,1.0,6.0,48.0,27.0,19.0,7.0,9.0,2.0,6.0,13.0,2814.0,6.0,4705.0,2024
2024-808,Riyadh Finals,Hard,8,F,2024-11-04,290,206252,8.0,,Barbora Krejcikova,R,178.0,CZE,28.8,221103,3.0,,Coco Gauff,R,175.0,USA,20.6,7-5 6-4,3,RR,102.0,4.0,0.0,81.0,50.0,32.0,20.0,11.0,11.0,12.0,10.0,4.0,66.0,40.0,27.0,12.0,11.0,1.0,4.0,13.0,2814.0,3.0,5230.0,2024
2024-808,Riyadh Finals,Hard,8,F,2024-11-04,291,221103,3.0,,Coco Gauff,R,175.0,USA,20.6,202468,6.0,,Jessica Pegula,R,170.0,USA,30.6,6-3 6-2,3,RR,75.0,2.0,2.0,59.0,33.0,22.0,13.0,9.0,1.0,3.0,0.0,1.0,54.0,31.0,15.0,11.0,8.0,3.0,8.0,3.0,5230.0,6.0,4705.0,2024
2024-808,Riyadh Finals,Hard,8,F,2024-11-04,293,216347,2.0,,Iga Swiatek,R,176.0,POL,23.4,214082,,ALT,Daria Kasatkina,R,170.0,RUS,27.4,6-1 6-0,3,RR,51.0,1.0,1.0,39.0,25.0,19.0,9.0,7.0,0.0,0.0,0.0,3.0,35.0,16.0,5.0,7.0,6.0,1.0,6.0,2.0,7970.0,9.0,3368.0,2024
2024-808,Riyadh Finals,Hard,8,F,2024-11-04,294,221103,3.0,,Coco Gauff,R,175.0,USA,20.6,216347,2.0,,Iga Swiatek,R,176.0,POL,23.4,6-3 6-4,3,RR,108.0,2.0,11.0,71.0,43.0,29.0,12.0,9.0,6.0,8.0,1.0,2.0,72.0,48.0,24.0,10.0,10.0,7.0,12.0,3.0,5230.0,2.0,7970.0,2024
2024-808,Riyadh Finals,Hard,8,F,2024-11-04,295,221012,7.0,,Qinwen Zheng,R,,CHN,22.0,214981,5.0,,Elena Rybakina,R,184.0,KAZ,25.3,7-6(4) 3-6 6-1,3,RR,144.0,6.0,5.0,88.0,50.0,40.0,18.0,14.0,3.0,6.0,8.0,1.0,99.0,55.0,36.0,25.0,14.0,9.0,13.0,7.0,4540.0,5.0,4971.0,2024
2024-808,Riyadh Finals,Hard,8,F,2024-11-04,296,221012,7.0,,Qinwen Zheng,R,,CHN,22.0,211148,4.0,,Jasmine Paolini,R,160.0,ITA,28.8,6-1 6-1,3,RR,67.0,12.0,0.0,47.0,30.0,23.0,9.0,7.0,2.0,2.0,0.0,1.0,49.0,28.0,14.0,8.0,7.0,3.0,8.0,7.0,4540.0,4.0,5144.0,2024
2024-808,Riyadh Finals,Hard,8,F,2024-11-04,297,211148,4.0,,Jasmine Paolini,R,160.0,ITA,28.8,214981,5.0,,Elena Rybakina,R,184.0,KAZ,25.3,7-6(5) 6-4,3,RR,104.0,2.0,2.0,86.0,50.0,35.0,20.0,11.0,4.0,5.0,8.0,1.0,70.0,35.0,24.0,20.0,11.0,3.0,5.0,4.0,5144.0,5.0,4971.0,2024
2024-808,Riyadh Finals,Hard,8,F,2024-11-04,298,214544,1.0,,Aryna Sabalenka,R,182.0,BLR,26.5,221012,7.0,,Qinwen Zheng,R,,CHN,22.0,6-3 6-4,3,RR,84.0,3.0,1.0,54.0,33.0,31.0,10.0,10.0,1.0,1.0,8.0,4.0,55.0,28.0,23.0,13.0,9.0,2.0,4.0,1.0,9016.0,7.0,4540.0,2024
2024-808,Riyadh Finals,Hard,8,F,2024-11-04,299,214981,5.0,,Elena Rybakina,R,184.0,KAZ,25.3,214544,1.0,,Aryna Sabalenka,R,182.0,BLR,26.5,6-4 3-6 6-1,3,RR,101.0,6.0,4.0,71.0,42.0,35.0,14.0,13.0,4.0,7.0,4.0,4.0,75.0,48.0,32.0,10.0,13.0,2.0,7.0,5.0,4971.0,1.0,9016.0,2024
2024-808,Riyadh Finals,Hard,8,F,2024-11-04,300,214544,1.0,,Aryna Sabalenka,R,182.0,BLR,26.5,211148,4.0,,Jasmine Paolini,R,160.0,ITA,28.8,6-3 7-5,3,RR,90.0,5.0,6.0,68.0,44.0,32.0,10.0,11.0,3.0,6.0,0.0,3.0,63.0,39.0,23.0,9.0,10.0,4.0,9.0,1.0,9016.0,4.0,5144.0,2024
2024-808,Riyadh Finals,Hard,8,F,2024-11-04,286,221103,3.0,,Coco Gauff,R,175.0,USA,20.6,221012,7.0,,Qinwen Zheng,R,,CHN,22.0,3-6 6-4 7-6(2),3,F,187.0,5.0,4.0,108.0,69.0,48.0,14.0,15.0,7.0,12.0,4.0,1.0,118.0,72.0,45.0,18.0,16.0,9.0,14.0,3.0,5230.0,7.0,4540.0,2024
2024-808,Riyadh Finals,Hard,8,F,2024-11-04,288,221012,7.0,,Qinwen Zheng,R,,CHN,22.0,206252,8.0,,Barbora Krejcikova,R,178.0,CZE,28.8,6-3 7-5,3,SF,100.0,9.0,4.0,71.0,40.0,31.0,15.0,11.0,2.0,4.0,1.0,4.0,64.0,40.0,25.0,10.0,10.0,3.0,7.0,7.0,4540.0,13.0,2814.0,2024
2024-W-FC-2024-FLS,BJK Cup Finals,Hard,12,D,2024-11-13,120,211685,,,Rebecca Sramkova,R,,SVK,28.0,211107,,,Katie Boulter,R,180.0,GBR,28.2,2-6 6-4 6-4,3,SF,,,,,,,,,,,,,,,,,,,,43.0,1205.0,24.0,1931.0,2024
2024-W-FC-2024-FLS,BJK Cup Finals,Hard,12,D,2024-11-13,117,214459,,,Lucia Bronzetti,R,,ITA,25.9,202663,,,Magda Linette,R,171.0,POL,32.7,6-4 7-6(3),3,SF,,,,,,,,,,,,,,,,,,,,78.0,887.0,38.0,1376.0,2024
2024-W-FC-2024-FLS,BJK Cup Finals,Hard,12,D,2024-11-13,116,211107,,,Katie Boulter,R,180.0,GBR,28.2,220367,,,Leylah Fernandez,L,168.0,CAN,22.1,6-2 6-4,3,QF,,,,,,,,,,,,,,,,,,,,24.0,1931.0,31.0,1755.0,2024
2024-W-FC-2024-FLS,BJK Cup Finals,Hard,12,D,2024-11-13,115,221054,,,Emma Raducanu,R,175.0,GBR,22.0,201606,,,Rebecca Marino,R,183.0,CAN,33.9,6-0 7-5,3,QF,,,,,,,,,,,,,,,,,,,,58.0,1025.0,103.0,756.0,2024
2024-W-FC-2024-FLS,BJK Cup Finals,Hard,12,D,2024-11-13,114,211685,,,Rebecca Sramkova,R,,SVK,28.0,201548,,,Ajla Tomljanovic,R,180.0,AUS,31.5,6-1 6-2,3,QF,,,,,,,,,,,,,,,,,,,,43.0,1205.0,85.0,850.0,2024
2024-W-FC-2024-FLS,BJK Cup Finals,Hard,12,D,2024-11-13,113,214149,,,Viktoria Hruncakova,R,,SVK,26.5,214040,,,Kimberly Birrell,R,170.0,AUS,26.5,7-5 6-7(4) 6-3,3,QF,,,,,,,,,,,,,,,,,,,,241.0,301.0,115.0,661.0,2024
2024-W-FC-2024-FLS,BJK Cup Finals,Hard,12,D,2024-11-13,112,216347,,,Iga Swiatek,R,176.0,POL,23.4,222328,,,Linda Noskova,R,,CZE,19.9,7-6(4) 4-6 7-5,3,QF,161.0,5.0,2.0,99.0,63.0,49.0,15.0,17.0,2.0,6.0,10.0,6.0,106.0,63.0,44.0,23.0,17.0,4.0,8.0,2.0,8370.0,26.0,1913.0,2024
2024-W-FC-2024-FLS,BJK Cup Finals,Hard,12,D,2024-11-13,111,213631,,,Marie Bouzkova,R,180.0,CZE,26.3,211684,,,Magdalena Frech,R,171.0,POL,26.9,6-1 4-6 6-4,3,QF,,,,,,,,,,,,,,,,,,,,45.0,1178.0,25.0,1928.0,2024
2024-W-FC-2024-FLS,BJK Cup Finals,Hard,12,D,2024-11-13,110,211148,,,Jasmine Paolini,R,160.0,ITA,28.8,220416,,,Moyuka Uchijima,R,171.0,JPN,23.2,6-3 6-4,3,QF,76.0,3.0,2.0,50.0,31.0,24.0,11.0,10.0,0.0,2.0,3.0,6.0,64.0,35.0,22.0,12.0,9.0,4.0,8.0,4.0,5344.0,56.0,1040.0,2024
2024-W-FC-2024-FLS,BJK Cup Finals,Hard,12,D,2024-11-13,109,214262,,,Ena Shibahara,R,170.0,JPN,26.7,220714,,,Elisabetta Cocciaretto,R,,ITA,23.8,3-6 6-4 6-4,3,QF,,,,,,,,,,,,,,,,,,,,135.0,552.0,54.0,1048.0,2024
2024-W-FC-2024-FLS,BJK Cup Finals,Hard,12,D,2024-11-13,108,211107,,,Katie Boulter,R,180.0,GBR,28.2,201696,,,Laura Siegemund,R,168.0,GER,36.6,6-1 6-2,3,R16,,,,,,,,,,,,,,,,,,,,24.0,1931.0,84.0,851.0,2024
2024-W-FC-2024-FLS,BJK Cup Finals,Hard,12,D,2024-11-13,107,221054,,,Emma Raducanu,R,175.0,GBR,22.0,215898,,,Jule Niemeier,R,178.0,GER,25.2,6-4 6-4,3,R16,,,,,,,,,,,,,,,,,,,,58.0,1025.0,92.0,816.0,2024
2024-W-FC-2024-FLS,BJK Cup Finals,Hard,12,D,2024-11-13,121,214459,,,Lucia Bronzetti,R,,ITA,25.9,214149,,,Viktoria Hruncakova,R,,SVK,26.5,6-2 6-4,3,F,83.0,3.0,0.0,46.0,28.0,16.0,11.0,9.0,3.0,6.0,5.0,4.0,59.0,32.0,13.0,15.0,9.0,3.0,9.0,78.0,887.0,241.0,301.0,2024
2024-W-FC-2024-FLS,BJK Cup Finals,Hard,12,D,2024-11-13,101,202536,,,Ana Bogdan,R,171.0,ROU,31.9,211702,,,Nao Hibino,R,163.0,JPN,29.9,6-2 6-4,3,R16,,,,,,,,,,,,,,,,,,,,116.0,653.0,152.0,496.0,2024
2024-W-FC-2024-FLS,BJK Cup Finals,Hard,12,D,2024-11-13,102,214262,,,Ena Shibahara,R,170.0,JPN,26.7,211713,,,Jaqueline Cristian,R,180.0,ROU,26.4,6-4 7-6(2),3,R16,,,,,,,,,,,,,,,,,,,,135.0,552.0,73.0,902.0,2024
2024-W-FC-2024-FLS,BJK Cup Finals,Hard,12,D,2024-11-13,106,216347,,,Iga Swiatek,R,176.0,POL,23.4,211651,,,Paula Badosa,R,180.0,ESP,26.9,6-3 6-7(5) 6-1,3,R16,158.0,3.0,3.0,91.0,63.0,41.0,11.0,13.0,4.0,7.0,3.0,5.0,102.0,54.0,32.0,20.0,15.0,4.0,12.0,2.0,8370.0,12.0,2908.0,2024
2024-W-FC-2024-FLS,BJK Cup Finals,Hard,12,D,2024-11-13,105,202663,,,Magda Linette,R,171.0,POL,32.7,204427,,,Sara Sorribes Tormo,R,176.0,ESP,28.0,7-6(6) 2-6 6-4,3,R16,,,,,,,,,,,,,,,,,,,,38.0,1376.0,106.0,714.0,2024
2024-W-FC-2024-FLS,BJK Cup Finals,Hard,12,D,2024-11-13,103,203501,,,Taylor Townsend,L,170.0,USA,28.5,260761,,,Renata Jamrichova,U,,SVK,17.4,7-5 6-4,3,R16,,,,,,,,,,,,,,,,,,,,69.0,916.0,375.0,164.0,2024
2024-W-FC-2024-FLS,BJK Cup Finals,Hard,12,D,2024-11-13,104,211685,,,Rebecca Sramkova,R,,SVK,28.0,203389,,,Danielle Collins,R,178.0,USA,30.9,6-2 7-5,3,R16,,,,,,,,,,,,,,,,,,,,43.0,1205.0,11.0,3178.0,2024
2024-W-FC-2024-FLS,BJK Cup Finals,Hard,12,D,2024-11-13,122,211148,,,Jasmine Paolini,R,160.0,ITA,28.8,211685,,,Rebecca Sramkova,R,,SVK,28.0,6-2 6-1,3,F,66.0,1.0,1.0,49.0,31.0,22.0,9.0,8.0,1.0,2.0,3.0,3.0,44.0,29.0,14.0,4.0,7.0,5.0,10.0,4.0,5344.0,43.0,1205.0,2024
2024-W-FC-2024-FLS,BJK Cup Finals,Hard,12,D,2024-11-13,118,216347,,,Iga Swiatek,R,176.0,POL,23.4,211148,,,Jasmine Paolini,R,160.0,ITA,28.8,3-6 6-4 6-4,3,SF,158.0,8.0,6.0,109.0,72.0,48.0,17.0,14.0,13.0,16.0,4.0,2.0,101.0,62.0,42.0,19.0,15.0,6.0,10.0,2.0,8370.0,4.0,5344.0,2024
2024-W-FC-2024-FLS,BJK Cup Finals,Hard,12,D,2024-11-13,119,221054,,,Emma Raducanu,R,175.0,GBR,22.0,214149,,,Viktoria Hruncakova,R,,SVK,26.5,6-4 6-4,3,SF,,,,,,,,,,,,,,,,,,,,58.0,1025.0,241.0,301.0,2024
2024-W-FC-2024-POS,BJK Cup Playoffs,,16,D,2024-11-15,203,220704,,,Clara Tauson,R,182.0,DEN,21.9,205892,,,Giuliana Olmos,R,170.0,MEX,31.7,6-4 6-2,3,RR,,,,,,,,,,,,,,,,,,,,52.0,1097.0,,,2024
2024-W-FC-2024-POS,BJK Cup Playoffs,,16,D,2024-11-15,228,221257,,,Sinja Kraus,R,,AUT,22.5,201615,,,Lesia Tsurenko,R,174.0,UKR,35.4,6-1 6-1,3,RR,,,,,,,,,,,,,,,,,,,,222.0,327.0,118.0,648.0,2024
2024-W-FC-2024-POS,BJK Cup Playoffs,,16,D,2024-11-15,227,215785,,,Camila Osorio,R,162.0,COL,22.8,219875,,,Varvara Gracheva,R,,FRA,24.2,6-2 7-5,3,RR,,,,,,,,,,,,,,,,,,,,63.0,989.0,66.0,949.0,2024
2024-W-FC-2024-POS,BJK Cup Playoffs,,16,D,2024-11-15,226,201709,,,Yulia Putintseva,R,163.0,KAZ,29.8,220454,,,Yeon Woo Ku,U,,KOR,21.6,6-4 7-5,3,RR,,,,,,,,,,,,,,,,,,,,29.0,1844.0,418.0,141.0,2024
2024-W-FC-2024-POS,BJK Cup Playoffs,,16,D,2024-11-15,225,243420,,,Hanne Vandewinkel,U,,BEL,20.4,221096,,,Sijia Wei,R,,CHN,20.9,6-3 6-3,3,RR,,,,,,,,,,,,,,,,,,,,225.0,325.0,131.0,565.0,2024
2024-W-FC-2024-POS,BJK Cup Playoffs,,16,D,2024-11-15,224,223321,,,Sofia Costoulas,U,,BEL,19.6,216016,,,Xiyu Wang,L,,CHN,23.6,7-5 7-5,3,RR,,,,,,,,,,,,,,,,,,,,290.0,224.0,102.0,774.0,2024
2024-W-FC-2024-POS,BJK Cup Playoffs,,16,D,2024-11-15,223,221257,,,Sinja Kraus,R,,AUT,22.5,215290,,,Katarina Zavatska,R,173.0,UKR,24.7,6-3 5-7 7-5,3,RR,,,,,,,,,,,,,,,,,,,,222.0,327.0,229.0,315.0,2024
2024-W-FC-2024-POS,BJK Cup Playoffs,,16,D,2024-11-15,222,220446,,,Jazmin Ortenzi,R,,ARG,22.9,206007,,,Laura Pigossi,R,164.0,BRA,30.2,6-2 6-1,3,RR,,,,,,,,,,,,,,,,,,,,274.0,247.0,129.0,583.0,2024
2024-W-FC-2024-POS,BJK Cup Playoffs,,16,D,2024-11-15,221,215785,,,Camila Osorio,R,162.0,COL,22.8,216262,,,Clara Burel,R,176.0,FRA,23.6,6-4 7-5,3,RR,,,,,,,,,,,,,,,,,,,,63.0,989.0,74.0,900.0,2024
2024-W-FC-2024-POS,BJK Cup Playoffs,,16,D,2024-11-15,220,201615,,,Lesia Tsurenko,R,174.0,UKR,35.4,201481,,,Tamira Paszek,R,165.0,AUT,33.9,6-3 7-5,3,RR,,,,,,,,,,,,,,,,,,,,118.0,648.0,366.0,169.0,2024
2024-W-FC-2024-POS,BJK Cup Playoffs,,16,D,2024-11-15,219,206242,,,Beatriz Haddad Maia,L,185.0,BRA,28.4,221333,,,Solana Sierra,R,,ARG,20.4,1-6 6-4 6-1,3,RR,,,,,,,,,,,,,,,,,,,,17.0,2554.0,154.0,491.0,2024
2024-W-FC-2024-POS,BJK Cup Playoffs,,16,D,2024-11-15,218,220348,,,Diane Parry,R,170.0,FRA,22.2,215306,,,Emiliana Arango,R,,COL,23.9,6-2 6-4,3,RR,,,,,,,,,,,,,,,,,,,,50.0,1112.0,180.0,394.0,2024
2024-W-FC-2024-POS,BJK Cup Playoffs,,16,D,2024-11-15,217,260672,,,Johanne Christine Svendsen,R,,DEN,20.5,205892,,,Giuliana Olmos,R,170.0,MEX,31.7,6-4 7-5,3,RR,,,,,,,,,,,,,,,,,,,,,,,,2024
2024-W-FC-2024-POS,BJK Cup Playoffs,,16,D,2024-11-15,216,203530,,,Viktorija Golubic,R,169.0,SUI,32.0,236957,,,Lola Radivojevic,U,,SRB,19.8,6-0 6-0,3,RR,,,,,,,,,,,,,,,,,,,,108.0,690.0,181.0,391.0,2024
2024-W-FC-2024-POS,BJK Cup Playoffs,,16,D,2024-11-15,201,202505,,,Belinda Bencic,R,175.0,SUI,27.6,236957,,,Lola Radivojevic,U,,SRB,19.8,6-2 6-2,3,RR,,,,,,,,,,,,,,,,,,,,913.0,25.0,181.0,391.0,2024
2024-W-FC-2024-POS,BJK Cup Playoffs,,16,D,2024-11-15,214,216016,,,Xiyu Wang,L,,CHN,23.6,243420,,,Hanne Vandewinkel,U,,BEL,20.4,6-3 6-2,3,RR,,,,,,,,,,,,,,,,,,,,102.0,774.0,225.0,325.0,2024
2024-W-FC-2024-POS,BJK Cup Playoffs,,16,D,2024-11-15,213,214981,,,Elena Rybakina,R,184.0,KAZ,25.4,216213,,,Sohyun Park,U,,KOR,22.3,6-2 6-2,3,RR,68.0,3.0,2.0,48.0,31.0,22.0,12.0,8.0,1.0,2.0,2.0,1.0,56.0,39.0,20.0,6.0,8.0,6.0,11.0,6.0,5171.0,355.0,177.0,2024
2024-W-FC-2024-POS,BJK Cup Playoffs,,16,D,2024-11-15,212,220662,,,Veronika Erjavec,R,,SLO,24.8,201551,,,Arantxa Rus,L,180.0,NED,33.9,7-5 6-2,3,RR,,,,,,,,,,,,,,,,,,,,171.0,432.0,81.0,871.0,2024
2024-W-FC-2024-POS,BJK Cup Playoffs,,16,D,2024-11-15,211,213887,,,Renata Zarazua,R,,MEX,27.1,220704,,,Clara Tauson,R,182.0,DEN,21.9,7-6(3) 3-6 7-5,3,RR,,,,,,,,,,,,,,,,,,,,60.0,995.0,52.0,1097.0,2024
2024-W-FC-2024-POS,BJK Cup Playoffs,,16,D,2024-11-15,210,221096,,,Sijia Wei,R,,CHN,20.9,211260,,,Marie Benoit,L,,BEL,29.6,6-3 7-6(4),3,RR,,,,,,,,,,,,,,,,,,,,131.0,565.0,208.0,346.0,2024
2024-W-FC-2024-POS,BJK Cup Playoffs,,16,D,2024-11-15,209,201610,,,Zarina Diyas,R,172.0,KAZ,31.0,220432,,,Dayeon Back,U,,KOR,22.8,3-6 6-3 7-6(0),3,RR,,,,,,,,,,,,,,,,,,,,383.0,159.0,314.0,203.0,2024
2024-W-FC-2024-POS,BJK Cup Playoffs,,16,D,2024-11-15,208,206242,,,Beatriz Haddad Maia,L,185.0,BRA,28.4,220446,,,Jazmin Ortenzi,R,,ARG,22.9,3-6 7-5 6-2,3,RR,,,,,,,,,,,,,,,,,,,,17.0,2554.0,274.0,247.0,2024
2024-W-FC-2024-POS,BJK Cup Playoffs,,16,D,2024-11-15,207,221333,,,Solana Sierra,R,,ARG,20.4,206007,,,Laura Pigossi,R,164.0,BRA,30.2,3-6 6-1 6-2,3,RR,,,,,,,,,,,,,,,,,,,,154.0,491.0,129.0,583.0,2024
2024-W-FC-2024-POS,BJK Cup Playoffs,,16,D,2024-11-15,206,215480,,,Suzan Lamens,R,,NED,25.3,220662,,,Veronika Erjavec,R,,SLO,24.8,6-4 3-6 6-1,3,RR,,,,,,,,,,,,,,,,,,,,87.0,842.0,171.0,432.0,2024
2024-W-FC-2024-POS,BJK Cup Playoffs,,16,D,2024-11-15,205,201551,,,Arantxa Rus,L,180.0,NED,33.9,214461,,,Tamara Zidansek,R,168.0,SLO,26.8,6-7(4) 7-5 6-2,3,RR,,,,,,,,,,,,,,,,,,,,81.0,871.0,182.0,390.0,2024
2024-W-FC-2024-POS,BJK Cup Playoffs,,16,D,2024-11-15,204,203530,,,Viktorija Golubic,R,169.0,SUI,32.0,239392,,,Mia Ristic,U,,SRB,18.4,6-2 6-3,3,RR,,,,,,,,,,,,,,,,,,,,108.0,690.0,394.0,153.0,2024
2024-W-FC-2024-POS,BJK Cup Playoffs,,16,D,2024-11-15,202,213887,,,Renata Zarazua,R,,MEX,27.1,260672,,,Johanne Christine Svendsen,R,,DEN,20.5,7-6(5) 6-2,3,RR,,,,,,,,,,,,,,,,,,,,60.0,995.0,,,2024
2024-W-FC-2024-POS,BJK Cup Playoffs,,16,D,2024-11-15,215,215480,,,Suzan Lamens,R,,NED,25.3,214461,,,Tamara Zidansek,R,168.0,SLO,26.8,4-6 6-3 6-2,3,RR,,,,,,,,,,,,,,,,,,,,87.0,842.0,182.0,390.0,2024
2024-W-FC-2024-POS,BJK Cup Playoffs,,16,D,2024-11-15,230,215290,,,Katarina Zavatska,R,173.0,UKR,24.7,211814,,,Julia Grabher,R,170.0,AUT,28.3,6-2 7-5,3,RR,,,,,,,,,,,,,,,,,,,,229.0,315.0,523.0,93.0,2024
2024-W-FC-2024-POS,BJK Cup Playoffs,,16,D,2024-11-15,229,216262,,,Clara Burel,R,176.0,FRA,23.6,215306,,,Emiliana Arango,R,,COL,23.9,7-5 6-4,3,RR,,,,,,,,,,,,,,,,,,,,74.0,900.0,180.0,394.0,2024
2024-2052,Buenos Aires 125,Clay,32,W,2024-11-25,286,206417,,,Leolia Jeanjean,R,,FRA,29.2,215480,2.0,,Suzan Lamens,R,,NED,25.3,4-6 6-4 6-2,3,R16,133.0,2.0,3.0,89.0,59.0,39.0,18.0,14.0,4.0,6.0,3.0,5.0,84.0,46.0,28.0,23.0,14.0,7.0,11.0,179.0,398.0,87.0,819.0,2024
2024-2052,Buenos Aires 125,Clay,32,W,2024-11-25,285,203514,,ALT,Katarzyna Kawa,R,178.0,POL,32.0,201478,9.0,,Varvara Lepchenko,L,180.0,USA,38.5,2-6 6-2 6-4,3,R32,131.0,1.0,4.0,86.0,53.0,27.0,18.0,13.0,10.0,16.0,1.0,2.0,84.0,59.0,29.0,12.0,13.0,3.0,10.0,296.0,221.0,143.0,542.0,2024
2024-2052,Buenos Aires 125,Clay,32,W,2024-11-25,284,215910,,,Panna Udvardy,R,170.0,HUN,26.1,213779,,,Raluka Serban,R,,CYP,27.4,6-1 7-6(4),3,R32,92.0,5.0,6.0,56.0,27.0,21.0,18.0,10.0,0.0,1.0,2.0,11.0,68.0,41.0,27.0,10.0,9.0,4.0,7.0,159.0,460.0,197.0,359.0,2024
2024-2052,Buenos Aires 125,Clay,32,W,2024-11-25,283,215306,,,Emiliana Arango,R,,COL,23.9,236958,,WC,Julia Caffarena,U,,ARG,18.8,6-0 6-0,3,R32,49.0,1.0,6.0,45.0,26.0,21.0,9.0,6.0,5.0,5.0,0.0,4.0,35.0,21.0,7.0,2.0,6.0,2.0,8.0,181.0,394.0,1287.0,6.0,2024
2024-2052,Buenos Aires 125,Clay,32,W,2024-11-25,282,221985,7.0,,Darja Semenistaja,L,,LAT,22.1,216081,,,Maja Chwalinska,L,,POL,23.1,6-3 4-6 6-2,3,R32,130.0,0.0,0.0,70.0,51.0,29.0,13.0,13.0,1.0,5.0,0.0,4.0,89.0,62.0,30.0,15.0,14.0,6.0,13.0,121.0,606.0,161.0,456.0,2024
2024-2052,Buenos Aires 125,Clay,32,W,2024-11-25,281,214604,3.0,,Maria Lourdes Carle,R,,ARG,24.7,206345,,Q,Victoria Bosio,R,,ARG,30.1,6-4 6-2,3,R32,86.0,0.0,4.0,60.0,40.0,21.0,8.0,9.0,3.0,7.0,1.0,4.0,52.0,37.0,13.0,6.0,9.0,2.0,9.0,92.0,799.0,686.0,51.0,2024
2024-2052,Buenos Aires 125,Clay,32,W,2024-11-25,280,215571,,,Guiomar Maristany Zuleta De Reales,U,,ESP,25.7,213576,,ALT,Iryna Shymanovich,R,,BLR,27.4,6-1 2-6 6-0,3,R32,132.0,1.0,3.0,72.0,51.0,35.0,13.0,11.0,6.0,8.0,0.0,4.0,85.0,52.0,28.0,14.0,10.0,10.0,15.0,196.0,361.0,244.0,288.0,2024
2024-2052,Buenos Aires 125,Clay,32,W,2024-11-25,279,221247,,,Ekaterina Makarova,R,,RUS,28.7,214480,,,Miriam Bianca Bulgaru,R,,ROU,26.1,3-6 6-4 7-5,3,R32,163.0,1.0,7.0,109.0,78.0,38.0,11.0,16.0,4.0,13.0,1.0,1.0,95.0,60.0,33.0,13.0,15.0,2.0,11.0,200.0,354.0,192.0,366.0,2024
2024-2052,Buenos Aires 125,Clay,32,W,2024-11-25,278,220699,6.0,,Julia Riera,R,,ARG,22.4,211411,,,Nina Stojanovic,R,176.0,SRB,28.3,6-4 6-4,3,R32,107.0,2.0,5.0,81.0,42.0,25.0,20.0,10.0,8.0,11.0,1.0,3.0,62.0,41.0,22.0,8.0,10.0,5.0,10.0,112.0,662.0,429.0,137.0,2024
2024-2052,Buenos Aires 125,Clay,32,W,2024-11-25,277,206007,8.0,,Laura Pigossi,R,164.0,BRA,30.3,213849,,Q,Nicole Fossa Huergo,U,,ITA,29.5,6-4 6-4,3,R32,119.0,1.0,3.0,67.0,44.0,22.0,15.0,10.0,1.0,5.0,0.0,5.0,68.0,42.0,20.0,12.0,10.0,2.0,8.0,131.0,574.0,280.0,238.0,2024
2024-2052,Buenos Aires 125,Clay,32,W,2024-11-25,276,220446,,WC,Jazmin Ortenzi,R,,ARG,23.0,236972,,WC,Luisina Giovannini,U,,ARG,18.0,6-2 6-1,3,R32,67.0,2.0,1.0,41.0,23.0,20.0,13.0,8.0,3.0,3.0,0.0,2.0,46.0,35.0,21.0,2.0,7.0,3.0,7.0,273.0,247.0,465.0,118.0,2024
2024-2052,Buenos Aires 125,Clay,32,W,2024-11-25,275,201540,,,Kristina Mladenovic,R,184.0,FRA,31.5,206430,,Q,Carolina Alves,U,,BRA,28.5,7-6(1) 6-1,3,R32,117.0,2.0,3.0,71.0,41.0,27.0,17.0,10.0,3.0,5.0,0.0,3.0,68.0,43.0,25.0,8.0,9.0,7.0,11.0,206.0,352.0,315.0,204.0,2024
2024-2052,Buenos Aires 125,Clay,32,W,2024-11-25,274,210886,4.0,,Mayar Sherif,R,180.0,EGY,28.5,211063,,,Valeriya Strakhova,R,,UKR,29.4,6-4 4-6 6-1,3,R32,158.0,7.0,3.0,109.0,68.0,41.0,17.0,13.0,15.0,20.0,0.0,2.0,89.0,58.0,29.0,11.0,14.0,7.0,15.0,100.0,757.0,253.0,270.0,2024
2024-2052,Buenos Aires 125,Clay,32,W,2024-11-25,273,239383,,,Sara Bejlek,L,,CZE,18.8,221905,5.0,,Robin Montgomery,L,,USA,20.2,5-7 7-6(3) 6-1,3,R32,162.0,0.0,2.0,102.0,71.0,37.0,19.0,15.0,2.0,9.0,3.0,13.0,128.0,74.0,40.0,20.0,16.0,16.0,25.0,210.0,343.0,105.0,694.0,2024
2024-2052,Buenos Aires 125,Clay,32,W,2024-11-25,272,214236,,,Angela Fita Boluda,U,,ESP,25.3,211920,,WC,Martina Capurro Taborda,L,,ARG,26.9,4-6 6-3 6-1,3,R32,150.0,1.0,6.0,96.0,68.0,42.0,14.0,13.0,11.0,15.0,0.0,2.0,76.0,52.0,26.0,12.0,13.0,6.0,13.0,243.0,290.0,497.0,101.0,2024
2024-2052,Buenos Aires 125,Clay,32,W,2024-11-25,271,206417,,,Leolia Jeanjean,R,,FRA,29.2,216055,,,Francisca Jorge,U,,POR,24.5,6-4 6-3,3,R32,100.0,1.0,4.0,69.0,42.0,25.0,16.0,9.0,8.0,10.0,0.0,4.0,62.0,28.0,15.0,15.0,10.0,4.0,9.0,179.0,398.0,188.0,373.0,2024
2024-2052,Buenos Aires 125,Clay,32,W,2024-11-25,270,215480,2.0,,Suzan Lamens,R,,NED,25.3,203513,,Q,Robin Anderson,R,160.0,USA,31.6,6-3 6-1,3,R32,67.0,2.0,4.0,44.0,26.0,23.0,10.0,8.0,0.0,0.0,3.0,5.0,53.0,30.0,18.0,9.0,8.0,5.0,9.0,87.0,819.0,266.0,255.0,2024
2024-2052,Buenos Aires 125,Clay,32,W,2024-11-25,289,220446,,WC,Jazmin Ortenzi,R,,ARG,23.0,206007,8.0,,Laura Pigossi,R,164.0,BRA,30.3,6-2 6-2,3,R16,78.0,0.0,1.0,50.0,31.0,21.0,9.0,8.0,1.0,2.0,0.0,1.0,45.0,30.0,13.0,4.0,8.0,0.0,5.0,273.0,247.0,131.0,574.0,2024
2024-2052,Buenos Aires 125,Clay,32,W,2024-11-25,290,220699,6.0,,Julia Riera,R,,ARG,22.4,221247,,,Ekaterina Makarova,R,,RUS,28.7,6-2 3-6 6-2,3,R16,115.0,1.0,5.0,72.0,36.0,24.0,17.0,12.0,3.0,7.0,1.0,6.0,82.0,38.0,21.0,19.0,13.0,4.0,11.0,112.0,662.0,200.0,354.0,2024
2024-2052,Buenos Aires 125,Clay,32,W,2024-11-25,291,214604,3.0,,Maria Lourdes Carle,R,,ARG,24.7,215571,,,Guiomar Maristany Zuleta De Reales,U,,ESP,25.7,6-0 6-4,3,R16,91.0,0.0,4.0,57.0,43.0,32.0,4.0,8.0,3.0,4.0,0.0,5.0,56.0,35.0,15.0,9.0,8.0,4.0,9.0,92.0,799.0,196.0,361.0,2024
2024-2052,Buenos Aires 125,Clay,32,W,2024-11-25,292,221985,7.0,,Darja Semenistaja,L,,LAT,22.1,215306,,,Emiliana Arango,R,,COL,23.9,6-3 5-7 6-4,3,R16,149.0,0.0,1.0,100.0,70.0,45.0,13.0,16.0,4.0,9.0,0.0,13.0,115.0,78.0,46.0,13.0,15.0,9.0,15.0,121.0,606.0,181.0,394.0,2024
2024-2052,Buenos Aires 125,Clay,32,W,2024-11-25,293,203514,,ALT,Katarzyna Kawa,R,178.0,POL,32.0,215910,,,Panna Udvardy,R,170.0,HUN,26.1,3-6 6-2 6-3,3,R16,130.0,3.0,4.0,107.0,57.0,41.0,16.0,13.0,15.0,20.0,2.0,5.0,75.0,39.0,28.0,7.0,13.0,3.0,10.0,296.0,221.0,159.0,460.0,2024
2024-2052,Buenos Aires 125,Clay,32,W,2024-11-25,294,239383,,,Sara Bejlek,L,,CZE,18.8,206417,,,Leolia Jeanjean,R,,FRA,29.2,2-6 6-4 6-0,3,QF,119.0,0.0,2.0,79.0,64.0,38.0,6.0,12.0,3.0,7.0,1.0,4.0,86.0,56.0,31.0,13.0,12.0,7.0,13.0,210.0,343.0,179.0,398.0,2024
2024-2052,Buenos Aires 125,Clay,32,W,2024-11-25,295,210886,4.0,,Mayar Sherif,R,180.0,EGY,28.5,220446,,WC,Jazmin Ortenzi,R,,ARG,23.0,7-6(6) 5-7 6-4,3,QF,195.0,0.0,6.0,130.0,93.0,52.0,19.0,17.0,11.0,18.0,2.0,4.0,119.0,70.0,39.0,24.0,17.0,6.0,13.0,100.0,757.0,273.0,247.0,2024
2024-2052,Buenos Aires 125,Clay,32,W,2024-11-25,296,214604,3.0,,Maria Lourdes Carle,R,,ARG,24.7,220699,6.0,,Julia Riera,R,,ARG,22.4,6-1 6-0,3,QF,71.0,0.0,5.0,53.0,37.0,26.0,6.0,7.0,2.0,3.0,0.0,4.0,38.0,15.0,6.0,5.0,6.0,3.0,9.0,92.0,799.0,112.0,662.0,2024
2024-2052,Buenos Aires 125,Clay,32,W,2024-11-25,297,203514,,ALT,Katarzyna Kawa,R,178.0,POL,32.0,221985,7.0,,Darja Semenistaja,L,,LAT,22.1,3-6 7-5 6-4,3,QF,148.0,2.0,4.0,100.0,60.0,33.0,17.0,16.0,3.0,12.0,1.0,3.0,99.0,67.0,34.0,12.0,15.0,7.0,16.0,296.0,221.0,121.0,606.0,2024
2024-2052,Buenos Aires 125,Clay,32,W,2024-11-25,298,210886,4.0,,Mayar Sherif,R,180.0,EGY,28.5,239383,,,Sara Bejlek,L,,CZE,18.8,6-2 6-3,3,SF,77.0,3.0,1.0,47.0,26.0,19.0,12.0,8.0,1.0,2.0,0.0,1.0,56.0,41.0,23.0,6.0,9.0,4.0,9.0,100.0,757.0,210.0,343.0,2024
2024-2052,Buenos Aires 125,Clay,32,W,2024-11-25,299,203514,,ALT,Katarzyna Kawa,R,178.0,POL,32.0,214604,3.0,,Maria Lourdes Carle,R,,ARG,24.7,6-3 6-4,3,SF,97.0,1.0,1.0,70.0,39.0,19.0,15.0,10.0,3.0,8.0,0.0,9.0,54.0,28.0,15.0,6.0,9.0,1.0,8.0,296.0,221.0,92.0,799.0,2024
2024-2052,Buenos Aires 125,Clay,32,W,2024-11-25,300,210886,4.0,,Mayar Sherif,R,180.0,EGY,28.5,203514,,ALT,Katarzyna Kawa,R,178.0,POL,32.0,6-3 4-6 6-4,3,F,147.0,4.0,3.0,89.0,61.0,34.0,15.0,15.0,6.0,12.0,0.0,7.0,101.0,58.0,37.0,14.0,14.0,6.0,13.0,100.0,757.0,296.0,221.0,2024
2024-2052,Buenos Aires 125,Clay,32,W,2024-11-25,288,210886,4.0,,Mayar Sherif,R,180.0,EGY,28.5,201540,,,Kristina Mladenovic,R,184.0,FRA,31.5,6-2 6-2,3,R16,69.0,7.0,2.0,46.0,30.0,25.0,8.0,8.0,2.0,2.0,1.0,3.0,47.0,29.0,14.0,7.0,8.0,5.0,9.0,100.0,757.0,206.0,352.0,2024
2024-2052,Buenos Aires 125,Clay,32,W,2024-11-25,287,239383,,,Sara Bejlek,L,,CZE,18.8,214236,,,Angela Fita Boluda,U,,ESP,25.3,6-2 6-1,3,R16,65.0,0.0,0.0,52.0,42.0,27.0,6.0,8.0,1.0,2.0,2.0,0.0,47.0,35.0,16.0,3.0,7.0,5.0,10.0,210.0,343.0,243.0,290.0,2024
